=== node: nid006907  EDF: /iopsstor/scratch/cscs/mvasilev/vllm-play/megatron-v2601-multinode.toml  passes: 20 ===
0: === nvlink status ===
0: GPU 0: NVIDIA GH200 120GB (UUID: GPU-9d36807f-c929-6040-ce3e-e5ef0edf9677)
0: 	 Link 0: 26.562 GB/s
0: 	 Link 1: 26.562 GB/s
0: 	 Link 2: 26.562 GB/s
0: 	 Link 3: 26.562 GB/s
0: 	 Link 4: 26.562 GB/s
0: 	 Link 5: 26.562 GB/s
0: 	 Link 6: 26.562 GB/s
0: 	 Link 7: 26.562 GB/s
0: 	 Link 8: 26.562 GB/s
0: 	 Link 9: 26.562 GB/s
0: 	 Link 10: 26.562 GB/s
0: 	 Link 11: 26.562 GB/s
0: 	 Link 12: 26.562 GB/s
0: 	 Link 13: 26.562 GB/s
0: 	 Link 14: 26.562 GB/s
0: 	 Link 15: 26.562 GB/s
0: 	 Link 16: 26.562 GB/s
0: 	 Link 17: 26.562 GB/s
0: GPU 1: NVIDIA GH200 120GB (UUID: GPU-aa39d32e-47b3-382c-178a-7b640e134a2c)
0: 	 Link 0: 26.562 GB/s
0: 	 Link 1: 26.562 GB/s
0: 	 Link 2: 26.562 GB/s
0: 	 Link 3: 26.562 GB/s
0: 	 Link 4: 26.562 GB/s
0: 	 Link 5: 26.562 GB/s
0: 	 Link 6: 26.562 GB/s
0: 	 Link 7: 26.562 GB/s
0: 	 Link 8: 26.562 GB/s
0: 	 Link 9: 26.562 GB/s
0: 	 Link 10: 26.562 GB/s
0: 	 Link 11: 26.562 GB/s
0: 	 Link 12: 26.562 GB/s
0: 	 Link 13: 26.562 GB/s
0: 	 Link 14: 26.562 GB/s
0: 	 Link 15: 26.562 GB/s
0: 	 Link 16: 26.562 GB/s
0: 	 Link 17: 26.562 GB/s
0: GPU 2: NVIDIA GH200 120GB (UUID: GPU-6adc13d0-1948-671e-283d-8555eff87ac8)
0: 	 Link 0: 26.562 GB/s
0: 	 Link 1: 26.562 GB/s
0: 	 Link 2: 26.562 GB/s
0: 	 Link 3: 26.562 GB/s
0: 	 Link 4: 26.562 GB/s
0: 	 Link 5: 26.562 GB/s
0: 	 Link 6: 26.562 GB/s
0: 	 Link 7: 26.562 GB/s
0: 	 Link 8: 26.562 GB/s
0: 	 Link 9: 26.562 GB/s
0: 	 Link 10: 26.562 GB/s
0: 	 Link 11: 26.562 GB/s
0: 	 Link 12: 26.562 GB/s
0: 	 Link 13: 26.562 GB/s
0: 	 Link 14: 26.562 GB/s
0: 	 Link 15: 26.562 GB/s
0: 	 Link 16: 26.562 GB/s
0: 	 Link 17: 26.562 GB/s
0: GPU 3: NVIDIA GH200 120GB (UUID: GPU-d1aacc41-8061-a7aa-777b-b0b4868b2025)
0: 	 Link 0: 26.562 GB/s
0: 	 Link 1: 26.562 GB/s
0: 	 Link 2: 26.562 GB/s
0: 	 Link 3: 26.562 GB/s
0: 	 Link 4: 26.562 GB/s
0: 	 Link 5: 26.562 GB/s
0: 	 Link 6: 26.562 GB/s
0: 	 Link 7: 26.562 GB/s
0: 	 Link 8: 26.562 GB/s
0: 	 Link 9: 26.562 GB/s
0: 	 Link 10: 26.562 GB/s
0: 	 Link 11: 26.562 GB/s
0: 	 Link 12: 26.562 GB/s
0: 	 Link 13: 26.562 GB/s
0: 	 Link 14: 26.562 GB/s
0: 	 Link 15: 26.562 GB/s
0: 	 Link 16: 26.562 GB/s
0: 	 Link 17: 26.562 GB/s
0: === nvlink error counters BEFORE ===
0: GPU 0: NVIDIA GH200 120GB (UUID: GPU-9d36807f-c929-6040-ce3e-e5ef0edf9677)
0: 	 Link 0: Replay Errors: 0
0: 	 Link 0: Recovery Errors: 0
0: 	 Link 0: CRC Errors: 0
0: 
0: 	 Link 1: Replay Errors: 0
0: 	 Link 1: Recovery Errors: 0
0: 	 Link 1: CRC Errors: 0
0: 
0: 	 Link 2: Replay Errors: 0
0: 	 Link 2: Recovery Errors: 0
0: 	 Link 2: CRC Errors: 0
0: 
0: 	 Link 3: Replay Errors: 0
0: 	 Link 3: Recovery Errors: 0
0: 	 Link 3: CRC Errors: 0
0: 
0: 	 Link 4: Replay Errors: 0
0: 	 Link 4: Recovery Errors: 0
0: 	 Link 4: CRC Errors: 0
0: 
0: 	 Link 5: Replay Errors: 0
0: 	 Link 5: Recovery Errors: 0
0: 	 Link 5: CRC Errors: 0
0: 
0: 	 Link 6: Replay Errors: 0
0: 	 Link 6: Recovery Errors: 0
0: 	 Link 6: CRC Errors: 0
0: 
0: 	 Link 7: Replay Errors: 0
0: 	 Link 7: Recovery Errors: 0
0: 	 Link 7: CRC Errors: 0
0: 
0: 	 Link 8: Replay Errors: 0
0: 	 Link 8: Recovery Errors: 0
0: 	 Link 8: CRC Errors: 0
0: 
0: 	 Link 9: Replay Errors: 0
0: 	 Link 9: Recovery Errors: 0
0: 	 Link 9: CRC Errors: 0
0: 
0: 	 Link 10: Replay Errors: 0
0: 	 Link 10: Recovery Errors: 0
0: 	 Link 10: CRC Errors: 0
0: 
0: 	 Link 11: Replay Errors: 0
0: 	 Link 11: Recovery Errors: 0
0: 	 Link 11: CRC Errors: 0
0: 
0: 	 Link 12: Replay Errors: 0
0: 	 Link 12: Recover
0: y Errors: 0
0: 	 Link 12: CRC Errors: 0
0: 
0: 	 Link 13: Replay Errors: 0
0: 	 Link 13: Recovery Errors: 0
0: 	 Link 13: CRC Errors: 0
0: 
0: 	 Link 14: Replay Errors: 0
0: 	 Link 14: Recovery Errors: 0
0: 	 Link 14: CRC Errors: 0
0: 
0: 	 Link 15: Replay Errors: 0
0: 	 Link 15: Recovery Errors: 0
0: 	 Link 15: CRC Errors: 0
0: 
0: 	 Link 16: Replay Errors: 0
0: 	 Link 16: Recovery Errors: 0
0: 	 Link 16: CRC Errors: 0
0: 
0: 	 Link 17: Replay Errors: 0
0: 	 Link 17: Recovery Errors: 0
0: 	 Link 17: CRC Errors: 0
0: 
0: GPU 1: NVIDIA GH200 120GB (UUID: GPU-aa39d32e-47b3-382c-178a-7b640e134a2c)
0: 	 Link 0: Replay Errors: 0
0: 	 Link 0: Recovery Errors: 0
0: 	 Link 0: CRC Errors: 0
0: 
0: 	 Link 1: Replay Errors: 0
0: 	 Link 1: Recovery Errors: 0
0: 	 Link 1: CRC Errors: 0
0: 
0: 	 Link 2: Replay Errors: 0
0: 	 Link 2: Recovery Errors: 0
0: 	 Link 2: CRC Errors: 1
0: 
0: 	 Link 3: Replay Errors: 0
0: 	 Link 3: Recovery Errors: 0
0: 	 Link 3: CRC Errors: 0
0: 
0: 	 Link 4: Replay Errors: 0
0: 	 Link 4: Recovery Errors: 0
0: 	 Link 4: CRC Errors: 0
0: 
0: 	 Link 5: Replay Errors: 0
0: 	 Link 5: Recovery Errors: 0
0: 	 Link 5: CRC Errors: 0
0: 
0: 	 Link 6: Replay Errors: 0
0: 	 Link 6: Recovery Errors: 0
0: 	 Link 6: CRC Errors: 0
0: 
0: 	 Link 7: Replay Errors: 0
0: 	 Link 7: Recovery Errors: 0
0: 	 Link 7: CRC Errors: 0
0: 
0: 	 Link 8: Replay Errors: 0
0: 	 Link 8: Recovery Errors: 0
0: 	 Link 8: CRC Errors: 0
0: 
0: 	 Link 9: Replay Errors: 0
0: 	 Link 9: Recovery Errors: 0
0: 	 Link 9: CRC Errors: 0
0: 
0: 	 Link 10: Replay Errors: 0
0: 	 Link 10: Recovery Errors: 0
0: 	 Link 10: CRC Errors: 0
0: 
0: 	 Link 11: Replay Errors: 0
0: 	 Link 11: Recovery Errors: 0
0: 	 Link 11: CRC Errors: 0
0: 
0: 	 Link 12: Replay Errors: 0
0: 	 Link 12: Recover
0: y Errors: 0
0: 	 Link 12: CRC Errors: 0
0: 
0: 	 Link 13: Replay Errors: 0
0: 	 Link 13: Recovery Errors: 0
0: 	 Link 13: CRC Errors: 0
0: 
0: 	 Link 14: Replay Errors: 0
0: 	 Link 14: Recovery Errors: 0
0: 	 Link 14: CRC Errors: 0
0: 
0: 	 Link 15: Replay Errors: 0
0: 	 Link 15: Recovery Errors: 0
0: 	 Link 15: CRC Errors: 0
0: 
0: 	 Link 16: Replay Errors: 0
0: 	 Link 16: Recovery Errors: 0
0: 	 Link 16: CRC Errors: 0
0: 
0: 	 Link 17: Replay Errors: 0
0: 	 Link 17: Recovery Errors: 0
0: 	 Link 17: CRC Errors: 0
0: 
0: GPU 2: NVIDIA GH200 120GB (UUID: GPU-6adc13d0-1948-671e-283d-8555eff87ac8)
0: 	 Link 0: Replay Errors: 0
0: 	 Link 0: Recovery Errors: 0
0: 	 Link 0: CRC Errors: 0
0: 
0: 	 Link 1: Replay Errors: 0
0: 	 Link 1: Recovery Errors: 0
0: 	 Link 1: CRC Errors: 0
0: 
0: 	 Link 2: Replay Errors: 0
0: 	 Link 2: Recovery Errors: 0
0: 	 Link 2: CRC Errors: 0
0: 
0: 	 Link 3: Replay Errors: 0
0: 	 Link 3: Recovery Errors: 0
0: 	 Link 3: CRC Errors: 0
0: 
0: 	 Link 4: Replay Errors: 0
0: 	 Link 4: Recovery Errors: 0
0: 	 Link 4: CRC Errors: 0
0: 
0: 	 Link 5: Replay Errors: 0
0: 	 Link 5: Recovery Errors: 0
0: 	 Link 5: CRC Errors: 0
0: 
0: 	 Link 6: Replay Errors: 0
0: 	 Link 6: Recovery Errors: 0
0: 	 Link 6: CRC Errors: 0
0: 
0: 	 Link 7: Replay Errors: 0
0: 	 Link 7: Recovery Errors: 0
0: 	 Link 7: CRC Errors: 0
0: 
0: 	 Link 8: Replay Errors: 0
0: 	 Link 8: Recovery Errors: 0
0: 	 Link 8: CRC Errors: 0
0: 
0: 	 Link 9: Replay Errors: 0
0: 	 Link 9: Recovery Errors: 0
0: 	 Link 9: CRC Errors: 0
0: 
0: 	 Link 10: Replay Errors: 0
0: 	 Link 10: Recovery Errors: 0
0: 	 Link 10: CRC Errors: 0
0: 
0: 	 Link 11: Replay Errors: 0
0: 	 Link 11: Recovery Errors: 0
0: 	 Link 11: CRC Errors: 0
0: 
0: 	 Link 12: Replay Errors: 0
0: 	 Link 12: Recover
0: y Errors: 0
0: 	 Link 12: CRC Errors: 0
0: 
0: 	 Link 13: Replay Errors: 0
0: 	 Link 13: Recovery Errors: 0
0: 	 Link 13: CRC Errors: 0
0: 
0: 	 Link 14: Replay Errors: 0
0: 	 Link 14: Recovery Errors: 0
0: 	 Link 14: CRC Errors: 0
0: 
0: 	 Link 15: Replay Errors: 0
0: 	 Link 15: Recovery Errors: 0
0: 	 Link 15: CRC Errors: 0
0: 
0: 	 Link 16: Replay Errors: 0
0: 	 Link 16: Recovery Errors: 0
0: 	 Link 16: CRC Errors: 0
0: 
0: 	 Link 17: Replay Errors: 0
0: 	 Link 17: Recovery Errors: 0
0: 	 Link 17: CRC Errors: 0
0: 
0: GPU 3: NVIDIA GH200 120GB (UUID: GPU-d1aacc41-8061-a7aa-777b-b0b4868b2025)
0: 	 Link 0: Replay Errors: 0
0: 	 Link 0: Recovery Errors: 0
0: 	 Link 0: CRC Errors: 0
0: 
0: 	 Link 1: Replay Errors: 0
0: 	 Link 1: Recovery Errors: 0
0: 	 Link 1: CRC Errors: 0
0: 
0: 	 Link 2: Replay Errors: 0
0: 	 Link 2: Recovery Errors: 0
0: 	 Link 2: CRC Errors: 0
0: 
0: 	 Link 3: Replay Errors: 0
0: 	 Link 3: Recovery Errors: 0
0: 	 Link 3: CRC Errors: 0
0: 
0: 	 Link 4: Replay Errors: 0
0: 	 Link 4: Recovery Errors: 0
0: 	 Link 4: CRC Errors: 0
0: 
0: 	 Link 5: Replay Errors: 0
0: 	 Link 5: Recovery Errors: 0
0: 	 Link 5: CRC Errors: 0
0: 
0: 	 Link 6: Replay Errors: 0
0: 	 Link 6: Recovery Errors: 0
0: 	 Link 6: CRC Errors: 0
0: 
0: 	 Link 7: Replay Errors: 0
0: 	 Link 7: Recovery Errors: 0
0: 	 Link 7: CRC Errors: 0
0: 
0: 	 Link 8: Replay Errors: 0
0: 	 Link 8: Recovery Errors: 0
0: 	 Link 8: CRC Errors: 0
0: 
0: 	 Link 9: Replay Errors: 0
0: 	 Link 9: Recovery Errors: 0
0: 	 Link 9: CRC Errors: 0
0: 
0: 	 Link 10: Replay Errors: 0
0: 	 Link 10: Recovery Errors: 0
0: 	 Link 10: CRC Errors: 0
0: 
0: 	 Link 11: Replay Errors: 0
0: 	 Link 11: Recovery Errors: 0
0: 	 Link 11: CRC Errors: 0
0: 
0: 	 Link 12: Replay Errors: 0
0: 	 Link 12: Recover
0: y Errors: 0
0: 	 Link 12: CRC Errors: 0
0: 
0: 	 Link 13: Replay Errors: 0
0: 	 Link 13: Recovery Errors: 0
0: 	 Link 13: CRC Errors: 0
0: 
0: 	 Link 14: Replay Errors: 0
0: 	 Link 14: Recovery Errors: 0
0: 	 Link 14: CRC Errors: 0
0: 
0: 	 Link 15: Replay Errors: 0
0: 	 Link 15: Recovery Errors: 0
0: 	 Link 15: CRC Errors: 0
0: 
0: 	 Link 16: Replay Errors: 0
0: 	 Link 16: Recovery Errors: 0
0: 	 Link 16: CRC Errors: 0
0: 
0: 	 Link 17: Replay Errors: 0
0: 	 Link 17: Recovery Errors: 0
0: 	 Link 17: CRC Errors: 0
0: 
0: 
0: ##### pass 1/20  pair g0-g1  sendrecv_perf
0: # nccl-tests version 2.17.8 nccl-headers=22903 nccl-library=22903
0: # Collective test starting: sendrecv_perf
0: # nThread 1 nGpus 2 minBytes 8388608 maxBytes 268435456 step: 2(factor) warmup iters: 5 iters: 20 agg iters: 1 validation: 1 graph: 0
0: #
0: # Using devices
0: #  Rank  0 Group  0 Pid  75988 on  nid006907 device  0 [0009:01:00] NVIDIA GH200 120GB
0: #  Rank  1 Group  0 Pid  75988 on  nid006907 device  1 [0019:01:00] NVIDIA GH200 120GB
0: #
0: #                                                              out-of-place                       in-place          
0: #       size         count      type   redop    root     time   algbw   busbw  #wrong     time   algbw   busbw  #wrong 
0: #        (B)    (elements)                               (us)  (GB/s)  (GB/s)             (us)  (GB/s)  (GB/s)         
0:      8388608       2097152     float     sum      -1   118.38   70.86   70.86       0   115.48   72.64   72.64    N/A
0:     16777216       4194304     float     sum      -1   218.10   76.93   76.93       0   217.80   77.03   77.03    N/A
0:     33554432       8388608     float     sum      -1   424.18   79.10   79.10       0   425.75   78.81   78.81    N/A
0:     67108864      16777216     float     sum      -1   814.98   82.34   82.34       0   828.53   81.00   81.00    N/A
0:    134217728      33554432     float     sum      -1  1132.99  118.46  118.46       0  1118.63  119.98  119.98    N/A
0:    268435456      67108864     float     sum      -1  2211.72  121.37  121.37       0  2209.40  121.50  121.50    N/A
0: # Out of bounds values : 0 OK
0: # Avg bus bandwidth    : 91.6696 
0: #
0: # Collective test concluded: sendrecv_perf
0: #
0: 
0: 
0: ##### pass 1/20  pair g0-g2  sendrecv_perf
0: # nccl-tests version 2.17.8 nccl-headers=22903 nccl-library=22903
0: # Collective test starting: sendrecv_perf
0: # nThread 1 nGpus 2 minBytes 8388608 maxBytes 268435456 step: 2(factor) warmup iters: 5 iters: 20 agg iters: 1 validation: 1 graph: 0
0: #
0: # Using devices
0: #  Rank  0 Group  0 Pid  76031 on  nid006907 device  0 [0009:01:00] NVIDIA GH200 120GB
0: #  Rank  1 Group  0 Pid  76031 on  nid006907 device  1 [0029:01:00] NVIDIA GH200 120GB
0: #
0: #                                                              out-of-place                       in-place          
0: #       size         count      type   redop    root     time   algbw   busbw  #wrong     time   algbw   busbw  #wrong 
0: #        (B)    (elements)                               (us)  (GB/s)  (GB/s)             (us)  (GB/s)  (GB/s)         
0:      8388608       2097152     float     sum      -1   118.08   71.04   71.04       0   115.40   72.69   72.69    N/A
0:     16777216       4194304     float     sum      -1   216.78   77.39   77.39       0   221.58   75.72   75.72    N/A
0:     33554432       8388608     float     sum      -1   420.75   79.75   79.75       0   423.57   79.22   79.22    N/A
0:     67108864      16777216     float     sum      -1   811.96   82.65   82.65       0   824.22   81.42   81.42    N/A
0:    134217728      33554432     float     sum      -1  1123.53  119.46  119.46       0  1118.09  120.04  120.04    N/A
0:    268435456      67108864     float     sum      -1  2205.57  121.71  121.71       0  2209.29  121.50  121.50    N/A
0: # Out of bounds values : 0 OK
0: # Avg bus bandwidth    : 91.8826 
0: #
0: # Collective test concluded: sendrecv_perf
0: #
0: 
0: 
0: ##### pass 1/20  pair g0-g3  sendrecv_perf
0: # nccl-tests version 2.17.8 nccl-headers=22903 nccl-library=22903
0: # Collective test starting: sendrecv_perf
0: # nThread 1 nGpus 2 minBytes 8388608 maxBytes 268435456 step: 2(factor) warmup iters: 5 iters: 20 agg iters: 1 validation: 1 graph: 0
0: #
0: # Using devices
0: #  Rank  0 Group  0 Pid  76098 on  nid006907 device  0 [0009:01:00] NVIDIA GH200 120GB
0: #  Rank  1 Group  0 Pid  76098 on  nid006907 device  1 [0039:01:00] NVIDIA GH200 120GB
0: #
0: #                                                              out-of-place                       in-place          
0: #       size         count      type   redop    root     time   algbw   busbw  #wrong     time   algbw   busbw  #wrong 
0: #        (B)    (elements)                               (us)  (GB/s)  (GB/s)             (us)  (GB/s)  (GB/s)         
0:      8388608       2097152     float     sum      -1   115.71   72.50   72.50       0   118.25   70.94   70.94    N/A
0:     16777216       4194304     float     sum      -1   216.99   77.32   77.32       0   222.52   75.40   75.40    N/A
0:     33554432       8388608     float     sum      -1   418.85   80.11   80.11       0   421.48   79.61   79.61    N/A
0:     67108864      16777216     float     sum      -1   808.44   83.01   83.01       0   819.59   81.88   81.88    N/A
0:    134217728      33554432     float     sum      -1  1122.07  119.62  119.62       0  1123.95  119.42  119.42    N/A
0:    268435456      67108864     float     sum      -1  2203.39  121.83  121.83       0  2205.07  121.74  121.74    N/A
0: # Out of bounds values : 0 OK
0: # Avg bus bandwidth    : 91.9466 
0: #
0: # Collective test concluded: sendrecv_perf
0: #
0: 
0: 
0: ##### pass 1/20  pair g1-g2  sendrecv_perf
0: # nccl-tests version 2.17.8 nccl-headers=22903 nccl-library=22903
0: # Collective test starting: sendrecv_perf
0: # nThread 1 nGpus 2 minBytes 8388608 maxBytes 268435456 step: 2(factor) warmup iters: 5 iters: 20 agg iters: 1 validation: 1 graph: 0
0: #
0: # Using devices
0: #  Rank  0 Group  0 Pid  76134 on  nid006907 device  0 [0019:01:00] NVIDIA GH200 120GB
0: #  Rank  1 Group  0 Pid  76134 on  nid006907 device  1 [0029:01:00] NVIDIA GH200 120GB
0: #
0: #                                                              out-of-place                       in-place          
0: #       size         count      type   redop    root     time   algbw   busbw  #wrong     time   algbw   busbw  #wrong 
0: #        (B)    (elements)                               (us)  (GB/s)  (GB/s)             (us)  (GB/s)  (GB/s)         
0:      8388608       2097152     float     sum      -1   120.92   69.38   69.38       0   115.67   72.52   72.52    N/A
0:     16777216       4194304     float     sum      -1   219.66   76.38   76.38       0   217.03   77.30   77.30    N/A
0:     33554432       8388608     float     sum      -1   422.66   79.39   79.39       0   424.02   79.13   79.13    N/A
0:     67108864      16777216     float     sum      -1   817.91   82.05   82.05       0   818.28   82.01   82.01    N/A
0:    134217728      33554432     float     sum      -1  1122.73  119.55  119.55       0  1122.73  119.55  119.55    N/A
0:    268435456      67108864     float     sum      -1  2206.65  121.65  121.65       0  2210.19  121.45  121.45    N/A
0: # Out of bounds values : 0 OK
0: # Avg bus bandwidth    : 91.6967 
0: #
0: # Collective test concluded: sendrecv_perf
0: #
0: 
0: 
0: ##### pass 1/20  pair g1-g3  sendrecv_perf
0: # nccl-tests version 2.17.8 nccl-headers=22903 nccl-library=22903
0: # Collective test starting: sendrecv_perf
0: # nThread 1 nGpus 2 minBytes 8388608 maxBytes 268435456 step: 2(factor) warmup iters: 5 iters: 20 agg iters: 1 validation: 1 graph: 0
0: #
0: # Using devices
0: #  Rank  0 Group  0 Pid  76172 on  nid006907 device  0 [0019:01:00] NVIDIA GH200 120GB
0: #  Rank  1 Group  0 Pid  76172 on  nid006907 device  1 [0039:01:00] NVIDIA GH200 120GB
0: #
0: #                                                              out-of-place                       in-place          
0: #       size         count      type   redop    root     time   algbw   busbw  #wrong     time   algbw   busbw  #wrong 
0: #        (B)    (elements)                               (us)  (GB/s)  (GB/s)             (us)  (GB/s)  (GB/s)         
0:      8388608       2097152     float     sum      -1   116.55   71.98   71.98       0   115.78   72.45   72.45    N/A
0:     16777216       4194304     float     sum      -1   217.95   76.98   76.98       0   221.61   75.71   75.71    N/A
0:     33554432       8388608     float     sum      -1   421.50   79.61   79.61       0   424.83   78.98   78.98    N/A
0:     67108864      16777216     float     sum      -1   818.55   81.99   81.99       0   827.26   81.12   81.12    N/A
0:    134217728      33554432     float     sum      -1  1125.97  119.20  119.20       0  1119.65  119.87  119.87    N/A
0:    268435456      67108864     float     sum      -1  2205.42  121.72  121.72       0  2206.72  121.64  121.64    N/A
0: # Out of bounds values : 0 OK
0: # Avg bus bandwidth    : 91.7708 
0: #
0: # Collective test concluded: sendrecv_perf
0: #
0: 
0: 
0: ##### pass 1/20  pair g2-g3  sendrecv_perf
0: # nccl-tests version 2.17.8 nccl-headers=22903 nccl-library=22903
0: # Collective test starting: sendrecv_perf
0: # nThread 1 nGpus 2 minBytes 8388608 maxBytes 268435456 step: 2(factor) warmup iters: 5 iters: 20 agg iters: 1 validation: 1 graph: 0
0: #
0: # Using devices
0: #  Rank  0 Group  0 Pid  76210 on  nid006907 device  0 [0029:01:00] NVIDIA GH200 120GB
0: #  Rank  1 Group  0 Pid  76210 on  nid006907 device  1 [0039:01:00] NVIDIA GH200 120GB
0: #
0: #                                                              out-of-place                       in-place          
0: #       size         count      type   redop    root     time   algbw   busbw  #wrong     time   algbw   busbw  #wrong 
0: #        (B)    (elements)                               (us)  (GB/s)  (GB/s)             (us)  (GB/s)  (GB/s)         
0:      8388608       2097152     float     sum      -1   116.56   71.97   71.97       0   115.39   72.70   72.70    N/A
0:     16777216       4194304     float     sum      -1   220.03   76.25   76.25       0   216.69   77.43   77.43    N/A
0:     33554432       8388608     float     sum      -1   419.99   79.89   79.89       0   421.57   79.59   79.59    N/A
0:     67108864      16777216     float     sum      -1   808.13   83.04   83.04       0   818.02   82.04   82.04    N/A
0:    134217728      33554432     float     sum      -1  1122.22  119.60  119.60       0  1118.73  119.97  119.97    N/A
0:    268435456      67108864     float     sum      -1  2203.55  121.82  121.82       0  2197.64  122.15  122.15    N/A
0: # Out of bounds values : 0 OK
0: # Avg bus bandwidth    : 92.2037 
0: #
0: # Collective test concluded: sendrecv_perf
0: #
0: 
0: 
0: ##### pass 2/20  pair g0-g1  sendrecv_perf
0: # nccl-tests version 2.17.8 nccl-headers=22903 nccl-library=22903
0: # Collective test starting: sendrecv_perf
0: # nThread 1 nGpus 2 minBytes 8388608 maxBytes 268435456 step: 2(factor) warmup iters: 5 iters: 20 agg iters: 1 validation: 1 graph: 0
0: #
0: # Using devices
0: #  Rank  0 Group  0 Pid  76246 on  nid006907 device  0 [0009:01:00] NVIDIA GH200 120GB
0: #  Rank  1 Group  0 Pid  76246 on  nid006907 device  1 [0019:01:00] NVIDIA GH200 120GB
0: #
0: #                                                              out-of-place                       in-place          
0: #       size         count      type   redop    root     time   algbw   busbw  #wrong     time   algbw   busbw  #wrong 
0: #        (B)    (elements)                               (us)  (GB/s)  (GB/s)             (us)  (GB/s)  (GB/s)         
0:      8388608       2097152     float     sum      -1   119.81   70.01   70.01       0   116.04   72.29   72.29    N/A
0:     16777216       4194304     float     sum      -1   221.86   75.62   75.62       0   219.69   76.37   76.37    N/A
0:     33554432       8388608     float     sum      -1   420.71   79.76   79.76       0   423.36   79.26   79.26    N/A
0:     67108864      16777216     float     sum      -1   815.72   82.27   82.27       0   820.20   81.82   81.82    N/A
0:    134217728      33554432     float     sum      -1  1126.86  119.11  119.11       0  1119.25  119.92  119.92    N/A
0:    268435456      67108864     float     sum      -1  2211.56  121.38  121.38       0  2209.27  121.50  121.50    N/A
0: # Out of bounds values : 0 OK
0: # Avg bus bandwidth    : 91.6089 
0: #
0: # Collective test concluded: sendrecv_perf
0: #
0: 
0: 
0: ##### pass 2/20  pair g0-g2  sendrecv_perf
0: # nccl-tests version 2.17.8 nccl-headers=22903 nccl-library=22903
0: # Collective test starting: sendrecv_perf
0: # nThread 1 nGpus 2 minBytes 8388608 maxBytes 268435456 step: 2(factor) warmup iters: 5 iters: 20 agg iters: 1 validation: 1 graph: 0
0: #
0: # Using devices
0: #  Rank  0 Group  0 Pid  76284 on  nid006907 device  0 [0009:01:00] NVIDIA GH200 120GB
0: #  Rank  1 Group  0 Pid  76284 on  nid006907 device  1 [0029:01:00] NVIDIA GH200 120GB
0: #
0: #                                                              out-of-place                       in-place          
0: #       size         count      type   redop    root     time   algbw   busbw  #wrong     time   algbw   busbw  #wrong 
0: #        (B)    (elements)                               (us)  (GB/s)  (GB/s)             (us)  (GB/s)  (GB/s)         
0:      8388608       2097152     float     sum      -1   116.47   72.03   72.03       0   118.84   70.59   70.59    N/A
0:     16777216       4194304     float     sum      -1   217.51   77.13   77.13       0   217.87   77.01   77.01    N/A
0:     33554432       8388608     float     sum      -1   420.92   79.72   79.72       0   423.13   79.30   79.30    N/A
0:     67108864      16777216     float     sum      -1   811.33   82.71   82.71       0   820.82   81.76   81.76    N/A
0:    134217728      33554432     float     sum      -1  1121.78  119.65  119.65       0  1120.21  119.81  119.81    N/A
0:    268435456      67108864     float     sum      -1  2210.56  121.43  121.43       0  2203.58  121.82  121.82    N/A
0: # Out of bounds values : 0 OK
0: # Avg bus bandwidth    : 91.9132 
0: #
0: # Collective test concluded: sendrecv_perf
0: #
0: 
0: 
0: ##### pass 2/20  pair g0-g3  sendrecv_perf
0: # nccl-tests version 2.17.8 nccl-headers=22903 nccl-library=22903
0: # Collective test starting: sendrecv_perf
0: # nThread 1 nGpus 2 minBytes 8388608 maxBytes 268435456 step: 2(factor) warmup iters: 5 iters: 20 agg iters: 1 validation: 1 graph: 0
0: #
0: # Using devices
0: #  Rank  0 Group  0 Pid  76320 on  nid006907 device  0 [0009:01:00] NVIDIA GH200 120GB
0: #  Rank  1 Group  0 Pid  76320 on  nid006907 device  1 [0039:01:00] NVIDIA GH200 120GB
0: #
0: #                                                              out-of-place                       in-place          
0: #       size         count      type   redop    root     time   algbw   busbw  #wrong     time   algbw   busbw  #wrong 
0: #        (B)    (elements)                               (us)  (GB/s)  (GB/s)             (us)  (GB/s)  (GB/s)         
0:      8388608       2097152     float     sum      -1   115.31   72.75   72.75       0   115.34   72.73   72.73    N/A
0:     16777216       4194304     float     sum      -1   220.17   76.20   76.20       0   221.70   75.68   75.68    N/A
0:     33554432       8388608     float     sum      -1   422.59   79.40   79.40       0   421.39   79.63   79.63    N/A
0:     67108864      16777216     float     sum      -1   812.33   82.61   82.61       0   818.61   81.98   81.98    N/A
0:    134217728      33554432     float     sum      -1  1120.24  119.81  119.81       0  1125.17  119.29  119.29    N/A
0:    268435456      67108864     float     sum      -1  2209.53  121.49  121.49       0  2210.53  121.43  121.43    N/A
0: # Out of bounds values : 0 OK
0: # Avg bus bandwidth    : 91.9167 
0: #
0: # Collective test concluded: sendrecv_perf
0: #
0: 
0: 
0: ##### pass 2/20  pair g1-g2  sendrecv_perf
0: # nccl-tests version 2.17.8 nccl-headers=22903 nccl-library=22903
0: # Collective test starting: sendrecv_perf
0: # nThread 1 nGpus 2 minBytes 8388608 maxBytes 268435456 step: 2(factor) warmup iters: 5 iters: 20 agg iters: 1 validation: 1 graph: 0
0: #
0: # Using devices
0: #  Rank  0 Group  0 Pid  76377 on  nid006907 device  0 [0019:01:00] NVIDIA GH200 120GB
0: #  Rank  1 Group  0 Pid  76377 on  nid006907 device  1 [0029:01:00] NVIDIA GH200 120GB
0: #
0: #                                                              out-of-place                       in-place          
0: #       size         count      type   redop    root     time   algbw   busbw  #wrong     time   algbw   busbw  #wrong 
0: #        (B)    (elements)                               (us)  (GB/s)  (GB/s)             (us)  (GB/s)  (GB/s)         
0:      8388608       2097152     float     sum      -1   116.41   72.06   72.06       0   118.95   70.52   70.52    N/A
0:     16777216       4194304     float     sum      -1   221.85   75.62   75.62       0   222.92   75.26   75.26    N/A
0:     33554432       8388608     float     sum      -1   423.40   79.25   79.25       0   423.49   79.23   79.23    N/A
0:     67108864      16777216     float     sum      -1   818.93   81.95   81.95       0   825.22   81.32   81.32    N/A
0:    134217728      33554432     float     sum      -1  1123.34  119.48  119.48       0  1119.09  119.94  119.94    N/A
0:    268435456      67108864     float     sum      -1  2202.70  121.87  121.87       0  2203.39  121.83  121.83    N/A
0: # Out of bounds values : 0 OK
0: # Avg bus bandwidth    : 91.5274 
0: #
0: # Collective test concluded: sendrecv_perf
0: #
0: 
0: 
0: ##### pass 2/20  pair g1-g3  sendrecv_perf
0: # nccl-tests version 2.17.8 nccl-headers=22903 nccl-library=22903
0: # Collective test starting: sendrecv_perf
0: # nThread 1 nGpus 2 minBytes 8388608 maxBytes 268435456 step: 2(factor) warmup iters: 5 iters: 20 agg iters: 1 validation: 1 graph: 0
0: #
0: # Using devices
0: #  Rank  0 Group  0 Pid  76417 on  nid006907 device  0 [0019:01:00] NVIDIA GH200 120GB
0: #  Rank  1 Group  0 Pid  76417 on  nid006907 device  1 [0039:01:00] NVIDIA GH200 120GB
0: #
0: #                                                              out-of-place                       in-place          
0: #       size         count      type   redop    root     time   algbw   busbw  #wrong     time   algbw   busbw  #wrong 
0: #        (B)    (elements)                               (us)  (GB/s)  (GB/s)             (us)  (GB/s)  (GB/s)         
0:      8388608       2097152     float     sum      -1   116.04   72.29   72.29       0   115.36   72.71   72.71    N/A
0:     16777216       4194304     float     sum      -1   221.24   75.83   75.83       0   217.97   76.97   76.97    N/A
0:     33554432       8388608     float     sum      -1   423.67   79.20   79.20       0   421.35   79.64   79.64    N/A
0:     67108864      16777216     float     sum      -1   814.72   82.37   82.37       0   819.30   81.91   81.91    N/A
0:    134217728      33554432     float     sum      -1  1133.12  118.45  118.45       0  1115.64  120.31  120.31    N/A
0:    268435456      67108864     float     sum      -1  2207.59  121.60  121.60       0  2209.46  121.49  121.49    N/A
0: # Out of bounds values : 0 OK
0: # Avg bus bandwidth    : 91.8971 
0: #
0: # Collective test concluded: sendrecv_perf
0: #
0: 
0: 
0: ##### pass 2/20  pair g2-g3  sendrecv_perf
0: # nccl-tests version 2.17.8 nccl-headers=22903 nccl-library=22903
0: # Collective test starting: sendrecv_perf
0: # nThread 1 nGpus 2 minBytes 8388608 maxBytes 268435456 step: 2(factor) warmup iters: 5 iters: 20 agg iters: 1 validation: 1 graph: 0
0: #
0: # Using devices
0: #  Rank  0 Group  0 Pid  76454 on  nid006907 device  0 [0029:01:00] NVIDIA GH200 120GB
0: #  Rank  1 Group  0 Pid  76454 on  nid006907 device  1 [0039:01:00] NVIDIA GH200 120GB
0: #
0: #                                                              out-of-place                       in-place          
0: #       size         count      type   redop    root     time   algbw   busbw  #wrong     time   algbw   busbw  #wrong 
0: #        (B)    (elements)                               (us)  (GB/s)  (GB/s)             (us)  (GB/s)  (GB/s)         
0:      8388608       2097152     float     sum      -1   115.97   72.33   72.33       0   115.55   72.60   72.60    N/A
0:     16777216       4194304     float     sum      -1   221.35   75.80   75.80       0   223.34   75.12   75.12    N/A
0:     33554432       8388608     float     sum      -1   423.17   79.29   79.29       0   422.86   79.35   79.35    N/A
0:     67108864      16777216     float     sum      -1   815.74   82.27   82.27       0   822.76   81.57   81.57    N/A
0:    134217728      33554432     float     sum      -1  1127.36  119.06  119.06       0  1122.19  119.60  119.60    N/A
0:    268435456      67108864     float     sum      -1  2207.41  121.61  121.61       0  2213.84  121.25  121.25    N/A
0: # Out of bounds values : 0 OK
0: # Avg bus bandwidth    : 91.6534 
0: #
0: # Collective test concluded: sendrecv_perf
0: #
0: 
0: 
0: ##### pass 3/20  pair g0-g1  sendrecv_perf
0: # nccl-tests version 2.17.8 nccl-headers=22903 nccl-library=22903
0: # Collective test starting: sendrecv_perf
0: # nThread 1 nGpus 2 minBytes 8388608 maxBytes 268435456 step: 2(factor) warmup iters: 5 iters: 20 agg iters: 1 validation: 1 graph: 0
0: #
0: # Using devices
0: #  Rank  0 Group  0 Pid  76495 on  nid006907 device  0 [0009:01:00] NVIDIA GH200 120GB
0: #  Rank  1 Group  0 Pid  76495 on  nid006907 device  1 [0019:01:00] NVIDIA GH200 120GB
0: #
0: #                                                              out-of-place                       in-place          
0: #       size         count      type   redop    root     time   algbw   busbw  #wrong     time   algbw   busbw  #wrong 
0: #        (B)    (elements)                               (us)  (GB/s)  (GB/s)             (us)  (GB/s)  (GB/s)         
0:      8388608       2097152     float     sum      -1   115.61   72.56   72.56       0   115.61   72.56   72.56    N/A
0:     16777216       4194304     float     sum      -1   219.51   76.43   76.43       0   220.84   75.97   75.97    N/A
0:     33554432       8388608     float     sum      -1   420.79   79.74   79.74       0   422.81   79.36   79.36    N/A
0:     67108864      16777216     float     sum      -1   813.41   82.50   82.50       0   824.35   81.41   81.41    N/A
0:    134217728      33554432     float     sum      -1  1121.54  119.67  119.67       0  1117.64  120.09  120.09    N/A
0:    268435456      67108864     float     sum      -1  2207.13  121.62  121.62       0  2207.67  121.59  121.59    N/A
0: # Out of bounds values : 0 OK
0: # Avg bus bandwidth    : 91.9594 
0: #
0: # Collective test concluded: sendrecv_perf
0: #
0: 
0: 
0: ##### pass 3/20  pair g0-g2  sendrecv_perf
0: # nccl-tests version 2.17.8 nccl-headers=22903 nccl-library=22903
0: # Collective test starting: sendrecv_perf
0: # nThread 1 nGpus 2 minBytes 8388608 maxBytes 268435456 step: 2(factor) warmup iters: 5 iters: 20 agg iters: 1 validation: 1 graph: 0
0: #
0: # Using devices
0: #  Rank  0 Group  0 Pid  76531 on  nid006907 device  0 [0009:01:00] NVIDIA GH200 120GB
0: #  Rank  1 Group  0 Pid  76531 on  nid006907 device  1 [0029:01:00] NVIDIA GH200 120GB
0: #
0: #                                                              out-of-place                       in-place          
0: #       size         count      type   redop    root     time   algbw   busbw  #wrong     time   algbw   busbw  #wrong 
0: #        (B)    (elements)                               (us)  (GB/s)  (GB/s)             (us)  (GB/s)  (GB/s)         
0:      8388608       2097152     float     sum      -1   117.72   71.26   71.26       0   116.02   72.31   72.31    N/A
0:     16777216       4194304     float     sum      -1   217.83   77.02   77.02       0   217.52   77.13   77.13    N/A
0:     33554432       8388608     float     sum      -1   420.50   79.80   79.80       0   424.28   79.09   79.09    N/A
0:     67108864      16777216     float     sum      -1   813.72   82.47   82.47       0   826.31   81.22   81.22    N/A
0:    134217728      33554432     float     sum      -1  1119.51  119.89  119.89       0  1121.21  119.71  119.71    N/A
0:    268435456      67108864     float     sum      -1  2204.96  121.74  121.74       0  2207.08  121.62  121.62    N/A
0: # Out of bounds values : 0 OK
0: # Avg bus bandwidth    : 91.9371 
0: #
0: # Collective test concluded: sendrecv_perf
0: #
0: 
0: 
0: ##### pass 3/20  pair g0-g3  sendrecv_perf
0: # nccl-tests version 2.17.8 nccl-headers=22903 nccl-library=22903
0: # Collective test starting: sendrecv_perf
0: # nThread 1 nGpus 2 minBytes 8388608 maxBytes 268435456 step: 2(factor) warmup iters: 5 iters: 20 agg iters: 1 validation: 1 graph: 0
0: #
0: # Using devices
0: #  Rank  0 Group  0 Pid  76570 on  nid006907 device  0 [0009:01:00] NVIDIA GH200 120GB
0: #  Rank  1 Group  0 Pid  76570 on  nid006907 device  1 [0039:01:00] NVIDIA GH200 120GB
0: #
0: #                                                              out-of-place                       in-place          
0: #       size         count      type   redop    root     time   algbw   busbw  #wrong     time   algbw   busbw  #wrong 
0: #        (B)    (elements)                               (us)  (GB/s)  (GB/s)             (us)  (GB/s)  (GB/s)         
0:      8388608       2097152     float     sum      -1   120.24   69.77   69.77       0   115.28   72.77   72.77    N/A
0:     16777216       4194304     float     sum      -1   217.20   77.24   77.24       0   218.84   76.67   76.67    N/A
0:     33554432       8388608     float     sum      -1   419.78   79.93   79.93       0   421.68   79.57   79.57    N/A
0:     67108864      16777216     float     sum      -1   811.40   82.71   82.71       0   819.09   81.93   81.93    N/A
0:    134217728      33554432     float     sum      -1  1118.77  119.97  119.97       0  1119.43  119.90  119.90    N/A
0:    268435456      67108864     float     sum      -1  2211.15  121.40  121.40       0  2203.01  121.85  121.85    N/A
0: # Out of bounds values : 0 OK
0: # Avg bus bandwidth    : 91.9753 
0: #
0: # Collective test concluded: sendrecv_perf
0: #
0: 
0: 
0: ##### pass 3/20  pair g1-g2  sendrecv_perf
0: # nccl-tests version 2.17.8 nccl-headers=22903 nccl-library=22903
0: # Collective test starting: sendrecv_perf
0: # nThread 1 nGpus 2 minBytes 8388608 maxBytes 268435456 step: 2(factor) warmup iters: 5 iters: 20 agg iters: 1 validation: 1 graph: 0
0: #
0: # Using devices
0: #  Rank  0 Group  0 Pid  76628 on  nid006907 device  0 [0019:01:00] NVIDIA GH200 120GB
0: #  Rank  1 Group  0 Pid  76628 on  nid006907 device  1 [0029:01:00] NVIDIA GH200 120GB
0: #
0: #                                                              out-of-place                       in-place          
0: #       size         count      type   redop    root     time   algbw   busbw  #wrong     time   algbw   busbw  #wrong 
0: #        (B)    (elements)                               (us)  (GB/s)  (GB/s)             (us)  (GB/s)  (GB/s)         
0:      8388608       2097152     float     sum      -1   120.59   69.57   69.57       0   115.42   72.68   72.68    N/A
0:     16777216       4194304     float     sum      -1   223.14   75.19   75.19       0   224.44   74.75   74.75    N/A
0:     33554432       8388608     float     sum      -1   423.77   79.18   79.18       0   422.83   79.36   79.36    N/A
0:     67108864      16777216     float     sum      -1   816.68   82.17   82.17       0   825.49   81.30   81.30    N/A
0:    134217728      33554432     float     sum      -1  1120.46  119.79  119.79       0  1120.73  119.76  119.76    N/A
0:    268435456      67108864     float     sum      -1  2212.41  121.33  121.33       0  2210.20  121.45  121.45    N/A
0: # Out of bounds values : 0 OK
0: # Avg bus bandwidth    : 91.3766 
0: #
0: # Collective test concluded: sendrecv_perf
0: #
0: 
0: 
0: ##### pass 3/20  pair g1-g3  sendrecv_perf
0: # nccl-tests version 2.17.8 nccl-headers=22903 nccl-library=22903
0: # Collective test starting: sendrecv_perf
0: # nThread 1 nGpus 2 minBytes 8388608 maxBytes 268435456 step: 2(factor) warmup iters: 5 iters: 20 agg iters: 1 validation: 1 graph: 0
0: #
0: # Using devices
0: #  Rank  0 Group  0 Pid  76667 on  nid006907 device  0 [0019:01:00] NVIDIA GH200 120GB
0: #  Rank  1 Group  0 Pid  76667 on  nid006907 device  1 [0039:01:00] NVIDIA GH200 120GB
0: #
0: #                                                              out-of-place                       in-place          
0: #       size         count      type   redop    root     time   algbw   busbw  #wrong     time   algbw   busbw  #wrong 
0: #        (B)    (elements)                               (us)  (GB/s)  (GB/s)             (us)  (GB/s)  (GB/s)         
0:      8388608       2097152     float     sum      -1   118.77   70.63   70.63       0   115.52   72.62   72.62    N/A
0:     16777216       4194304     float     sum      -1   221.08   75.89   75.89       0   221.51   75.74   75.74    N/A
0:     33554432       8388608     float     sum      -1   420.57   79.78   79.78       0   423.06   79.31   79.31    N/A
0:     67108864      16777216     float     sum      -1   815.94   82.25   82.25       0   824.39   81.40   81.40    N/A
0:    134217728      33554432     float     sum      -1  1121.16  119.71  119.71       0  1119.15  119.93  119.93    N/A
0:    268435456      67108864     float     sum      -1  2214.22  121.23  121.23       0  2210.89  121.42  121.42    N/A
0: # Out of bounds values : 0 OK
0: # Avg bus bandwidth    : 91.6592 
0: #
0: # Collective test concluded: sendrecv_perf
0: #
0: 
0: 
0: ##### pass 3/20  pair g2-g3  sendrecv_perf
0: # nccl-tests version 2.17.8 nccl-headers=22903 nccl-library=22903
0: # Collective test starting: sendrecv_perf
0: # nThread 1 nGpus 2 minBytes 8388608 maxBytes 268435456 step: 2(factor) warmup iters: 5 iters: 20 agg iters: 1 validation: 1 graph: 0
0: #
0: # Using devices
0: #  Rank  0 Group  0 Pid  76702 on  nid006907 device  0 [0029:01:00] NVIDIA GH200 120GB
0: #  Rank  1 Group  0 Pid  76702 on  nid006907 device  1 [0039:01:00] NVIDIA GH200 120GB
0: #
0: #                                                              out-of-place                       in-place          
0: #       size         count      type   redop    root     time   algbw   busbw  #wrong     time   algbw   busbw  #wrong 
0: #        (B)    (elements)                               (us)  (GB/s)  (GB/s)             (us)  (GB/s)  (GB/s)         
0:      8388608       2097152     float     sum      -1   115.94   72.35   72.35       0   115.32   72.74   72.74    N/A
0:     16777216       4194304     float     sum      -1   220.88   75.96   75.96       0   222.84   75.29   75.29    N/A
0:     33554432       8388608     float     sum      -1   422.89   79.35   79.35       0   423.53   79.23   79.23    N/A
0:     67108864      16777216     float     sum      -1   813.26   82.52   82.52       0   824.91   81.35   81.35    N/A
0:    134217728      33554432     float     sum      -1  1124.35  119.37  119.37       0  1120.79  119.75  119.75    N/A
0:    268435456      67108864     float     sum      -1  2212.79  121.31  121.31       0  2205.86  121.69  121.69    N/A
0: # Out of bounds values : 0 OK
0: # Avg bus bandwidth    : 91.7424 
0: #
0: # Collective test concluded: sendrecv_perf
0: #
0: 
0: 
0: ##### pass 4/20  pair g0-g1  sendrecv_perf
0: # nccl-tests version 2.17.8 nccl-headers=22903 nccl-library=22903
0: # Collective test starting: sendrecv_perf
0: # nThread 1 nGpus 2 minBytes 8388608 maxBytes 268435456 step: 2(factor) warmup iters: 5 iters: 20 agg iters: 1 validation: 1 graph: 0
0: #
0: # Using devices
0: #  Rank  0 Group  0 Pid  76741 on  nid006907 device  0 [0009:01:00] NVIDIA GH200 120GB
0: #  Rank  1 Group  0 Pid  76741 on  nid006907 device  1 [0019:01:00] NVIDIA GH200 120GB
0: #
0: #                                                              out-of-place                       in-place          
0: #       size         count      type   redop    root     time   algbw   busbw  #wrong     time   algbw   busbw  #wrong 
0: #        (B)    (elements)                               (us)  (GB/s)  (GB/s)             (us)  (GB/s)  (GB/s)         
0:      8388608       2097152     float     sum      -1   115.81   72.44   72.44       0   115.42   72.68   72.68    N/A
0:     16777216       4194304     float     sum      -1   217.36   77.19   77.19       0   222.49   75.41   75.41    N/A
0:     33554432       8388608     float     sum      -1   421.11   79.68   79.68       0   422.78   79.37   79.37    N/A
0:     67108864      16777216     float     sum      -1   810.41   82.81   82.81       0   821.48   81.69   81.69    N/A
0:    134217728      33554432     float     sum      -1  1117.21  120.14  120.14       0  1120.52  119.78  119.78    N/A
0:    268435456      67108864     float     sum      -1  2209.48  121.49  121.49       0  2205.10  121.73  121.73    N/A
0: # Out of bounds values : 0 OK
0: # Avg bus bandwidth    : 92.0333 
0: #
0: # Collective test concluded: sendrecv_perf
0: #
0: 
0: 
0: ##### pass 4/20  pair g0-g2  sendrecv_perf
0: # nccl-tests version 2.17.8 nccl-headers=22903 nccl-library=22903
0: # Collective test starting: sendrecv_perf
0: # nThread 1 nGpus 2 minBytes 8388608 maxBytes 268435456 step: 2(factor) warmup iters: 5 iters: 20 agg iters: 1 validation: 1 graph: 0
0: #
0: # Using devices
0: #  Rank  0 Group  0 Pid  76778 on  nid006907 device  0 [0009:01:00] NVIDIA GH200 120GB
0: #  Rank  1 Group  0 Pid  76778 on  nid006907 device  1 [0029:01:00] NVIDIA GH200 120GB
0: #
0: #                                                              out-of-place                       in-place          
0: #       size         count      type   redop    root     time   algbw   busbw  #wrong     time   algbw   busbw  #wrong 
0: #        (B)    (elements)                               (us)  (GB/s)  (GB/s)             (us)  (GB/s)  (GB/s)         
0:      8388608       2097152     float     sum      -1   120.54   69.59   69.59       0   115.46   72.66   72.66    N/A
0:     16777216       4194304     float     sum      -1   221.93   75.60   75.60       0   221.28   75.82   75.82    N/A
0:     33554432       8388608     float     sum      -1   420.65   79.77   79.77       0   422.35   79.45   79.45    N/A
0:     67108864      16777216     float     sum      -1   813.63   82.48   82.48       0   823.28   81.51   81.51    N/A
0:    134217728      33554432     float     sum      -1  1121.59  119.67  119.67       0  1121.75  119.65  119.65    N/A
0:    268435456      67108864     float     sum      -1  2209.26  121.50  121.50       0  2206.71  121.64  121.64    N/A
0: # Out of bounds values : 0 OK
0: # Avg bus bandwidth    : 91.6116 
0: #
0: # Collective test concluded: sendrecv_perf
0: #
0: 
0: 
0: ##### pass 4/20  pair g0-g3  sendrecv_perf
0: # nccl-tests version 2.17.8 nccl-headers=22903 nccl-library=22903
0: # Collective test starting: sendrecv_perf
0: # nThread 1 nGpus 2 minBytes 8388608 maxBytes 268435456 step: 2(factor) warmup iters: 5 iters: 20 agg iters: 1 validation: 1 graph: 0
0: #
0: # Using devices
0: #  Rank  0 Group  0 Pid  76817 on  nid006907 device  0 [0009:01:00] NVIDIA GH200 120GB
0: #  Rank  1 Group  0 Pid  76817 on  nid006907 device  1 [0039:01:00] NVIDIA GH200 120GB
0: #
0: #                                                              out-of-place                       in-place          
0: #       size         count      type   redop    root     time   algbw   busbw  #wrong     time   algbw   busbw  #wrong 
0: #        (B)    (elements)                               (us)  (GB/s)  (GB/s)             (us)  (GB/s)  (GB/s)         
0:      8388608       2097152     float     sum      -1   115.72   72.49   72.49       0   115.72   72.49   72.49    N/A
0:     16777216       4194304     float     sum      -1   221.24   75.83   75.83       0   216.83   77.38   77.38    N/A
0:     33554432       8388608     float     sum      -1   421.07   79.69   79.69       0   424.49   79.05   79.05    N/A
0:     67108864      16777216     float     sum      -1   813.95   82.45   82.45       0   819.67   81.87   81.87    N/A
0:    134217728      33554432     float     sum      -1  1117.16  120.14  120.14       0  1122.73  119.55  119.55    N/A
0:    268435456      67108864     float     sum      -1  2202.64  121.87  121.87       0  2205.49  121.71  121.71    N/A
0: # Out of bounds values : 0 OK
0: # Avg bus bandwidth    : 92.0429 
0: #
0: # Collective test concluded: sendrecv_perf
0: #
0: 
0: 
0: ##### pass 4/20  pair g1-g2  sendrecv_perf
0: # nccl-tests version 2.17.8 nccl-headers=22903 nccl-library=22903
0: # Collective test starting: sendrecv_perf
0: # nThread 1 nGpus 2 minBytes 8388608 maxBytes 268435456 step: 2(factor) warmup iters: 5 iters: 20 agg iters: 1 validation: 1 graph: 0
0: #
0: # Using devices
0: #  Rank  0 Group  0 Pid  76883 on  nid006907 device  0 [0019:01:00] NVIDIA GH200 120GB
0: #  Rank  1 Group  0 Pid  76883 on  nid006907 device  1 [0029:01:00] NVIDIA GH200 120GB
0: #
0: #                                                              out-of-place                       in-place          
0: #       size         count      type   redop    root     time   algbw   busbw  #wrong     time   algbw   busbw  #wrong 
0: #        (B)    (elements)                               (us)  (GB/s)  (GB/s)             (us)  (GB/s)  (GB/s)         
0:      8388608       2097152     float     sum      -1   119.77   70.04   70.04       0   120.56   69.58   69.58    N/A
0:     16777216       4194304     float     sum      -1   217.44   77.16   77.16       0   217.24   77.23   77.23    N/A
0:     33554432       8388608     float     sum      -1   421.07   79.69   79.69       0   422.17   79.48   79.48    N/A
0:     67108864      16777216     float     sum      -1   817.34   82.11   82.11       0   823.55   81.49   81.49    N/A
0:    134217728      33554432     float     sum      -1  1126.17  119.18  119.18       0  1120.18  119.82  119.82    N/A
0:    268435456      67108864     float     sum      -1  2210.58  121.43  121.43       0  2212.83  121.31  121.31    N/A
0: # Out of bounds values : 0 OK
0: # Avg bus bandwidth    : 91.542 
0: #
0: # Collective test concluded: sendrecv_perf
0: #
0: 
0: 
0: ##### pass 4/20  pair g1-g3  sendrecv_perf
0: # nccl-tests version 2.17.8 nccl-headers=22903 nccl-library=22903
0: # Collective test starting: sendrecv_perf
0: # nThread 1 nGpus 2 minBytes 8388608 maxBytes 268435456 step: 2(factor) warmup iters: 5 iters: 20 agg iters: 1 validation: 1 graph: 0
0: #
0: # Using devices
0: #  Rank  0 Group  0 Pid  76918 on  nid006907 device  0 [0019:01:00] NVIDIA GH200 120GB
0: #  Rank  1 Group  0 Pid  76918 on  nid006907 device  1 [0039:01:00] NVIDIA GH200 120GB
0: #
0: #                                                              out-of-place                       in-place          
0: #       size         count      type   redop    root     time   algbw   busbw  #wrong     time   algbw   busbw  #wrong 
0: #        (B)    (elements)                               (us)  (GB/s)  (GB/s)             (us)  (GB/s)  (GB/s)         
0:      8388608       2097152     float     sum      -1   115.96   72.34   72.34       0   115.57   72.59   72.59    N/A
0:     16777216       4194304     float     sum      -1   221.90   75.61   75.61       0   218.06   76.94   76.94    N/A
0:     33554432       8388608     float     sum      -1   420.79   79.74   79.74       0   422.79   79.36   79.36    N/A
0:     67108864      16777216     float     sum      -1   812.15   82.63   82.63       0   823.95   81.45   81.45    N/A
0:    134217728      33554432     float     sum      -1  1120.47  119.79  119.79       0  1120.21  119.81  119.81    N/A
0:    268435456      67108864     float     sum      -1  2203.81  121.81  121.81       0  2211.53  121.38  121.38    N/A
0: # Out of bounds values : 0 OK
0: # Avg bus bandwidth    : 91.9538 
0: #
0: # Collective test concluded: sendrecv_perf
0: #
0: 
0: 
0: ##### pass 4/20  pair g2-g3  sendrecv_perf
0: # nccl-tests version 2.17.8 nccl-headers=22903 nccl-library=22903
0: # Collective test starting: sendrecv_perf
0: # nThread 1 nGpus 2 minBytes 8388608 maxBytes 268435456 step: 2(factor) warmup iters: 5 iters: 20 agg iters: 1 validation: 1 graph: 0
0: #
0: # Using devices
0: #  Rank  0 Group  0 Pid  76957 on  nid006907 device  0 [0029:01:00] NVIDIA GH200 120GB
0: #  Rank  1 Group  0 Pid  76957 on  nid006907 device  1 [0039:01:00] NVIDIA GH200 120GB
0: #
0: #                                                              out-of-place                       in-place          
0: #       size         count      type   redop    root     time   algbw   busbw  #wrong     time   algbw   busbw  #wrong 
0: #        (B)    (elements)                               (us)  (GB/s)  (GB/s)             (us)  (GB/s)  (GB/s)         
0:      8388608       2097152     float     sum      -1   115.98   72.33   72.33       0   117.44   71.43   71.43    N/A
0:     16777216       4194304     float     sum      -1   221.67   75.69   75.69       0   222.14   75.52   75.52    N/A
0:     33554432       8388608     float     sum      -1   423.16   79.29   79.29       0   423.98   79.14   79.14    N/A
0:     67108864      16777216     float     sum      -1   816.88   82.15   82.15       0   827.66   81.08   81.08    N/A
0:    134217728      33554432     float     sum      -1  1125.62  119.24  119.24       0  1125.33  119.27  119.27    N/A
0:    268435456      67108864     float     sum      -1  2200.29  122.00  122.00       0  2209.99  121.46  121.46    N/A
0: # Out of bounds values : 0 OK
0: # Avg bus bandwidth    : 91.551 
0: #
0: # Collective test concluded: sendrecv_perf
0: #
0: 
0: 
0: ##### pass 5/20  pair g0-g1  sendrecv_perf
0: # nccl-tests version 2.17.8 nccl-headers=22903 nccl-library=22903
0: # Collective test starting: sendrecv_perf
0: # nThread 1 nGpus 2 minBytes 8388608 maxBytes 268435456 step: 2(factor) warmup iters: 5 iters: 20 agg iters: 1 validation: 1 graph: 0
0: #
0: # Using devices
0: #  Rank  0 Group  0 Pid  76996 on  nid006907 device  0 [0009:01:00] NVIDIA GH200 120GB
0: #  Rank  1 Group  0 Pid  76996 on  nid006907 device  1 [0019:01:00] NVIDIA GH200 120GB
0: #
0: #                                                              out-of-place                       in-place          
0: #       size         count      type   redop    root     time   algbw   busbw  #wrong     time   algbw   busbw  #wrong 
0: #        (B)    (elements)                               (us)  (GB/s)  (GB/s)             (us)  (GB/s)  (GB/s)         
0:      8388608       2097152     float     sum      -1   115.52   72.61   72.61       0   115.24   72.80   72.80    N/A
0:     16777216       4194304     float     sum      -1   221.16   75.86   75.86       0   219.63   76.39   76.39    N/A
0:     33554432       8388608     float     sum      -1   421.93   79.53   79.53       0   423.29   79.27   79.27    N/A
0:     67108864      16777216     float     sum      -1   813.28   82.52   82.52       0   823.71   81.47   81.47    N/A
0:    134217728      33554432     float     sum      -1  1120.02  119.84  119.84       0  1122.44  119.58  119.58    N/A
0:    268435456      67108864     float     sum      -1  2211.29  121.39  121.39       0  2213.82  121.25  121.25    N/A
0: # Out of bounds values : 0 OK
0: # Avg bus bandwidth    : 91.8753 
0: #
0: # Collective test concluded: sendrecv_perf
0: #
0: 
0: 
0: ##### pass 5/20  pair g0-g2  sendrecv_perf
0: # nccl-tests version 2.17.8 nccl-headers=22903 nccl-library=22903
0: # Collective test starting: sendrecv_perf
0: # nThread 1 nGpus 2 minBytes 8388608 maxBytes 268435456 step: 2(factor) warmup iters: 5 iters: 20 agg iters: 1 validation: 1 graph: 0
0: #
0: # Using devices
0: #  Rank  0 Group  0 Pid  77034 on  nid006907 device  0 [0009:01:00] NVIDIA GH200 120GB
0: #  Rank  1 Group  0 Pid  77034 on  nid006907 device  1 [0029:01:00] NVIDIA GH200 120GB
0: #
0: #                                                              out-of-place                       in-place          
0: #       size         count      type   redop    root     time   algbw   busbw  #wrong     time   algbw   busbw  #wrong 
0: #        (B)    (elements)                               (us)  (GB/s)  (GB/s)             (us)  (GB/s)  (GB/s)         
0:      8388608       2097152     float     sum      -1   116.12   72.24   72.24       0   115.55   72.60   72.60    N/A
0:     16777216       4194304     float     sum      -1   221.36   75.79   75.79       0   223.58   75.04   75.04    N/A
0:     33554432       8388608     float     sum      -1   424.15   79.11   79.11       0   425.32   78.89   78.89    N/A
0:     67108864      16777216     float     sum      -1   816.98   82.14   82.14       0   829.29   80.92   80.92    N/A
0:    134217728      33554432     float     sum      -1  1120.53  119.78  119.78       0  1122.41  119.58  119.58    N/A
0:    268435456      67108864     float     sum      -1  2205.75  121.70  121.70       0  2213.18  121.29  121.29    N/A
0: # Out of bounds values : 0 OK
0: # Avg bus bandwidth    : 91.5907 
0: #
0: # Collective test concluded: sendrecv_perf
0: #
0: 
0: 
0: ##### pass 5/20  pair g0-g3  sendrecv_perf
0: # nccl-tests version 2.17.8 nccl-headers=22903 nccl-library=22903
0: # Collective test starting: sendrecv_perf
0: # nThread 1 nGpus 2 minBytes 8388608 maxBytes 268435456 step: 2(factor) warmup iters: 5 iters: 20 agg iters: 1 validation: 1 graph: 0
0: #
0: # Using devices
0: #  Rank  0 Group  0 Pid  77075 on  nid006907 device  0 [0009:01:00] NVIDIA GH200 120GB
0: #  Rank  1 Group  0 Pid  77075 on  nid006907 device  1 [0039:01:00] NVIDIA GH200 120GB
0: #
0: #                                                              out-of-place                       in-place          
0: #       size         count      type   redop    root     time   algbw   busbw  #wrong     time   algbw   busbw  #wrong 
0: #        (B)    (elements)                               (us)  (GB/s)  (GB/s)             (us)  (GB/s)  (GB/s)         
0:      8388608       2097152     float     sum      -1   117.63   71.31   71.31       0   115.81   72.44   72.44    N/A
0:     16777216       4194304     float     sum      -1   226.88   73.95   73.95       0   219.34   76.49   76.49    N/A
0:     33554432       8388608     float     sum      -1   423.89   79.16   79.16       0   425.75   78.81   78.81    N/A
0:     67108864      16777216     float     sum      -1   817.41   82.10   82.10       0   829.31   80.92   80.92    N/A
0:    134217728      33554432     float     sum      -1  1122.57  119.56  119.56       0  1124.32  119.38  119.38    N/A
0:    268435456      67108864     float     sum      -1  2204.29  121.78  121.78       0  2209.92  121.47  121.47    N/A
0: # Out of bounds values : 0 OK
0: # Avg bus bandwidth    : 91.4468 
0: #
0: # Collective test concluded: sendrecv_perf
0: #
0: 
0: 
0: ##### pass 5/20  pair g1-g2  sendrecv_perf
0: # nccl-tests version 2.17.8 nccl-headers=22903 nccl-library=22903
0: # Collective test starting: sendrecv_perf
0: # nThread 1 nGpus 2 minBytes 8388608 maxBytes 268435456 step: 2(factor) warmup iters: 5 iters: 20 agg iters: 1 validation: 1 graph: 0
0: #
0: # Using devices
0: #  Rank  0 Group  0 Pid  77110 on  nid006907 device  0 [0019:01:00] NVIDIA GH200 120GB
0: #  Rank  1 Group  0 Pid  77110 on  nid006907 device  1 [0029:01:00] NVIDIA GH200 120GB
0: #
0: #                                                              out-of-place                       in-place          
0: #       size         count      type   redop    root     time   algbw   busbw  #wrong     time   algbw   busbw  #wrong 
0: #        (B)    (elements)                               (us)  (GB/s)  (GB/s)             (us)  (GB/s)  (GB/s)         
0:      8388608       2097152     float     sum      -1   115.98   72.33   72.33       0   115.77   72.46   72.46    N/A
0:     16777216       4194304     float     sum      -1   218.75   76.70   76.70       0   222.45   75.42   75.42    N/A
0:     33554432       8388608     float     sum      -1   420.41   79.81   79.81       0   421.16   79.67   79.67    N/A
0:     67108864      16777216     float     sum      -1   819.57   81.88   81.88       0   816.00   82.24   82.24    N/A
0:    134217728      33554432     float     sum      -1  1116.69  120.19  120.19       0  1125.73  119.23  119.23    N/A
0:    268435456      67108864     float     sum      -1  2208.90  121.52  121.52       0  2215.34  121.17  121.17    N/A
0: # Out of bounds values : 0 OK
0: # Avg bus bandwidth    : 91.8862 
0: #
0: # Collective test concluded: sendrecv_perf
0: #
0: 
0: 
0: ##### pass 5/20  pair g1-g3  sendrecv_perf
0: # nccl-tests version 2.17.8 nccl-headers=22903 nccl-library=22903
0: # Collective test starting: sendrecv_perf
0: # nThread 1 nGpus 2 minBytes 8388608 maxBytes 268435456 step: 2(factor) warmup iters: 5 iters: 20 agg iters: 1 validation: 1 graph: 0
0: #
0: # Using devices
0: #  Rank  0 Group  0 Pid  77175 on  nid006907 device  0 [0019:01:00] NVIDIA GH200 120GB
0: #  Rank  1 Group  0 Pid  77175 on  nid006907 device  1 [0039:01:00] NVIDIA GH200 120GB
0: #
0: #                                                              out-of-place                       in-place          
0: #       size         count      type   redop    root     time   algbw   busbw  #wrong     time   algbw   busbw  #wrong 
0: #        (B)    (elements)                               (us)  (GB/s)  (GB/s)             (us)  (GB/s)  (GB/s)         
0:      8388608       2097152     float     sum      -1   115.64   72.54   72.54       0   115.60   72.56   72.56    N/A
0:     16777216       4194304     float     sum      -1   222.81   75.30   75.30       0   218.08   76.93   76.93    N/A
0:     33554432       8388608     float     sum      -1   421.98   79.52   79.52       0   420.53   79.79   79.79    N/A
0:     67108864      16777216     float     sum      -1   816.67   82.17   82.17       0   823.37   81.51   81.51    N/A
0:    134217728      33554432     float     sum      -1  1124.46  119.36  119.36       0  1122.75  119.54  119.54    N/A
0:    268435456      67108864     float     sum      -1  2203.86  121.80  121.80       0  2206.69  121.65  121.65    N/A
0: # Out of bounds values : 0 OK
0: # Avg bus bandwidth    : 91.89 
0: #
0: # Collective test concluded: sendrecv_perf
0: #
0: 
0: 
0: ##### pass 5/20  pair g2-g3  sendrecv_perf
0: # nccl-tests version 2.17.8 nccl-headers=22903 nccl-library=22903
0: # Collective test starting: sendrecv_perf
0: # nThread 1 nGpus 2 minBytes 8388608 maxBytes 268435456 step: 2(factor) warmup iters: 5 iters: 20 agg iters: 1 validation: 1 graph: 0
0: #
0: # Using devices
0: #  Rank  0 Group  0 Pid  77216 on  nid006907 device  0 [0029:01:00] NVIDIA GH200 120GB
0: #  Rank  1 Group  0 Pid  77216 on  nid006907 device  1 [0039:01:00] NVIDIA GH200 120GB
0: #
0: #                                                              out-of-place                       in-place          
0: #       size         count      type   redop    root     time   algbw   busbw  #wrong     time   algbw   busbw  #wrong 
0: #        (B)    (elements)                               (us)  (GB/s)  (GB/s)             (us)  (GB/s)  (GB/s)         
0:      8388608       2097152     float     sum      -1   116.43   72.05   72.05       0   116.15   72.22   72.22    N/A
0:     16777216       4194304     float     sum      -1   218.78   76.69   76.69       0   218.44   76.81   76.81    N/A
0:     33554432       8388608     float     sum      -1   425.76   78.81   78.81       0   418.83   80.12   80.12    N/A
0:     67108864      16777216     float     sum      -1   815.88   82.25   82.25       0   822.38   81.60   81.60    N/A
0:    134217728      33554432     float     sum      -1  1124.94  119.31  119.31       0  1120.56  119.78  119.78    N/A
0:    268435456      67108864     float     sum      -1  2208.33  121.56  121.56       0  2203.45  121.83  121.83    N/A
0: # Out of bounds values : 0 OK
0: # Avg bus bandwidth    : 91.9175 
0: #
0: # Collective test concluded: sendrecv_perf
0: #
0: 
0: 
0: ##### pass 6/20  pair g0-g1  sendrecv_perf
0: # nccl-tests version 2.17.8 nccl-headers=22903 nccl-library=22903
0: # Collective test starting: sendrecv_perf
0: # nThread 1 nGpus 2 minBytes 8388608 maxBytes 268435456 step: 2(factor) warmup iters: 5 iters: 20 agg iters: 1 validation: 1 graph: 0
0: #
0: # Using devices
0: #  Rank  0 Group  0 Pid  77255 on  nid006907 device  0 [0009:01:00] NVIDIA GH200 120GB
0: #  Rank  1 Group  0 Pid  77255 on  nid006907 device  1 [0019:01:00] NVIDIA GH200 120GB
0: #
0: #                                                              out-of-place                       in-place          
0: #       size         count      type   redop    root     time   algbw   busbw  #wrong     time   algbw   busbw  #wrong 
0: #        (B)    (elements)                               (us)  (GB/s)  (GB/s)             (us)  (GB/s)  (GB/s)         
0:      8388608       2097152     float     sum      -1   117.07   71.66   71.66       0   116.06   72.28   72.28    N/A
0:     16777216       4194304     float     sum      -1   218.95   76.62   76.62       0   223.16   75.18   75.18    N/A
0:     33554432       8388608     float     sum      -1   422.40   79.44   79.44       0   423.79   79.18   79.18    N/A
0:     67108864      16777216     float     sum      -1   815.64   82.28   82.28       0   820.42   81.80   81.80    N/A
0:    134217728      33554432     float     sum      -1  1121.71  119.65  119.65       0  1118.79  119.97  119.97    N/A
0:    268435456      67108864     float     sum      -1  2208.44  121.55  121.55       0  2209.72  121.48  121.48    N/A
0: # Out of bounds values : 0 OK
0: # Avg bus bandwidth    : 91.7568 
0: #
0: # Collective test concluded: sendrecv_perf
0: #
0: 
0: 
0: ##### pass 6/20  pair g0-g2  sendrecv_perf
0: # nccl-tests version 2.17.8 nccl-headers=22903 nccl-library=22903
0: # Collective test starting: sendrecv_perf
0: # nThread 1 nGpus 2 minBytes 8388608 maxBytes 268435456 step: 2(factor) warmup iters: 5 iters: 20 agg iters: 1 validation: 1 graph: 0
0: #
0: # Using devices
0: #  Rank  0 Group  0 Pid  77300 on  nid006907 device  0 [0009:01:00] NVIDIA GH200 120GB
0: #  Rank  1 Group  0 Pid  77300 on  nid006907 device  1 [0029:01:00] NVIDIA GH200 120GB
0: #
0: #                                                              out-of-place                       in-place          
0: #       size         count      type   redop    root     time   algbw   busbw  #wrong     time   algbw   busbw  #wrong 
0: #        (B)    (elements)                               (us)  (GB/s)  (GB/s)             (us)  (GB/s)  (GB/s)         
0:      8388608       2097152     float     sum      -1   120.42   69.66   69.66       0   115.49   72.64   72.64    N/A
0:     16777216       4194304     float     sum      -1   219.99   76.26   76.26       0   223.11   75.20   75.20    N/A
0:     33554432       8388608     float     sum      -1   421.25   79.65   79.65       0   421.18   79.67   79.67    N/A
0:     67108864      16777216     float     sum      -1   812.91   82.55   82.55       0   819.61   81.88   81.88    N/A
0:    134217728      33554432     float     sum      -1  1117.59  120.10  120.10       0  1121.39  119.69  119.69    N/A
0:    268435456      67108864     float     sum      -1  2211.54  121.38  121.38       0  2205.52  121.71  121.71    N/A
0: # Out of bounds values : 0 OK
0: # Avg bus bandwidth    : 91.6989 
0: #
0: # Collective test concluded: sendrecv_perf
0: #
0: 
0: 
0: ##### pass 6/20  pair g0-g3  sendrecv_perf
0: # nccl-tests version 2.17.8 nccl-headers=22903 nccl-library=22903
0: # Collective test starting: sendrecv_perf
0: # nThread 1 nGpus 2 minBytes 8388608 maxBytes 268435456 step: 2(factor) warmup iters: 5 iters: 20 agg iters: 1 validation: 1 graph: 0
0: #
0: # Using devices
0: #  Rank  0 Group  0 Pid  77338 on  nid006907 device  0 [0009:01:00] NVIDIA GH200 120GB
0: #  Rank  1 Group  0 Pid  77338 on  nid006907 device  1 [0039:01:00] NVIDIA GH200 120GB
0: #
0: #                                                              out-of-place                       in-place          
0: #       size         count      type   redop    root     time   algbw   busbw  #wrong     time   algbw   busbw  #wrong 
0: #        (B)    (elements)                               (us)  (GB/s)  (GB/s)             (us)  (GB/s)  (GB/s)         
0:      8388608       2097152     float     sum      -1   119.40   70.26   70.26       0   115.15   72.85   72.85    N/A
0:     16777216       4194304     float     sum      -1   219.02   76.60   76.60       0   217.89   77.00   77.00    N/A
0:     33554432       8388608     float     sum      -1   418.26   80.22   80.22       0   423.67   79.20   79.20    N/A
0:     67108864      16777216     float     sum      -1   812.70   82.58   82.58       0   820.16   81.82   81.82    N/A
0:    134217728      33554432     float     sum      -1  1121.94  119.63  119.63       0  1124.77  119.33  119.33    N/A
0:    268435456      67108864     float     sum      -1  2200.96  121.96  121.96       0  2205.30  121.72  121.72    N/A
0: # Out of bounds values : 0 OK
0: # Avg bus bandwidth    : 91.9312 
0: #
0: # Collective test concluded: sendrecv_perf
0: #
0: 
0: 
0: ##### pass 6/20  pair g1-g2  sendrecv_perf
0: # nccl-tests version 2.17.8 nccl-headers=22903 nccl-library=22903
0: # Collective test starting: sendrecv_perf
0: # nThread 1 nGpus 2 minBytes 8388608 maxBytes 268435456 step: 2(factor) warmup iters: 5 iters: 20 agg iters: 1 validation: 1 graph: 0
0: #
0: # Using devices
0: #  Rank  0 Group  0 Pid  77377 on  nid006907 device  0 [0019:01:00] NVIDIA GH200 120GB
0: #  Rank  1 Group  0 Pid  77377 on  nid006907 device  1 [0029:01:00] NVIDIA GH200 120GB
0: #
0: #                                                              out-of-place                       in-place          
0: #       size         count      type   redop    root     time   algbw   busbw  #wrong     time   algbw   busbw  #wrong 
0: #        (B)    (elements)                               (us)  (GB/s)  (GB/s)             (us)  (GB/s)  (GB/s)         
0:      8388608       2097152     float     sum      -1   116.02   72.30   72.30       0   117.43   71.43   71.43    N/A
0:     16777216       4194304     float     sum      -1   217.74   77.05   77.05       0   221.92   75.60   75.60    N/A
0:     33554432       8388608     float     sum      -1   422.13   79.49   79.49       0   423.28   79.27   79.27    N/A
0:     67108864      16777216     float     sum      -1   813.71   82.47   82.47       0   818.66   81.97   81.97    N/A
0:    134217728      33554432     float     sum      -1  1121.95  119.63  119.63       0  1123.99  119.41  119.41    N/A
0:    268435456      67108864     float     sum      -1  2208.73  121.53  121.53       0  2203.97  121.80  121.80    N/A
0: # Out of bounds values : 0 OK
0: # Avg bus bandwidth    : 91.831 
0: #
0: # Collective test concluded: sendrecv_perf
0: #
0: 
0: 
0: ##### pass 6/20  pair g1-g3  sendrecv_perf
0: # nccl-tests version 2.17.8 nccl-headers=22903 nccl-library=22903
0: # Collective test starting: sendrecv_perf
0: # nThread 1 nGpus 2 minBytes 8388608 maxBytes 268435456 step: 2(factor) warmup iters: 5 iters: 20 agg iters: 1 validation: 1 graph: 0
0: #
0: # Using devices
0: #  Rank  0 Group  0 Pid  77446 on  nid006907 device  0 [0019:01:00] NVIDIA GH200 120GB
0: #  Rank  1 Group  0 Pid  77446 on  nid006907 device  1 [0039:01:00] NVIDIA GH200 120GB
0: #
0: #                                                              out-of-place                       in-place          
0: #       size         count      type   redop    root     time   algbw   busbw  #wrong     time   algbw   busbw  #wrong 
0: #        (B)    (elements)                               (us)  (GB/s)  (GB/s)             (us)  (GB/s)  (GB/s)         
0:      8388608       2097152     float     sum      -1   118.45   70.82   70.82       0   114.91   73.00   73.00    N/A
0:     16777216       4194304     float     sum      -1   218.92   76.64   76.64       0   222.04   75.56   75.56    N/A
0:     33554432       8388608     float     sum      -1   421.33   79.64   79.64       0   422.02   79.51   79.51    N/A
0:     67108864      16777216     float     sum      -1   811.90   82.66   82.66       0   821.28   81.71   81.71    N/A
0:    134217728      33554432     float     sum      -1  1122.06  119.62  119.62       0  1126.82  119.11  119.11    N/A
0:    268435456      67108864     float     sum      -1  2202.93  121.85  121.85       0  2204.02  121.79  121.79    N/A
0: # Out of bounds values : 0 OK
0: # Avg bus bandwidth    : 91.8263 
0: #
0: # Collective test concluded: sendrecv_perf
0: #
0: 
0: 
0: ##### pass 6/20  pair g2-g3  sendrecv_perf
0: # nccl-tests version 2.17.8 nccl-headers=22903 nccl-library=22903
0: # Collective test starting: sendrecv_perf
0: # nThread 1 nGpus 2 minBytes 8388608 maxBytes 268435456 step: 2(factor) warmup iters: 5 iters: 20 agg iters: 1 validation: 1 graph: 0
0: #
0: # Using devices
0: #  Rank  0 Group  0 Pid  77484 on  nid006907 device  0 [0029:01:00] NVIDIA GH200 120GB
0: #  Rank  1 Group  0 Pid  77484 on  nid006907 device  1 [0039:01:00] NVIDIA GH200 120GB
0: #
0: #                                                              out-of-place                       in-place          
0: #       size         count      type   redop    root     time   algbw   busbw  #wrong     time   algbw   busbw  #wrong 
0: #        (B)    (elements)                               (us)  (GB/s)  (GB/s)             (us)  (GB/s)  (GB/s)         
0:      8388608       2097152     float     sum      -1   115.91   72.37   72.37       0   115.28   72.77   72.77    N/A
0:     16777216       4194304     float     sum      -1   222.59   75.37   75.37       0   218.77   76.69   76.69    N/A
0:     33554432       8388608     float     sum      -1   421.02   79.70   79.70       0   423.07   79.31   79.31    N/A
0:     67108864      16777216     float     sum      -1   814.43   82.40   82.40       0   823.42   81.50   81.50    N/A
0:    134217728      33554432     float     sum      -1  1126.18  119.18  119.18       0  1123.77  119.44  119.44    N/A
0:    268435456      67108864     float     sum      -1  2204.53  121.77  121.77       0  2207.00  121.63  121.63    N/A
0: # Out of bounds values : 0 OK
0: # Avg bus bandwidth    : 91.8435 
0: #
0: # Collective test concluded: sendrecv_perf
0: #
0: 
0: 
0: ##### pass 7/20  pair g0-g1  sendrecv_perf
0: # nccl-tests version 2.17.8 nccl-headers=22903 nccl-library=22903
0: # Collective test starting: sendrecv_perf
0: # nThread 1 nGpus 2 minBytes 8388608 maxBytes 268435456 step: 2(factor) warmup iters: 5 iters: 20 agg iters: 1 validation: 1 graph: 0
0: #
0: # Using devices
0: #  Rank  0 Group  0 Pid  77586 on  nid006907 device  0 [0009:01:00] NVIDIA GH200 120GB
0: #  Rank  1 Group  0 Pid  77586 on  nid006907 device  1 [0019:01:00] NVIDIA GH200 120GB
0: #
0: #                                                              out-of-place                       in-place          
0: #       size         count      type   redop    root     time   algbw   busbw  #wrong     time   algbw   busbw  #wrong 
0: #        (B)    (elements)                               (us)  (GB/s)  (GB/s)             (us)  (GB/s)  (GB/s)         
0:      8388608       2097152     float     sum      -1   115.64   72.54   72.54       0   115.43   72.67   72.67    N/A
0:     16777216       4194304     float     sum      -1   217.29   77.21   77.21       0   218.73   76.70   76.70    N/A
0:     33554432       8388608     float     sum      -1   421.50   79.61   79.61       0   421.50   79.61   79.61    N/A
0:     67108864      16777216     float     sum      -1   813.29   82.52   82.52       0   820.16   81.82   81.82    N/A
0:    134217728      33554432     float     sum      -1  1127.36  119.05  119.05       0  1122.57  119.56  119.56    N/A
0:    268435456      67108864     float     sum      -1  2209.09  121.51  121.51       0  2209.70  121.48  121.48    N/A
0: # Out of bounds values : 0 OK
0: # Avg bus bandwidth    : 92.0245 
0: #
0: # Collective test concluded: sendrecv_perf
0: #
0: 
0: 
0: ##### pass 7/20  pair g0-g2  sendrecv_perf
0: # nccl-tests version 2.17.8 nccl-headers=22903 nccl-library=22903
0: # Collective test starting: sendrecv_perf
0: # nThread 1 nGpus 2 minBytes 8388608 maxBytes 268435456 step: 2(factor) warmup iters: 5 iters: 20 agg iters: 1 validation: 1 graph: 0
0: #
0: # Using devices
0: #  Rank  0 Group  0 Pid  77622 on  nid006907 device  0 [0009:01:00] NVIDIA GH200 120GB
0: #  Rank  1 Group  0 Pid  77622 on  nid006907 device  1 [0029:01:00] NVIDIA GH200 120GB
0: #
0: #                                                              out-of-place                       in-place          
0: #       size         count      type   redop    root     time   algbw   busbw  #wrong     time   algbw   busbw  #wrong 
0: #        (B)    (elements)                               (us)  (GB/s)  (GB/s)             (us)  (GB/s)  (GB/s)         
0:      8388608       2097152     float     sum      -1   120.36   69.70   69.70       0   115.01   72.94   72.94    N/A
0:     16777216       4194304     float     sum      -1   222.12   75.53   75.53       0   221.96   75.59   75.59    N/A
0:     33554432       8388608     float     sum      -1   423.64   79.21   79.21       0   423.61   79.21   79.21    N/A
0:     67108864      16777216     float     sum      -1   813.23   82.52   82.52       0   821.04   81.74   81.74    N/A
0:    134217728      33554432     float     sum      -1  1120.90  119.74  119.74       0  1124.97  119.31  119.31    N/A
0:    268435456      67108864     float     sum      -1  2205.41  121.72  121.72       0  2210.03  121.46  121.46    N/A
0: # Out of bounds values : 0 OK
0: # Avg bus bandwidth    : 91.5545 
0: #
0: # Collective test concluded: sendrecv_perf
0: #
0: 
0: 
0: ##### pass 7/20  pair g0-g3  sendrecv_perf
0: # nccl-tests version 2.17.8 nccl-headers=22903 nccl-library=22903
0: # Collective test starting: sendrecv_perf
0: # nThread 1 nGpus 2 minBytes 8388608 maxBytes 268435456 step: 2(factor) warmup iters: 5 iters: 20 agg iters: 1 validation: 1 graph: 0
0: #
0: # Using devices
0: #  Rank  0 Group  0 Pid  77660 on  nid006907 device  0 [0009:01:00] NVIDIA GH200 120GB
0: #  Rank  1 Group  0 Pid  77660 on  nid006907 device  1 [0039:01:00] NVIDIA GH200 120GB
0: #
0: #                                                              out-of-place                       in-place          
0: #       size         count      type   redop    root     time   algbw   busbw  #wrong     time   algbw   busbw  #wrong 
0: #        (B)    (elements)                               (us)  (GB/s)  (GB/s)             (us)  (GB/s)  (GB/s)         
0:      8388608       2097152     float     sum      -1   117.48   71.40   71.40       0   115.10   72.88   72.88    N/A
0:     16777216       4194304     float     sum      -1   217.12   77.27   77.27       0   217.62   77.09   77.09    N/A
0:     33554432       8388608     float     sum      -1   420.86   79.73   79.73       0   422.34   79.45   79.45    N/A
0:     67108864      16777216     float     sum      -1   809.56   82.90   82.90       0   816.22   82.22   82.22    N/A
0:    134217728      33554432     float     sum      -1  1121.56  119.67  119.67       0  1124.15  119.39  119.39    N/A
0:    268435456      67108864     float     sum      -1  2206.32  121.67  121.67       0  2204.35  121.78  121.78    N/A
0: # Out of bounds values : 0 OK
0: # Avg bus bandwidth    : 92.1204 
0: #
0: # Collective test concluded: sendrecv_perf
0: #
0: 
0: 
0: ##### pass 7/20  pair g1-g2  sendrecv_perf
0: # nccl-tests version 2.17.8 nccl-headers=22903 nccl-library=22903
0: # Collective test starting: sendrecv_perf
0: # nThread 1 nGpus 2 minBytes 8388608 maxBytes 268435456 step: 2(factor) warmup iters: 5 iters: 20 agg iters: 1 validation: 1 graph: 0
0: #
0: # Using devices
0: #  Rank  0 Group  0 Pid  77710 on  nid006907 device  0 [0019:01:00] NVIDIA GH200 120GB
0: #  Rank  1 Group  0 Pid  77710 on  nid006907 device  1 [0029:01:00] NVIDIA GH200 120GB
0: #
0: #                                                              out-of-place                       in-place          
0: #       size         count      type   redop    root     time   algbw   busbw  #wrong     time   algbw   busbw  #wrong 
0: #        (B)    (elements)                               (us)  (GB/s)  (GB/s)             (us)  (GB/s)  (GB/s)         
0:      8388608       2097152     float     sum      -1   115.81   72.43   72.43       0   115.54   72.60   72.60    N/A
0:     16777216       4194304     float     sum      -1   217.61   77.10   77.10       0   220.61   76.05   76.05    N/A
0:     33554432       8388608     float     sum      -1   420.56   79.79   79.79       0   423.06   79.31   79.31    N/A
0:     67108864      16777216     float     sum      -1   817.28   82.11   82.11       0   822.25   81.62   81.62    N/A
0:    134217728      33554432     float     sum      -1  1121.41  119.69  119.69       0  1126.44  119.15  119.15    N/A
0:    268435456      67108864     float     sum      -1  2207.66  121.59  121.59       0  2213.09  121.29  121.29    N/A
0: # Out of bounds values : 0 OK
0: # Avg bus bandwidth    : 91.8949 
0: #
0: # Collective test concluded: sendrecv_perf
0: #
0: 
0: 
0: ##### pass 7/20  pair g1-g3  sendrecv_perf
0: # nccl-tests version 2.17.8 nccl-headers=22903 nccl-library=22903
0: # Collective test starting: sendrecv_perf
0: # nThread 1 nGpus 2 minBytes 8388608 maxBytes 268435456 step: 2(factor) warmup iters: 5 iters: 20 agg iters: 1 validation: 1 graph: 0
0: #
0: # Using devices
0: #  Rank  0 Group  0 Pid  77768 on  nid006907 device  0 [0019:01:00] NVIDIA GH200 120GB
0: #  Rank  1 Group  0 Pid  77768 on  nid006907 device  1 [0039:01:00] NVIDIA GH200 120GB
0: #
0: #                                                              out-of-place                       in-place          
0: #       size         count      type   redop    root     time   algbw   busbw  #wrong     time   algbw   busbw  #wrong 
0: #        (B)    (elements)                               (us)  (GB/s)  (GB/s)             (us)  (GB/s)  (GB/s)         
0:      8388608       2097152     float     sum      -1   115.94   72.35   72.35       0   115.52   72.62   72.62    N/A
0:     16777216       4194304     float     sum      -1   219.99   76.26   76.26       0   219.61   76.40   76.40    N/A
0:     33554432       8388608     float     sum      -1   421.14   79.68   79.68       0   418.87   80.11   80.11    N/A
0:     67108864      16777216     float     sum      -1   809.77   82.87   82.87       0   821.18   81.72   81.72    N/A
0:    134217728      33554432     float     sum      -1  1124.95  119.31  119.31       0  1121.76  119.65  119.65    N/A
0:    268435456      67108864     float     sum      -1  2209.68  121.48  121.48       0  2204.96  121.74  121.74    N/A
0: # Out of bounds values : 0 OK
0: # Avg bus bandwidth    : 92.016 
0: #
0: # Collective test concluded: sendrecv_perf
0: #
0: 
0: 
0: ##### pass 7/20  pair g2-g3  sendrecv_perf
0: # nccl-tests version 2.17.8 nccl-headers=22903 nccl-library=22903
0: # Collective test starting: sendrecv_perf
0: # nThread 1 nGpus 2 minBytes 8388608 maxBytes 268435456 step: 2(factor) warmup iters: 5 iters: 20 agg iters: 1 validation: 1 graph: 0
0: #
0: # Using devices
0: #  Rank  0 Group  0 Pid  77807 on  nid006907 device  0 [0029:01:00] NVIDIA GH200 120GB
0: #  Rank  1 Group  0 Pid  77807 on  nid006907 device  1 [0039:01:00] NVIDIA GH200 120GB
0: #
0: #                                                              out-of-place                       in-place          
0: #       size         count      type   redop    root     time   algbw   busbw  #wrong     time   algbw   busbw  #wrong 
0: #        (B)    (elements)                               (us)  (GB/s)  (GB/s)             (us)  (GB/s)  (GB/s)         
0:      8388608       2097152     float     sum      -1   115.84   72.42   72.42       0   119.56   70.16   70.16    N/A
0:     16777216       4194304     float     sum      -1   220.68   76.02   76.02       0   220.76   76.00   76.00    N/A
0:     33554432       8388608     float     sum      -1   422.71   79.38   79.38       0   423.60   79.21   79.21    N/A
0:     67108864      16777216     float     sum      -1   815.78   82.26   82.26       0   822.06   81.63   81.63    N/A
0:    134217728      33554432     float     sum      -1  1119.95  119.84  119.84       0  1120.06  119.83  119.83    N/A
0:    268435456      67108864     float     sum      -1  2209.97  121.47  121.47       0  2210.27  121.45  121.45    N/A
0: # Out of bounds values : 0 OK
0: # Avg bus bandwidth    : 91.6398 
0: #
0: # Collective test concluded: sendrecv_perf
0: #
0: 
0: 
0: ##### pass 8/20  pair g0-g1  sendrecv_perf
0: # nccl-tests version 2.17.8 nccl-headers=22903 nccl-library=22903
0: # Collective test starting: sendrecv_perf
0: # nThread 1 nGpus 2 minBytes 8388608 maxBytes 268435456 step: 2(factor) warmup iters: 5 iters: 20 agg iters: 1 validation: 1 graph: 0
0: #
0: # Using devices
0: #  Rank  0 Group  0 Pid  77850 on  nid006907 device  0 [0009:01:00] NVIDIA GH200 120GB
0: #  Rank  1 Group  0 Pid  77850 on  nid006907 device  1 [0019:01:00] NVIDIA GH200 120GB
0: #
0: #                                                              out-of-place                       in-place          
0: #       size         count      type   redop    root     time   algbw   busbw  #wrong     time   algbw   busbw  #wrong 
0: #        (B)    (elements)                               (us)  (GB/s)  (GB/s)             (us)  (GB/s)  (GB/s)         
0:      8388608       2097152     float     sum      -1   116.72   71.87   71.87       0   116.18   72.20   72.20    N/A
0:     16777216       4194304     float     sum      -1   218.44   76.80   76.80       0   219.18   76.55   76.55    N/A
0:     33554432       8388608     float     sum      -1   421.28   79.65   79.65       0   423.60   79.21   79.21    N/A
0:     67108864      16777216     float     sum      -1   810.80   82.77   82.77       0   819.49   81.89   81.89    N/A
0:    134217728      33554432     float     sum      -1  1119.84  119.85  119.85       0  1124.68  119.34  119.34    N/A
0:    268435456      67108864     float     sum      -1  2210.02  121.46  121.46       0  2205.01  121.74  121.74    N/A
0: # Out of bounds values : 0 OK
0: # Avg bus bandwidth    : 91.945 
0: #
0: # Collective test concluded: sendrecv_perf
0: #
0: 
0: 
0: ##### pass 8/20  pair g0-g2  sendrecv_perf
0: # nccl-tests version 2.17.8 nccl-headers=22903 nccl-library=22903
0: # Collective test starting: sendrecv_perf
0: # nThread 1 nGpus 2 minBytes 8388608 maxBytes 268435456 step: 2(factor) warmup iters: 5 iters: 20 agg iters: 1 validation: 1 graph: 0
0: #
0: # Using devices
0: #  Rank  0 Group  0 Pid  77888 on  nid006907 device  0 [0009:01:00] NVIDIA GH200 120GB
0: #  Rank  1 Group  0 Pid  77888 on  nid006907 device  1 [0029:01:00] NVIDIA GH200 120GB
0: #
0: #                                                              out-of-place                       in-place          
0: #       size         count      type   redop    root     time   algbw   busbw  #wrong     time   algbw   busbw  #wrong 
0: #        (B)    (elements)                               (us)  (GB/s)  (GB/s)             (us)  (GB/s)  (GB/s)         
0:      8388608       2097152     float     sum      -1   116.06   72.28   72.28       0   115.71   72.50   72.50    N/A
0:     16777216       4194304     float     sum      -1   220.49   76.09   76.09       0   218.97   76.62   76.62    N/A
0:     33554432       8388608     float     sum      -1   422.12   79.49   79.49       0   421.68   79.57   79.57    N/A
0:     67108864      16777216     float     sum      -1   815.52   82.29   82.29       0   816.71   82.17   82.17    N/A
0:    134217728      33554432     float     sum      -1  1122.24  119.60  119.60       0  1119.11  119.93  119.93    N/A
0:    268435456      67108864     float     sum      -1  2204.53  121.77  121.77       0  2203.48  121.82  121.82    N/A
0: # Out of bounds values : 0 OK
0: # Avg bus bandwidth    : 92.011 
0: #
0: # Collective test concluded: sendrecv_perf
0: #
0: 
0: 
0: ##### pass 8/20  pair g0-g3  sendrecv_perf
0: # nccl-tests version 2.17.8 nccl-headers=22903 nccl-library=22903
0: # Collective test starting: sendrecv_perf
0: # nThread 1 nGpus 2 minBytes 8388608 maxBytes 268435456 step: 2(factor) warmup iters: 5 iters: 20 agg iters: 1 validation: 1 graph: 0
0: #
0: # Using devices
0: #  Rank  0 Group  0 Pid  77927 on  nid006907 device  0 [0009:01:00] NVIDIA GH200 120GB
0: #  Rank  1 Group  0 Pid  77927 on  nid006907 device  1 [0039:01:00] NVIDIA GH200 120GB
0: #
0: #                                                              out-of-place                       in-place          
0: #       size         count      type   redop    root     time   algbw   busbw  #wrong     time   algbw   busbw  #wrong 
0: #        (B)    (elements)                               (us)  (GB/s)  (GB/s)             (us)  (GB/s)  (GB/s)         
0:      8388608       2097152     float     sum      -1   115.91   72.37   72.37       0   115.40   72.69   72.69    N/A
0:     16777216       4194304     float     sum      -1   217.06   77.29   77.29       0   219.63   76.39   76.39    N/A
0:     33554432       8388608     float     sum      -1   420.93   79.71   79.71       0   420.69   79.76   79.76    N/A
0:     67108864      16777216     float     sum      -1   807.54   83.10   83.10       0   820.63   81.78   81.78    N/A
0:    134217728      33554432     float     sum      -1  1118.98  119.95  119.95       0  1122.11  119.61  119.61    N/A
0:    268435456      67108864     float     sum      -1  2205.71  121.70  121.70       0  2210.81  121.42  121.42    N/A
0: # Out of bounds values : 0 OK
0: # Avg bus bandwidth    : 92.1486 
0: #
0: # Collective test concluded: sendrecv_perf
0: #
0: 
0: 
0: ##### pass 8/20  pair g1-g2  sendrecv_perf
0: # nccl-tests version 2.17.8 nccl-headers=22903 nccl-library=22903
0: # Collective test starting: sendrecv_perf
0: # nThread 1 nGpus 2 minBytes 8388608 maxBytes 268435456 step: 2(factor) warmup iters: 5 iters: 20 agg iters: 1 validation: 1 graph: 0
0: #
0: # Using devices
0: #  Rank  0 Group  0 Pid  77966 on  nid006907 device  0 [0019:01:00] NVIDIA GH200 120GB
0: #  Rank  1 Group  0 Pid  77966 on  nid006907 device  1 [0029:01:00] NVIDIA GH200 120GB
0: #
0: #                                                              out-of-place                       in-place          
0: #       size         count      type   redop    root     time   algbw   busbw  #wrong     time   algbw   busbw  #wrong 
0: #        (B)    (elements)                               (us)  (GB/s)  (GB/s)             (us)  (GB/s)  (GB/s)         
0:      8388608       2097152     float     sum      -1   118.96   70.51   70.51       0   115.39   72.70   72.70    N/A
0:     16777216       4194304     float     sum      -1   219.83   76.32   76.32       0   221.11   75.88   75.88    N/A
0:     33554432       8388608     float     sum      -1   424.97   78.96   78.96       0   423.00   79.32   79.32    N/A
0:     67108864      16777216     float     sum      -1   820.11   81.83   81.83       0   821.60   81.68   81.68    N/A
0:    134217728      33554432     float     sum      -1  1122.23  119.60  119.60       0  1122.36  119.59  119.59    N/A
0:    268435456      67108864     float     sum      -1  2208.78  121.53  121.53       0  2206.49  121.66  121.66    N/A
0: # Out of bounds values : 0 OK
0: # Avg bus bandwidth    : 91.6312 
0: #
0: # Collective test concluded: sendrecv_perf
0: #
0: 
0: 
0: ##### pass 8/20  pair g1-g3  sendrecv_perf
0: # nccl-tests version 2.17.8 nccl-headers=22903 nccl-library=22903
0: # Collective test starting: sendrecv_perf
0: # nThread 1 nGpus 2 minBytes 8388608 maxBytes 268435456 step: 2(factor) warmup iters: 5 iters: 20 agg iters: 1 validation: 1 graph: 0
0: #
0: # Using devices
0: #  Rank  0 Group  0 Pid  78001 on  nid006907 device  0 [0019:01:00] NVIDIA GH200 120GB
0: #  Rank  1 Group  0 Pid  78001 on  nid006907 device  1 [0039:01:00] NVIDIA GH200 120GB
0: #
0: #                                                              out-of-place                       in-place          
0: #       size         count      type   redop    root     time   algbw   busbw  #wrong     time   algbw   busbw  #wrong 
0: #        (B)    (elements)                               (us)  (GB/s)  (GB/s)             (us)  (GB/s)  (GB/s)         
0:      8388608       2097152     float     sum      -1   116.10   72.26   72.26       0   115.69   72.51   72.51    N/A
0:     16777216       4194304     float     sum      -1   221.50   75.74   75.74       0   220.18   76.20   76.20    N/A
0:     33554432       8388608     float     sum      -1   422.18   79.48   79.48       0   421.80   79.55   79.55    N/A
0:     67108864      16777216     float     sum      -1   812.37   82.61   82.61       0   829.97   80.86   80.86    N/A
0:    134217728      33554432     float     sum      -1  1124.63  119.34  119.34       0  1123.33  119.48  119.48    N/A
0:    268435456      67108864     float     sum      -1  2203.10  121.84  121.84       0  2205.19  121.73  121.73    N/A
0: # Out of bounds values : 0 OK
0: # Avg bus bandwidth    : 91.7999 
0: #
0: # Collective test concluded: sendrecv_perf
0: #
0: 
0: 
0: ##### pass 8/20  pair g2-g3  sendrecv_perf
0: # nccl-tests version 2.17.8 nccl-headers=22903 nccl-library=22903
0: # Collective test starting: sendrecv_perf
0: # nThread 1 nGpus 2 minBytes 8388608 maxBytes 268435456 step: 2(factor) warmup iters: 5 iters: 20 agg iters: 1 validation: 1 graph: 0
0: #
0: # Using devices
0: #  Rank  0 Group  0 Pid  78068 on  nid006907 device  0 [0029:01:00] NVIDIA GH200 120GB
0: #  Rank  1 Group  0 Pid  78068 on  nid006907 device  1 [0039:01:00] NVIDIA GH200 120GB
0: #
0: #                                                              out-of-place                       in-place          
0: #       size         count      type   redop    root     time   algbw   busbw  #wrong     time   algbw   busbw  #wrong 
0: #        (B)    (elements)                               (us)  (GB/s)  (GB/s)             (us)  (GB/s)  (GB/s)         
0:      8388608       2097152     float     sum      -1   115.99   72.32   72.32       0   115.71   72.49   72.49    N/A
0:     16777216       4194304     float     sum      -1   221.70   75.68   75.68       0   218.24   76.88   76.88    N/A
0:     33554432       8388608     float     sum      -1   421.13   79.68   79.68       0   423.64   79.20   79.20    N/A
0:     67108864      16777216     float     sum      -1   815.39   82.30   82.30       0   824.74   81.37   81.37    N/A
0:    134217728      33554432     float     sum      -1  1119.54  119.89  119.89       0  1119.78  119.86  119.86    N/A
0:    268435456      67108864     float     sum      -1  2206.38  121.66  121.66       0  2204.90  121.75  121.75    N/A
0: # Out of bounds values : 0 OK
0: # Avg bus bandwidth    : 91.9235 
0: #
0: # Collective test concluded: sendrecv_perf
0: #
0: 
0: 
0: ##### pass 9/20  pair g0-g1  sendrecv_perf
0: # nccl-tests version 2.17.8 nccl-headers=22903 nccl-library=22903
0: # Collective test starting: sendrecv_perf
0: # nThread 1 nGpus 2 minBytes 8388608 maxBytes 268435456 step: 2(factor) warmup iters: 5 iters: 20 agg iters: 1 validation: 1 graph: 0
0: #
0: # Using devices
0: #  Rank  0 Group  0 Pid  78107 on  nid006907 device  0 [0009:01:00] NVIDIA GH200 120GB
0: #  Rank  1 Group  0 Pid  78107 on  nid006907 device  1 [0019:01:00] NVIDIA GH200 120GB
0: #
0: #                                                              out-of-place                       in-place          
0: #       size         count      type   redop    root     time   algbw   busbw  #wrong     time   algbw   busbw  #wrong 
0: #        (B)    (elements)                               (us)  (GB/s)  (GB/s)             (us)  (GB/s)  (GB/s)         
0:      8388608       2097152     float     sum      -1   119.64   70.12   70.12       0   115.21   72.81   72.81    N/A
0:     16777216       4194304     float     sum      -1   218.16   76.90   76.90       0   218.70   76.71   76.71    N/A
0:     33554432       8388608     float     sum      -1   419.21   80.04   80.04       0   421.85   79.54   79.54    N/A
0:     67108864      16777216     float     sum      -1   813.12   82.53   82.53       0   818.10   82.03   82.03    N/A
0:    134217728      33554432     float     sum      -1  1125.53  119.25  119.25       0  1122.54  119.57  119.57    N/A
0:    268435456      67108864     float     sum      -1  2208.60  121.54  121.54       0  2207.02  121.63  121.63    N/A
0: # Out of bounds values : 0 OK
0: # Avg bus bandwidth    : 91.8892 
0: #
0: # Collective test concluded: sendrecv_perf
0: #
0: 
0: 
0: ##### pass 9/20  pair g0-g2  sendrecv_perf
0: # nccl-tests version 2.17.8 nccl-headers=22903 nccl-library=22903
0: # Collective test starting: sendrecv_perf
0: # nThread 1 nGpus 2 minBytes 8388608 maxBytes 268435456 step: 2(factor) warmup iters: 5 iters: 20 agg iters: 1 validation: 1 graph: 0
0: #
0: # Using devices
0: #  Rank  0 Group  0 Pid  78145 on  nid006907 device  0 [0009:01:00] NVIDIA GH200 120GB
0: #  Rank  1 Group  0 Pid  78145 on  nid006907 device  1 [0029:01:00] NVIDIA GH200 120GB
0: #
0: #                                                              out-of-place                       in-place          
0: #       size         count      type   redop    root     time   algbw   busbw  #wrong     time   algbw   busbw  #wrong 
0: #        (B)    (elements)                               (us)  (GB/s)  (GB/s)             (us)  (GB/s)  (GB/s)         
0:      8388608       2097152     float     sum      -1   122.02   68.75   68.75       0   115.25   72.78   72.78    N/A
0:     16777216       4194304     float     sum      -1   218.77   76.69   76.69       0   217.98   76.97   76.97    N/A
0:     33554432       8388608     float     sum      -1   420.23   79.85   79.85       0   421.33   79.64   79.64    N/A
0:     67108864      16777216     float     sum      -1   811.32   82.72   82.72       0   819.64   81.88   81.88    N/A
0:    134217728      33554432     float     sum      -1  1120.75  119.76  119.76       0  1117.70  120.08  120.08    N/A
0:    268435456      67108864     float     sum      -1  2210.92  121.41  121.41       0  2200.82  121.97  121.97    N/A
0: # Out of bounds values : 0 OK
0: # Avg bus bandwidth    : 91.8742 
0: #
0: # Collective test concluded: sendrecv_perf
0: #
0: 
0: 
0: ##### pass 9/20  pair g0-g3  sendrecv_perf
0: # nccl-tests version 2.17.8 nccl-headers=22903 nccl-library=22903
0: # Collective test starting: sendrecv_perf
0: # nThread 1 nGpus 2 minBytes 8388608 maxBytes 268435456 step: 2(factor) warmup iters: 5 iters: 20 agg iters: 1 validation: 1 graph: 0
0: #
0: # Using devices
0: #  Rank  0 Group  0 Pid  78185 on  nid006907 device  0 [0009:01:00] NVIDIA GH200 120GB
0: #  Rank  1 Group  0 Pid  78185 on  nid006907 device  1 [0039:01:00] NVIDIA GH200 120GB
0: #
0: #                                                              out-of-place                       in-place          
0: #       size         count      type   redop    root     time   algbw   busbw  #wrong     time   algbw   busbw  #wrong 
0: #        (B)    (elements)                               (us)  (GB/s)  (GB/s)             (us)  (GB/s)  (GB/s)         
0:      8388608       2097152     float     sum      -1   115.90   72.38   72.38       0   115.17   72.84   72.84    N/A
0:     16777216       4194304     float     sum      -1   219.23   76.53   76.53       0   219.41   76.46   76.46    N/A
0:     33554432       8388608     float     sum      -1   419.39   80.01   80.01       0   422.43   79.43   79.43    N/A
0:     67108864      16777216     float     sum      -1   810.71   82.78   82.78       0   816.78   82.16   82.16    N/A
0:    134217728      33554432     float     sum      -1  1123.62  119.45  119.45       0  1125.15  119.29  119.29    N/A
0:    268435456      67108864     float     sum      -1  2200.93  121.96  121.96       0  2211.97  121.36  121.36    N/A
0: # Out of bounds values : 0 OK
0: # Avg bus bandwidth    : 92.0536 
0: #
0: # Collective test concluded: sendrecv_perf
0: #
0: 
0: 
0: ##### pass 9/20  pair g1-g2  sendrecv_perf
0: # nccl-tests version 2.17.8 nccl-headers=22903 nccl-library=22903
0: # Collective test starting: sendrecv_perf
0: # nThread 1 nGpus 2 minBytes 8388608 maxBytes 268435456 step: 2(factor) warmup iters: 5 iters: 20 agg iters: 1 validation: 1 graph: 0
0: #
0: # Using devices
0: #  Rank  0 Group  0 Pid  78220 on  nid006907 device  0 [0019:01:00] NVIDIA GH200 120GB
0: #  Rank  1 Group  0 Pid  78220 on  nid006907 device  1 [0029:01:00] NVIDIA GH200 120GB
0: #
0: #                                                              out-of-place                       in-place          
0: #       size         count      type   redop    root     time   algbw   busbw  #wrong     time   algbw   busbw  #wrong 
0: #        (B)    (elements)                               (us)  (GB/s)  (GB/s)             (us)  (GB/s)  (GB/s)         
0:      8388608       2097152     float     sum      -1   115.76   72.47   72.47       0   115.17   72.84   72.84    N/A
0:     16777216       4194304     float     sum      -1   219.26   76.52   76.52       0   218.27   76.86   76.86    N/A
0:     33554432       8388608     float     sum      -1   421.70   79.57   79.57       0   417.83   80.31   80.31    N/A
0:     67108864      16777216     float     sum      -1   814.67   82.38   82.38       0   819.57   81.88   81.88    N/A
0:    134217728      33554432     float     sum      -1  1121.16  119.71  119.71       0  1118.40  120.01  120.01    N/A
0:    268435456      67108864     float     sum      -1  2202.68  121.87  121.87       0  2202.80  121.86  121.86    N/A
0: # Out of bounds values : 0 OK
0: # Avg bus bandwidth    : 92.189 
0: #
0: # Collective test concluded: sendrecv_perf
0: #
0: 
0: 
0: ##### pass 9/20  pair g1-g3  sendrecv_perf
0: # nccl-tests version 2.17.8 nccl-headers=22903 nccl-library=22903
0: # Collective test starting: sendrecv_perf
0: # nThread 1 nGpus 2 minBytes 8388608 maxBytes 268435456 step: 2(factor) warmup iters: 5 iters: 20 agg iters: 1 validation: 1 graph: 0
0: #
0: # Using devices
0: #  Rank  0 Group  0 Pid  78259 on  nid006907 device  0 [0019:01:00] NVIDIA GH200 120GB
0: #  Rank  1 Group  0 Pid  78259 on  nid006907 device  1 [0039:01:00] NVIDIA GH200 120GB
0: #
0: #                                                              out-of-place                       in-place          
0: #       size         count      type   redop    root     time   algbw   busbw  #wrong     time   algbw   busbw  #wrong 
0: #        (B)    (elements)                               (us)  (GB/s)  (GB/s)             (us)  (GB/s)  (GB/s)         
0:      8388608       2097152     float     sum      -1   115.67   72.52   72.52       0   118.02   71.08   71.08    N/A
0:     16777216       4194304     float     sum      -1   216.97   77.33   77.33       0   219.33   76.49   76.49    N/A
0:     33554432       8388608     float     sum      -1   422.70   79.38   79.38       0   420.74   79.75   79.75    N/A
0:     67108864      16777216     float     sum      -1   811.68   82.68   82.68       0   817.05   82.14   82.14    N/A
0:    134217728      33554432     float     sum      -1  1118.28  120.02  120.02       0  1124.55  119.35  119.35    N/A
0:    268435456      67108864     float     sum      -1  2203.30  121.83  121.83       0  2205.74  121.70  121.70    N/A
0: # Out of bounds values : 0 OK
0: # Avg bus bandwidth    : 92.0225 
0: #
0: # Collective test concluded: sendrecv_perf
0: #
0: 
0: 
0: ##### pass 9/20  pair g2-g3  sendrecv_perf
0: # nccl-tests version 2.17.8 nccl-headers=22903 nccl-library=22903
0: # Collective test starting: sendrecv_perf
0: # nThread 1 nGpus 2 minBytes 8388608 maxBytes 268435456 step: 2(factor) warmup iters: 5 iters: 20 agg iters: 1 validation: 1 graph: 0
0: #
0: # Using devices
0: #  Rank  0 Group  0 Pid  78321 on  nid006907 device  0 [0029:01:00] NVIDIA GH200 120GB
0: #  Rank  1 Group  0 Pid  78321 on  nid006907 device  1 [0039:01:00] NVIDIA GH200 120GB
0: #
0: #                                                              out-of-place                       in-place          
0: #       size         count      type   redop    root     time   algbw   busbw  #wrong     time   algbw   busbw  #wrong 
0: #        (B)    (elements)                               (us)  (GB/s)  (GB/s)             (us)  (GB/s)  (GB/s)         
0:      8388608       2097152     float     sum      -1   117.99   71.09   71.09       0   119.85   69.99   69.99    N/A
0:     16777216       4194304     float     sum      -1   219.52   76.43   76.43       0   220.12   76.22   76.22    N/A
0:     33554432       8388608     float     sum      -1   418.35   80.21   80.21       0   421.36   79.63   79.63    N/A
0:     67108864      16777216     float     sum      -1   809.88   82.86   82.86       0   821.31   81.71   81.71    N/A
0:    134217728      33554432     float     sum      -1  1126.56  119.14  119.14       0  1125.83  119.22  119.22    N/A
0:    268435456      67108864     float     sum      -1  2210.39  121.44  121.44       0  2210.09  121.46  121.46    N/A
0: # Out of bounds values : 0 OK
0: # Avg bus bandwidth    : 91.6166 
0: #
0: # Collective test concluded: sendrecv_perf
0: #
0: 
0: 
0: ##### pass 10/20  pair g0-g1  sendrecv_perf
0: # nccl-tests version 2.17.8 nccl-headers=22903 nccl-library=22903
0: # Collective test starting: sendrecv_perf
0: # nThread 1 nGpus 2 minBytes 8388608 maxBytes 268435456 step: 2(factor) warmup iters: 5 iters: 20 agg iters: 1 validation: 1 graph: 0
0: #
0: # Using devices
0: #  Rank  0 Group  0 Pid  78360 on  nid006907 device  0 [0009:01:00] NVIDIA GH200 120GB
0: #  Rank  1 Group  0 Pid  78360 on  nid006907 device  1 [0019:01:00] NVIDIA GH200 120GB
0: #
0: #                                                              out-of-place                       in-place          
0: #       size         count      type   redop    root     time   algbw   busbw  #wrong     time   algbw   busbw  #wrong 
0: #        (B)    (elements)                               (us)  (GB/s)  (GB/s)             (us)  (GB/s)  (GB/s)         
0:      8388608       2097152     float     sum      -1   120.86   69.41   69.41       0   118.02   71.08   71.08    N/A
0:     16777216       4194304     float     sum      -1   221.53   75.73   75.73       0   218.05   76.94   76.94    N/A
0:     33554432       8388608     float     sum      -1   421.33   79.64   79.64       0   422.73   79.38   79.38    N/A
0:     67108864      16777216     float     sum      -1   814.49   82.39   82.39       0   826.05   81.24   81.24    N/A
0:    134217728      33554432     float     sum      -1  1120.39  119.80  119.80       0  1118.67  119.98  119.98    N/A
0:    268435456      67108864     float     sum      -1  2209.75  121.48  121.48       0  2205.37  121.72  121.72    N/A
0: # Out of bounds values : 0 OK
0: # Avg bus bandwidth    : 91.5649 
0: #
0: # Collective test concluded: sendrecv_perf
0: #
0: 
0: 
0: ##### pass 10/20  pair g0-g2  sendrecv_perf
0: # nccl-tests version 2.17.8 nccl-headers=22903 nccl-library=22903
0: # Collective test starting: sendrecv_perf
0: # nThread 1 nGpus 2 minBytes 8388608 maxBytes 268435456 step: 2(factor) warmup iters: 5 iters: 20 agg iters: 1 validation: 1 graph: 0
0: #
0: # Using devices
0: #  Rank  0 Group  0 Pid  78395 on  nid006907 device  0 [0009:01:00] NVIDIA GH200 120GB
0: #  Rank  1 Group  0 Pid  78395 on  nid006907 device  1 [0029:01:00] NVIDIA GH200 120GB
0: #
0: #                                                              out-of-place                       in-place          
0: #       size         count      type   redop    root     time   algbw   busbw  #wrong     time   algbw   busbw  #wrong 
0: #        (B)    (elements)                               (us)  (GB/s)  (GB/s)             (us)  (GB/s)  (GB/s)         
0:      8388608       2097152     float     sum      -1   115.77   72.46   72.46       0   115.68   72.51   72.51    N/A
0:     16777216       4194304     float     sum      -1   223.00   75.23   75.23       0   217.46   77.15   77.15    N/A
0:     33554432       8388608     float     sum      -1   422.49   79.42   79.42       0   420.43   79.81   79.81    N/A
0:     67108864      16777216     float     sum      -1   816.17   82.22   82.22       0   822.07   81.63   81.63    N/A
0:    134217728      33554432     float     sum      -1  1121.69  119.66  119.66       0  1128.70  118.91  118.91    N/A
0:    268435456      67108864     float     sum      -1  2209.57  121.49  121.49       0  2208.90  121.52  121.52    N/A
0: # Out of bounds values : 0 OK
0: # Avg bus bandwidth    : 91.8357 
0: #
0: # Collective test concluded: sendrecv_perf
0: #
0: 
0: 
0: ##### pass 10/20  pair g0-g3  sendrecv_perf
0: # nccl-tests version 2.17.8 nccl-headers=22903 nccl-library=22903
0: # Collective test starting: sendrecv_perf
0: # nThread 1 nGpus 2 minBytes 8388608 maxBytes 268435456 step: 2(factor) warmup iters: 5 iters: 20 agg iters: 1 validation: 1 graph: 0
0: #
0: # Using devices
0: #  Rank  0 Group  0 Pid  78433 on  nid006907 device  0 [0009:01:00] NVIDIA GH200 120GB
0: #  Rank  1 Group  0 Pid  78433 on  nid006907 device  1 [0039:01:00] NVIDIA GH200 120GB
0: #
0: #                                                              out-of-place                       in-place          
0: #       size         count      type   redop    root     time   algbw   busbw  #wrong     time   algbw   busbw  #wrong 
0: #        (B)    (elements)                               (us)  (GB/s)  (GB/s)             (us)  (GB/s)  (GB/s)         
0:      8388608       2097152     float     sum      -1   118.51   70.78   70.78       0   115.51   72.62   72.62    N/A
0:     16777216       4194304     float     sum      -1   221.10   75.88   75.88       0   219.77   76.34   76.34    N/A
0:     33554432       8388608     float     sum      -1   420.25   79.84   79.84       0   421.91   79.53   79.53    N/A
0:     67108864      16777216     float     sum      -1   808.98   82.95   82.95       0   823.66   81.48   81.48    N/A
0:    134217728      33554432     float     sum      -1  1120.70  119.76  119.76       0  1118.93  119.95  119.95    N/A
0:    268435456      67108864     float     sum      -1  2208.71  121.53  121.53       0  2203.63  121.82  121.82    N/A
0: # Out of bounds values : 0 OK
0: # Avg bus bandwidth    : 91.8744 
0: #
0: # Collective test concluded: sendrecv_perf
0: #
0: 
0: 
0: ##### pass 10/20  pair g1-g2  sendrecv_perf
0: # nccl-tests version 2.17.8 nccl-headers=22903 nccl-library=22903
0: # Collective test starting: sendrecv_perf
0: # nThread 1 nGpus 2 minBytes 8388608 maxBytes 268435456 step: 2(factor) warmup iters: 5 iters: 20 agg iters: 1 validation: 1 graph: 0
0: #
0: # Using devices
0: #  Rank  0 Group  0 Pid  78469 on  nid006907 device  0 [0019:01:00] NVIDIA GH200 120GB
0: #  Rank  1 Group  0 Pid  78469 on  nid006907 device  1 [0029:01:00] NVIDIA GH200 120GB
0: #
0: #                                                              out-of-place                       in-place          
0: #       size         count      type   redop    root     time   algbw   busbw  #wrong     time   algbw   busbw  #wrong 
0: #        (B)    (elements)                               (us)  (GB/s)  (GB/s)             (us)  (GB/s)  (GB/s)         
0:      8388608       2097152     float     sum      -1   119.96   69.93   69.93       0   114.91   73.00   73.00    N/A
0:     16777216       4194304     float     sum      -1   217.74   77.05   77.05       0   222.93   75.26   75.26    N/A
0:     33554432       8388608     float     sum      -1   419.77   79.94   79.94       0   419.26   80.03   80.03    N/A
0:     67108864      16777216     float     sum      -1   810.27   82.82   82.82       0   810.77   82.77   82.77    N/A
0:    134217728      33554432     float     sum      -1  1118.40  120.01  120.01       0  1117.69  120.08  120.08    N/A
0:    268435456      67108864     float     sum      -1  2197.63  122.15  122.15       0  2202.85  121.86  121.86    N/A
0: # Out of bounds values : 0 OK
0: # Avg bus bandwidth    : 92.075 
0: #
0: # Collective test concluded: sendrecv_perf
0: #
0: 
0: 
0: ##### pass 10/20  pair g1-g3  sendrecv_perf
0: # nccl-tests version 2.17.8 nccl-headers=22903 nccl-library=22903
0: # Collective test starting: sendrecv_perf
0: # nThread 1 nGpus 2 minBytes 8388608 maxBytes 268435456 step: 2(factor) warmup iters: 5 iters: 20 agg iters: 1 validation: 1 graph: 0
0: #
0: # Using devices
0: #  Rank  0 Group  0 Pid  78507 on  nid006907 device  0 [0019:01:00] NVIDIA GH200 120GB
0: #  Rank  1 Group  0 Pid  78507 on  nid006907 device  1 [0039:01:00] NVIDIA GH200 120GB
0: #
0: #                                                              out-of-place                       in-place          
0: #       size         count      type   redop    root     time   algbw   busbw  #wrong     time   algbw   busbw  #wrong 
0: #        (B)    (elements)                               (us)  (GB/s)  (GB/s)             (us)  (GB/s)  (GB/s)         
0:      8388608       2097152     float     sum      -1   115.56   72.59   72.59       0   115.00   72.95   72.95    N/A
0:     16777216       4194304     float     sum      -1   217.19   77.25   77.25       0   220.13   76.22   76.22    N/A
0:     33554432       8388608     float     sum      -1   421.06   79.69   79.69       0   420.75   79.75   79.75    N/A
0:     67108864      16777216     float     sum      -1   810.04   82.85   82.85       0   821.52   81.69   81.69    N/A
0:    134217728      33554432     float     sum      -1  1120.66  119.77  119.77       0  1119.99  119.84  119.84    N/A
0:    268435456      67108864     float     sum      -1  2211.95  121.36  121.36       0  2200.22  122.00  122.00    N/A
0: # Out of bounds values : 0 OK
0: # Avg bus bandwidth    : 92.1614 
0: #
0: # Collective test concluded: sendrecv_perf
0: #
0: 
0: 
0: ##### pass 10/20  pair g2-g3  sendrecv_perf
0: # nccl-tests version 2.17.8 nccl-headers=22903 nccl-library=22903
0: # Collective test starting: sendrecv_perf
0: # nThread 1 nGpus 2 minBytes 8388608 maxBytes 268435456 step: 2(factor) warmup iters: 5 iters: 20 agg iters: 1 validation: 1 graph: 0
0: #
0: # Using devices
0: #  Rank  0 Group  0 Pid  78576 on  nid006907 device  0 [0029:01:00] NVIDIA GH200 120GB
0: #  Rank  1 Group  0 Pid  78576 on  nid006907 device  1 [0039:01:00] NVIDIA GH200 120GB
0: #
0: #                                                              out-of-place                       in-place          
0: #       size         count      type   redop    root     time   algbw   busbw  #wrong     time   algbw   busbw  #wrong 
0: #        (B)    (elements)                               (us)  (GB/s)  (GB/s)             (us)  (GB/s)  (GB/s)         
0:      8388608       2097152     float     sum      -1   115.80   72.44   72.44       0   115.10   72.88   72.88    N/A
0:     16777216       4194304     float     sum      -1   220.01   76.26   76.26       0   219.68   76.37   76.37    N/A
0:     33554432       8388608     float     sum      -1   419.32   80.02   80.02       0   420.85   79.73   79.73    N/A
0:     67108864      16777216     float     sum      -1   812.75   82.57   82.57       0   816.62   82.18   82.18    N/A
0:    134217728      33554432     float     sum      -1  1123.24  119.49  119.49       0  1119.77  119.86  119.86    N/A
0:    268435456      67108864     float     sum      -1  2209.00  121.52  121.52       0  2210.22  121.45  121.45    N/A
0: # Out of bounds values : 0 OK
0: # Avg bus bandwidth    : 92.0643 
0: #
0: # Collective test concluded: sendrecv_perf
0: #
0: 
0: 
0: ##### pass 11/20  pair g0-g1  sendrecv_perf
0: # nccl-tests version 2.17.8 nccl-headers=22903 nccl-library=22903
0: # Collective test starting: sendrecv_perf
0: # nThread 1 nGpus 2 minBytes 8388608 maxBytes 268435456 step: 2(factor) warmup iters: 5 iters: 20 agg iters: 1 validation: 1 graph: 0
0: #
0: # Using devices
0: #  Rank  0 Group  0 Pid  78614 on  nid006907 device  0 [0009:01:00] NVIDIA GH200 120GB
0: #  Rank  1 Group  0 Pid  78614 on  nid006907 device  1 [0019:01:00] NVIDIA GH200 120GB
0: #
0: #                                                              out-of-place                       in-place          
0: #       size         count      type   redop    root     time   algbw   busbw  #wrong     time   algbw   busbw  #wrong 
0: #        (B)    (elements)                               (us)  (GB/s)  (GB/s)             (us)  (GB/s)  (GB/s)         
0:      8388608       2097152     float     sum      -1   115.59   72.57   72.57       0   116.89   71.77   71.77    N/A
0:     16777216       4194304     float     sum      -1   221.68   75.68   75.68       0   219.88   76.30   76.30    N/A
0:     33554432       8388608     float     sum      -1   423.12   79.30   79.30       0   421.72   79.57   79.57    N/A
0:     67108864      16777216     float     sum      -1   812.64   82.58   82.58       0   818.16   82.02   82.02    N/A
0:    134217728      33554432     float     sum      -1  1119.86  119.85  119.85       0  1118.02  120.05  120.05    N/A
0:    268435456      67108864     float     sum      -1  2210.13  121.46  121.46       0  2209.42  121.50  121.50    N/A
0: # Out of bounds values : 0 OK
0: # Avg bus bandwidth    : 91.8875 
0: #
0: # Collective test concluded: sendrecv_perf
0: #
0: 
0: 
0: ##### pass 11/20  pair g0-g2  sendrecv_perf
0: # nccl-tests version 2.17.8 nccl-headers=22903 nccl-library=22903
0: # Collective test starting: sendrecv_perf
0: # nThread 1 nGpus 2 minBytes 8388608 maxBytes 268435456 step: 2(factor) warmup iters: 5 iters: 20 agg iters: 1 validation: 1 graph: 0
0: #
0: # Using devices
0: #  Rank  0 Group  0 Pid  78654 on  nid006907 device  0 [0009:01:00] NVIDIA GH200 120GB
0: #  Rank  1 Group  0 Pid  78654 on  nid006907 device  1 [0029:01:00] NVIDIA GH200 120GB
0: #
0: #                                                              out-of-place                       in-place          
0: #       size         count      type   redop    root     time   algbw   busbw  #wrong     time   algbw   busbw  #wrong 
0: #        (B)    (elements)                               (us)  (GB/s)  (GB/s)             (us)  (GB/s)  (GB/s)         
0:      8388608       2097152     float     sum      -1   118.23   70.95   70.95       0   115.61   72.56   72.56    N/A
0:     16777216       4194304     float     sum      -1   222.02   75.57   75.57       0   221.24   75.83   75.83    N/A
0:     33554432       8388608     float     sum      -1   420.85   79.73   79.73       0   422.69   79.38   79.38    N/A
0:     67108864      16777216     float     sum      -1   815.15   82.33   82.33       0   817.16   82.12   82.12    N/A
0:    134217728      33554432     float     sum      -1  1121.81  119.64  119.64       0  1121.02  119.73  119.73    N/A
0:    268435456      67108864     float     sum      -1  2212.12  121.35  121.35       0  2209.16  121.51  121.51    N/A
0: # Out of bounds values : 0 OK
0: # Avg bus bandwidth    : 91.7251 
0: #
0: # Collective test concluded: sendrecv_perf
0: #
0: 
0: 
0: ##### pass 11/20  pair g0-g3  sendrecv_perf
0: # nccl-tests version 2.17.8 nccl-headers=22903 nccl-library=22903
0: # Collective test starting: sendrecv_perf
0: # nThread 1 nGpus 2 minBytes 8388608 maxBytes 268435456 step: 2(factor) warmup iters: 5 iters: 20 agg iters: 1 validation: 1 graph: 0
0: #
0: # Using devices
0: #  Rank  0 Group  0 Pid  78694 on  nid006907 device  0 [0009:01:00] NVIDIA GH200 120GB
0: #  Rank  1 Group  0 Pid  78694 on  nid006907 device  1 [0039:01:00] NVIDIA GH200 120GB
0: #
0: #                                                              out-of-place                       in-place          
0: #       size         count      type   redop    root     time   algbw   busbw  #wrong     time   algbw   busbw  #wrong 
0: #        (B)    (elements)                               (us)  (GB/s)  (GB/s)             (us)  (GB/s)  (GB/s)         
0:      8388608       2097152     float     sum      -1   115.57   72.58   72.58       0   115.01   72.94   72.94    N/A
0:     16777216       4194304     float     sum      -1   219.12   76.57   76.57       0   222.11   75.53   75.53    N/A
0:     33554432       8388608     float     sum      -1   421.33   79.64   79.64       0   421.27   79.65   79.65    N/A
0:     67108864      16777216     float     sum      -1   809.40   82.91   82.91       0   819.94   81.85   81.85    N/A
0:    134217728      33554432     float     sum      -1  1126.99  119.09  119.09       0  1121.73  119.65  119.65    N/A
0:    268435456      67108864     float     sum      -1  2200.55  121.99  121.99       0  2207.69  121.59  121.59    N/A
0: # Out of bounds values : 0 OK
0: # Avg bus bandwidth    : 91.9991 
0: #
0: # Collective test concluded: sendrecv_perf
0: #
0: 
0: 
0: ##### pass 11/20  pair g1-g2  sendrecv_perf
0: # nccl-tests version 2.17.8 nccl-headers=22903 nccl-library=22903
0: # Collective test starting: sendrecv_perf
0: # nThread 1 nGpus 2 minBytes 8388608 maxBytes 268435456 step: 2(factor) warmup iters: 5 iters: 20 agg iters: 1 validation: 1 graph: 0
0: #
0: # Using devices
0: #  Rank  0 Group  0 Pid  78732 on  nid006907 device  0 [0019:01:00] NVIDIA GH200 120GB
0: #  Rank  1 Group  0 Pid  78732 on  nid006907 device  1 [0029:01:00] NVIDIA GH200 120GB
0: #
0: #                                                              out-of-place                       in-place          
0: #       size         count      type   redop    root     time   algbw   busbw  #wrong     time   algbw   busbw  #wrong 
0: #        (B)    (elements)                               (us)  (GB/s)  (GB/s)             (us)  (GB/s)  (GB/s)         
0:      8388608       2097152     float     sum      -1   116.34   72.11   72.11       0   115.67   72.52   72.52    N/A
0:     16777216       4194304     float     sum      -1   222.29   75.47   75.47       0   218.14   76.91   76.91    N/A
0:     33554432       8388608     float     sum      -1   420.55   79.79   79.79       0   423.05   79.32   79.32    N/A
0:     67108864      16777216     float     sum      -1   817.50   82.09   82.09       0   824.28   81.41   81.41    N/A
0:    134217728      33554432     float     sum      -1  1120.30  119.81  119.81       0  1127.44  119.05  119.05    N/A
0:    268435456      67108864     float     sum      -1  2215.79  121.15  121.15       0  2202.66  121.87  121.87    N/A
0: # Out of bounds values : 0 OK
0: # Avg bus bandwidth    : 91.7907 
0: #
0: # Collective test concluded: sendrecv_perf
0: #
0: 
0: 
0: ##### pass 11/20  pair g1-g3  sendrecv_perf
0: # nccl-tests version 2.17.8 nccl-headers=22903 nccl-library=22903
0: # Collective test starting: sendrecv_perf
0: # nThread 1 nGpus 2 minBytes 8388608 maxBytes 268435456 step: 2(factor) warmup iters: 5 iters: 20 agg iters: 1 validation: 1 graph: 0
0: #
0: # Using devices
0: #  Rank  0 Group  0 Pid  78778 on  nid006907 device  0 [0019:01:00] NVIDIA GH200 120GB
0: #  Rank  1 Group  0 Pid  78778 on  nid006907 device  1 [0039:01:00] NVIDIA GH200 120GB
0: #
0: #                                                              out-of-place                       in-place          
0: #       size         count      type   redop    root     time   algbw   busbw  #wrong     time   algbw   busbw  #wrong 
0: #        (B)    (elements)                               (us)  (GB/s)  (GB/s)             (us)  (GB/s)  (GB/s)         
0:      8388608       2097152     float     sum      -1   118.88   70.56   70.56       0   115.12   72.87   72.87    N/A
0:     16777216       4194304     float     sum      -1   221.47   75.76   75.76       0   221.42   75.77   75.77    N/A
0:     33554432       8388608     float     sum      -1   423.06   79.31   79.31       0   422.68   79.39   79.39    N/A
0:     67108864      16777216     float     sum      -1   817.06   82.13   82.13       0   826.07   81.24   81.24    N/A
0:    134217728      33554432     float     sum      -1  1120.47  119.79  119.79       0  1120.94  119.74  119.74    N/A
0:    268435456      67108864     float     sum      -1  2203.25  121.84  121.84       0  2203.48  121.82  121.82    N/A
0: # Out of bounds values : 0 OK
0: # Avg bus bandwidth    : 91.6843 
0: #
0: # Collective test concluded: sendrecv_perf
0: #
0: 
0: 
0: ##### pass 11/20  pair g2-g3  sendrecv_perf
0: # nccl-tests version 2.17.8 nccl-headers=22903 nccl-library=22903
0: # Collective test starting: sendrecv_perf
0: # nThread 1 nGpus 2 minBytes 8388608 maxBytes 268435456 step: 2(factor) warmup iters: 5 iters: 20 agg iters: 1 validation: 1 graph: 0
0: #
0: # Using devices
0: #  Rank  0 Group  0 Pid  78816 on  nid006907 device  0 [0029:01:00] NVIDIA GH200 120GB
0: #  Rank  1 Group  0 Pid  78816 on  nid006907 device  1 [0039:01:00] NVIDIA GH200 120GB
0: #
0: #                                                              out-of-place                       in-place          
0: #       size         count      type   redop    root     time   algbw   busbw  #wrong     time   algbw   busbw  #wrong 
0: #        (B)    (elements)                               (us)  (GB/s)  (GB/s)             (us)  (GB/s)  (GB/s)         
0:      8388608       2097152     float     sum      -1   116.04   72.29   72.29       0   115.83   72.42   72.42    N/A
0:     16777216       4194304     float     sum      -1   217.83   77.02   77.02       0   218.00   76.96   76.96    N/A
0:     33554432       8388608     float     sum      -1   422.39   79.44   79.44       0   423.43   79.24   79.24    N/A
0:     67108864      16777216     float     sum      -1   814.34   82.41   82.41       0   825.96   81.25   81.25    N/A
0:    134217728      33554432     float     sum      -1  1117.15  120.14  120.14       0  1120.76  119.76  119.76    N/A
0:    268435456      67108864     float     sum      -1  2206.13  121.68  121.68       0  2208.43  121.55  121.55    N/A
0: # Out of bounds values : 0 OK
0: # Avg bus bandwidth    : 92.0134 
0: #
0: # Collective test concluded: sendrecv_perf
0: #
0: 
0: 
0: ##### pass 12/20  pair g0-g1  sendrecv_perf
0: # nccl-tests version 2.17.8 nccl-headers=22903 nccl-library=22903
0: # Collective test starting: sendrecv_perf
0: # nThread 1 nGpus 2 minBytes 8388608 maxBytes 268435456 step: 2(factor) warmup iters: 5 iters: 20 agg iters: 1 validation: 1 graph: 0
0: #
0: # Using devices
0: #  Rank  0 Group  0 Pid  78881 on  nid006907 device  0 [0009:01:00] NVIDIA GH200 120GB
0: #  Rank  1 Group  0 Pid  78881 on  nid006907 device  1 [0019:01:00] NVIDIA GH200 120GB
0: #
0: #                                                              out-of-place                       in-place          
0: #       size         count      type   redop    root     time   algbw   busbw  #wrong     time   algbw   busbw  #wrong 
0: #        (B)    (elements)                               (us)  (GB/s)  (GB/s)             (us)  (GB/s)  (GB/s)         
0:      8388608       2097152     float     sum      -1   119.03   70.48   70.48       0   115.60   72.57   72.57    N/A
0:     16777216       4194304     float     sum      -1   220.42   76.12   76.12       0   220.74   76.00   76.00    N/A
0:     33554432       8388608     float     sum      -1   421.20   79.66   79.66       0   423.89   79.16   79.16    N/A
0:     67108864      16777216     float     sum      -1   812.38   82.61   82.61       0   821.12   81.73   81.73    N/A
0:    134217728      33554432     float     sum      -1  1123.51  119.46  119.46       0  1124.14  119.40  119.40    N/A
0:    268435456      67108864     float     sum      -1  2206.69  121.65  121.65       0  2210.04  121.46  121.46    N/A
0: # Out of bounds values : 0 OK
0: # Avg bus bandwidth    : 91.6905 
0: #
0: # Collective test concluded: sendrecv_perf
0: #
0: 
0: 
0: ##### pass 12/20  pair g0-g2  sendrecv_perf
0: # nccl-tests version 2.17.8 nccl-headers=22903 nccl-library=22903
0: # Collective test starting: sendrecv_perf
0: # nThread 1 nGpus 2 minBytes 8388608 maxBytes 268435456 step: 2(factor) warmup iters: 5 iters: 20 agg iters: 1 validation: 1 graph: 0
0: #
0: # Using devices
0: #  Rank  0 Group  0 Pid  78920 on  nid006907 device  0 [0009:01:00] NVIDIA GH200 120GB
0: #  Rank  1 Group  0 Pid  78920 on  nid006907 device  1 [0029:01:00] NVIDIA GH200 120GB
0: #
0: #                                                              out-of-place                       in-place          
0: #       size         count      type   redop    root     time   algbw   busbw  #wrong     time   algbw   busbw  #wrong 
0: #        (B)    (elements)                               (us)  (GB/s)  (GB/s)             (us)  (GB/s)  (GB/s)         
0:      8388608       2097152     float     sum      -1   115.82   72.43   72.43       0   118.22   70.96   70.96    N/A
0:     16777216       4194304     float     sum      -1   222.27   75.48   75.48       0   217.67   77.08   77.08    N/A
0:     33554432       8388608     float     sum      -1   421.21   79.66   79.66       0   421.77   79.56   79.56    N/A
0:     67108864      16777216     float     sum      -1   818.12   82.03   82.03       0   821.90   81.65   81.65    N/A
0:    134217728      33554432     float     sum      -1  1123.76  119.44  119.44       0  1127.89  119.00  119.00    N/A
0:    268435456      67108864     float     sum      -1  2199.51  122.04  122.04       0  2206.91  121.63  121.63    N/A
0: # Out of bounds values : 0 OK
0: # Avg bus bandwidth    : 91.7461 
0: #
0: # Collective test concluded: sendrecv_perf
0: #
0: 
0: 
0: ##### pass 12/20  pair g0-g3  sendrecv_perf
0: # nccl-tests version 2.17.8 nccl-headers=22903 nccl-library=22903
0: # Collective test starting: sendrecv_perf
0: # nThread 1 nGpus 2 minBytes 8388608 maxBytes 268435456 step: 2(factor) warmup iters: 5 iters: 20 agg iters: 1 validation: 1 graph: 0
0: #
0: # Using devices
0: #  Rank  0 Group  0 Pid  78957 on  nid006907 device  0 [0009:01:00] NVIDIA GH200 120GB
0: #  Rank  1 Group  0 Pid  78957 on  nid006907 device  1 [0039:01:00] NVIDIA GH200 120GB
0: #
0: #                                                              out-of-place                       in-place          
0: #       size         count      type   redop    root     time   algbw   busbw  #wrong     time   algbw   busbw  #wrong 
0: #        (B)    (elements)                               (us)  (GB/s)  (GB/s)             (us)  (GB/s)  (GB/s)         
0:      8388608       2097152     float     sum      -1   120.27   69.75   69.75       0   115.86   72.40   72.40    N/A
0:     16777216       4194304     float     sum      -1   217.86   77.01   77.01       0   222.04   75.56   75.56    N/A
0:     33554432       8388608     float     sum      -1   421.85   79.54   79.54       0   423.65   79.20   79.20    N/A
0:     67108864      16777216     float     sum      -1   814.59   82.38   82.38       0   822.92   81.55   81.55    N/A
0:    134217728      33554432     float     sum      -1  1124.18  119.39  119.39       0  1119.44  119.90  119.90    N/A
0:    268435456      67108864     float     sum      -1  2207.73  121.59  121.59       0  2202.94  121.85  121.85    N/A
0: # Out of bounds values : 0 OK
0: # Avg bus bandwidth    : 91.6769 
0: #
0: # Collective test concluded: sendrecv_perf
0: #
0: 
0: 
0: ##### pass 12/20  pair g1-g2  sendrecv_perf
0: # nccl-tests version 2.17.8 nccl-headers=22903 nccl-library=22903
0: # Collective test starting: sendrecv_perf
0: # nThread 1 nGpus 2 minBytes 8388608 maxBytes 268435456 step: 2(factor) warmup iters: 5 iters: 20 agg iters: 1 validation: 1 graph: 0
0: #
0: # Using devices
0: #  Rank  0 Group  0 Pid  78996 on  nid006907 device  0 [0019:01:00] NVIDIA GH200 120GB
0: #  Rank  1 Group  0 Pid  78996 on  nid006907 device  1 [0029:01:00] NVIDIA GH200 120GB
0: #
0: #                                                              out-of-place                       in-place          
0: #       size         count      type   redop    root     time   algbw   busbw  #wrong     time   algbw   busbw  #wrong 
0: #        (B)    (elements)                               (us)  (GB/s)  (GB/s)             (us)  (GB/s)  (GB/s)         
0:      8388608       2097152     float     sum      -1   115.82   72.43   72.43       0   115.57   72.59   72.59    N/A
0:     16777216       4194304     float     sum      -1   222.90   75.27   75.27       0   222.37   75.45   75.45    N/A
0:     33554432       8388608     float     sum      -1   423.23   79.28   79.28       0   422.64   79.39   79.39    N/A
0:     67108864      16777216     float     sum      -1   816.24   82.22   82.22       0   824.71   81.37   81.37    N/A
0:    134217728      33554432     float     sum      -1  1120.96  119.73  119.73       0  1121.35  119.69  119.69    N/A
0:    268435456      67108864     float     sum      -1  2219.88  120.92  120.92       0  2211.00  121.41  121.41    N/A
0: # Out of bounds values : 0 OK
0: # Avg bus bandwidth    : 91.6463 
0: #
0: # Collective test concluded: sendrecv_perf
0: #
0: 
0: 
0: ##### pass 12/20  pair g1-g3  sendrecv_perf
0: # nccl-tests version 2.17.8 nccl-headers=22903 nccl-library=22903
0: # Collective test starting: sendrecv_perf
0: # nThread 1 nGpus 2 minBytes 8388608 maxBytes 268435456 step: 2(factor) warmup iters: 5 iters: 20 agg iters: 1 validation: 1 graph: 0
0: #
0: # Using devices
0: #  Rank  0 Group  0 Pid  79031 on  nid006907 device  0 [0019:01:00] NVIDIA GH200 120GB
0: #  Rank  1 Group  0 Pid  79031 on  nid006907 device  1 [0039:01:00] NVIDIA GH200 120GB
0: #
0: #                                                              out-of-place                       in-place          
0: #       size         count      type   redop    root     time   algbw   busbw  #wrong     time   algbw   busbw  #wrong 
0: #        (B)    (elements)                               (us)  (GB/s)  (GB/s)             (us)  (GB/s)  (GB/s)         
0:      8388608       2097152     float     sum      -1   121.10   69.27   69.27       0   119.11   70.43   70.43    N/A
0:     16777216       4194304     float     sum      -1   222.67   75.35   75.35       0   222.64   75.36   75.36    N/A
0:     33554432       8388608     float     sum      -1   422.36   79.45   79.45       0   423.44   79.24   79.24    N/A
0:     67108864      16777216     float     sum      -1   818.09   82.03   82.03       0   823.83   81.46   81.46    N/A
0:    134217728      33554432     float     sum      -1  1119.80  119.86  119.86       0  1124.21  119.39  119.39    N/A
0:    268435456      67108864     float     sum      -1  2209.42  121.50  121.50       0  2203.13  121.84  121.84    N/A
0: # Out of bounds values : 0 OK
0: # Avg bus bandwidth    : 91.2638 
0: #
0: # Collective test concluded: sendrecv_perf
0: #
0: 
0: 
0: ##### pass 12/20  pair g2-g3  sendrecv_perf
0: # nccl-tests version 2.17.8 nccl-headers=22903 nccl-library=22903
0: # Collective test starting: sendrecv_perf
0: # nThread 1 nGpus 2 minBytes 8388608 maxBytes 268435456 step: 2(factor) warmup iters: 5 iters: 20 agg iters: 1 validation: 1 graph: 0
0: #
0: # Using devices
0: #  Rank  0 Group  0 Pid  79069 on  nid006907 device  0 [0029:01:00] NVIDIA GH200 120GB
0: #  Rank  1 Group  0 Pid  79069 on  nid006907 device  1 [0039:01:00] NVIDIA GH200 120GB
0: #
0: #                                                              out-of-place                       in-place          
0: #       size         count      type   redop    root     time   algbw   busbw  #wrong     time   algbw   busbw  #wrong 
0: #        (B)    (elements)                               (us)  (GB/s)  (GB/s)             (us)  (GB/s)  (GB/s)         
0:      8388608       2097152     float     sum      -1   115.86   72.40   72.40       0   115.54   72.60   72.60    N/A
0:     16777216       4194304     float     sum      -1   218.50   76.78   76.78       0   220.80   75.98   75.98    N/A
0:     33554432       8388608     float     sum      -1   420.72   79.75   79.75       0   421.60   79.59   79.59    N/A
0:     67108864      16777216     float     sum      -1   814.57   82.39   82.39       0   819.09   81.93   81.93    N/A
0:    134217728      33554432     float     sum      -1  1120.83  119.75  119.75       0  1129.10  118.87  118.87    N/A
0:    268435456      67108864     float     sum      -1  2209.54  121.49  121.49       0  2204.36  121.77  121.77    N/A
0: # Out of bounds values : 0 OK
0: # Avg bus bandwidth    : 91.943 
0: #
0: # Collective test concluded: sendrecv_perf
0: #
0: 
0: 
0: ##### pass 13/20  pair g0-g1  sendrecv_perf
0: # nccl-tests version 2.17.8 nccl-headers=22903 nccl-library=22903
0: # Collective test starting: sendrecv_perf
0: # nThread 1 nGpus 2 minBytes 8388608 maxBytes 268435456 step: 2(factor) warmup iters: 5 iters: 20 agg iters: 1 validation: 1 graph: 0
0: #
0: # Using devices
0: #  Rank  0 Group  0 Pid  79132 on  nid006907 device  0 [0009:01:00] NVIDIA GH200 120GB
0: #  Rank  1 Group  0 Pid  79132 on  nid006907 device  1 [0019:01:00] NVIDIA GH200 120GB
0: #
0: #                                                              out-of-place                       in-place          
0: #       size         count      type   redop    root     time   algbw   busbw  #wrong     time   algbw   busbw  #wrong 
0: #        (B)    (elements)                               (us)  (GB/s)  (GB/s)             (us)  (GB/s)  (GB/s)         
0:      8388608       2097152     float     sum      -1   116.38   72.08   72.08       0   115.72   72.49   72.49    N/A
0:     16777216       4194304     float     sum      -1   223.22   75.16   75.16       0   223.25   75.15   75.15    N/A
0:     33554432       8388608     float     sum      -1   423.02   79.32   79.32       0   423.60   79.21   79.21    N/A
0:     67108864      16777216     float     sum      -1   810.52   82.80   82.80       0   827.31   81.12   81.12    N/A
0:    134217728      33554432     float     sum      -1  1121.63  119.66  119.66       0  1126.36  119.16  119.16    N/A
0:    268435456      67108864     float     sum      -1  2215.01  121.19  121.19       0  2206.64  121.65  121.65    N/A
0: # Out of bounds values : 0 OK
0: # Avg bus bandwidth    : 91.5826 
0: #
0: # Collective test concluded: sendrecv_perf
0: #
0: 
0: 
0: ##### pass 13/20  pair g0-g2  sendrecv_perf
0: # nccl-tests version 2.17.8 nccl-headers=22903 nccl-library=22903
0: # Collective test starting: sendrecv_perf
0: # nThread 1 nGpus 2 minBytes 8388608 maxBytes 268435456 step: 2(factor) warmup iters: 5 iters: 20 agg iters: 1 validation: 1 graph: 0
0: #
0: # Using devices
0: #  Rank  0 Group  0 Pid  79171 on  nid006907 device  0 [0009:01:00] NVIDIA GH200 120GB
0: #  Rank  1 Group  0 Pid  79171 on  nid006907 device  1 [0029:01:00] NVIDIA GH200 120GB
0: #
0: #                                                              out-of-place                       in-place          
0: #       size         count      type   redop    root     time   algbw   busbw  #wrong     time   algbw   busbw  #wrong 
0: #        (B)    (elements)                               (us)  (GB/s)  (GB/s)             (us)  (GB/s)  (GB/s)         
0:      8388608       2097152     float     sum      -1   117.01   71.69   71.69       0   118.25   70.94   70.94    N/A
0:     16777216       4194304     float     sum      -1   219.91   76.29   76.29       0   218.13   76.91   76.91    N/A
0:     33554432       8388608     float     sum      -1   422.05   79.50   79.50       0   421.97   79.52   79.52    N/A
0:     67108864      16777216     float     sum      -1   815.90   82.25   82.25       0   818.04   82.04   82.04    N/A
0:    134217728      33554432     float     sum      -1  1127.36  119.06  119.06       0  1130.25  118.75  118.75    N/A
0:    268435456      67108864     float     sum      -1  2211.96  121.36  121.36       0  2206.15  121.68  121.68    N/A
0: # Out of bounds values : 0 OK
0: # Avg bus bandwidth    : 91.6648 
0: #
0: # Collective test concluded: sendrecv_perf
0: #
0: 
0: 
0: ##### pass 13/20  pair g0-g3  sendrecv_perf
0: # nccl-tests version 2.17.8 nccl-headers=22903 nccl-library=22903
0: # Collective test starting: sendrecv_perf
0: # nThread 1 nGpus 2 minBytes 8388608 maxBytes 268435456 step: 2(factor) warmup iters: 5 iters: 20 agg iters: 1 validation: 1 graph: 0
0: #
0: # Using devices
0: #  Rank  0 Group  0 Pid  79210 on  nid006907 device  0 [0009:01:00] NVIDIA GH200 120GB
0: #  Rank  1 Group  0 Pid  79210 on  nid006907 device  1 [0039:01:00] NVIDIA GH200 120GB
0: #
0: #                                                              out-of-place                       in-place          
0: #       size         count      type   redop    root     time   algbw   busbw  #wrong     time   algbw   busbw  #wrong 
0: #        (B)    (elements)                               (us)  (GB/s)  (GB/s)             (us)  (GB/s)  (GB/s)         
0:      8388608       2097152     float     sum      -1   116.14   72.23   72.23       0   115.40   72.69   72.69    N/A
0:     16777216       4194304     float     sum      -1   219.08   76.58   76.58       0   217.09   77.28   77.28    N/A
0:     33554432       8388608     float     sum      -1   421.98   79.52   79.52       0   421.98   79.52   79.52    N/A
0:     67108864      16777216     float     sum      -1   816.26   82.21   82.21       0   823.81   81.46   81.46    N/A
0:    134217728      33554432     float     sum      -1  1127.88  119.00  119.00       0  1121.87  119.64  119.64    N/A
0:    268435456      67108864     float     sum      -1  2206.99  121.63  121.63       0  2208.31  121.56  121.56    N/A
0: # Out of bounds values : 0 OK
0: # Avg bus bandwidth    : 91.9433 
0: #
0: # Collective test concluded: sendrecv_perf
0: #
0: 
0: 
0: ##### pass 13/20  pair g1-g2  sendrecv_perf
0: # nccl-tests version 2.17.8 nccl-headers=22903 nccl-library=22903
0: # Collective test starting: sendrecv_perf
0: # nThread 1 nGpus 2 minBytes 8388608 maxBytes 268435456 step: 2(factor) warmup iters: 5 iters: 20 agg iters: 1 validation: 1 graph: 0
0: #
0: # Using devices
0: #  Rank  0 Group  0 Pid  79251 on  nid006907 device  0 [0019:01:00] NVIDIA GH200 120GB
0: #  Rank  1 Group  0 Pid  79251 on  nid006907 device  1 [0029:01:00] NVIDIA GH200 120GB
0: #
0: #                                                              out-of-place                       in-place          
0: #       size         count      type   redop    root     time   algbw   busbw  #wrong     time   algbw   busbw  #wrong 
0: #        (B)    (elements)                               (us)  (GB/s)  (GB/s)             (us)  (GB/s)  (GB/s)         
0:      8388608       2097152     float     sum      -1   115.60   72.56   72.56       0   115.37   72.71   72.71    N/A
0:     16777216       4194304     float     sum      -1   222.72   75.33   75.33       0   217.48   77.15   77.15    N/A
0:     33554432       8388608     float     sum      -1   422.06   79.50   79.50       0   423.93   79.15   79.15    N/A
0:     67108864      16777216     float     sum      -1   812.84   82.56   82.56       0   817.09   82.13   82.13    N/A
0:    134217728      33554432     float     sum      -1  1130.87  118.69  118.69       0  1123.22  119.49  119.49    N/A
0:    268435456      67108864     float     sum      -1  2207.51  121.60  121.60       0  2212.63  121.32  121.32    N/A
0: # Out of bounds values : 0 OK
0: # Avg bus bandwidth    : 91.8496 
0: #
0: # Collective test concluded: sendrecv_perf
0: #
0: 
0: 
0: ##### pass 13/20  pair g1-g3  sendrecv_perf
0: # nccl-tests version 2.17.8 nccl-headers=22903 nccl-library=22903
0: # Collective test starting: sendrecv_perf
0: # nThread 1 nGpus 2 minBytes 8388608 maxBytes 268435456 step: 2(factor) warmup iters: 5 iters: 20 agg iters: 1 validation: 1 graph: 0
0: #
0: # Using devices
0: #  Rank  0 Group  0 Pid  79286 on  nid006907 device  0 [0019:01:00] NVIDIA GH200 120GB
0: #  Rank  1 Group  0 Pid  79286 on  nid006907 device  1 [0039:01:00] NVIDIA GH200 120GB
0: #
0: #                                                              out-of-place                       in-place          
0: #       size         count      type   redop    root     time   algbw   busbw  #wrong     time   algbw   busbw  #wrong 
0: #        (B)    (elements)                               (us)  (GB/s)  (GB/s)             (us)  (GB/s)  (GB/s)         
0:      8388608       2097152     float     sum      -1   115.57   72.59   72.59       0   114.89   73.02   73.02    N/A
0:     16777216       4194304     float     sum      -1   217.62   77.09   77.09       0   222.02   75.57   75.57    N/A
0:     33554432       8388608     float     sum      -1   419.39   80.01   80.01       0   421.42   79.62   79.62    N/A
0:     67108864      16777216     float     sum      -1   811.57   82.69   82.69       0   824.76   81.37   81.37    N/A
0:    134217728      33554432     float     sum      -1  1116.05  120.26  120.26       0  1120.26  119.81  119.81    N/A
0:    268435456      67108864     float     sum      -1  2206.12  121.68  121.68       0  2206.92  121.63  121.63    N/A
0: # Out of bounds values : 0 OK
0: # Avg bus bandwidth    : 92.111 
0: #
0: # Collective test concluded: sendrecv_perf
0: #
0: 
0: 
0: ##### pass 13/20  pair g2-g3  sendrecv_perf
0: # nccl-tests version 2.17.8 nccl-headers=22903 nccl-library=22903
0: # Collective test starting: sendrecv_perf
0: # nThread 1 nGpus 2 minBytes 8388608 maxBytes 268435456 step: 2(factor) warmup iters: 5 iters: 20 agg iters: 1 validation: 1 graph: 0
0: #
0: # Using devices
0: #  Rank  0 Group  0 Pid  79325 on  nid006907 device  0 [0029:01:00] NVIDIA GH200 120GB
0: #  Rank  1 Group  0 Pid  79325 on  nid006907 device  1 [0039:01:00] NVIDIA GH200 120GB
0: #
0: #                                                              out-of-place                       in-place          
0: #       size         count      type   redop    root     time   algbw   busbw  #wrong     time   algbw   busbw  #wrong 
0: #        (B)    (elements)                               (us)  (GB/s)  (GB/s)             (us)  (GB/s)  (GB/s)         
0:      8388608       2097152     float     sum      -1   119.34   70.29   70.29       0   115.42   72.68   72.68    N/A
0:     16777216       4194304     float     sum      -1   223.49   75.07   75.07       0   217.41   77.17   77.17    N/A
0:     33554432       8388608     float     sum      -1   421.36   79.63   79.63       0   419.36   80.01   80.01    N/A
0:     67108864      16777216     float     sum      -1   811.30   82.72   82.72       0   821.47   81.69   81.69    N/A
0:    134217728      33554432     float     sum      -1  1119.66  119.87  119.87       0  1118.91  119.95  119.95    N/A
0:    268435456      67108864     float     sum      -1  2206.98  121.63  121.63       0  2208.49  121.55  121.55    N/A
0: # Out of bounds values : 0 OK
0: # Avg bus bandwidth    : 91.8558 
0: #
0: # Collective test concluded: sendrecv_perf
0: #
0: 
0: 
0: ##### pass 14/20  pair g0-g1  sendrecv_perf
0: # nccl-tests version 2.17.8 nccl-headers=22903 nccl-library=22903
0: # Collective test starting: sendrecv_perf
0: # nThread 1 nGpus 2 minBytes 8388608 maxBytes 268435456 step: 2(factor) warmup iters: 5 iters: 20 agg iters: 1 validation: 1 graph: 0
0: #
0: # Using devices
0: #  Rank  0 Group  0 Pid  79387 on  nid006907 device  0 [0009:01:00] NVIDIA GH200 120GB
0: #  Rank  1 Group  0 Pid  79387 on  nid006907 device  1 [0019:01:00] NVIDIA GH200 120GB
0: #
0: #                                                              out-of-place                       in-place          
0: #       size         count      type   redop    root     time   algbw   busbw  #wrong     time   algbw   busbw  #wrong 
0: #        (B)    (elements)                               (us)  (GB/s)  (GB/s)             (us)  (GB/s)  (GB/s)         
0:      8388608       2097152     float     sum      -1   120.33   69.72   69.72       0   115.42   72.68   72.68    N/A
0:     16777216       4194304     float     sum      -1   221.00   75.92   75.92       0   222.64   75.35   75.35    N/A
0:     33554432       8388608     float     sum      -1   423.30   79.27   79.27       0   422.76   79.37   79.37    N/A
0:     67108864      16777216     float     sum      -1   814.99   82.34   82.34       0   819.18   81.92   81.92    N/A
0:    134217728      33554432     float     sum      -1  1125.87  119.21  119.21       0  1121.99  119.62  119.62    N/A
0:    268435456      67108864     float     sum      -1  2201.13  121.95  121.95       0  2209.56  121.49  121.49    N/A
0: # Out of bounds values : 0 OK
0: # Avg bus bandwidth    : 91.5709 
0: #
0: # Collective test concluded: sendrecv_perf
0: #
0: 
0: 
0: ##### pass 14/20  pair g0-g2  sendrecv_perf
0: # nccl-tests version 2.17.8 nccl-headers=22903 nccl-library=22903
0: # Collective test starting: sendrecv_perf
0: # nThread 1 nGpus 2 minBytes 8388608 maxBytes 268435456 step: 2(factor) warmup iters: 5 iters: 20 agg iters: 1 validation: 1 graph: 0
0: #
0: # Using devices
0: #  Rank  0 Group  0 Pid  79426 on  nid006907 device  0 [0009:01:00] NVIDIA GH200 120GB
0: #  Rank  1 Group  0 Pid  79426 on  nid006907 device  1 [0029:01:00] NVIDIA GH200 120GB
0: #
0: #                                                              out-of-place                       in-place          
0: #       size         count      type   redop    root     time   algbw   busbw  #wrong     time   algbw   busbw  #wrong 
0: #        (B)    (elements)                               (us)  (GB/s)  (GB/s)             (us)  (GB/s)  (GB/s)         
0:      8388608       2097152     float     sum      -1   116.27   72.15   72.15       0   118.84   70.59   70.59    N/A
0:     16777216       4194304     float     sum      -1   219.60   76.40   76.40       0   219.71   76.36   76.36    N/A
0:     33554432       8388608     float     sum      -1   423.84   79.17   79.17       0   422.47   79.42   79.42    N/A
0:     67108864      16777216     float     sum      -1   820.32   81.81   81.81       0   829.37   80.92   80.92    N/A
0:    134217728      33554432     float     sum      -1  1126.37  119.16  119.16       0  1126.01  119.20  119.20    N/A
0:    268435456      67108864     float     sum      -1  2211.85  121.36  121.36       0  2212.15  121.35  121.35    N/A
0: # Out of bounds values : 0 OK
0: # Avg bus bandwidth    : 91.4897 
0: #
0: # Collective test concluded: sendrecv_perf
0: #
0: 
0: 
0: ##### pass 14/20  pair g0-g3  sendrecv_perf
0: # nccl-tests version 2.17.8 nccl-headers=22903 nccl-library=22903
0: # Collective test starting: sendrecv_perf
0: # nThread 1 nGpus 2 minBytes 8388608 maxBytes 268435456 step: 2(factor) warmup iters: 5 iters: 20 agg iters: 1 validation: 1 graph: 0
0: #
0: # Using devices
0: #  Rank  0 Group  0 Pid  79461 on  nid006907 device  0 [0009:01:00] NVIDIA GH200 120GB
0: #  Rank  1 Group  0 Pid  79461 on  nid006907 device  1 [0039:01:00] NVIDIA GH200 120GB
0: #
0: #                                                              out-of-place                       in-place          
0: #       size         count      type   redop    root     time   algbw   busbw  #wrong     time   algbw   busbw  #wrong 
0: #        (B)    (elements)                               (us)  (GB/s)  (GB/s)             (us)  (GB/s)  (GB/s)         
0:      8388608       2097152     float     sum      -1   121.40   69.10   69.10       0   115.32   72.74   72.74    N/A
0:     16777216       4194304     float     sum      -1   221.84   75.63   75.63       0   223.30   75.13   75.13    N/A
0:     33554432       8388608     float     sum      -1   421.63   79.58   79.58       0   421.68   79.57   79.57    N/A
0:     67108864      16777216     float     sum      -1   815.30   82.31   82.31       0   822.74   81.57   81.57    N/A
0:    134217728      33554432     float     sum      -1  1119.95  119.84  119.84       0  1124.89  119.32  119.32    N/A
0:    268435456      67108864     float     sum      -1  2206.18  121.67  121.67       0  2203.19  121.84  121.84    N/A
0: # Out of bounds values : 0 OK
0: # Avg bus bandwidth    : 91.5258 
0: #
0: # Collective test concluded: sendrecv_perf
0: #
0: 
0: 
0: ##### pass 14/20  pair g1-g2  sendrecv_perf
0: # nccl-tests version 2.17.8 nccl-headers=22903 nccl-library=22903
0: # Collective test starting: sendrecv_perf
0: # nThread 1 nGpus 2 minBytes 8388608 maxBytes 268435456 step: 2(factor) warmup iters: 5 iters: 20 agg iters: 1 validation: 1 graph: 0
0: #
0: # Using devices
0: #  Rank  0 Group  0 Pid  79499 on  nid006907 device  0 [0019:01:00] NVIDIA GH200 120GB
0: #  Rank  1 Group  0 Pid  79499 on  nid006907 device  1 [0029:01:00] NVIDIA GH200 120GB
0: #
0: #                                                              out-of-place                       in-place          
0: #       size         count      type   redop    root     time   algbw   busbw  #wrong     time   algbw   busbw  #wrong 
0: #        (B)    (elements)                               (us)  (GB/s)  (GB/s)             (us)  (GB/s)  (GB/s)         
0:      8388608       2097152     float     sum      -1   115.97   72.34   72.34       0   114.92   73.00   73.00    N/A
0:     16777216       4194304     float     sum      -1   216.96   77.33   77.33       0   222.86   75.28   75.28    N/A
0:     33554432       8388608     float     sum      -1   420.29   79.84   79.84       0   421.48   79.61   79.61    N/A
0:     67108864      16777216     float     sum      -1   811.07   82.74   82.74       0   816.92   82.15   82.15    N/A
0:    134217728      33554432     float     sum      -1  1119.25  119.92  119.92       0  1127.79  119.01  119.01    N/A
0:    268435456      67108864     float     sum      -1  2202.33  121.89  121.89       0  2203.20  121.84  121.84    N/A
0: # Out of bounds values : 0 OK
0: # Avg bus bandwidth    : 92.0772 
0: #
0: # Collective test concluded: sendrecv_perf
0: #
0: 
0: 
0: ##### pass 14/20  pair g1-g3  sendrecv_perf
0: # nccl-tests version 2.17.8 nccl-headers=22903 nccl-library=22903
0: # Collective test starting: sendrecv_perf
0: # nThread 1 nGpus 2 minBytes 8388608 maxBytes 268435456 step: 2(factor) warmup iters: 5 iters: 20 agg iters: 1 validation: 1 graph: 0
0: #
0: # Using devices
0: #  Rank  0 Group  0 Pid  79538 on  nid006907 device  0 [0019:01:00] NVIDIA GH200 120GB
0: #  Rank  1 Group  0 Pid  79538 on  nid006907 device  1 [0039:01:00] NVIDIA GH200 120GB
0: #
0: #                                                              out-of-place                       in-place          
0: #       size         count      type   redop    root     time   algbw   busbw  #wrong     time   algbw   busbw  #wrong 
0: #        (B)    (elements)                               (us)  (GB/s)  (GB/s)             (us)  (GB/s)  (GB/s)         
0:      8388608       2097152     float     sum      -1   115.80   72.44   72.44       0   120.16   69.81   69.81    N/A
0:     16777216       4194304     float     sum      -1   221.08   75.89   75.89       0   220.79   75.99   75.99    N/A
0:     33554432       8388608     float     sum      -1   421.90   79.53   79.53       0   423.25   79.28   79.28    N/A
0:     67108864      16777216     float     sum      -1   816.78   82.16   82.16       0   823.08   81.53   81.53    N/A
0:    134217728      33554432     float     sum      -1  1120.33  119.80  119.80       0  1118.18  120.03  120.03    N/A
0:    268435456      67108864     float     sum      -1  2208.09  121.57  121.57       0  2207.10  121.62  121.62    N/A
0: # Out of bounds values : 0 OK
0: # Avg bus bandwidth    : 91.6385 
0: #
0: # Collective test concluded: sendrecv_perf
0: #
0: 
0: 
0: ##### pass 14/20  pair g2-g3  sendrecv_perf
0: # nccl-tests version 2.17.8 nccl-headers=22903 nccl-library=22903
0: # Collective test starting: sendrecv_perf
0: # nThread 1 nGpus 2 minBytes 8388608 maxBytes 268435456 step: 2(factor) warmup iters: 5 iters: 20 agg iters: 1 validation: 1 graph: 0
0: #
0: # Using devices
0: #  Rank  0 Group  0 Pid  79573 on  nid006907 device  0 [0029:01:00] NVIDIA GH200 120GB
0: #  Rank  1 Group  0 Pid  79573 on  nid006907 device  1 [0039:01:00] NVIDIA GH200 120GB
0: #
0: #                                                              out-of-place                       in-place          
0: #       size         count      type   redop    root     time   algbw   busbw  #wrong     time   algbw   busbw  #wrong 
0: #        (B)    (elements)                               (us)  (GB/s)  (GB/s)             (us)  (GB/s)  (GB/s)         
0:      8388608       2097152     float     sum      -1   116.09   72.26   72.26       0   115.53   72.61   72.61    N/A
0:     16777216       4194304     float     sum      -1   220.37   76.13   76.13       0   220.39   76.13   76.13    N/A
0:     33554432       8388608     float     sum      -1   421.55   79.60   79.60       0   422.77   79.37   79.37    N/A
0:     67108864      16777216     float     sum      -1   814.64   82.38   82.38       0   826.75   81.17   81.17    N/A
0:    134217728      33554432     float     sum      -1  1122.77  119.54  119.54       0  1118.17  120.03  120.03    N/A
0:    268435456      67108864     float     sum      -1  2207.15  121.62  121.62       0  2200.42  121.99  121.99    N/A
0: # Out of bounds values : 0 OK
0: # Avg bus bandwidth    : 91.9025 
0: #
0: # Collective test concluded: sendrecv_perf
0: #
0: 
0: 
0: ##### pass 15/20  pair g0-g1  sendrecv_perf
0: # nccl-tests version 2.17.8 nccl-headers=22903 nccl-library=22903
0: # Collective test starting: sendrecv_perf
0: # nThread 1 nGpus 2 minBytes 8388608 maxBytes 268435456 step: 2(factor) warmup iters: 5 iters: 20 agg iters: 1 validation: 1 graph: 0
0: #
0: # Using devices
0: #  Rank  0 Group  0 Pid  79611 on  nid006907 device  0 [0009:01:00] NVIDIA GH200 120GB
0: #  Rank  1 Group  0 Pid  79611 on  nid006907 device  1 [0019:01:00] NVIDIA GH200 120GB
0: #
0: #                                                              out-of-place                       in-place          
0: #       size         count      type   redop    root     time   algbw   busbw  #wrong     time   algbw   busbw  #wrong 
0: #        (B)    (elements)                               (us)  (GB/s)  (GB/s)             (us)  (GB/s)  (GB/s)         
0:      8388608       2097152     float     sum      -1   116.14   72.23   72.23       0   115.80   72.44   72.44    N/A
0:     16777216       4194304     float     sum      -1   219.90   76.29   76.29       0   218.70   76.71   76.71    N/A
0:     33554432       8388608     float     sum      -1   421.37   79.63   79.63       0   423.89   79.16   79.16    N/A
0:     67108864      16777216     float     sum      -1   812.74   82.57   82.57       0   818.76   81.96   81.96    N/A
0:    134217728      33554432     float     sum      -1  1120.19  119.82  119.82       0  1122.73  119.55  119.55    N/A
0:    268435456      67108864     float     sum      -1  2210.80  121.42  121.42       0  2215.92  121.14  121.14    N/A
0: # Out of bounds values : 0 OK
0: # Avg bus bandwidth    : 91.9101 
0: #
0: # Collective test concluded: sendrecv_perf
0: #
0: 
0: 
0: ##### pass 15/20  pair g0-g2  sendrecv_perf
0: # nccl-tests version 2.17.8 nccl-headers=22903 nccl-library=22903
0: # Collective test starting: sendrecv_perf
0: # nThread 1 nGpus 2 minBytes 8388608 maxBytes 268435456 step: 2(factor) warmup iters: 5 iters: 20 agg iters: 1 validation: 1 graph: 0
0: #
0: # Using devices
0: #  Rank  0 Group  0 Pid  79678 on  nid006907 device  0 [0009:01:00] NVIDIA GH200 120GB
0: #  Rank  1 Group  0 Pid  79678 on  nid006907 device  1 [0029:01:00] NVIDIA GH200 120GB
0: #
0: #                                                              out-of-place                       in-place          
0: #       size         count      type   redop    root     time   algbw   busbw  #wrong     time   algbw   busbw  #wrong 
0: #        (B)    (elements)                               (us)  (GB/s)  (GB/s)             (us)  (GB/s)  (GB/s)         
0:      8388608       2097152     float     sum      -1   119.85   69.99   69.99       0   118.15   71.00   71.00    N/A
0:     16777216       4194304     float     sum      -1   221.91   75.60   75.60       0   217.42   77.16   77.16    N/A
0:     33554432       8388608     float     sum      -1   420.85   79.73   79.73       0   419.67   79.95   79.95    N/A
0:     67108864      16777216     float     sum      -1   815.96   82.25   82.25       0   821.29   81.71   81.71    N/A
0:    134217728      33554432     float     sum      -1  1121.37  119.69  119.69       0  1123.11  119.50  119.50    N/A
0:    268435456      67108864     float     sum      -1  2205.25  121.73  121.73       0  2205.83  121.69  121.69    N/A
0: # Out of bounds values : 0 OK
0: # Avg bus bandwidth    : 91.6676 
0: #
0: # Collective test concluded: sendrecv_perf
0: #
0: 
0: 
0: ##### pass 15/20  pair g0-g3  sendrecv_perf
0: # nccl-tests version 2.17.8 nccl-headers=22903 nccl-library=22903
0: # Collective test starting: sendrecv_perf
0: # nThread 1 nGpus 2 minBytes 8388608 maxBytes 268435456 step: 2(factor) warmup iters: 5 iters: 20 agg iters: 1 validation: 1 graph: 0
0: #
0: # Using devices
0: #  Rank  0 Group  0 Pid  79713 on  nid006907 device  0 [0009:01:00] NVIDIA GH200 120GB
0: #  Rank  1 Group  0 Pid  79713 on  nid006907 device  1 [0039:01:00] NVIDIA GH200 120GB
0: #
0: #                                                              out-of-place                       in-place          
0: #       size         count      type   redop    root     time   algbw   busbw  #wrong     time   algbw   busbw  #wrong 
0: #        (B)    (elements)                               (us)  (GB/s)  (GB/s)             (us)  (GB/s)  (GB/s)         
0:      8388608       2097152     float     sum      -1   115.80   72.44   72.44       0   115.23   72.80   72.80    N/A
0:     16777216       4194304     float     sum      -1   218.00   76.96   76.96       0   222.35   75.45   75.45    N/A
0:     33554432       8388608     float     sum      -1   422.03   79.51   79.51       0   422.97   79.33   79.33    N/A
0:     67108864      16777216     float     sum      -1   812.84   82.56   82.56       0   826.94   81.15   81.15    N/A
0:    134217728      33554432     float     sum      -1  1122.62  119.56  119.56       0  1124.30  119.38  119.38    N/A
0:    268435456      67108864     float     sum      -1  2208.79  121.53  121.53       0  2205.01  121.74  121.74    N/A
0: # Out of bounds values : 0 OK
0: # Avg bus bandwidth    : 91.8674 
0: #
0: # Collective test concluded: sendrecv_perf
0: #
0: 
0: 
0: ##### pass 15/20  pair g1-g2  sendrecv_perf
0: # nccl-tests version 2.17.8 nccl-headers=22903 nccl-library=22903
0: # Collective test starting: sendrecv_perf
0: # nThread 1 nGpus 2 minBytes 8388608 maxBytes 268435456 step: 2(factor) warmup iters: 5 iters: 20 agg iters: 1 validation: 1 graph: 0
0: #
0: # Using devices
0: #  Rank  0 Group  0 Pid  79752 on  nid006907 device  0 [0019:01:00] NVIDIA GH200 120GB
0: #  Rank  1 Group  0 Pid  79752 on  nid006907 device  1 [0029:01:00] NVIDIA GH200 120GB
0: #
0: #                                                              out-of-place                       in-place          
0: #       size         count      type   redop    root     time   algbw   busbw  #wrong     time   algbw   busbw  #wrong 
0: #        (B)    (elements)                               (us)  (GB/s)  (GB/s)             (us)  (GB/s)  (GB/s)         
0:      8388608       2097152     float     sum      -1   119.64   70.11   70.11       0   115.39   72.70   72.70    N/A
0:     16777216       4194304     float     sum      -1   218.34   76.84   76.84       0   220.01   76.26   76.26    N/A
0:     33554432       8388608     float     sum      -1   419.78   79.93   79.93       0   422.54   79.41   79.41    N/A
0:     67108864      16777216     float     sum      -1   810.99   82.75   82.75       0   820.18   81.82   81.82    N/A
0:    134217728      33554432     float     sum      -1  1118.51  120.00  120.00       0  1116.46  120.22  120.22    N/A
0:    268435456      67108864     float     sum      -1  2214.69  121.21  121.21       0  2207.64  121.59  121.59    N/A
0: # Out of bounds values : 0 OK
0: # Avg bus bandwidth    : 91.9033 
0: #
0: # Collective test concluded: sendrecv_perf
0: #
0: 
0: 
0: ##### pass 15/20  pair g1-g3  sendrecv_perf
0: # nccl-tests version 2.17.8 nccl-headers=22903 nccl-library=22903
0: # Collective test starting: sendrecv_perf
0: # nThread 1 nGpus 2 minBytes 8388608 maxBytes 268435456 step: 2(factor) warmup iters: 5 iters: 20 agg iters: 1 validation: 1 graph: 0
0: #
0: # Using devices
0: #  Rank  0 Group  0 Pid  79787 on  nid006907 device  0 [0019:01:00] NVIDIA GH200 120GB
0: #  Rank  1 Group  0 Pid  79787 on  nid006907 device  1 [0039:01:00] NVIDIA GH200 120GB
0: #
0: #                                                              out-of-place                       in-place          
0: #       size         count      type   redop    root     time   algbw   busbw  #wrong     time   algbw   busbw  #wrong 
0: #        (B)    (elements)                               (us)  (GB/s)  (GB/s)             (us)  (GB/s)  (GB/s)         
0:      8388608       2097152     float     sum      -1   116.44   72.04   72.04       0   115.73   72.48   72.48    N/A
0:     16777216       4194304     float     sum      -1   219.39   76.47   76.47       0   220.49   76.09   76.09    N/A
0:     33554432       8388608     float     sum      -1   419.92   79.91   79.91       0   418.21   80.23   80.23    N/A
0:     67108864      16777216     float     sum      -1   811.69   82.68   82.68       0   819.17   81.92   81.92    N/A
0:    134217728      33554432     float     sum      -1  1122.90  119.53  119.53       0  1117.90  120.06  120.06    N/A
0:    268435456      67108864     float     sum      -1  2207.36  121.61  121.61       0  2206.53  121.66  121.66    N/A
0: # Out of bounds values : 0 OK
0: # Avg bus bandwidth    : 92.0571 
0: #
0: # Collective test concluded: sendrecv_perf
0: #
0: 
0: 
0: ##### pass 15/20  pair g2-g3  sendrecv_perf
0: # nccl-tests version 2.17.8 nccl-headers=22903 nccl-library=22903
0: # Collective test starting: sendrecv_perf
0: # nThread 1 nGpus 2 minBytes 8388608 maxBytes 268435456 step: 2(factor) warmup iters: 5 iters: 20 agg iters: 1 validation: 1 graph: 0
0: #
0: # Using devices
0: #  Rank  0 Group  0 Pid  79825 on  nid006907 device  0 [0029:01:00] NVIDIA GH200 120GB
0: #  Rank  1 Group  0 Pid  79825 on  nid006907 device  1 [0039:01:00] NVIDIA GH200 120GB
0: #
0: #                                                              out-of-place                       in-place          
0: #       size         count      type   redop    root     time   algbw   busbw  #wrong     time   algbw   busbw  #wrong 
0: #        (B)    (elements)                               (us)  (GB/s)  (GB/s)             (us)  (GB/s)  (GB/s)         
0:      8388608       2097152     float     sum      -1   115.31   72.75   72.75       0   115.38   72.71   72.71    N/A
0:     16777216       4194304     float     sum      -1   221.76   75.66   75.66       0   217.43   77.16   77.16    N/A
0:     33554432       8388608     float     sum      -1   421.34   79.64   79.64       0   420.75   79.75   79.75    N/A
0:     67108864      16777216     float     sum      -1   811.93   82.65   82.65       0   817.89   82.05   82.05    N/A
0:    134217728      33554432     float     sum      -1  1121.12  119.72  119.72       0  1120.17  119.82  119.82    N/A
0:    268435456      67108864     float     sum      -1  2208.50  121.55  121.55       0  2210.74  121.42  121.42    N/A
0: # Out of bounds values : 0 OK
0: # Avg bus bandwidth    : 92.0724 
0: #
0: # Collective test concluded: sendrecv_perf
0: #
0: 
0: 
0: ##### pass 16/20  pair g0-g1  sendrecv_perf
0: # nccl-tests version 2.17.8 nccl-headers=22903 nccl-library=22903
0: # Collective test starting: sendrecv_perf
0: # nThread 1 nGpus 2 minBytes 8388608 maxBytes 268435456 step: 2(factor) warmup iters: 5 iters: 20 agg iters: 1 validation: 1 graph: 0
0: #
0: # Using devices
0: #  Rank  0 Group  0 Pid  79865 on  nid006907 device  0 [0009:01:00] NVIDIA GH200 120GB
0: #  Rank  1 Group  0 Pid  79865 on  nid006907 device  1 [0019:01:00] NVIDIA GH200 120GB
0: #
0: #                                                              out-of-place                       in-place          
0: #       size         count      type   redop    root     time   algbw   busbw  #wrong     time   algbw   busbw  #wrong 
0: #        (B)    (elements)                               (us)  (GB/s)  (GB/s)             (us)  (GB/s)  (GB/s)         
0:      8388608       2097152     float     sum      -1   116.26   72.15   72.15       0   115.72   72.49   72.49    N/A
0:     16777216       4194304     float     sum      -1   222.10   75.54   75.54       0   220.11   76.22   76.22    N/A
0:     33554432       8388608     float     sum      -1   421.32   79.64   79.64       0   422.30   79.46   79.46    N/A
0:     67108864      16777216     float     sum      -1   817.68   82.07   82.07       0   818.60   81.98   81.98    N/A
0:    134217728      33554432     float     sum      -1  1126.06  119.19  119.19       0  1127.61  119.03  119.03    N/A
0:    268435456      67108864     float     sum      -1  2212.21  121.34  121.34       0  2205.82  121.69  121.69    N/A
0: # Out of bounds values : 0 OK
0: # Avg bus bandwidth    : 91.7341 
0: #
0: # Collective test concluded: sendrecv_perf
0: #
0: 
0: 
0: ##### pass 16/20  pair g0-g2  sendrecv_perf
0: # nccl-tests version 2.17.8 nccl-headers=22903 nccl-library=22903
0: # Collective test starting: sendrecv_perf
0: # nThread 1 nGpus 2 minBytes 8388608 maxBytes 268435456 step: 2(factor) warmup iters: 5 iters: 20 agg iters: 1 validation: 1 graph: 0
0: #
0: # Using devices
0: #  Rank  0 Group  0 Pid  79927 on  nid006907 device  0 [0009:01:00] NVIDIA GH200 120GB
0: #  Rank  1 Group  0 Pid  79927 on  nid006907 device  1 [0029:01:00] NVIDIA GH200 120GB
0: #
0: #                                                              out-of-place                       in-place          
0: #       size         count      type   redop    root     time   algbw   busbw  #wrong     time   algbw   busbw  #wrong 
0: #        (B)    (elements)                               (us)  (GB/s)  (GB/s)             (us)  (GB/s)  (GB/s)         
0:      8388608       2097152     float     sum      -1   115.44   72.66   72.66       0   115.49   72.64   72.64    N/A
0:     16777216       4194304     float     sum      -1   222.28   75.48   75.48       0   222.33   75.46   75.46    N/A
0:     33554432       8388608     float     sum      -1   419.51   79.99   79.99       0   422.14   79.49   79.49    N/A
0:     67108864      16777216     float     sum      -1   808.89   82.96   82.96       0   817.82   82.06   82.06    N/A
0:    134217728      33554432     float     sum      -1  1123.05  119.51  119.51       0  1119.72  119.87  119.87    N/A
0:    268435456      67108864     float     sum      -1  2211.59  121.38  121.38       0  2214.54  121.22  121.22    N/A
0: # Out of bounds values : 0 OK
0: # Avg bus bandwidth    : 91.8919 
0: #
0: # Collective test concluded: sendrecv_perf
0: #
0: 
0: 
0: ##### pass 16/20  pair g0-g3  sendrecv_perf
0: # nccl-tests version 2.17.8 nccl-headers=22903 nccl-library=22903
0: # Collective test starting: sendrecv_perf
0: # nThread 1 nGpus 2 minBytes 8388608 maxBytes 268435456 step: 2(factor) warmup iters: 5 iters: 20 agg iters: 1 validation: 1 graph: 0
0: #
0: # Using devices
0: #  Rank  0 Group  0 Pid  79967 on  nid006907 device  0 [0009:01:00] NVIDIA GH200 120GB
0: #  Rank  1 Group  0 Pid  79967 on  nid006907 device  1 [0039:01:00] NVIDIA GH200 120GB
0: #
0: #                                                              out-of-place                       in-place          
0: #       size         count      type   redop    root     time   algbw   busbw  #wrong     time   algbw   busbw  #wrong 
0: #        (B)    (elements)                               (us)  (GB/s)  (GB/s)             (us)  (GB/s)  (GB/s)         
0:      8388608       2097152     float     sum      -1   115.64   72.54   72.54       0   117.90   71.15   71.15    N/A
0:     16777216       4194304     float     sum      -1   219.52   76.43   76.43       0   216.30   77.57   77.57    N/A
0:     33554432       8388608     float     sum      -1   418.89   80.10   80.10       0   417.67   80.34   80.34    N/A
0:     67108864      16777216     float     sum      -1   810.59   82.79   82.79       0   819.17   81.92   81.92    N/A
0:    134217728      33554432     float     sum      -1  1130.30  118.75  118.75       0  1120.76  119.76  119.76    N/A
0:    268435456      67108864     float     sum      -1  2209.34  121.50  121.50       0  2200.71  121.98  121.98    N/A
0: # Out of bounds values : 0 OK
0: # Avg bus bandwidth    : 92.0682 
0: #
0: # Collective test concluded: sendrecv_perf
0: #
0: 
0: 
0: ##### pass 16/20  pair g1-g2  sendrecv_perf
0: # nccl-tests version 2.17.8 nccl-headers=22903 nccl-library=22903
0: # Collective test starting: sendrecv_perf
0: # nThread 1 nGpus 2 minBytes 8388608 maxBytes 268435456 step: 2(factor) warmup iters: 5 iters: 20 agg iters: 1 validation: 1 graph: 0
0: #
0: # Using devices
0: #  Rank  0 Group  0 Pid  80005 on  nid006907 device  0 [0019:01:00] NVIDIA GH200 120GB
0: #  Rank  1 Group  0 Pid  80005 on  nid006907 device  1 [0029:01:00] NVIDIA GH200 120GB
0: #
0: #                                                              out-of-place                       in-place          
0: #       size         count      type   redop    root     time   algbw   busbw  #wrong     time   algbw   busbw  #wrong 
0: #        (B)    (elements)                               (us)  (GB/s)  (GB/s)             (us)  (GB/s)  (GB/s)         
0:      8388608       2097152     float     sum      -1   120.16   69.81   69.81       0   115.21   72.81   72.81    N/A
0:     16777216       4194304     float     sum      -1   217.87   77.01   77.01       0   218.42   76.81   76.81    N/A
0:     33554432       8388608     float     sum      -1   422.68   79.39   79.39       0   423.13   79.30   79.30    N/A
0:     67108864      16777216     float     sum      -1   813.44   82.50   82.50       0   816.75   82.17   82.17    N/A
0:    134217728      33554432     float     sum      -1  1127.33  119.06  119.06       0  1124.69  119.34  119.34    N/A
0:    268435456      67108864     float     sum      -1  2198.01  122.13  122.13       0  2210.36  121.44  121.44    N/A
0: # Out of bounds values : 0 OK
0: # Avg bus bandwidth    : 91.8132 
0: #
0: # Collective test concluded: sendrecv_perf
0: #
0: 
0: 
0: ##### pass 16/20  pair g1-g3  sendrecv_perf
0: # nccl-tests version 2.17.8 nccl-headers=22903 nccl-library=22903
0: # Collective test starting: sendrecv_perf
0: # nThread 1 nGpus 2 minBytes 8388608 maxBytes 268435456 step: 2(factor) warmup iters: 5 iters: 20 agg iters: 1 validation: 1 graph: 0
0: #
0: # Using devices
0: #  Rank  0 Group  0 Pid  80044 on  nid006907 device  0 [0019:01:00] NVIDIA GH200 120GB
0: #  Rank  1 Group  0 Pid  80044 on  nid006907 device  1 [0039:01:00] NVIDIA GH200 120GB
0: #
0: #                                                              out-of-place                       in-place          
0: #       size         count      type   redop    root     time   algbw   busbw  #wrong     time   algbw   busbw  #wrong 
0: #        (B)    (elements)                               (us)  (GB/s)  (GB/s)             (us)  (GB/s)  (GB/s)         
0:      8388608       2097152     float     sum      -1   118.19   70.98   70.98       0   115.93   72.36   72.36    N/A
0:     16777216       4194304     float     sum      -1   222.93   75.26   75.26       0   222.24   75.49   75.49    N/A
0:     33554432       8388608     float     sum      -1   421.50   79.61   79.61       0   424.31   79.08   79.08    N/A
0:     67108864      16777216     float     sum      -1   813.82   82.46   82.46       0   824.69   81.37   81.37    N/A
0:    134217728      33554432     float     sum      -1  1125.33  119.27  119.27       0  1120.74  119.76  119.76    N/A
0:    268435456      67108864     float     sum      -1  2208.30  121.56  121.56       0  2204.97  121.74  121.74    N/A
0: # Out of bounds values : 0 OK
0: # Avg bus bandwidth    : 91.5779 
0: #
0: # Collective test concluded: sendrecv_perf
0: #
0: 
0: 
0: ##### pass 16/20  pair g2-g3  sendrecv_perf
0: # nccl-tests version 2.17.8 nccl-headers=22903 nccl-library=22903
0: # Collective test starting: sendrecv_perf
0: # nThread 1 nGpus 2 minBytes 8388608 maxBytes 268435456 step: 2(factor) warmup iters: 5 iters: 20 agg iters: 1 validation: 1 graph: 0
0: #
0: # Using devices
0: #  Rank  0 Group  0 Pid  80081 on  nid006907 device  0 [0029:01:00] NVIDIA GH200 120GB
0: #  Rank  1 Group  0 Pid  80081 on  nid006907 device  1 [0039:01:00] NVIDIA GH200 120GB
0: #
0: #                                                              out-of-place                       in-place          
0: #       size         count      type   redop    root     time   algbw   busbw  #wrong     time   algbw   busbw  #wrong 
0: #        (B)    (elements)                               (us)  (GB/s)  (GB/s)             (us)  (GB/s)  (GB/s)         
0:      8388608       2097152     float     sum      -1   115.88   72.39   72.39       0   115.11   72.87   72.87    N/A
0:     16777216       4194304     float     sum      -1   221.68   75.68   75.68       0   221.21   75.84   75.84    N/A
0:     33554432       8388608     float     sum      -1   421.26   79.65   79.65       0   421.97   79.52   79.52    N/A
0:     67108864      16777216     float     sum      -1   814.48   82.39   82.39       0   819.58   81.88   81.88    N/A
0:    134217728      33554432     float     sum      -1  1120.84  119.75  119.75       0  1116.99  120.16  120.16    N/A
0:    268435456      67108864     float     sum      -1  2204.79  121.75  121.75       0  2204.67  121.76  121.76    N/A
0: # Out of bounds values : 0 OK
0: # Avg bus bandwidth    : 91.9707 
0: #
0: # Collective test concluded: sendrecv_perf
0: #
0: 
0: 
0: ##### pass 17/20  pair g0-g1  sendrecv_perf
0: # nccl-tests version 2.17.8 nccl-headers=22903 nccl-library=22903
0: # Collective test starting: sendrecv_perf
0: # nThread 1 nGpus 2 minBytes 8388608 maxBytes 268435456 step: 2(factor) warmup iters: 5 iters: 20 agg iters: 1 validation: 1 graph: 0
0: #
0: # Using devices
0: #  Rank  0 Group  0 Pid  80119 on  nid006907 device  0 [0009:01:00] NVIDIA GH200 120GB
0: #  Rank  1 Group  0 Pid  80119 on  nid006907 device  1 [0019:01:00] NVIDIA GH200 120GB
0: #
0: #                                                              out-of-place                       in-place          
0: #       size         count      type   redop    root     time   algbw   busbw  #wrong     time   algbw   busbw  #wrong 
0: #        (B)    (elements)                               (us)  (GB/s)  (GB/s)             (us)  (GB/s)  (GB/s)         
0:      8388608       2097152     float     sum      -1   117.02   71.68   71.68       0   115.86   72.41   72.41    N/A
0:     16777216       4194304     float     sum      -1   220.30   76.16   76.16       0   222.02   75.57   75.57    N/A
0:     33554432       8388608     float     sum      -1   421.83   79.54   79.54       0   422.39   79.44   79.44    N/A
0:     67108864      16777216     float     sum      -1   811.92   82.65   82.65       0   822.28   81.61   81.61    N/A
0:    134217728      33554432     float     sum      -1  1120.36  119.80  119.80       0  1121.84  119.64  119.64    N/A
0:    268435456      67108864     float     sum      -1  2214.09  121.24  121.24       0  2211.08  121.40  121.40    N/A
0: # Out of bounds values : 0 OK
0: # Avg bus bandwidth    : 91.7623 
0: #
0: # Collective test concluded: sendrecv_perf
0: #
0: 
0: 
0: ##### pass 17/20  pair g0-g2  sendrecv_perf
0: # nccl-tests version 2.17.8 nccl-headers=22903 nccl-library=22903
0: # Collective test starting: sendrecv_perf
0: # nThread 1 nGpus 2 minBytes 8388608 maxBytes 268435456 step: 2(factor) warmup iters: 5 iters: 20 agg iters: 1 validation: 1 graph: 0
0: #
0: # Using devices
0: #  Rank  0 Group  0 Pid  80179 on  nid006907 device  0 [0009:01:00] NVIDIA GH200 120GB
0: #  Rank  1 Group  0 Pid  80179 on  nid006907 device  1 [0029:01:00] NVIDIA GH200 120GB
0: #
0: #                                                              out-of-place                       in-place          
0: #       size         count      type   redop    root     time   algbw   busbw  #wrong     time   algbw   busbw  #wrong 
0: #        (B)    (elements)                               (us)  (GB/s)  (GB/s)             (us)  (GB/s)  (GB/s)         
0:      8388608       2097152     float     sum      -1   115.41   72.69   72.69       0   116.04   72.29   72.29    N/A
0:     16777216       4194304     float     sum      -1   217.72   77.06   77.06       0   217.85   77.01   77.01    N/A
0:     33554432       8388608     float     sum      -1   421.62   79.58   79.58       0   423.38   79.25   79.25    N/A
0:     67108864      16777216     float     sum      -1   814.08   82.44   82.44       0   822.54   81.59   81.59    N/A
0:    134217728      33554432     float     sum      -1  1125.76  119.22  119.22       0  1126.93  119.10  119.10    N/A
0:    268435456      67108864     float     sum      -1  2211.03  121.41  121.41       0  2211.80  121.37  121.37    N/A
0: # Out of bounds values : 0 OK
0: # Avg bus bandwidth    : 91.9173 
0: #
0: # Collective test concluded: sendrecv_perf
0: #
0: 
0: 
0: ##### pass 17/20  pair g0-g3  sendrecv_perf
0: # nccl-tests version 2.17.8 nccl-headers=22903 nccl-library=22903
0: # Collective test starting: sendrecv_perf
0: # nThread 1 nGpus 2 minBytes 8388608 maxBytes 268435456 step: 2(factor) warmup iters: 5 iters: 20 agg iters: 1 validation: 1 graph: 0
0: #
0: # Using devices
0: #  Rank  0 Group  0 Pid  80217 on  nid006907 device  0 [0009:01:00] NVIDIA GH200 120GB
0: #  Rank  1 Group  0 Pid  80217 on  nid006907 device  1 [0039:01:00] NVIDIA GH200 120GB
0: #
0: #                                                              out-of-place                       in-place          
0: #       size         count      type   redop    root     time   algbw   busbw  #wrong     time   algbw   busbw  #wrong 
0: #        (B)    (elements)                               (us)  (GB/s)  (GB/s)             (us)  (GB/s)  (GB/s)         
0:      8388608       2097152     float     sum      -1   116.01   72.31   72.31       0   119.71   70.08   70.08    N/A
0:     16777216       4194304     float     sum      -1   222.25   75.49   75.49       0   218.86   76.66   76.66    N/A
0:     33554432       8388608     float     sum      -1   422.09   79.49   79.49       0   423.44   79.24   79.24    N/A
0:     67108864      16777216     float     sum      -1   813.52   82.49   82.49       0   830.37   80.82   80.82    N/A
0:    134217728      33554432     float     sum      -1  1118.61  119.99  119.99       0  1119.73  119.87  119.87    N/A
0:    268435456      67108864     float     sum      -1  2205.65  121.70  121.70       0  2207.50  121.60  121.60    N/A
0: # Out of bounds values : 0 OK
0: # Avg bus bandwidth    : 91.6449 
0: #
0: # Collective test concluded: sendrecv_perf
0: #
0: 
0: 
0: ##### pass 17/20  pair g1-g2  sendrecv_perf
0: # nccl-tests version 2.17.8 nccl-headers=22903 nccl-library=22903
0: # Collective test starting: sendrecv_perf
0: # nThread 1 nGpus 2 minBytes 8388608 maxBytes 268435456 step: 2(factor) warmup iters: 5 iters: 20 agg iters: 1 validation: 1 graph: 0
0: #
0: # Using devices
0: #  Rank  0 Group  0 Pid  80255 on  nid006907 device  0 [0019:01:00] NVIDIA GH200 120GB
0: #  Rank  1 Group  0 Pid  80255 on  nid006907 device  1 [0029:01:00] NVIDIA GH200 120GB
0: #
0: #                                                              out-of-place                       in-place          
0: #       size         count      type   redop    root     time   algbw   busbw  #wrong     time   algbw   busbw  #wrong 
0: #        (B)    (elements)                               (us)  (GB/s)  (GB/s)             (us)  (GB/s)  (GB/s)         
0:      8388608       2097152     float     sum      -1   117.62   71.32   71.32       0   120.85   69.41   69.41    N/A
0:     16777216       4194304     float     sum      -1   217.38   77.18   77.18       0   223.69   75.00   75.00    N/A
0:     33554432       8388608     float     sum      -1   422.67   79.39   79.39       0   424.20   79.10   79.10    N/A
0:     67108864      16777216     float     sum      -1   812.49   82.60   82.60       0   822.03   81.64   81.64    N/A
0:    134217728      33554432     float     sum      -1  1119.78  119.86  119.86       0  1125.10  119.29  119.29    N/A
0:    268435456      67108864     float     sum      -1  2207.06  121.63  121.63       0  2213.88  121.25  121.25    N/A
0: # Out of bounds values : 0 OK
0: # Avg bus bandwidth    : 91.4723 
0: #
0: # Collective test concluded: sendrecv_perf
0: #
0: 
0: 
0: ##### pass 17/20  pair g1-g3  sendrecv_perf
0: # nccl-tests version 2.17.8 nccl-headers=22903 nccl-library=22903
0: # Collective test starting: sendrecv_perf
0: # nThread 1 nGpus 2 minBytes 8388608 maxBytes 268435456 step: 2(factor) warmup iters: 5 iters: 20 agg iters: 1 validation: 1 graph: 0
0: #
0: # Using devices
0: #  Rank  0 Group  0 Pid  80315 on  nid006907 device  0 [0019:01:00] NVIDIA GH200 120GB
0: #  Rank  1 Group  0 Pid  80315 on  nid006907 device  1 [0039:01:00] NVIDIA GH200 120GB
0: #
0: #                                                              out-of-place                       in-place          
0: #       size         count      type   redop    root     time   algbw   busbw  #wrong     time   algbw   busbw  #wrong 
0: #        (B)    (elements)                               (us)  (GB/s)  (GB/s)             (us)  (GB/s)  (GB/s)         
0:      8388608       2097152     float     sum      -1   116.00   72.31   72.31       0   115.35   72.73   72.73    N/A
0:     16777216       4194304     float     sum      -1   221.79   75.64   75.64       0   217.62   77.09   77.09    N/A
0:     33554432       8388608     float     sum      -1   421.66   79.58   79.58       0   422.50   79.42   79.42    N/A
0:     67108864      16777216     float     sum      -1   816.51   82.19   82.19       0   819.76   81.86   81.86    N/A
0:    134217728      33554432     float     sum      -1  1120.32  119.80  119.80       0  1117.75  120.08  120.08    N/A
0:    268435456      67108864     float     sum      -1  2206.80  121.64  121.64       0  2206.00  121.68  121.68    N/A
0: # Out of bounds values : 0 OK
0: # Avg bus bandwidth    : 92.0028 
0: #
0: # Collective test concluded: sendrecv_perf
0: #
0: 
0: 
0: ##### pass 17/20  pair g2-g3  sendrecv_perf
0: # nccl-tests version 2.17.8 nccl-headers=22903 nccl-library=22903
0: # Collective test starting: sendrecv_perf
0: # nThread 1 nGpus 2 minBytes 8388608 maxBytes 268435456 step: 2(factor) warmup iters: 5 iters: 20 agg iters: 1 validation: 1 graph: 0
0: #
0: # Using devices
0: #  Rank  0 Group  0 Pid  80352 on  nid006907 device  0 [0029:01:00] NVIDIA GH200 120GB
0: #  Rank  1 Group  0 Pid  80352 on  nid006907 device  1 [0039:01:00] NVIDIA GH200 120GB
0: #
0: #                                                              out-of-place                       in-place          
0: #       size         count      type   redop    root     time   algbw   busbw  #wrong     time   algbw   busbw  #wrong 
0: #        (B)    (elements)                               (us)  (GB/s)  (GB/s)             (us)  (GB/s)  (GB/s)         
0:      8388608       2097152     float     sum      -1   116.26   72.16   72.16       0   118.44   70.83   70.83    N/A
0:     16777216       4194304     float     sum      -1   223.48   75.07   75.07       0   221.86   75.62   75.62    N/A
0:     33554432       8388608     float     sum      -1   424.06   79.13   79.13       0   425.01   78.95   78.95    N/A
0:     67108864      16777216     float     sum      -1   816.26   82.21   82.21       0   829.42   80.91   80.91    N/A
0:    134217728      33554432     float     sum      -1  1130.48  118.73  118.73       0  1122.81  119.54  119.54    N/A
0:    268435456      67108864     float     sum      -1  2207.81  121.58  121.58       0  2208.41  121.55  121.55    N/A
0: # Out of bounds values : 0 OK
0: # Avg bus bandwidth    : 91.3566 
0: #
0: # Collective test concluded: sendrecv_perf
0: #
0: 
0: 
0: ##### pass 18/20  pair g0-g1  sendrecv_perf
0: # nccl-tests version 2.17.8 nccl-headers=22903 nccl-library=22903
0: # Collective test starting: sendrecv_perf
0: # nThread 1 nGpus 2 minBytes 8388608 maxBytes 268435456 step: 2(factor) warmup iters: 5 iters: 20 agg iters: 1 validation: 1 graph: 0
0: #
0: # Using devices
0: #  Rank  0 Group  0 Pid  80391 on  nid006907 device  0 [0009:01:00] NVIDIA GH200 120GB
0: #  Rank  1 Group  0 Pid  80391 on  nid006907 device  1 [0019:01:00] NVIDIA GH200 120GB
0: #
0: #                                                              out-of-place                       in-place          
0: #       size         count      type   redop    root     time   algbw   busbw  #wrong     time   algbw   busbw  #wrong 
0: #        (B)    (elements)                               (us)  (GB/s)  (GB/s)             (us)  (GB/s)  (GB/s)         
0:      8388608       2097152     float     sum      -1   115.86   72.40   72.40       0   119.26   70.34   70.34    N/A
0:     16777216       4194304     float     sum      -1   218.90   76.64   76.64       0   218.89   76.65   76.65    N/A
0:     33554432       8388608     float     sum      -1   420.37   79.82   79.82       0   422.54   79.41   79.41    N/A
0:     67108864      16777216     float     sum      -1   806.68   83.19   83.19       0   825.60   81.29   81.29    N/A
0:    134217728      33554432     float     sum      -1  1119.07  119.94  119.94       0  1123.26  119.49  119.49    N/A
0:    268435456      67108864     float     sum      -1  2209.84  121.47  121.47       0  2208.90  121.52  121.52    N/A
0: # Out of bounds values : 0 OK
0: # Avg bus bandwidth    : 91.8468 
0: #
0: # Collective test concluded: sendrecv_perf
0: #
0: 
0: 
0: ##### pass 18/20  pair g0-g2  sendrecv_perf
0: # nccl-tests version 2.17.8 nccl-headers=22903 nccl-library=22903
0: # Collective test starting: sendrecv_perf
0: # nThread 1 nGpus 2 minBytes 8388608 maxBytes 268435456 step: 2(factor) warmup iters: 5 iters: 20 agg iters: 1 validation: 1 graph: 0
0: #
0: # Using devices
0: #  Rank  0 Group  0 Pid  80456 on  nid006907 device  0 [0009:01:00] NVIDIA GH200 120GB
0: #  Rank  1 Group  0 Pid  80456 on  nid006907 device  1 [0029:01:00] NVIDIA GH200 120GB
0: #
0: #                                                              out-of-place                       in-place          
0: #       size         count      type   redop    root     time   algbw   busbw  #wrong     time   algbw   busbw  #wrong 
0: #        (B)    (elements)                               (us)  (GB/s)  (GB/s)             (us)  (GB/s)  (GB/s)         
0:      8388608       2097152     float     sum      -1   116.47   72.03   72.03       0   116.21   72.18   72.18    N/A
0:     16777216       4194304     float     sum      -1   221.44   75.76   75.76       0   219.35   76.49   76.49    N/A
0:     33554432       8388608     float     sum      -1   423.14   79.30   79.30       0   426.35   78.70   78.70    N/A
0:     67108864      16777216     float     sum      -1   815.42   82.30   82.30       0   818.71   81.97   81.97    N/A
0:    134217728      33554432     float     sum      -1  1122.74  119.55  119.55       0  1122.25  119.60  119.60    N/A
0:    268435456      67108864     float     sum      -1  2204.70  121.76  121.76       0  2213.65  121.26  121.26    N/A
0: # Out of bounds values : 0 OK
0: # Avg bus bandwidth    : 91.7408 
0: #
0: # Collective test concluded: sendrecv_perf
0: #
0: 
0: 
0: ##### pass 18/20  pair g0-g3  sendrecv_perf
0: # nccl-tests version 2.17.8 nccl-headers=22903 nccl-library=22903
0: # Collective test starting: sendrecv_perf
0: # nThread 1 nGpus 2 minBytes 8388608 maxBytes 268435456 step: 2(factor) warmup iters: 5 iters: 20 agg iters: 1 validation: 1 graph: 0
0: #
0: # Using devices
0: #  Rank  0 Group  0 Pid  80495 on  nid006907 device  0 [0009:01:00] NVIDIA GH200 120GB
0: #  Rank  1 Group  0 Pid  80495 on  nid006907 device  1 [0039:01:00] NVIDIA GH200 120GB
0: #
0: #                                                              out-of-place                       in-place          
0: #       size         count      type   redop    root     time   algbw   busbw  #wrong     time   algbw   busbw  #wrong 
0: #        (B)    (elements)                               (us)  (GB/s)  (GB/s)             (us)  (GB/s)  (GB/s)         
0:      8388608       2097152     float     sum      -1   116.27   72.15   72.15       0   115.59   72.57   72.57    N/A
0:     16777216       4194304     float     sum      -1   221.21   75.84   75.84       0   218.60   76.75   76.75    N/A
0:     33554432       8388608     float     sum      -1   422.75   79.37   79.37       0   421.33   79.64   79.64    N/A
0:     67108864      16777216     float     sum      -1   812.71   82.57   82.57       0   824.40   81.40   81.40    N/A
0:    134217728      33554432     float     sum      -1  1118.35  120.01  120.01       0  1122.63  119.56  119.56    N/A
0:    268435456      67108864     float     sum      -1  2205.95  121.69  121.69       0  2202.93  121.85  121.85    N/A
0: # Out of bounds values : 0 OK
0: # Avg bus bandwidth    : 91.9515 
0: #
0: # Collective test concluded: sendrecv_perf
0: #
0: 
0: 
0: ##### pass 18/20  pair g1-g2  sendrecv_perf
0: # nccl-tests version 2.17.8 nccl-headers=22903 nccl-library=22903
0: # Collective test starting: sendrecv_perf
0: # nThread 1 nGpus 2 minBytes 8388608 maxBytes 268435456 step: 2(factor) warmup iters: 5 iters: 20 agg iters: 1 validation: 1 graph: 0
0: #
0: # Using devices
0: #  Rank  0 Group  0 Pid  80532 on  nid006907 device  0 [0019:01:00] NVIDIA GH200 120GB
0: #  Rank  1 Group  0 Pid  80532 on  nid006907 device  1 [0029:01:00] NVIDIA GH200 120GB
0: #
0: #                                                              out-of-place                       in-place          
0: #       size         count      type   redop    root     time   algbw   busbw  #wrong     time   algbw   busbw  #wrong 
0: #        (B)    (elements)                               (us)  (GB/s)  (GB/s)             (us)  (GB/s)  (GB/s)         
0:      8388608       2097152     float     sum      -1   116.25   72.16   72.16       0   115.71   72.50   72.50    N/A
0:     16777216       4194304     float     sum      -1   218.59   76.75   76.75       0   219.37   76.48   76.48    N/A
0:     33554432       8388608     float     sum      -1   422.11   79.49   79.49       0   423.52   79.23   79.23    N/A
0:     67108864      16777216     float     sum      -1   814.20   82.42   82.42       0   825.87   81.26   81.26    N/A
0:    134217728      33554432     float     sum      -1  1121.54  119.67  119.67       0  1122.97  119.52  119.52    N/A
0:    268435456      67108864     float     sum      -1  2207.63  121.59  121.59       0  2210.34  121.45  121.45    N/A
0: # Out of bounds values : 0 OK
0: # Avg bus bandwidth    : 91.8769 
0: #
0: # Collective test concluded: sendrecv_perf
0: #
0: 
0: 
0: ##### pass 18/20  pair g1-g3  sendrecv_perf
0: # nccl-tests version 2.17.8 nccl-headers=22903 nccl-library=22903
0: # Collective test starting: sendrecv_perf
0: # nThread 1 nGpus 2 minBytes 8388608 maxBytes 268435456 step: 2(factor) warmup iters: 5 iters: 20 agg iters: 1 validation: 1 graph: 0
0: #
0: # Using devices
0: #  Rank  0 Group  0 Pid  80568 on  nid006907 device  0 [0019:01:00] NVIDIA GH200 120GB
0: #  Rank  1 Group  0 Pid  80568 on  nid006907 device  1 [0039:01:00] NVIDIA GH200 120GB
0: #
0: #                                                              out-of-place                       in-place          
0: #       size         count      type   redop    root     time   algbw   busbw  #wrong     time   algbw   busbw  #wrong 
0: #        (B)    (elements)                               (us)  (GB/s)  (GB/s)             (us)  (GB/s)  (GB/s)         
0:      8388608       2097152     float     sum      -1   116.21   72.18   72.18       0   115.98   72.33   72.33    N/A
0:     16777216       4194304     float     sum      -1   221.45   75.76   75.76       0   223.61   75.03   75.03    N/A
0:     33554432       8388608     float     sum      -1   421.14   79.68   79.68       0   425.05   78.94   78.94    N/A
0:     67108864      16777216     float     sum      -1   812.25   82.62   82.62       0   824.02   81.44   81.44    N/A
0:    134217728      33554432     float     sum      -1  1123.55  119.46  119.46       0  1125.72  119.23  119.23    N/A
0:    268435456      67108864     float     sum      -1  2203.87  121.80  121.80       0  2211.86  121.36  121.36    N/A
0: # Out of bounds values : 0 OK
0: # Avg bus bandwidth    : 91.6525 
0: #
0: # Collective test concluded: sendrecv_perf
0: #
0: 
0: 
0: ##### pass 18/20  pair g2-g3  sendrecv_perf
0: # nccl-tests version 2.17.8 nccl-headers=22903 nccl-library=22903
0: # Collective test starting: sendrecv_perf
0: # nThread 1 nGpus 2 minBytes 8388608 maxBytes 268435456 step: 2(factor) warmup iters: 5 iters: 20 agg iters: 1 validation: 1 graph: 0
0: #
0: # Using devices
0: #  Rank  0 Group  0 Pid  80607 on  nid006907 device  0 [0029:01:00] NVIDIA GH200 120GB
0: #  Rank  1 Group  0 Pid  80607 on  nid006907 device  1 [0039:01:00] NVIDIA GH200 120GB
0: #
0: #                                                              out-of-place                       in-place          
0: #       size         count      type   redop    root     time   algbw   busbw  #wrong     time   algbw   busbw  #wrong 
0: #        (B)    (elements)                               (us)  (GB/s)  (GB/s)             (us)  (GB/s)  (GB/s)         
0:      8388608       2097152     float     sum      -1   120.63   69.54   69.54       0   115.68   72.51   72.51    N/A
0:     16777216       4194304     float     sum      -1   222.98   75.24   75.24       0   219.76   76.34   76.34    N/A
0:     33554432       8388608     float     sum      -1   422.93   79.34   79.34       0   424.98   78.96   78.96    N/A
0:     67108864      16777216     float     sum      -1   817.98   82.04   82.04       0   822.21   81.62   81.62    N/A
0:    134217728      33554432     float     sum      -1  1118.30  120.02  120.02       0  1120.50  119.78  119.78    N/A
0:    268435456      67108864     float     sum      -1  2205.35  121.72  121.72       0  2201.09  121.96  121.96    N/A
0: # Out of bounds values : 0 OK
0: # Avg bus bandwidth    : 91.5895 
0: #
0: # Collective test concluded: sendrecv_perf
0: #
0: 
0: 
0: ##### pass 19/20  pair g0-g1  sendrecv_perf
0: # nccl-tests version 2.17.8 nccl-headers=22903 nccl-library=22903
0: # Collective test starting: sendrecv_perf
0: # nThread 1 nGpus 2 minBytes 8388608 maxBytes 268435456 step: 2(factor) warmup iters: 5 iters: 20 agg iters: 1 validation: 1 graph: 0
0: #
0: # Using devices
0: #  Rank  0 Group  0 Pid  80642 on  nid006907 device  0 [0009:01:00] NVIDIA GH200 120GB
0: #  Rank  1 Group  0 Pid  80642 on  nid006907 device  1 [0019:01:00] NVIDIA GH200 120GB
0: #
0: #                                                              out-of-place                       in-place          
0: #       size         count      type   redop    root     time   algbw   busbw  #wrong     time   algbw   busbw  #wrong 
0: #        (B)    (elements)                               (us)  (GB/s)  (GB/s)             (us)  (GB/s)  (GB/s)         
0:      8388608       2097152     float     sum      -1   116.58   71.96   71.96       0   119.40   70.25   70.25    N/A
0:     16777216       4194304     float     sum      -1   219.38   76.48   76.48       0   219.72   76.36   76.36    N/A
0:     33554432       8388608     float     sum      -1   423.28   79.27   79.27       0   423.61   79.21   79.21    N/A
0:     67108864      16777216     float     sum      -1   814.46   82.40   82.40       0   819.43   81.90   81.90    N/A
0:    134217728      33554432     float     sum      -1  1122.34  119.59  119.59       0  1129.69  118.81  118.81    N/A
0:    268435456      67108864     float     sum      -1  2209.39  121.50  121.50       0  2210.18  121.45  121.45    N/A
0: # Out of bounds values : 0 OK
0: # Avg bus bandwidth    : 91.5974 
0: #
0: # Collective test concluded: sendrecv_perf
0: #
0: 
0: 
0: ##### pass 19/20  pair g0-g2  sendrecv_perf
0: # nccl-tests version 2.17.8 nccl-headers=22903 nccl-library=22903
0: # Collective test starting: sendrecv_perf
0: # nThread 1 nGpus 2 minBytes 8388608 maxBytes 268435456 step: 2(factor) warmup iters: 5 iters: 20 agg iters: 1 validation: 1 graph: 0
0: #
0: # Using devices
0: #  Rank  0 Group  0 Pid  80681 on  nid006907 device  0 [0009:01:00] NVIDIA GH200 120GB
0: #  Rank  1 Group  0 Pid  80681 on  nid006907 device  1 [0029:01:00] NVIDIA GH200 120GB
0: #
0: #                                                              out-of-place                       in-place          
0: #       size         count      type   redop    root     time   algbw   busbw  #wrong     time   algbw   busbw  #wrong 
0: #        (B)    (elements)                               (us)  (GB/s)  (GB/s)             (us)  (GB/s)  (GB/s)         
0:      8388608       2097152     float     sum      -1   121.68   68.94   68.94       0   115.56   72.59   72.59    N/A
0:     16777216       4194304     float     sum      -1   218.48   76.79   76.79       0   217.78   77.04   77.04    N/A
0:     33554432       8388608     float     sum      -1   423.63   79.21   79.21       0   424.11   79.12   79.12    N/A
0:     67108864      16777216     float     sum      -1   820.75   81.76   81.76       0   826.29   81.22   81.22    N/A
0:    134217728      33554432     float     sum      -1  1121.73  119.65  119.65       0  1135.03  118.25  118.25    N/A
0:    268435456      67108864     float     sum      -1  2202.73  121.87  121.87       0  2216.54  121.11  121.11    N/A
0: # Out of bounds values : 0 OK
0: # Avg bus bandwidth    : 91.4614 
0: #
0: # Collective test concluded: sendrecv_perf
0: #
0: 
0: 
0: ##### pass 19/20  pair g0-g3  sendrecv_perf
0: # nccl-tests version 2.17.8 nccl-headers=22903 nccl-library=22903
0: # Collective test starting: sendrecv_perf
0: # nThread 1 nGpus 2 minBytes 8388608 maxBytes 268435456 step: 2(factor) warmup iters: 5 iters: 20 agg iters: 1 validation: 1 graph: 0
0: #
0: # Using devices
0: #  Rank  0 Group  0 Pid  80736 on  nid006907 device  0 [0009:01:00] NVIDIA GH200 120GB
0: #  Rank  1 Group  0 Pid  80736 on  nid006907 device  1 [0039:01:00] NVIDIA GH200 120GB
0: #
0: #                                                              out-of-place                       in-place          
0: #       size         count      type   redop    root     time   algbw   busbw  #wrong     time   algbw   busbw  #wrong 
0: #        (B)    (elements)                               (us)  (GB/s)  (GB/s)             (us)  (GB/s)  (GB/s)         
0:      8388608       2097152     float     sum      -1   120.83   69.43   69.43       0   115.50   72.63   72.63    N/A
0:     16777216       4194304     float     sum      -1   220.39   76.13   76.13       0   218.25   76.87   76.87    N/A
0:     33554432       8388608     float     sum      -1   423.96   79.15   79.15       0   425.05   78.94   78.94    N/A
0:     67108864      16777216     float     sum      -1   815.66   82.28   82.28       0   824.20   81.42   81.42    N/A
0:    134217728      33554432     float     sum      -1  1122.77  119.54  119.54       0  1118.65  119.98  119.98    N/A
0:    268435456      67108864     float     sum      -1  2216.59  121.10  121.10       0  2209.78  121.48  121.48    N/A
0: # Out of bounds values : 0 OK
0: # Avg bus bandwidth    : 91.5783 
0: #
0: # Collective test concluded: sendrecv_perf
0: #
0: 
0: 
0: ##### pass 19/20  pair g1-g2  sendrecv_perf
0: # nccl-tests version 2.17.8 nccl-headers=22903 nccl-library=22903
0: # Collective test starting: sendrecv_perf
0: # nThread 1 nGpus 2 minBytes 8388608 maxBytes 268435456 step: 2(factor) warmup iters: 5 iters: 20 agg iters: 1 validation: 1 graph: 0
0: #
0: # Using devices
0: #  Rank  0 Group  0 Pid  80774 on  nid006907 device  0 [0019:01:00] NVIDIA GH200 120GB
0: #  Rank  1 Group  0 Pid  80774 on  nid006907 device  1 [0029:01:00] NVIDIA GH200 120GB
0: #
0: #                                                              out-of-place                       in-place          
0: #       size         count      type   redop    root     time   algbw   busbw  #wrong     time   algbw   busbw  #wrong 
0: #        (B)    (elements)                               (us)  (GB/s)  (GB/s)             (us)  (GB/s)  (GB/s)         
0:      8388608       2097152     float     sum      -1   116.05   72.28   72.28       0   118.35   70.88   70.88    N/A
0:     16777216       4194304     float     sum      -1   219.17   76.55   76.55       0   223.68   75.01   75.01    N/A
0:     33554432       8388608     float     sum      -1   423.70   79.19   79.19       0   424.88   78.97   78.97    N/A
0:     67108864      16777216     float     sum      -1   812.97   82.55   82.55       0   825.54   81.29   81.29    N/A
0:    134217728      33554432     float     sum      -1  1127.41  119.05  119.05       0  1124.77  119.33  119.33    N/A
0:    268435456      67108864     float     sum      -1  2211.98  121.36  121.36       0  2203.14  121.84  121.84    N/A
0: # Out of bounds values : 0 OK
0: # Avg bus bandwidth    : 91.5249 
0: #
0: # Collective test concluded: sendrecv_perf
0: #
0: 
0: 
0: ##### pass 19/20  pair g1-g3  sendrecv_perf
0: # nccl-tests version 2.17.8 nccl-headers=22903 nccl-library=22903
0: # Collective test starting: sendrecv_perf
0: # nThread 1 nGpus 2 minBytes 8388608 maxBytes 268435456 step: 2(factor) warmup iters: 5 iters: 20 agg iters: 1 validation: 1 graph: 0
0: #
0: # Using devices
0: #  Rank  0 Group  0 Pid  80810 on  nid006907 device  0 [0019:01:00] NVIDIA GH200 120GB
0: #  Rank  1 Group  0 Pid  80810 on  nid006907 device  1 [0039:01:00] NVIDIA GH200 120GB
0: #
0: #                                                              out-of-place                       in-place          
0: #       size         count      type   redop    root     time   algbw   busbw  #wrong     time   algbw   busbw  #wrong 
0: #        (B)    (elements)                               (us)  (GB/s)  (GB/s)             (us)  (GB/s)  (GB/s)         
0:      8388608       2097152     float     sum      -1   116.34   72.10   72.10       0   118.24   70.95   70.95    N/A
0:     16777216       4194304     float     sum      -1   221.30   75.81   75.81       0   223.85   74.95   74.95    N/A
0:     33554432       8388608     float     sum      -1   422.48   79.42   79.42       0   423.63   79.21   79.21    N/A
0:     67108864      16777216     float     sum      -1   816.11   82.23   82.23       0   824.15   81.43   81.43    N/A
0:    134217728      33554432     float     sum      -1  1121.55  119.67  119.67       0  1120.28  119.81  119.81    N/A
0:    268435456      67108864     float     sum      -1  2207.40  121.61  121.61       0  2208.34  121.56  121.56    N/A
0: # Out of bounds values : 0 OK
0: # Avg bus bandwidth    : 91.5618 
0: #
0: # Collective test concluded: sendrecv_perf
0: #
0: 
0: 
0: ##### pass 19/20  pair g2-g3  sendrecv_perf
0: # nccl-tests version 2.17.8 nccl-headers=22903 nccl-library=22903
0: # Collective test starting: sendrecv_perf
0: # nThread 1 nGpus 2 minBytes 8388608 maxBytes 268435456 step: 2(factor) warmup iters: 5 iters: 20 agg iters: 1 validation: 1 graph: 0
0: #
0: # Using devices
0: #  Rank  0 Group  0 Pid  80849 on  nid006907 device  0 [0029:01:00] NVIDIA GH200 120GB
0: #  Rank  1 Group  0 Pid  80849 on  nid006907 device  1 [0039:01:00] NVIDIA GH200 120GB
0: #
0: #                                                              out-of-place                       in-place          
0: #       size         count      type   redop    root     time   algbw   busbw  #wrong     time   algbw   busbw  #wrong 
0: #        (B)    (elements)                               (us)  (GB/s)  (GB/s)             (us)  (GB/s)  (GB/s)         
0:      8388608       2097152     float     sum      -1   116.27   72.15   72.15       0   116.29   72.14   72.14    N/A
0:     16777216       4194304     float     sum      -1   223.56   75.05   75.05       0   218.32   76.85   76.85    N/A
0:     33554432       8388608     float     sum      -1   422.45   79.43   79.43       0   423.19   79.29   79.29    N/A
0:     67108864      16777216     float     sum      -1   813.51   82.49   82.49       0   824.52   81.39   81.39    N/A
0:    134217728      33554432     float     sum      -1  1118.54  119.99  119.99       0  1125.43  119.26  119.26    N/A
0:    268435456      67108864     float     sum      -1  2206.93  121.63  121.63       0  2210.03  121.46  121.46    N/A
0: # Out of bounds values : 0 OK
0: # Avg bus bandwidth    : 91.7606 
0: #
0: # Collective test concluded: sendrecv_perf
0: #
0: 
0: 
0: ##### pass 20/20  pair g0-g1  sendrecv_perf
0: # nccl-tests version 2.17.8 nccl-headers=22903 nccl-library=22903
0: # Collective test starting: sendrecv_perf
0: # nThread 1 nGpus 2 minBytes 8388608 maxBytes 268435456 step: 2(factor) warmup iters: 5 iters: 20 agg iters: 1 validation: 1 graph: 0
0: #
0: # Using devices
0: #  Rank  0 Group  0 Pid  80888 on  nid006907 device  0 [0009:01:00] NVIDIA GH200 120GB
0: #  Rank  1 Group  0 Pid  80888 on  nid006907 device  1 [0019:01:00] NVIDIA GH200 120GB
0: #
0: #                                                              out-of-place                       in-place          
0: #       size         count      type   redop    root     time   algbw   busbw  #wrong     time   algbw   busbw  #wrong 
0: #        (B)    (elements)                               (us)  (GB/s)  (GB/s)             (us)  (GB/s)  (GB/s)         
0:      8388608       2097152     float     sum      -1   119.86   69.99   69.99       0   115.99   72.32   72.32    N/A
0:     16777216       4194304     float     sum      -1   223.02   75.23   75.23       0   220.90   75.95   75.95    N/A
0:     33554432       8388608     float     sum      -1   418.44   80.19   80.19       0   423.02   79.32   79.32    N/A
0:     67108864      16777216     float     sum      -1   813.25   82.52   82.52       0   820.28   81.81   81.81    N/A
0:    134217728      33554432     float     sum      -1  1122.23  119.60  119.60       0  1118.83  119.96  119.96    N/A
0:    268435456      67108864     float     sum      -1  2198.83  122.08  122.08       0  2212.95  121.30  121.30    N/A
0: # Out of bounds values : 0 OK
0: # Avg bus bandwidth    : 91.6894 
0: #
0: # Collective test concluded: sendrecv_perf
0: #
0: 
0: 
0: ##### pass 20/20  pair g0-g2  sendrecv_perf
0: # nccl-tests version 2.17.8 nccl-headers=22903 nccl-library=22903
0: # Collective test starting: sendrecv_perf
0: # nThread 1 nGpus 2 minBytes 8388608 maxBytes 268435456 step: 2(factor) warmup iters: 5 iters: 20 agg iters: 1 validation: 1 graph: 0
0: #
0: # Using devices
0: #  Rank  0 Group  0 Pid  80927 on  nid006907 device  0 [0009:01:00] NVIDIA GH200 120GB
0: #  Rank  1 Group  0 Pid  80927 on  nid006907 device  1 [0029:01:00] NVIDIA GH200 120GB
0: #
0: #                                                              out-of-place                       in-place          
0: #       size         count      type   redop    root     time   algbw   busbw  #wrong     time   algbw   busbw  #wrong 
0: #        (B)    (elements)                               (us)  (GB/s)  (GB/s)             (us)  (GB/s)  (GB/s)         
0:      8388608       2097152     float     sum      -1   117.77   71.23   71.23       0   117.47   71.41   71.41    N/A
0:     16777216       4194304     float     sum      -1   217.76   77.04   77.04       0   218.56   76.76   76.76    N/A
0:     33554432       8388608     float     sum      -1   422.81   79.36   79.36       0   423.78   79.18   79.18    N/A
0:     67108864      16777216     float     sum      -1   814.52   82.39   82.39       0   819.61   81.88   81.88    N/A
0:    134217728      33554432     float     sum      -1  1122.60  119.56  119.56       0  1121.78  119.65  119.65    N/A
0:    268435456      67108864     float     sum      -1  2211.62  121.38  121.38       0  2210.17  121.45  121.45    N/A
0: # Out of bounds values : 0 OK
0: # Avg bus bandwidth    : 91.7746 
0: #
0: # Collective test concluded: sendrecv_perf
0: #
0: 
0: 
0: ##### pass 20/20  pair g0-g3  sendrecv_perf
0: # nccl-tests version 2.17.8 nccl-headers=22903 nccl-library=22903
0: # Collective test starting: sendrecv_perf
0: # nThread 1 nGpus 2 minBytes 8388608 maxBytes 268435456 step: 2(factor) warmup iters: 5 iters: 20 agg iters: 1 validation: 1 graph: 0
0: #
0: # Using devices
0: #  Rank  0 Group  0 Pid  80990 on  nid006907 device  0 [0009:01:00] NVIDIA GH200 120GB
0: #  Rank  1 Group  0 Pid  80990 on  nid006907 device  1 [0039:01:00] NVIDIA GH200 120GB
0: #
0: #                                                              out-of-place                       in-place          
0: #       size         count      type   redop    root     time   algbw   busbw  #wrong     time   algbw   busbw  #wrong 
0: #        (B)    (elements)                               (us)  (GB/s)  (GB/s)             (us)  (GB/s)  (GB/s)         
0:      8388608       2097152     float     sum      -1   115.91   72.37   72.37       0   115.73   72.49   72.49    N/A
0:     16777216       4194304     float     sum      -1   223.61   75.03   75.03       0   222.43   75.43   75.43    N/A
0:     33554432       8388608     float     sum      -1   423.32   79.27   79.27       0   425.18   78.92   78.92    N/A
0:     67108864      16777216     float     sum      -1   815.20   82.32   82.32       0   825.73   81.27   81.27    N/A
0:    134217728      33554432     float     sum      -1  1118.86  119.96  119.96       0  1125.11  119.29  119.29    N/A
0:    268435456      67108864     float     sum      -1  2204.03  121.79  121.79       0  2205.50  121.71  121.71    N/A
0: # Out of bounds values : 0 OK
0: # Avg bus bandwidth    : 91.6546 
0: #
0: # Collective test concluded: sendrecv_perf
0: #
0: 
0: 
0: ##### pass 20/20  pair g1-g2  sendrecv_perf
0: # nccl-tests version 2.17.8 nccl-headers=22903 nccl-library=22903
0: # Collective test starting: sendrecv_perf
0: # nThread 1 nGpus 2 minBytes 8388608 maxBytes 268435456 step: 2(factor) warmup iters: 5 iters: 20 agg iters: 1 validation: 1 graph: 0
0: #
0: # Using devices
0: #  Rank  0 Group  0 Pid  81030 on  nid006907 device  0 [0019:01:00] NVIDIA GH200 120GB
0: #  Rank  1 Group  0 Pid  81030 on  nid006907 device  1 [0029:01:00] NVIDIA GH200 120GB
0: #
0: #                                                              out-of-place                       in-place          
0: #       size         count      type   redop    root     time   algbw   busbw  #wrong     time   algbw   busbw  #wrong 
0: #        (B)    (elements)                               (us)  (GB/s)  (GB/s)             (us)  (GB/s)  (GB/s)         
0:      8388608       2097152     float     sum      -1   116.04   72.29   72.29       0   115.37   72.71   72.71    N/A
0:     16777216       4194304     float     sum      -1   222.19   75.51   75.51       0   217.70   77.07   77.07    N/A
0:     33554432       8388608     float     sum      -1   423.11   79.30   79.30       0   423.42   79.25   79.25    N/A
0:     67108864      16777216     float     sum      -1   815.22   82.32   82.32       0   821.97   81.64   81.64    N/A
0:    134217728      33554432     float     sum      -1  1127.24  119.07  119.07       0  1118.07  120.04  120.04    N/A
0:    268435456      67108864     float     sum      -1  2213.81  121.26  121.26       0  2207.68  121.59  121.59    N/A
0: # Out of bounds values : 0 OK
0: # Avg bus bandwidth    : 91.8377 
0: #
0: # Collective test concluded: sendrecv_perf
0: #
0: 
0: 
0: ##### pass 20/20  pair g1-g3  sendrecv_perf
0: # nccl-tests version 2.17.8 nccl-headers=22903 nccl-library=22903
0: # Collective test starting: sendrecv_perf
0: # nThread 1 nGpus 2 minBytes 8388608 maxBytes 268435456 step: 2(factor) warmup iters: 5 iters: 20 agg iters: 1 validation: 1 graph: 0
0: #
0: # Using devices
0: #  Rank  0 Group  0 Pid  81068 on  nid006907 device  0 [0019:01:00] NVIDIA GH200 120GB
0: #  Rank  1 Group  0 Pid  81068 on  nid006907 device  1 [0039:01:00] NVIDIA GH200 120GB
0: #
0: #                                                              out-of-place                       in-place          
0: #       size         count      type   redop    root     time   algbw   busbw  #wrong     time   algbw   busbw  #wrong 
0: #        (B)    (elements)                               (us)  (GB/s)  (GB/s)             (us)  (GB/s)  (GB/s)         
0:      8388608       2097152     float     sum      -1   121.06   69.29   69.29       0   115.42   72.68   72.68    N/A
0:     16777216       4194304     float     sum      -1   218.48   76.79   76.79       0   223.77   74.97   74.97    N/A
0:     33554432       8388608     float     sum      -1   420.84   79.73   79.73       0   423.86   79.16   79.16    N/A
0:     67108864      16777216     float     sum      -1   811.16   82.73   82.73       0   823.53   81.49   81.49    N/A
0:    134217728      33554432     float     sum      -1  1124.17  119.39  119.39       0  1123.47  119.47  119.47    N/A
0:    268435456      67108864     float     sum      -1  2207.53  121.60  121.60       0  2204.43  121.77  121.77    N/A
0: # Out of bounds values : 0 OK
0: # Avg bus bandwidth    : 91.5902 
0: #
0: # Collective test concluded: sendrecv_perf
0: #
0: 
0: 
0: ##### pass 20/20  pair g2-g3  sendrecv_perf
0: # nccl-tests version 2.17.8 nccl-headers=22903 nccl-library=22903
0: # Collective test starting: sendrecv_perf
0: # nThread 1 nGpus 2 minBytes 8388608 maxBytes 268435456 step: 2(factor) warmup iters: 5 iters: 20 agg iters: 1 validation: 1 graph: 0
0: #
0: # Using devices
0: #  Rank  0 Group  0 Pid  81103 on  nid006907 device  0 [0029:01:00] NVIDIA GH200 120GB
0: #  Rank  1 Group  0 Pid  81103 on  nid006907 device  1 [0039:01:00] NVIDIA GH200 120GB
0: #
0: #                                                              out-of-place                       in-place          
0: #       size         count      type   redop    root     time   algbw   busbw  #wrong     time   algbw   busbw  #wrong 
0: #        (B)    (elements)                               (us)  (GB/s)  (GB/s)             (us)  (GB/s)  (GB/s)         
0:      8388608       2097152     float     sum      -1   116.00   72.31   72.31       0   116.24   72.17   72.17    N/A
0:     16777216       4194304     float     sum      -1   221.84   75.63   75.63       0   219.42   76.46   76.46    N/A
0:     33554432       8388608     float     sum      -1   422.56   79.41   79.41       0   421.90   79.53   79.53    N/A
0:     67108864      16777216     float     sum      -1   816.67   82.17   82.17       0   821.67   81.67   81.67    N/A
0:    134217728      33554432     float     sum      -1  1121.04  119.73  119.73       0  1125.07  119.30  119.30    N/A
0:    268435456      67108864     float     sum      -1  2202.07  121.90  121.90       0  2210.86  121.42  121.42    N/A
0: # Out of bounds values : 0 OK
0: # Avg bus bandwidth    : 91.8084 
0: #
0: # Collective test concluded: sendrecv_perf
0: #
0: 
0: === nvlink error counters AFTER ===
0: GPU 0: NVIDIA GH200 120GB (UUID: GPU-9d36807f-c929-6040-ce3e-e5ef0edf9677)
0: 	 Link 0: Replay Errors: 0
0: 	 Link 0: Recovery Errors: 0
0: 	 Link 0: CRC Errors: 0
0: 
0: 	 Link 1: Replay Errors: 0
0: 	 Link 1: Recovery Errors: 0
0: 	 Link 1: CRC Errors: 0
0: 
0: 	 Link 2: Replay Errors: 0
0: 	 Link 2: Recovery Errors: 0
0: 	 Link 2: CRC Errors: 0
0: 
0: 	 Link 3: Replay Errors: 0
0: 	 Link 3: Recovery Errors: 0
0: 	 Link 3: CRC Errors: 0
0: 
0: 	 Link 4: Replay Errors: 0
0: 	 Link 4: Recovery Errors: 0
0: 	 Link 4: CRC Errors: 0
0: 
0: 	 Link 5: Replay Errors: 0
0: 	 Link 5: Recovery Errors: 0
0: 	 Link 5: CRC Errors: 0
0: 
0: 	 Link 6: Replay Errors: 0
0: 	 Link 6: Recovery Errors: 0
0: 	 Link 6: CRC Errors: 0
0: 
0: 	 Link 7: Replay Errors: 0
0: 	 Link 7: Recovery Errors: 0
0: 	 Link 7: CRC Errors: 0
0: 
0: 	 Link 8: Replay Errors: 0
0: 	 Link 8: Recovery Errors: 0
0: 	 Link 8: CRC Errors: 0
0: 
0: 	 Link 9: Replay Errors: 0
0: 	 Link 9: Recovery Errors: 0
0: 	 Link 9: CRC Errors: 0
0: 
0: 	 Link 10: Replay Errors: 0
0: 	 Link 10: Recovery Errors: 0
0: 	 Link 10: CRC Errors: 0
0: 
0: 	 Link 11: Replay Errors: 0
0: 	 Link 11: Recovery Errors: 0
0: 	 Link 11: CRC Errors: 0
0: 
0: 	 Link 12: Replay Errors: 0
0: 	 Link 12: Recover
0: y Errors: 0
0: 	 Link 12: CRC Errors: 0
0: 
0: 	 Link 13: Replay Errors: 0
0: 	 Link 13: Recovery Errors: 0
0: 	 Link 13: CRC Errors: 0
0: 
0: 	 Link 14: Replay Errors: 0
0: 	 Link 14: Recovery Errors: 0
0: 	 Link 14: CRC Errors: 0
0: 
0: 	 Link 15: Replay Errors: 0
0: 	 Link 15: Recovery Errors: 0
0: 	 Link 15: CRC Errors: 0
0: 
0: 	 Link 16: Replay Errors: 0
0: 	 Link 16: Recovery Errors: 0
0: 	 Link 16: CRC Errors: 0
0: 
0: 	 Link 17: Replay Errors: 0
0: 	 Link 17: Recovery Errors: 0
0: 	 Link 17: CRC Errors: 0
0: 
0: GPU 1: NVIDIA GH200 120GB (UUID: GPU-aa39d32e-47b3-382c-178a-7b640e134a2c)
0: 	 Link 0: Replay Errors: 0
0: 	 Link 0: Recovery Errors: 0
0: 	 Link 0: CRC Errors: 0
0: 
0: 	 Link 1: Replay Errors: 0
0: 	 Link 1: Recovery Errors: 0
0: 	 Link 1: CRC Errors: 0
0: 
0: 	 Link 2: Replay Errors: 0
0: 	 Link 2: Recovery Errors: 0
0: 	 Link 2: CRC Errors: 1
0: 
0: 	 Link 3: Replay Errors: 0
0: 	 Link 3: Recovery Errors: 0
0: 	 Link 3: CRC Errors: 0
0: 
0: 	 Link 4: Replay Errors: 0
0: 	 Link 4: Recovery Errors: 0
0: 	 Link 4: CRC Errors: 0
0: 
0: 	 Link 5: Replay Errors: 0
0: 	 Link 5: Recovery Errors: 0
0: 	 Link 5: CRC Errors: 0
0: 
0: 	 Link 6: Replay Errors: 0
0: 	 Link 6: Recovery Errors: 0
0: 	 Link 6: CRC Errors: 0
0: 
0: 	 Link 7: Replay Errors: 0
0: 	 Link 7: Recovery Errors: 0
0: 	 Link 7: CRC Errors: 0
0: 
0: 	 Link 8: Replay Errors: 0
0: 	 Link 8: Recovery Errors: 0
0: 	 Link 8: CRC Errors: 0
0: 
0: 	 Link 9: Replay Errors: 0
0: 	 Link 9: Recovery Errors: 0
0: 	 Link 9: CRC Errors: 0
0: 
0: 	 Link 10: Replay Errors: 0
0: 	 Link 10: Recovery Errors: 0
0: 	 Link 10: CRC Errors: 0
0: 
0: 	 Link 11: Replay Errors: 0
0: 	 Link 11: Recovery Errors: 0
0: 	 Link 11: CRC Errors: 0
0: 
0: 	 Link 12: Replay Errors: 0
0: 	 Link 12: Recover
0: y Errors: 0
0: 	 Link 12: CRC Errors: 0
0: 
0: 	 Link 13: Replay Errors: 0
0: 	 Link 13: Recovery Errors: 0
0: 	 Link 13: CRC Errors: 0
0: 
0: 	 Link 14: Replay Errors: 0
0: 	 Link 14: Recovery Errors: 0
0: 	 Link 14: CRC Errors: 0
0: 
0: 	 Link 15: Replay Errors: 0
0: 	 Link 15: Recovery Errors: 0
0: 	 Link 15: CRC Errors: 0
0: 
0: 	 Link 16: Replay Errors: 0
0: 	 Link 16: Recovery Errors: 0
0: 	 Link 16: CRC Errors: 0
0: 
0: 	 Link 17: Replay Errors: 0
0: 	 Link 17: Recovery Errors: 0
0: 	 Link 17: CRC Errors: 0
0: 
0: GPU 2: NVIDIA GH200 120GB (UUID: GPU-6adc13d0-1948-671e-283d-8555eff87ac8)
0: 	 Link 0: Replay Errors: 0
0: 	 Link 0: Recovery Errors: 0
0: 	 Link 0: CRC Errors: 0
0: 
0: 	 Link 1: Replay Errors: 0
0: 	 Link 1: Recovery Errors: 0
0: 	 Link 1: CRC Errors: 0
0: 
0: 	 Link 2: Replay Errors: 0
0: 	 Link 2: Recovery Errors: 0
0: 	 Link 2: CRC Errors: 0
0: 
0: 	 Link 3: Replay Errors: 0
0: 	 Link 3: Recovery Errors: 0
0: 	 Link 3: CRC Errors: 0
0: 
0: 	 Link 4: Replay Errors: 0
0: 	 Link 4: Recovery Errors: 0
0: 	 Link 4: CRC Errors: 0
0: 
0: 	 Link 5: Replay Errors: 0
0: 	 Link 5: Recovery Errors: 0
0: 	 Link 5: CRC Errors: 0
0: 
0: 	 Link 6: Replay Errors: 0
0: 	 Link 6: Recovery Errors: 0
0: 	 Link 6: CRC Errors: 0
0: 
0: 	 Link 7: Replay Errors: 0
0: 	 Link 7: Recovery Errors: 0
0: 	 Link 7: CRC Errors: 0
0: 
0: 	 Link 8: Replay Errors: 0
0: 	 Link 8: Recovery Errors: 0
0: 	 Link 8: CRC Errors: 0
0: 
0: 	 Link 9: Replay Errors: 0
0: 	 Link 9: Recovery Errors: 0
0: 	 Link 9: CRC Errors: 0
0: 
0: 	 Link 10: Replay Errors: 0
0: 	 Link 10: Recovery Errors: 0
0: 	 Link 10: CRC Errors: 0
0: 
0: 	 Link 11: Replay Errors: 0
0: 	 Link 11: Recovery Errors: 0
0: 	 Link 11: CRC Errors: 0
0: 
0: 	 Link 12: Replay Errors: 0
0: 	 Link 12: Recover
0: y Errors: 0
0: 	 Link 12: CRC Errors: 0
0: 
0: 	 Link 13: Replay Errors: 0
0: 	 Link 13: Recovery Errors: 0
0: 	 Link 13: CRC Errors: 0
0: 
0: 	 Link 14: Replay Errors: 0
0: 	 Link 14: Recovery Errors: 0
0: 	 Link 14: CRC Errors: 0
0: 
0: 	 Link 15: Replay Errors: 0
0: 	 Link 15: Recovery Errors: 0
0: 	 Link 15: CRC Errors: 0
0: 
0: 	 Link 16: Replay Errors: 0
0: 	 Link 16: Recovery Errors: 0
0: 	 Link 16: CRC Errors: 0
0: 
0: 	 Link 17: Replay Errors: 0
0: 	 Link 17: Recovery Errors: 0
0: 	 Link 17: CRC Errors: 0
0: 
0: GPU 3: NVIDIA GH200 120GB (UUID: GPU-d1aacc41-8061-a7aa-777b-b0b4868b2025)
0: 	 Link 0: Replay Errors: 0
0: 	 Link 0: Recovery Errors: 0
0: 	 Link 0: CRC Errors: 0
0: 
0: 	 Link 1: Replay Errors: 0
0: 	 Link 1: Recovery Errors: 0
0: 	 Link 1: CRC Errors: 0
0: 
0: 	 Link 2: Replay Errors: 0
0: 	 Link 2: Recovery Errors: 0
0: 	 Link 2: CRC Errors: 0
0: 
0: 	 Link 3: Replay Errors: 0
0: 	 Link 3: Recovery Errors: 0
0: 	 Link 3: CRC Errors: 0
0: 
0: 	 Link 4: Replay Errors: 0
0: 	 Link 4: Recovery Errors: 0
0: 	 Link 4: CRC Errors: 0
0: 
0: 	 Link 5: Replay Errors: 0
0: 	 Link 5: Recovery Errors: 0
0: 	 Link 5: CRC Errors: 0
0: 
0: 	 Link 6: Replay Errors: 0
0: 	 Link 6: Recovery Errors: 0
0: 	 Link 6: CRC Errors: 0
0: 
0: 	 Link 7: Replay Errors: 0
0: 	 Link 7: Recovery Errors: 0
0: 	 Link 7: CRC Errors: 0
0: 
0: 	 Link 8: Replay Errors: 0
0: 	 Link 8: Recovery Errors: 0
0: 	 Link 8: CRC Errors: 0
0: 
0: 	 Link 9: Replay Errors: 0
0: 	 Link 9: Recovery Errors: 0
0: 	 Link 9: CRC Errors: 0
0: 
0: 	 Link 10: Replay Errors: 0
0: 	 Link 10: Recovery Errors: 0
0: 	 Link 10: CRC Errors: 0
0: 
0: 	 Link 11: Replay Errors: 0
0: 	 Link 11: Recovery Errors: 0
0: 	 Link 11: CRC Errors: 0
0: 
0: 	 Link 12: Replay Errors: 0
0: 	 Link 12: Recover
0: y Errors: 0
0: 	 Link 12: CRC Errors: 0
0: 
0: 	 Link 13: Replay Errors: 0
0: 	 Link 13: Recovery Errors: 0
0: 	 Link 13: CRC Errors: 0
0: 
0: 	 Link 14: Replay Errors: 0
0: 	 Link 14: Recovery Errors: 0
0: 	 Link 14: CRC Errors: 0
0: 
0: 	 Link 15: Replay Errors: 0
0: 	 Link 15: Recovery Errors: 0
0: 	 Link 15: CRC Errors: 0
0: 
0: 	 Link 16: Replay Errors: 0
0: 	 Link 16: Recovery Errors: 0
0: 	 Link 16: CRC Errors: 0
0: 
0: 	 Link 17: Replay Errors: 0
0: 	 Link 17: Recovery Errors: 0
0: 	 Link 17: CRC Errors: 0
0: 

NCCL_TESTS_INTRA_COMPLETE nid006907
