=== nodes: A=nid007240 B=nid007242  EDF: /iopsstor/scratch/cscs/mvasilev/vllm-play/megatron-v2601-multinode.toml  passes: 8 ===

##### pass 1/8  cross nid007240:g0 <-> nid007242:g0  sendrecv
0: 
0: WARNING: FI_CXI_RDZV_PROTO=alt_read is configured, but the Slurm network is
0: not set to disable rendezvous GET. Performance/stability may be impacted.
0: 
0: Expected Slurm launch:
0:   srun --network=disable_rdzv_get ...
0: or
0:   SLURM_NETWORK=disable_rdzv_get srun ...
0: 
0: Context:
0:   SLURM_NETWORK=<unset>
0:   FI_PROVIDER=cxi
0:   FI_CXI_RDZV_PROTO=alt_read
0: 
0: # nccl-tests version 2.17.8 nccl-headers=22902 nccl-library=22903
0: # Collective test starting: sendrecv_perf_mpi
0: # nThread 1 nGpus 1 minBytes 16777216 maxBytes 268435456 step: 4(factor) warmup iters: 5 iters: 20 agg iters: 1 validation: 1 graph: 0
0: #
0: # Using devices
0: #  Rank  0 Group  0 Pid  22135 on  nid007240 device  0 [0009:01:00] NVIDIA GH200 120GB
0: #  Rank  1 Group  0 Pid 244783 on  nid007242 device  0 [0009:01:00] NVIDIA GH200 120GB
0: #
0: #                                                              out-of-place                       in-place          
0: #       size         count      type   redop    root     time   algbw   busbw  #wrong     time   algbw   busbw  #wrong 
0: #        (B)    (elements)                               (us)  (GB/s)  (GB/s)             (us)  (GB/s)  (GB/s)         
0:     16777216       4194304     float     sum      -1   989.60   16.95   16.95       0   764.82   21.94   21.94    N/A
0:     67108864      16777216     float     sum      -1  2923.57   22.95   22.95       0  2923.35   22.96   22.96    N/A
0:    268435456      67108864     float     sum      -1  11604.2   23.13   23.13       0  11591.4   23.16   23.16    N/A
0: # Out of bounds values : 0 OK
0: # Avg bus bandwidth    : 21.8485 
0: #
0: # Collective test concluded: sendrecv_perf_mpi
0: #
0: 

##### pass 1/8  cross nid007240:g0 <-> nid007242:g1  sendrecv
0: 
0: WARNING: FI_CXI_RDZV_PROTO=alt_read is configured, but the Slurm network is
0: not set to disable rendezvous GET. Performance/stability may be impacted.
0: 
0: Expected Slurm launch:
0:   srun --network=disable_rdzv_get ...
0: or
0:   SLURM_NETWORK=disable_rdzv_get srun ...
0: 
0: Context:
0:   SLURM_NETWORK=<unset>
0:   FI_PROVIDER=cxi
0:   FI_CXI_RDZV_PROTO=alt_read
0: 
0: # nccl-tests version 2.17.8 nccl-headers=22902 nccl-library=22903
0: # Collective test starting: sendrecv_perf_mpi
0: # nThread 1 nGpus 1 minBytes 16777216 maxBytes 268435456 step: 4(factor) warmup iters: 5 iters: 20 agg iters: 1 validation: 1 graph: 0
0: #
0: # Using devices
0: #  Rank  0 Group  0 Pid  23124 on  nid007240 device  0 [0009:01:00] NVIDIA GH200 120GB
0: #  Rank  1 Group  0 Pid 245764 on  nid007242 device  0 [0019:01:00] NVIDIA GH200 120GB
0: #
0: #                                                              out-of-place                       in-place          
0: #       size         count      type   redop    root     time   algbw   busbw  #wrong     time   algbw   busbw  #wrong 
0: #        (B)    (elements)                               (us)  (GB/s)  (GB/s)             (us)  (GB/s)  (GB/s)         
0:     16777216       4194304     float     sum      -1   776.03   21.62   21.62       0   775.27   21.64   21.64    N/A
0:     67108864      16777216     float     sum      -1  2949.01   22.76   22.76       0  2942.55   22.81   22.81    N/A
0:    268435456      67108864     float     sum      -1  11610.0   23.12   23.12       0  11611.1   23.12   23.12    N/A
0: # Out of bounds values : 0 OK
0: # Avg bus bandwidth    : 22.5104 
0: #
0: # Collective test concluded: sendrecv_perf_mpi
0: #
0: 

##### pass 1/8  cross nid007240:g0 <-> nid007242:g2  sendrecv
0: 
0: WARNING: FI_CXI_RDZV_PROTO=alt_read is configured, but the Slurm network is
0: not set to disable rendezvous GET. Performance/stability may be impacted.
0: 
0: Expected Slurm launch:
0:   srun --network=disable_rdzv_get ...
0: or
0:   SLURM_NETWORK=disable_rdzv_get srun ...
0: 
0: Context:
0:   SLURM_NETWORK=<unset>
0:   FI_PROVIDER=cxi
0:   FI_CXI_RDZV_PROTO=alt_read
0: 
0: # nccl-tests version 2.17.8 nccl-headers=22902 nccl-library=22903
0: # Collective test starting: sendrecv_perf_mpi
0: # nThread 1 nGpus 1 minBytes 16777216 maxBytes 268435456 step: 4(factor) warmup iters: 5 iters: 20 agg iters: 1 validation: 1 graph: 0
0: #
0: # Using devices
0: #  Rank  0 Group  0 Pid  24116 on  nid007240 device  0 [0009:01:00] NVIDIA GH200 120GB
0: #  Rank  1 Group  0 Pid 246767 on  nid007242 device  0 [0029:01:00] NVIDIA GH200 120GB
0: #
0: #                                                              out-of-place                       in-place          
0: #       size         count      type   redop    root     time   algbw   busbw  #wrong     time   algbw   busbw  #wrong 
0: #        (B)    (elements)                               (us)  (GB/s)  (GB/s)             (us)  (GB/s)  (GB/s)         
0:     16777216       4194304     float     sum      -1   777.04   21.59   21.59       0   774.66   21.66   21.66    N/A
0:     67108864      16777216     float     sum      -1  2947.83   22.77   22.77       0  2951.03   22.74   22.74    N/A
0:    268435456      67108864     float     sum      -1  11599.2   23.14   23.14       0  11605.5   23.13   23.13    N/A
0: # Out of bounds values : 0 OK
0: # Avg bus bandwidth    : 22.5046 
0: #
0: # Collective test concluded: sendrecv_perf_mpi
0: #
0: 

##### pass 1/8  cross nid007240:g0 <-> nid007242:g3  sendrecv
0: 
0: WARNING: FI_CXI_RDZV_PROTO=alt_read is configured, but the Slurm network is
0: not set to disable rendezvous GET. Performance/stability may be impacted.
0: 
0: Expected Slurm launch:
0:   srun --network=disable_rdzv_get ...
0: or
0:   SLURM_NETWORK=disable_rdzv_get srun ...
0: 
0: Context:
0:   SLURM_NETWORK=<unset>
0:   FI_PROVIDER=cxi
0:   FI_CXI_RDZV_PROTO=alt_read
0: 
0: # nccl-tests version 2.17.8 nccl-headers=22902 nccl-library=22903
0: # Collective test starting: sendrecv_perf_mpi
0: # nThread 1 nGpus 1 minBytes 16777216 maxBytes 268435456 step: 4(factor) warmup iters: 5 iters: 20 agg iters: 1 validation: 1 graph: 0
0: #
0: # Using devices
0: #  Rank  0 Group  0 Pid  25090 on  nid007240 device  0 [0009:01:00] NVIDIA GH200 120GB
0: #  Rank  1 Group  0 Pid 247731 on  nid007242 device  0 [0039:01:00] NVIDIA GH200 120GB
0: #
0: #                                                              out-of-place                       in-place          
0: #       size         count      type   redop    root     time   algbw   busbw  #wrong     time   algbw   busbw  #wrong 
0: #        (B)    (elements)                               (us)  (GB/s)  (GB/s)             (us)  (GB/s)  (GB/s)         
0:     16777216       4194304     float     sum      -1   775.79   21.63   21.63       0   776.07   21.62   21.62    N/A
0:     67108864      16777216     float     sum      -1  2953.55   22.72   22.72       0  2951.81   22.73   22.73    N/A
0:    268435456      67108864     float     sum      -1  11605.8   23.13   23.13       0  11618.8   23.10   23.10    N/A
0: # Out of bounds values : 0 OK
0: # Avg bus bandwidth    : 22.4889 
0: #
0: # Collective test concluded: sendrecv_perf_mpi
0: #
0: 

##### pass 1/8  cross nid007240:g1 <-> nid007242:g0  sendrecv
0: 
0: WARNING: FI_CXI_RDZV_PROTO=alt_read is configured, but the Slurm network is
0: not set to disable rendezvous GET. Performance/stability may be impacted.
0: 
0: Expected Slurm launch:
0:   srun --network=disable_rdzv_get ...
0: or
0:   SLURM_NETWORK=disable_rdzv_get srun ...
0: 
0: Context:
0:   SLURM_NETWORK=<unset>
0:   FI_PROVIDER=cxi
0:   FI_CXI_RDZV_PROTO=alt_read
0: 
0: # nccl-tests version 2.17.8 nccl-headers=22902 nccl-library=22903
0: # Collective test starting: sendrecv_perf_mpi
0: # nThread 1 nGpus 1 minBytes 16777216 maxBytes 268435456 step: 4(factor) warmup iters: 5 iters: 20 agg iters: 1 validation: 1 graph: 0
0: #
0: # Using devices
0: #  Rank  0 Group  0 Pid  26064 on  nid007240 device  0 [0019:01:00] NVIDIA GH200 120GB
0: #  Rank  1 Group  0 Pid 248668 on  nid007242 device  0 [0009:01:00] NVIDIA GH200 120GB
0: #
0: #                                                              out-of-place                       in-place          
0: #       size         count      type   redop    root     time   algbw   busbw  #wrong     time   algbw   busbw  #wrong 
0: #        (B)    (elements)                               (us)  (GB/s)  (GB/s)             (us)  (GB/s)  (GB/s)         
0:     16777216       4194304     float     sum      -1   777.52   21.58   21.58       0   776.58   21.60   21.60    N/A
0:     67108864      16777216     float     sum      -1  2952.93   22.73   22.73       0  2949.99   22.75   22.75    N/A
0:    268435456      67108864     float     sum      -1  11615.0   23.11   23.11       0  11622.9   23.10   23.10    N/A
0: # Out of bounds values : 0 OK
0: # Avg bus bandwidth    : 22.4772 
0: #
0: # Collective test concluded: sendrecv_perf_mpi
0: #
0: 

##### pass 1/8  cross nid007240:g1 <-> nid007242:g1  sendrecv
0: 
0: WARNING: FI_CXI_RDZV_PROTO=alt_read is configured, but the Slurm network is
0: not set to disable rendezvous GET. Performance/stability may be impacted.
0: 
0: Expected Slurm launch:
0:   srun --network=disable_rdzv_get ...
0: or
0:   SLURM_NETWORK=disable_rdzv_get srun ...
0: 
0: Context:
0:   SLURM_NETWORK=<unset>
0:   FI_PROVIDER=cxi
0:   FI_CXI_RDZV_PROTO=alt_read
0: 
0: # nccl-tests version 2.17.8 nccl-headers=22902 nccl-library=22903
0: # Collective test starting: sendrecv_perf_mpi
0: # nThread 1 nGpus 1 minBytes 16777216 maxBytes 268435456 step: 4(factor) warmup iters: 5 iters: 20 agg iters: 1 validation: 1 graph: 0
0: #
0: # Using devices
0: #  Rank  0 Group  0 Pid  27060 on  nid007240 device  0 [0019:01:00] NVIDIA GH200 120GB
0: #  Rank  1 Group  0 Pid 249629 on  nid007242 device  0 [0019:01:00] NVIDIA GH200 120GB
0: #
0: #                                                              out-of-place                       in-place          
0: #       size         count      type   redop    root     time   algbw   busbw  #wrong     time   algbw   busbw  #wrong 
0: #        (B)    (elements)                               (us)  (GB/s)  (GB/s)             (us)  (GB/s)  (GB/s)         
0:     16777216       4194304     float     sum      -1   785.43   21.36   21.36       0   784.21   21.39   21.39    N/A
0:     67108864      16777216     float     sum      -1  2966.07   22.63   22.63       0  2964.80   22.64   22.64    N/A
0:    268435456      67108864     float     sum      -1  11626.6   23.09   23.09       0  11627.9   23.09   23.09    N/A
0: # Out of bounds values : 0 OK
0: # Avg bus bandwidth    : 22.3647 
0: #
0: # Collective test concluded: sendrecv_perf_mpi
0: #
0: 

##### pass 1/8  cross nid007240:g1 <-> nid007242:g2  sendrecv
0: 
0: WARNING: FI_CXI_RDZV_PROTO=alt_read is configured, but the Slurm network is
0: not set to disable rendezvous GET. Performance/stability may be impacted.
0: 
0: Expected Slurm launch:
0:   srun --network=disable_rdzv_get ...
0: or
0:   SLURM_NETWORK=disable_rdzv_get srun ...
0: 
0: Context:
0:   SLURM_NETWORK=<unset>
0:   FI_PROVIDER=cxi
0:   FI_CXI_RDZV_PROTO=alt_read
0: 
0: # nccl-tests version 2.17.8 nccl-headers=22902 nccl-library=22903
0: # Collective test starting: sendrecv_perf_mpi
0: # nThread 1 nGpus 1 minBytes 16777216 maxBytes 268435456 step: 4(factor) warmup iters: 5 iters: 20 agg iters: 1 validation: 1 graph: 0
0: #
0: # Using devices
0: #  Rank  0 Group  0 Pid  28034 on  nid007240 device  0 [0019:01:00] NVIDIA GH200 120GB
0: #  Rank  1 Group  0 Pid 250572 on  nid007242 device  0 [0029:01:00] NVIDIA GH200 120GB
0: #
0: #                                                              out-of-place                       in-place          
0: #       size         count      type   redop    root     time   algbw   busbw  #wrong     time   algbw   busbw  #wrong 
0: #        (B)    (elements)                               (us)  (GB/s)  (GB/s)             (us)  (GB/s)  (GB/s)         
0:     16777216       4194304     float     sum      -1   782.17   21.45   21.45       0   784.12   21.40   21.40    N/A
0:     67108864      16777216     float     sum      -1  2964.86   22.63   22.63       0  2960.65   22.67   22.67    N/A
0:    268435456      67108864     float     sum      -1  11623.3   23.09   23.09       0  11630.2   23.08   23.08    N/A
0: # Out of bounds values : 0 OK
0: # Avg bus bandwidth    : 22.3872 
0: #
0: # Collective test concluded: sendrecv_perf_mpi
0: #
0: 

##### pass 1/8  cross nid007240:g1 <-> nid007242:g3  sendrecv
0: 
0: WARNING: FI_CXI_RDZV_PROTO=alt_read is configured, but the Slurm network is
0: not set to disable rendezvous GET. Performance/stability may be impacted.
0: 
0: Expected Slurm launch:
0:   srun --network=disable_rdzv_get ...
0: or
0:   SLURM_NETWORK=disable_rdzv_get srun ...
0: 
0: Context:
0:   SLURM_NETWORK=<unset>
0:   FI_PROVIDER=cxi
0:   FI_CXI_RDZV_PROTO=alt_read
0: 
0: # nccl-tests version 2.17.8 nccl-headers=22902 nccl-library=22903
0: # Collective test starting: sendrecv_perf_mpi
0: # nThread 1 nGpus 1 minBytes 16777216 maxBytes 268435456 step: 4(factor) warmup iters: 5 iters: 20 agg iters: 1 validation: 1 graph: 0
0: #
0: # Using devices
0: #  Rank  0 Group  0 Pid  29023 on  nid007240 device  0 [0019:01:00] NVIDIA GH200 120GB
0: #  Rank  1 Group  0 Pid 251542 on  nid007242 device  0 [0039:01:00] NVIDIA GH200 120GB
0: #
0: #                                                              out-of-place                       in-place          
0: #       size         count      type   redop    root     time   algbw   busbw  #wrong     time   algbw   busbw  #wrong 
0: #        (B)    (elements)                               (us)  (GB/s)  (GB/s)             (us)  (GB/s)  (GB/s)         
0:     16777216       4194304     float     sum      -1   785.29   21.36   21.36       0   786.03   21.34   21.34    N/A
0:     67108864      16777216     float     sum      -1  2973.11   22.57   22.57       0  2962.09   22.66   22.66    N/A
0:    268435456      67108864     float     sum      -1  11634.9   23.07   23.07       0  11634.3   23.07   23.07    N/A
0: # Out of bounds values : 0 OK
0: # Avg bus bandwidth    : 22.3468 
0: #
0: # Collective test concluded: sendrecv_perf_mpi
0: #
0: 

##### pass 1/8  cross nid007240:g2 <-> nid007242:g0  sendrecv
0: 
0: WARNING: FI_CXI_RDZV_PROTO=alt_read is configured, but the Slurm network is
0: not set to disable rendezvous GET. Performance/stability may be impacted.
0: 
0: Expected Slurm launch:
0:   srun --network=disable_rdzv_get ...
0: or
0:   SLURM_NETWORK=disable_rdzv_get srun ...
0: 
0: Context:
0:   SLURM_NETWORK=<unset>
0:   FI_PROVIDER=cxi
0:   FI_CXI_RDZV_PROTO=alt_read
0: 
0: # nccl-tests version 2.17.8 nccl-headers=22902 nccl-library=22903
0: # Collective test starting: sendrecv_perf_mpi
0: # nThread 1 nGpus 1 minBytes 16777216 maxBytes 268435456 step: 4(factor) warmup iters: 5 iters: 20 agg iters: 1 validation: 1 graph: 0
0: #
0: # Using devices
0: #  Rank  0 Group  0 Pid  29995 on  nid007240 device  0 [0029:01:00] NVIDIA GH200 120GB
0: #  Rank  1 Group  0 Pid 252498 on  nid007242 device  0 [0009:01:00] NVIDIA GH200 120GB
0: #
0: #                                                              out-of-place                       in-place          
0: #       size         count      type   redop    root     time   algbw   busbw  #wrong     time   algbw   busbw  #wrong 
0: #        (B)    (elements)                               (us)  (GB/s)  (GB/s)             (us)  (GB/s)  (GB/s)         
0:     16777216       4194304     float     sum      -1   775.89   21.62   21.62       0   779.49   21.52   21.52    N/A
0:     67108864      16777216     float     sum      -1  2955.96   22.70   22.70       0  2949.64   22.75   22.75    N/A
0:    268435456      67108864     float     sum      -1  11625.3   23.09   23.09       0  11619.6   23.10   23.10    N/A
0: # Out of bounds values : 0 OK
0: # Avg bus bandwidth    : 22.4656 
0: #
0: # Collective test concluded: sendrecv_perf_mpi
0: #
0: 

##### pass 1/8  cross nid007240:g2 <-> nid007242:g1  sendrecv
0: 
0: WARNING: FI_CXI_RDZV_PROTO=alt_read is configured, but the Slurm network is
0: not set to disable rendezvous GET. Performance/stability may be impacted.
0: 
0: Expected Slurm launch:
0:   srun --network=disable_rdzv_get ...
0: or
0:   SLURM_NETWORK=disable_rdzv_get srun ...
0: 
0: Context:
0:   SLURM_NETWORK=<unset>
0:   FI_PROVIDER=cxi
0:   FI_CXI_RDZV_PROTO=alt_read
0: 
0: # nccl-tests version 2.17.8 nccl-headers=22902 nccl-library=22903
0: # Collective test starting: sendrecv_perf_mpi
0: # nThread 1 nGpus 1 minBytes 16777216 maxBytes 268435456 step: 4(factor) warmup iters: 5 iters: 20 agg iters: 1 validation: 1 graph: 0
0: #
0: # Using devices
0: #  Rank  0 Group  0 Pid  30963 on  nid007240 device  0 [0029:01:00] NVIDIA GH200 120GB
0: #  Rank  1 Group  0 Pid 253449 on  nid007242 device  0 [0019:01:00] NVIDIA GH200 120GB
0: #
0: #                                                              out-of-place                       in-place          
0: #       size         count      type   redop    root     time   algbw   busbw  #wrong     time   algbw   busbw  #wrong 
0: #        (B)    (elements)                               (us)  (GB/s)  (GB/s)             (us)  (GB/s)  (GB/s)         
0:     16777216       4194304     float     sum      -1   783.52   21.41   21.41       0   784.60   21.38   21.38    N/A
0:     67108864      16777216     float     sum      -1  2964.22   22.64   22.64       0  2965.62   22.63   22.63    N/A
0:    268435456      67108864     float     sum      -1  11630.5   23.08   23.08       0  11634.3   23.07   23.07    N/A
0: # Out of bounds values : 0 OK
0: # Avg bus bandwidth    : 22.3696 
0: #
0: # Collective test concluded: sendrecv_perf_mpi
0: #
0: 

##### pass 1/8  cross nid007240:g2 <-> nid007242:g2  sendrecv
0: 
0: WARNING: FI_CXI_RDZV_PROTO=alt_read is configured, but the Slurm network is
0: not set to disable rendezvous GET. Performance/stability may be impacted.
0: 
0: Expected Slurm launch:
0:   srun --network=disable_rdzv_get ...
0: or
0:   SLURM_NETWORK=disable_rdzv_get srun ...
0: 
0: Context:
0:   SLURM_NETWORK=<unset>
0:   FI_PROVIDER=cxi
0:   FI_CXI_RDZV_PROTO=alt_read
0: 
0: # nccl-tests version 2.17.8 nccl-headers=22902 nccl-library=22903
0: # Collective test starting: sendrecv_perf_mpi
0: # nThread 1 nGpus 1 minBytes 16777216 maxBytes 268435456 step: 4(factor) warmup iters: 5 iters: 20 agg iters: 1 validation: 1 graph: 0
0: #
0: # Using devices
0: #  Rank  0 Group  0 Pid  31955 on  nid007240 device  0 [0029:01:00] NVIDIA GH200 120GB
0: #  Rank  1 Group  0 Pid 254412 on  nid007242 device  0 [0029:01:00] NVIDIA GH200 120GB
0: #
0: #                                                              out-of-place                       in-place          
0: #       size         count      type   redop    root     time   algbw   busbw  #wrong     time   algbw   busbw  #wrong 
0: #        (B)    (elements)                               (us)  (GB/s)  (GB/s)             (us)  (GB/s)  (GB/s)         
0:     16777216       4194304     float     sum      -1   783.32   21.42   21.42       0   783.87   21.40   21.40    N/A
0:     67108864      16777216     float     sum      -1  2972.29   22.58   22.58       0  2963.42   22.65   22.65    N/A
0:    268435456      67108864     float     sum      -1  11623.4   23.09   23.09       0  11623.9   23.09   23.09    N/A
0: # Out of bounds values : 0 OK
0: # Avg bus bandwidth    : 22.3721 
0: #
0: # Collective test concluded: sendrecv_perf_mpi
0: #
0: 

##### pass 1/8  cross nid007240:g2 <-> nid007242:g3  sendrecv
0: 
0: WARNING: FI_CXI_RDZV_PROTO=alt_read is configured, but the Slurm network is
0: not set to disable rendezvous GET. Performance/stability may be impacted.
0: 
0: Expected Slurm launch:
0:   srun --network=disable_rdzv_get ...
0: or
0:   SLURM_NETWORK=disable_rdzv_get srun ...
0: 
0: Context:
0:   SLURM_NETWORK=<unset>
0:   FI_PROVIDER=cxi
0:   FI_CXI_RDZV_PROTO=alt_read
0: 
0: # nccl-tests version 2.17.8 nccl-headers=22902 nccl-library=22903
0: # Collective test starting: sendrecv_perf_mpi
0: # nThread 1 nGpus 1 minBytes 16777216 maxBytes 268435456 step: 4(factor) warmup iters: 5 iters: 20 agg iters: 1 validation: 1 graph: 0
0: #
0: # Using devices
0: #  Rank  0 Group  0 Pid  32923 on  nid007240 device  0 [0029:01:00] NVIDIA GH200 120GB
0: #  Rank  1 Group  0 Pid 255347 on  nid007242 device  0 [0039:01:00] NVIDIA GH200 120GB
0: #
0: #                                                              out-of-place                       in-place          
0: #       size         count      type   redop    root     time   algbw   busbw  #wrong     time   algbw   busbw  #wrong 
0: #        (B)    (elements)                               (us)  (GB/s)  (GB/s)             (us)  (GB/s)  (GB/s)         
0:     16777216       4194304     float     sum      -1   782.85   21.43   21.43       0   786.34   21.34   21.34    N/A
0:     67108864      16777216     float     sum      -1  2965.91   22.63   22.63       0  2965.49   22.63   22.63    N/A
0:    268435456      67108864     float     sum      -1  11640.5   23.06   23.06       0  11640.4   23.06   23.06    N/A
0: # Out of bounds values : 0 OK
0: # Avg bus bandwidth    : 22.3574 
0: #
0: # Collective test concluded: sendrecv_perf_mpi
0: #
0: 

##### pass 1/8  cross nid007240:g3 <-> nid007242:g0  sendrecv
0: 
0: WARNING: FI_CXI_RDZV_PROTO=alt_read is configured, but the Slurm network is
0: not set to disable rendezvous GET. Performance/stability may be impacted.
0: 
0: Expected Slurm launch:
0:   srun --network=disable_rdzv_get ...
0: or
0:   SLURM_NETWORK=disable_rdzv_get srun ...
0: 
0: Context:
0:   SLURM_NETWORK=<unset>
0:   FI_PROVIDER=cxi
0:   FI_CXI_RDZV_PROTO=alt_read
0: 
0: # nccl-tests version 2.17.8 nccl-headers=22902 nccl-library=22903
0: # Collective test starting: sendrecv_perf_mpi
0: # nThread 1 nGpus 1 minBytes 16777216 maxBytes 268435456 step: 4(factor) warmup iters: 5 iters: 20 agg iters: 1 validation: 1 graph: 0
0: #
0: # Using devices
0: #  Rank  0 Group  0 Pid  33899 on  nid007240 device  0 [0039:01:00] NVIDIA GH200 120GB
0: #  Rank  1 Group  0 Pid 256301 on  nid007242 device  0 [0009:01:00] NVIDIA GH200 120GB
0: #
0: #                                                              out-of-place                       in-place          
0: #       size         count      type   redop    root     time   algbw   busbw  #wrong     time   algbw   busbw  #wrong 
0: #        (B)    (elements)                               (us)  (GB/s)  (GB/s)             (us)  (GB/s)  (GB/s)         
0:     16777216       4194304     float     sum      -1   776.07   21.62   21.62       0   778.24   21.56   21.56    N/A
0:     67108864      16777216     float     sum      -1  2953.18   22.72   22.72       0  2946.81   22.77   22.77    N/A
0:    268435456      67108864     float     sum      -1  11612.5   23.12   23.12       0  11617.9   23.11   23.11    N/A
0: # Out of bounds values : 0 OK
0: # Avg bus bandwidth    : 22.4825 
0: #
0: # Collective test concluded: sendrecv_perf_mpi
0: #
0: 

##### pass 1/8  cross nid007240:g3 <-> nid007242:g1  sendrecv
0: 
0: WARNING: FI_CXI_RDZV_PROTO=alt_read is configured, but the Slurm network is
0: not set to disable rendezvous GET. Performance/stability may be impacted.
0: 
0: Expected Slurm launch:
0:   srun --network=disable_rdzv_get ...
0: or
0:   SLURM_NETWORK=disable_rdzv_get srun ...
0: 
0: Context:
0:   SLURM_NETWORK=<unset>
0:   FI_PROVIDER=cxi
0:   FI_CXI_RDZV_PROTO=alt_read
0: 
0: # nccl-tests version 2.17.8 nccl-headers=22902 nccl-library=22903
0: # Collective test starting: sendrecv_perf_mpi
0: # nThread 1 nGpus 1 minBytes 16777216 maxBytes 268435456 step: 4(factor) warmup iters: 5 iters: 20 agg iters: 1 validation: 1 graph: 0
0: #
0: # Using devices
0: #  Rank  0 Group  0 Pid  34890 on  nid007240 device  0 [0039:01:00] NVIDIA GH200 120GB
0: #  Rank  1 Group  0 Pid 257234 on  nid007242 device  0 [0019:01:00] NVIDIA GH200 120GB
0: #
0: #                                                              out-of-place                       in-place          
0: #       size         count      type   redop    root     time   algbw   busbw  #wrong     time   algbw   busbw  #wrong 
0: #        (B)    (elements)                               (us)  (GB/s)  (GB/s)             (us)  (GB/s)  (GB/s)         
0:     16777216       4194304     float     sum      -1   781.73   21.46   21.46       0   781.43   21.47   21.47    N/A
0:     67108864      16777216     float     sum      -1  2966.42   22.62   22.62       0  2969.98   22.60   22.60    N/A
0:    268435456      67108864     float     sum      -1  11632.1   23.08   23.08       0  11634.3   23.07   23.07    N/A
0: # Out of bounds values : 0 OK
0: # Avg bus bandwidth    : 22.3833 
0: #
0: # Collective test concluded: sendrecv_perf_mpi
0: #
0: 

##### pass 1/8  cross nid007240:g3 <-> nid007242:g2  sendrecv
0: 
0: WARNING: FI_CXI_RDZV_PROTO=alt_read is configured, but the Slurm network is
0: not set to disable rendezvous GET. Performance/stability may be impacted.
0: 
0: Expected Slurm launch:
0:   srun --network=disable_rdzv_get ...
0: or
0:   SLURM_NETWORK=disable_rdzv_get srun ...
0: 
0: Context:
0:   SLURM_NETWORK=<unset>
0:   FI_PROVIDER=cxi
0:   FI_CXI_RDZV_PROTO=alt_read
0: 
0: # nccl-tests version 2.17.8 nccl-headers=22902 nccl-library=22903
0: # Collective test starting: sendrecv_perf_mpi
0: # nThread 1 nGpus 1 minBytes 16777216 maxBytes 268435456 step: 4(factor) warmup iters: 5 iters: 20 agg iters: 1 validation: 1 graph: 0
0: #
0: # Using devices
0: #  Rank  0 Group  0 Pid  35956 on  nid007240 device  0 [0039:01:00] NVIDIA GH200 120GB
0: #  Rank  1 Group  0 Pid 258173 on  nid007242 device  0 [0029:01:00] NVIDIA GH200 120GB
0: #
0: #                                                              out-of-place                       in-place          
0: #       size         count      type   redop    root     time   algbw   busbw  #wrong     time   algbw   busbw  #wrong 
0: #        (B)    (elements)                               (us)  (GB/s)  (GB/s)             (us)  (GB/s)  (GB/s)         
0:     16777216       4194304     float     sum      -1   782.56   21.44   21.44       0   786.29   21.34   21.34    N/A
0:     67108864      16777216     float     sum      -1  2969.63   22.60   22.60       0  2962.51   22.65   22.65    N/A
0:    268435456      67108864     float     sum      -1  11619.9   23.10   23.10       0  11622.0   23.10   23.10    N/A
0: # Out of bounds values : 0 OK
0: # Avg bus bandwidth    : 22.371 
0: #
0: # Collective test concluded: sendrecv_perf_mpi
0: #
0: 

##### pass 1/8  cross nid007240:g3 <-> nid007242:g3  sendrecv
srun: Step created for StepId=3168416.15
0: 
0: WARNING: FI_CXI_RDZV_PROTO=alt_read is configured, but the Slurm network is
0: not set to disable rendezvous GET. Performance/stability may be impacted.
0: 
0: Expected Slurm launch:
0:   srun --network=disable_rdzv_get ...
0: or
0:   SLURM_NETWORK=disable_rdzv_get srun ...
0: 
0: Context:
0:   SLURM_NETWORK=<unset>
0:   FI_PROVIDER=cxi
0:   FI_CXI_RDZV_PROTO=alt_read
0: 
0: # nccl-tests version 2.17.8 nccl-headers=22902 nccl-library=22903
0: # Collective test starting: sendrecv_perf_mpi
0: # nThread 1 nGpus 1 minBytes 16777216 maxBytes 268435456 step: 4(factor) warmup iters: 5 iters: 20 agg iters: 1 validation: 1 graph: 0
0: #
0: # Using devices
0: #  Rank  0 Group  0 Pid  37007 on  nid007240 device  0 [0039:01:00] NVIDIA GH200 120GB
0: #  Rank  1 Group  0 Pid 259129 on  nid007242 device  0 [0039:01:00] NVIDIA GH200 120GB
0: #
0: #                                                              out-of-place                       in-place          
0: #       size         count      type   redop    root     time   algbw   busbw  #wrong     time   algbw   busbw  #wrong 
0: #        (B)    (elements)                               (us)  (GB/s)  (GB/s)             (us)  (GB/s)  (GB/s)         
0:     16777216       4194304     float     sum      -1   784.23   21.39   21.39       0   781.90   21.46   21.46    N/A
0:     67108864      16777216     float     sum      -1  2969.09   22.60   22.60       0  2973.30   22.57   22.57    N/A
0:    268435456      67108864     float     sum      -1  11635.9   23.07   23.07       0  11637.5   23.07   23.07    N/A
0: # Out of bounds values : 0 OK
0: # Avg bus bandwidth    : 22.3598 
0: #
0: # Collective test concluded: sendrecv_perf_mpi
0: #
0: 

##### pass 2/8  cross nid007240:g0 <-> nid007242:g0  sendrecv
0: 
0: WARNING: FI_CXI_RDZV_PROTO=alt_read is configured, but the Slurm network is
0: not set to disable rendezvous GET. Performance/stability may be impacted.
0: 
0: Expected Slurm launch:
0:   srun --network=disable_rdzv_get ...
0: or
0:   SLURM_NETWORK=disable_rdzv_get srun ...
0: 
0: Context:
0:   SLURM_NETWORK=<unset>
0:   FI_PROVIDER=cxi
0:   FI_CXI_RDZV_PROTO=alt_read
0: 
0: # nccl-tests version 2.17.8 nccl-headers=22902 nccl-library=22903
0: # Collective test starting: sendrecv_perf_mpi
0: # nThread 1 nGpus 1 minBytes 16777216 maxBytes 268435456 step: 4(factor) warmup iters: 5 iters: 20 agg iters: 1 validation: 1 graph: 0
0: #
0: # Using devices
0: #  Rank  0 Group  0 Pid  38000 on  nid007240 device  0 [0009:01:00] NVIDIA GH200 120GB
0: #  Rank  1 Group  0 Pid 260065 on  nid007242 device  0 [0009:01:00] NVIDIA GH200 120GB
0: #
0: #                                                              out-of-place                       in-place          
0: #       size         count      type   redop    root     time   algbw   busbw  #wrong     time   algbw   busbw  #wrong 
0: #        (B)    (elements)                               (us)  (GB/s)  (GB/s)             (us)  (GB/s)  (GB/s)         
0:     16777216       4194304     float     sum      -1   762.00   22.02   22.02       0   770.05   21.79   21.79    N/A
0:     67108864      16777216     float     sum      -1  2945.15   22.79   22.79       0  2937.70   22.84   22.84    N/A
0:    268435456      67108864     float     sum      -1  11603.6   23.13   23.13       0  11600.8   23.14   23.14    N/A
0: # Out of bounds values : 0 OK
0: # Avg bus bandwidth    : 22.618 
0: #
0: # Collective test concluded: sendrecv_perf_mpi
0: #
0: 

##### pass 2/8  cross nid007240:g0 <-> nid007242:g1  sendrecv
0: 
0: WARNING: FI_CXI_RDZV_PROTO=alt_read is configured, but the Slurm network is
0: not set to disable rendezvous GET. Performance/stability may be impacted.
0: 
0: Expected Slurm launch:
0:   srun --network=disable_rdzv_get ...
0: or
0:   SLURM_NETWORK=disable_rdzv_get srun ...
0: 
0: Context:
0:   SLURM_NETWORK=<unset>
0:   FI_PROVIDER=cxi
0:   FI_CXI_RDZV_PROTO=alt_read
0: 
0: # nccl-tests version 2.17.8 nccl-headers=22902 nccl-library=22903
0: # Collective test starting: sendrecv_perf_mpi
0: # nThread 1 nGpus 1 minBytes 16777216 maxBytes 268435456 step: 4(factor) warmup iters: 5 iters: 20 agg iters: 1 validation: 1 graph: 0
0: #
0: # Using devices
0: #  Rank  0 Group  0 Pid  38964 on  nid007240 device  0 [0009:01:00] NVIDIA GH200 120GB
0: #  Rank  1 Group  0 Pid 261003 on  nid007242 device  0 [0019:01:00] NVIDIA GH200 120GB
0: #
0: #                                                              out-of-place                       in-place          
0: #       size         count      type   redop    root     time   algbw   busbw  #wrong     time   algbw   busbw  #wrong 
0: #        (B)    (elements)                               (us)  (GB/s)  (GB/s)             (us)  (GB/s)  (GB/s)         
0:     16777216       4194304     float     sum      -1   776.88   21.60   21.60       0   775.91   21.62   21.62    N/A
0:     67108864      16777216     float     sum      -1  2950.84   22.74   22.74       0  2946.67   22.77   22.77    N/A
0:    268435456      67108864     float     sum      -1  11602.6   23.14   23.14       0  11602.6   23.14   23.14    N/A
0: # Out of bounds values : 0 OK
0: # Avg bus bandwidth    : 22.5011 
0: #
0: # Collective test concluded: sendrecv_perf_mpi
0: #
0: 

##### pass 2/8  cross nid007240:g0 <-> nid007242:g2  sendrecv
0: 
0: WARNING: FI_CXI_RDZV_PROTO=alt_read is configured, but the Slurm network is
0: not set to disable rendezvous GET. Performance/stability may be impacted.
0: 
0: Expected Slurm launch:
0:   srun --network=disable_rdzv_get ...
0: or
0:   SLURM_NETWORK=disable_rdzv_get srun ...
0: 
0: Context:
0:   SLURM_NETWORK=<unset>
0:   FI_PROVIDER=cxi
0:   FI_CXI_RDZV_PROTO=alt_read
0: 
0: # nccl-tests version 2.17.8 nccl-headers=22902 nccl-library=22903
0: # Collective test starting: sendrecv_perf_mpi
0: # nThread 1 nGpus 1 minBytes 16777216 maxBytes 268435456 step: 4(factor) warmup iters: 5 iters: 20 agg iters: 1 validation: 1 graph: 0
0: #
0: # Using devices
0: #  Rank  0 Group  0 Pid  39948 on  nid007240 device  0 [0009:01:00] NVIDIA GH200 120GB
0: #  Rank  1 Group  0 Pid 261961 on  nid007242 device  0 [0029:01:00] NVIDIA GH200 120GB
0: #
0: #                                                              out-of-place                       in-place          
0: #       size         count      type   redop    root     time   algbw   busbw  #wrong     time   algbw   busbw  #wrong 
0: #        (B)    (elements)                               (us)  (GB/s)  (GB/s)             (us)  (GB/s)  (GB/s)         
0:     16777216       4194304     float     sum      -1   777.26   21.59   21.59       0   774.46   21.66   21.66    N/A
0:     67108864      16777216     float     sum      -1  2951.12   22.74   22.74       0  2945.51   22.78   22.78    N/A
0:    268435456      67108864     float     sum      -1  11613.7   23.11   23.11       0  11603.0   23.14   23.14    N/A
0: # Out of bounds values : 0 OK
0: # Avg bus bandwidth    : 22.5034 
0: #
0: # Collective test concluded: sendrecv_perf_mpi
0: #
0: 

##### pass 2/8  cross nid007240:g0 <-> nid007242:g3  sendrecv
0: 
0: WARNING: FI_CXI_RDZV_PROTO=alt_read is configured, but the Slurm network is
0: not set to disable rendezvous GET. Performance/stability may be impacted.
0: 
0: Expected Slurm launch:
0:   srun --network=disable_rdzv_get ...
0: or
0:   SLURM_NETWORK=disable_rdzv_get srun ...
0: 
0: Context:
0:   SLURM_NETWORK=<unset>
0:   FI_PROVIDER=cxi
0:   FI_CXI_RDZV_PROTO=alt_read
0: 
0: # nccl-tests version 2.17.8 nccl-headers=22902 nccl-library=22903
0: # Collective test starting: sendrecv_perf_mpi
0: # nThread 1 nGpus 1 minBytes 16777216 maxBytes 268435456 step: 4(factor) warmup iters: 5 iters: 20 agg iters: 1 validation: 1 graph: 0
0: #
0: # Using devices
0: #  Rank  0 Group  0 Pid  40912 on  nid007240 device  0 [0009:01:00] NVIDIA GH200 120GB
0: #  Rank  1 Group  0 Pid 262893 on  nid007242 device  0 [0039:01:00] NVIDIA GH200 120GB
0: #
0: #                                                              out-of-place                       in-place          
0: #       size         count      type   redop    root     time   algbw   busbw  #wrong     time   algbw   busbw  #wrong 
0: #        (B)    (elements)                               (us)  (GB/s)  (GB/s)             (us)  (GB/s)  (GB/s)         
0:     16777216       4194304     float     sum      -1   776.15   21.62   21.62       0   775.98   21.62   21.62    N/A
0:     67108864      16777216     float     sum      -1  2950.37   22.75   22.75       0  2952.19   22.73   22.73    N/A
0:    268435456      67108864     float     sum      -1  11610.1   23.12   23.12       0  11611.7   23.12   23.12    N/A
0: # Out of bounds values : 0 OK
0: # Avg bus bandwidth    : 22.4922 
0: #
0: # Collective test concluded: sendrecv_perf_mpi
0: #
0: 

##### pass 2/8  cross nid007240:g1 <-> nid007242:g0  sendrecv
0: 
0: WARNING: FI_CXI_RDZV_PROTO=alt_read is configured, but the Slurm network is
0: not set to disable rendezvous GET. Performance/stability may be impacted.
0: 
0: Expected Slurm launch:
0:   srun --network=disable_rdzv_get ...
0: or
0:   SLURM_NETWORK=disable_rdzv_get srun ...
0: 
0: Context:
0:   SLURM_NETWORK=<unset>
0:   FI_PROVIDER=cxi
0:   FI_CXI_RDZV_PROTO=alt_read
0: 
0: # nccl-tests version 2.17.8 nccl-headers=22902 nccl-library=22903
0: # Collective test starting: sendrecv_perf_mpi
0: # nThread 1 nGpus 1 minBytes 16777216 maxBytes 268435456 step: 4(factor) warmup iters: 5 iters: 20 agg iters: 1 validation: 1 graph: 0
0: #
0: # Using devices
0: #  Rank  0 Group  0 Pid  41882 on  nid007240 device  0 [0019:01:00] NVIDIA GH200 120GB
0: #  Rank  1 Group  0 Pid 263869 on  nid007242 device  0 [0009:01:00] NVIDIA GH200 120GB
0: #
0: #                                                              out-of-place                       in-place          
0: #       size         count      type   redop    root     time   algbw   busbw  #wrong     time   algbw   busbw  #wrong 
0: #        (B)    (elements)                               (us)  (GB/s)  (GB/s)             (us)  (GB/s)  (GB/s)         
0:     16777216       4194304     float     sum      -1   778.72   21.54   21.54       0   776.75   21.60   21.60    N/A
0:     67108864      16777216     float     sum      -1  2948.78   22.76   22.76       0  2948.17   22.76   22.76    N/A
0:    268435456      67108864     float     sum      -1  11613.7   23.11   23.11       0  11610.9   23.12   23.12    N/A
0: # Out of bounds values : 0 OK
0: # Avg bus bandwidth    : 22.483 
0: #
0: # Collective test concluded: sendrecv_perf_mpi
0: #
0: 

##### pass 2/8  cross nid007240:g1 <-> nid007242:g1  sendrecv
0: 
0: WARNING: FI_CXI_RDZV_PROTO=alt_read is configured, but the Slurm network is
0: not set to disable rendezvous GET. Performance/stability may be impacted.
0: 
0: Expected Slurm launch:
0:   srun --network=disable_rdzv_get ...
0: or
0:   SLURM_NETWORK=disable_rdzv_get srun ...
0: 
0: Context:
0:   SLURM_NETWORK=<unset>
0:   FI_PROVIDER=cxi
0:   FI_CXI_RDZV_PROTO=alt_read
0: 
0: # nccl-tests version 2.17.8 nccl-headers=22902 nccl-library=22903
0: # Collective test starting: sendrecv_perf_mpi
0: # nThread 1 nGpus 1 minBytes 16777216 maxBytes 268435456 step: 4(factor) warmup iters: 5 iters: 20 agg iters: 1 validation: 1 graph: 0
0: #
0: # Using devices
0: #  Rank  0 Group  0 Pid  42870 on  nid007240 device  0 [0019:01:00] NVIDIA GH200 120GB
0: #  Rank  1 Group  0 Pid 264804 on  nid007242 device  0 [0019:01:00] NVIDIA GH200 120GB
0: #
0: #                                                              out-of-place                       in-place          
0: #       size         count      type   redop    root     time   algbw   busbw  #wrong     time   algbw   busbw  #wrong 
0: #        (B)    (elements)                               (us)  (GB/s)  (GB/s)             (us)  (GB/s)  (GB/s)         
0:     16777216       4194304     float     sum      -1   782.05   21.45   21.45       0   781.58   21.47   21.47    N/A
0:     67108864      16777216     float     sum      -1  2960.77   22.67   22.67       0  2963.39   22.65   22.65    N/A
0:    268435456      67108864     float     sum      -1  11622.5   23.10   23.10       0  11632.3   23.08   23.08    N/A
0: # Out of bounds values : 0 OK
0: # Avg bus bandwidth    : 22.4006 
0: #
0: # Collective test concluded: sendrecv_perf_mpi
0: #
0: 

##### pass 2/8  cross nid007240:g1 <-> nid007242:g2  sendrecv
0: 
0: WARNING: FI_CXI_RDZV_PROTO=alt_read is configured, but the Slurm network is
0: not set to disable rendezvous GET. Performance/stability may be impacted.
0: 
0: Expected Slurm launch:
0:   srun --network=disable_rdzv_get ...
0: or
0:   SLURM_NETWORK=disable_rdzv_get srun ...
0: 
0: Context:
0:   SLURM_NETWORK=<unset>
0:   FI_PROVIDER=cxi
0:   FI_CXI_RDZV_PROTO=alt_read
0: 
0: # nccl-tests version 2.17.8 nccl-headers=22902 nccl-library=22903
0: # Collective test starting: sendrecv_perf_mpi
0: # nThread 1 nGpus 1 minBytes 16777216 maxBytes 268435456 step: 4(factor) warmup iters: 5 iters: 20 agg iters: 1 validation: 1 graph: 0
0: #
0: # Using devices
0: #  Rank  0 Group  0 Pid  43842 on  nid007240 device  0 [0019:01:00] NVIDIA GH200 120GB
0: #  Rank  1 Group  0 Pid 265736 on  nid007242 device  0 [0029:01:00] NVIDIA GH200 120GB
0: #
0: #                                                              out-of-place                       in-place          
0: #       size         count      type   redop    root     time   algbw   busbw  #wrong     time   algbw   busbw  #wrong 
0: #        (B)    (elements)                               (us)  (GB/s)  (GB/s)             (us)  (GB/s)  (GB/s)         
0:     16777216       4194304     float     sum      -1   781.82   21.46   21.46       0   786.15   21.34   21.34    N/A
0:     67108864      16777216     float     sum      -1  2968.72   22.61   22.61       0  2960.81   22.67   22.67    N/A
0:    268435456      67108864     float     sum      -1  11625.9   23.09   23.09       0  11631.6   23.08   23.08    N/A
0: # Out of bounds values : 0 OK
0: # Avg bus bandwidth    : 22.3732 
0: #
0: # Collective test concluded: sendrecv_perf_mpi
0: #
0: 

##### pass 2/8  cross nid007240:g1 <-> nid007242:g3  sendrecv
0: 
0: WARNING: FI_CXI_RDZV_PROTO=alt_read is configured, but the Slurm network is
0: not set to disable rendezvous GET. Performance/stability may be impacted.
0: 
0: Expected Slurm launch:
0:   srun --network=disable_rdzv_get ...
0: or
0:   SLURM_NETWORK=disable_rdzv_get srun ...
0: 
0: Context:
0:   SLURM_NETWORK=<unset>
0:   FI_PROVIDER=cxi
0:   FI_CXI_RDZV_PROTO=alt_read
0: 
0: # nccl-tests version 2.17.8 nccl-headers=22902 nccl-library=22903
0: # Collective test starting: sendrecv_perf_mpi
0: # nThread 1 nGpus 1 minBytes 16777216 maxBytes 268435456 step: 4(factor) warmup iters: 5 iters: 20 agg iters: 1 validation: 1 graph: 0
0: #
0: # Using devices
0: #  Rank  0 Group  0 Pid  44827 on  nid007240 device  0 [0019:01:00] NVIDIA GH200 120GB
0: #  Rank  1 Group  0 Pid 266699 on  nid007242 device  0 [0039:01:00] NVIDIA GH200 120GB
0: #
0: #                                                              out-of-place                       in-place          
0: #       size         count      type   redop    root     time   algbw   busbw  #wrong     time   algbw   busbw  #wrong 
0: #        (B)    (elements)                               (us)  (GB/s)  (GB/s)             (us)  (GB/s)  (GB/s)         
0:     16777216       4194304     float     sum      -1   782.84   21.43   21.43       0   784.81   21.38   21.38    N/A
0:     67108864      16777216     float     sum      -1  2965.65   22.63   22.63       0  2962.28   22.65   22.65    N/A
0:    268435456      67108864     float     sum      -1  11632.8   23.08   23.08       0  11632.8   23.08   23.08    N/A
0: # Out of bounds values : 0 OK
0: # Avg bus bandwidth    : 22.3739 
0: #
0: # Collective test concluded: sendrecv_perf_mpi
0: #
0: 

##### pass 2/8  cross nid007240:g2 <-> nid007242:g0  sendrecv
0: 
0: WARNING: FI_CXI_RDZV_PROTO=alt_read is configured, but the Slurm network is
0: not set to disable rendezvous GET. Performance/stability may be impacted.
0: 
0: Expected Slurm launch:
0:   srun --network=disable_rdzv_get ...
0: or
0:   SLURM_NETWORK=disable_rdzv_get srun ...
0: 
0: Context:
0:   SLURM_NETWORK=<unset>
0:   FI_PROVIDER=cxi
0:   FI_CXI_RDZV_PROTO=alt_read
0: 
0: # nccl-tests version 2.17.8 nccl-headers=22902 nccl-library=22903
0: # Collective test starting: sendrecv_perf_mpi
0: # nThread 1 nGpus 1 minBytes 16777216 maxBytes 268435456 step: 4(factor) warmup iters: 5 iters: 20 agg iters: 1 validation: 1 graph: 0
0: #
0: # Using devices
0: #  Rank  0 Group  0 Pid  45799 on  nid007240 device  0 [0029:01:00] NVIDIA GH200 120GB
0: #  Rank  1 Group  0 Pid 267644 on  nid007242 device  0 [0009:01:00] NVIDIA GH200 120GB
0: #
0: #                                                              out-of-place                       in-place          
0: #       size         count      type   redop    root     time   algbw   busbw  #wrong     time   algbw   busbw  #wrong 
0: #        (B)    (elements)                               (us)  (GB/s)  (GB/s)             (us)  (GB/s)  (GB/s)         
0:     16777216       4194304     float     sum      -1   777.17   21.59   21.59       0   775.90   21.62   21.62    N/A
0:     67108864      16777216     float     sum      -1  2956.69   22.70   22.70       0  2950.62   22.74   22.74    N/A
0:    268435456      67108864     float     sum      -1  11610.2   23.12   23.12       0  11617.1   23.11   23.11    N/A
0: # Out of bounds values : 0 OK
0: # Avg bus bandwidth    : 22.4799 
0: #
0: # Collective test concluded: sendrecv_perf_mpi
0: #
0: 

##### pass 2/8  cross nid007240:g2 <-> nid007242:g1  sendrecv
0: 
0: WARNING: FI_CXI_RDZV_PROTO=alt_read is configured, but the Slurm network is
0: not set to disable rendezvous GET. Performance/stability may be impacted.
0: 
0: Expected Slurm launch:
0:   srun --network=disable_rdzv_get ...
0: or
0:   SLURM_NETWORK=disable_rdzv_get srun ...
0: 
0: Context:
0:   SLURM_NETWORK=<unset>
0:   FI_PROVIDER=cxi
0:   FI_CXI_RDZV_PROTO=alt_read
0: 
0: # nccl-tests version 2.17.8 nccl-headers=22902 nccl-library=22903
0: # Collective test starting: sendrecv_perf_mpi
0: # nThread 1 nGpus 1 minBytes 16777216 maxBytes 268435456 step: 4(factor) warmup iters: 5 iters: 20 agg iters: 1 validation: 1 graph: 0
0: #
0: # Using devices
0: #  Rank  0 Group  0 Pid  46792 on  nid007240 device  0 [0029:01:00] NVIDIA GH200 120GB
0: #  Rank  1 Group  0 Pid 268598 on  nid007242 device  0 [0019:01:00] NVIDIA GH200 120GB
0: #
0: #                                                              out-of-place                       in-place          
0: #       size         count      type   redop    root     time   algbw   busbw  #wrong     time   algbw   busbw  #wrong 
0: #        (B)    (elements)                               (us)  (GB/s)  (GB/s)             (us)  (GB/s)  (GB/s)         
0:     16777216       4194304     float     sum      -1   786.05   21.34   21.34       0   780.76   21.49   21.49    N/A
0:     67108864      16777216     float     sum      -1  2964.56   22.64   22.64       0  2965.56   22.63   22.63    N/A
0:    268435456      67108864     float     sum      -1  11630.0   23.08   23.08       0  11627.5   23.09   23.09    N/A
0: # Out of bounds values : 0 OK
0: # Avg bus bandwidth    : 22.3777 
0: #
0: # Collective test concluded: sendrecv_perf_mpi
0: #
0: 

##### pass 2/8  cross nid007240:g2 <-> nid007242:g2  sendrecv
0: 
0: WARNING: FI_CXI_RDZV_PROTO=alt_read is configured, but the Slurm network is
0: not set to disable rendezvous GET. Performance/stability may be impacted.
0: 
0: Expected Slurm launch:
0:   srun --network=disable_rdzv_get ...
0: or
0:   SLURM_NETWORK=disable_rdzv_get srun ...
0: 
0: Context:
0:   SLURM_NETWORK=<unset>
0:   FI_PROVIDER=cxi
0:   FI_CXI_RDZV_PROTO=alt_read
0: 
0: # nccl-tests version 2.17.8 nccl-headers=22902 nccl-library=22903
0: # Collective test starting: sendrecv_perf_mpi
0: # nThread 1 nGpus 1 minBytes 16777216 maxBytes 268435456 step: 4(factor) warmup iters: 5 iters: 20 agg iters: 1 validation: 1 graph: 0
0: #
0: # Using devices
0: #  Rank  0 Group  0 Pid  47784 on  nid007240 device  0 [0029:01:00] NVIDIA GH200 120GB
0: #  Rank  1 Group  0 Pid 269566 on  nid007242 device  0 [0029:01:00] NVIDIA GH200 120GB
0: #
0: #                                                              out-of-place                       in-place          
0: #       size         count      type   redop    root     time   algbw   busbw  #wrong     time   algbw   busbw  #wrong 
0: #        (B)    (elements)                               (us)  (GB/s)  (GB/s)             (us)  (GB/s)  (GB/s)         
0:     16777216       4194304     float     sum      -1   786.50   21.33   21.33       0   784.65   21.38   21.38    N/A
0:     67108864      16777216     float     sum      -1  2974.39   22.56   22.56       0  2967.17   22.62   22.62    N/A
0:    268435456      67108864     float     sum      -1  11629.8   23.08   23.08       0  11635.2   23.07   23.07    N/A
0: # Out of bounds values : 0 OK
0: # Avg bus bandwidth    : 22.3409 
0: #
0: # Collective test concluded: sendrecv_perf_mpi
0: #
0: 

##### pass 2/8  cross nid007240:g2 <-> nid007242:g3  sendrecv
0: 
0: WARNING: FI_CXI_RDZV_PROTO=alt_read is configured, but the Slurm network is
0: not set to disable rendezvous GET. Performance/stability may be impacted.
0: 
0: Expected Slurm launch:
0:   srun --network=disable_rdzv_get ...
0: or
0:   SLURM_NETWORK=disable_rdzv_get srun ...
0: 
0: Context:
0:   SLURM_NETWORK=<unset>
0:   FI_PROVIDER=cxi
0:   FI_CXI_RDZV_PROTO=alt_read
0: 
0: # nccl-tests version 2.17.8 nccl-headers=22902 nccl-library=22903
0: # Collective test starting: sendrecv_perf_mpi
0: # nThread 1 nGpus 1 minBytes 16777216 maxBytes 268435456 step: 4(factor) warmup iters: 5 iters: 20 agg iters: 1 validation: 1 graph: 0
0: #
0: # Using devices
0: #  Rank  0 Group  0 Pid  48758 on  nid007240 device  0 [0029:01:00] NVIDIA GH200 120GB
0: #  Rank  1 Group  0 Pid 270501 on  nid007242 device  0 [0039:01:00] NVIDIA GH200 120GB
0: #
0: #                                                              out-of-place                       in-place          
0: #       size         count      type   redop    root     time   algbw   busbw  #wrong     time   algbw   busbw  #wrong 
0: #        (B)    (elements)                               (us)  (GB/s)  (GB/s)             (us)  (GB/s)  (GB/s)         
0:     16777216       4194304     float     sum      -1   788.34   21.28   21.28       0   788.19   21.29   21.29    N/A
0:     67108864      16777216     float     sum      -1  2966.78   22.62   22.62       0  2963.09   22.65   22.65    N/A
0:    268435456      67108864     float     sum      -1  11635.3   23.07   23.07       0  11637.0   23.07   23.07    N/A
0: # Out of bounds values : 0 OK
0: # Avg bus bandwidth    : 22.329 
0: #
0: # Collective test concluded: sendrecv_perf_mpi
0: #
0: 

##### pass 2/8  cross nid007240:g3 <-> nid007242:g0  sendrecv
0: 
0: WARNING: FI_CXI_RDZV_PROTO=alt_read is configured, but the Slurm network is
0: not set to disable rendezvous GET. Performance/stability may be impacted.
0: 
0: Expected Slurm launch:
0:   srun --network=disable_rdzv_get ...
0: or
0:   SLURM_NETWORK=disable_rdzv_get srun ...
0: 
0: Context:
0:   SLURM_NETWORK=<unset>
0:   FI_PROVIDER=cxi
0:   FI_CXI_RDZV_PROTO=alt_read
0: 
0: # nccl-tests version 2.17.8 nccl-headers=22902 nccl-library=22903
0: # Collective test starting: sendrecv_perf_mpi
0: # nThread 1 nGpus 1 minBytes 16777216 maxBytes 268435456 step: 4(factor) warmup iters: 5 iters: 20 agg iters: 1 validation: 1 graph: 0
0: #
0: # Using devices
0: #  Rank  0 Group  0 Pid  49730 on  nid007240 device  0 [0039:01:00] NVIDIA GH200 120GB
0: #  Rank  1 Group  0 Pid 271505 on  nid007242 device  0 [0009:01:00] NVIDIA GH200 120GB
0: #
0: #                                                              out-of-place                       in-place          
0: #       size         count      type   redop    root     time   algbw   busbw  #wrong     time   algbw   busbw  #wrong 
0: #        (B)    (elements)                               (us)  (GB/s)  (GB/s)             (us)  (GB/s)  (GB/s)         
0:     16777216       4194304     float     sum      -1   775.09   21.65   21.65       0   776.44   21.61   21.61    N/A
0:     67108864      16777216     float     sum      -1  2952.49   22.73   22.73       0  2952.30   22.73   22.73    N/A
0:    268435456      67108864     float     sum      -1  11620.5   23.10   23.10       0  11612.0   23.12   23.12    N/A
0: # Out of bounds values : 0 OK
0: # Avg bus bandwidth    : 22.4886 
0: #
0: # Collective test concluded: sendrecv_perf_mpi
0: #
0: 

##### pass 2/8  cross nid007240:g3 <-> nid007242:g1  sendrecv
srun: Step created for StepId=3168416.29
0: 
0: WARNING: FI_CXI_RDZV_PROTO=alt_read is configured, but the Slurm network is
0: not set to disable rendezvous GET. Performance/stability may be impacted.
0: 
0: Expected Slurm launch:
0:   srun --network=disable_rdzv_get ...
0: or
0:   SLURM_NETWORK=disable_rdzv_get srun ...
0: 
0: Context:
0:   SLURM_NETWORK=<unset>
0:   FI_PROVIDER=cxi
0:   FI_CXI_RDZV_PROTO=alt_read
0: 
0: # nccl-tests version 2.17.8 nccl-headers=22902 nccl-library=22903
0: # Collective test starting: sendrecv_perf_mpi
0: # nThread 1 nGpus 1 minBytes 16777216 maxBytes 268435456 step: 4(factor) warmup iters: 5 iters: 20 agg iters: 1 validation: 1 graph: 0
0: #
0: # Using devices
0: #  Rank  0 Group  0 Pid  50727 on  nid007240 device  0 [0039:01:00] NVIDIA GH200 120GB
0: #  Rank  1 Group  0 Pid 272443 on  nid007242 device  0 [0019:01:00] NVIDIA GH200 120GB
0: #
0: #                                                              out-of-place                       in-place          
0: #       size         count      type   redop    root     time   algbw   busbw  #wrong     time   algbw   busbw  #wrong 
0: #        (B)    (elements)                               (us)  (GB/s)  (GB/s)             (us)  (GB/s)  (GB/s)         
0:     16777216       4194304     float     sum      -1   784.84   21.38   21.38       0   782.82   21.43   21.43    N/A
0:     67108864      16777216     float     sum      -1  2972.20   22.58   22.58       0  2965.34   22.63   22.63    N/A
0:    268435456      67108864     float     sum      -1  11629.8   23.08   23.08       0  11630.0   23.08   23.08    N/A
0: # Out of bounds values : 0 OK
0: # Avg bus bandwidth    : 22.3636 
0: #
0: # Collective test concluded: sendrecv_perf_mpi
0: #
0: 

##### pass 2/8  cross nid007240:g3 <-> nid007242:g2  sendrecv
0: 
0: WARNING: FI_CXI_RDZV_PROTO=alt_read is configured, but the Slurm network is
0: not set to disable rendezvous GET. Performance/stability may be impacted.
0: 
0: Expected Slurm launch:
0:   srun --network=disable_rdzv_get ...
0: or
0:   SLURM_NETWORK=disable_rdzv_get srun ...
0: 
0: Context:
0:   SLURM_NETWORK=<unset>
0:   FI_PROVIDER=cxi
0:   FI_CXI_RDZV_PROTO=alt_read
0: 
0: # nccl-tests version 2.17.8 nccl-headers=22902 nccl-library=22903
0: # Collective test starting: sendrecv_perf_mpi
0: # nThread 1 nGpus 1 minBytes 16777216 maxBytes 268435456 step: 4(factor) warmup iters: 5 iters: 20 agg iters: 1 validation: 1 graph: 0
0: #
0: # Using devices
0: #  Rank  0 Group  0 Pid  51697 on  nid007240 device  0 [0039:01:00] NVIDIA GH200 120GB
0: #  Rank  1 Group  0 Pid 273379 on  nid007242 device  0 [0029:01:00] NVIDIA GH200 120GB
0: #
0: #                                                              out-of-place                       in-place          
0: #       size         count      type   redop    root     time   algbw   busbw  #wrong     time   algbw   busbw  #wrong 
0: #        (B)    (elements)                               (us)  (GB/s)  (GB/s)             (us)  (GB/s)  (GB/s)         
0:     16777216       4194304     float     sum      -1   785.50   21.36   21.36       0   785.27   21.36   21.36    N/A
0:     67108864      16777216     float     sum      -1  2965.04   22.63   22.63       0  2956.32   22.70   22.70    N/A
0:    268435456      67108864     float     sum      -1  11623.5   23.09   23.09       0  11628.1   23.09   23.09    N/A
0: # Out of bounds values : 0 OK
0: # Avg bus bandwidth    : 22.3727 
0: #
0: # Collective test concluded: sendrecv_perf_mpi
0: #
0: 

##### pass 2/8  cross nid007240:g3 <-> nid007242:g3  sendrecv
0: 
0: WARNING: FI_CXI_RDZV_PROTO=alt_read is configured, but the Slurm network is
0: not set to disable rendezvous GET. Performance/stability may be impacted.
0: 
0: Expected Slurm launch:
0:   srun --network=disable_rdzv_get ...
0: or
0:   SLURM_NETWORK=disable_rdzv_get srun ...
0: 
0: Context:
0:   SLURM_NETWORK=<unset>
0:   FI_PROVIDER=cxi
0:   FI_CXI_RDZV_PROTO=alt_read
0: 
0: # nccl-tests version 2.17.8 nccl-headers=22902 nccl-library=22903
0: # Collective test starting: sendrecv_perf_mpi
0: # nThread 1 nGpus 1 minBytes 16777216 maxBytes 268435456 step: 4(factor) warmup iters: 5 iters: 20 agg iters: 1 validation: 1 graph: 0
0: #
0: # Using devices
0: #  Rank  0 Group  0 Pid  52687 on  nid007240 device  0 [0039:01:00] NVIDIA GH200 120GB
0: #  Rank  1 Group  0 Pid 274330 on  nid007242 device  0 [0039:01:00] NVIDIA GH200 120GB
0: #
0: #                                                              out-of-place                       in-place          
0: #       size         count      type   redop    root     time   algbw   busbw  #wrong     time   algbw   busbw  #wrong 
0: #        (B)    (elements)                               (us)  (GB/s)  (GB/s)             (us)  (GB/s)  (GB/s)         
0:     16777216       4194304     float     sum      -1   784.71   21.38   21.38       0   785.77   21.35   21.35    N/A
0:     67108864      16777216     float     sum      -1  2966.83   22.62   22.62       0  2970.97   22.59   22.59    N/A
0:    268435456      67108864     float     sum      -1  11634.8   23.07   23.07       0  11646.2   23.05   23.05    N/A
0: # Out of bounds values : 0 OK
0: # Avg bus bandwidth    : 22.3434 
0: #
0: # Collective test concluded: sendrecv_perf_mpi
0: #
0: 

##### pass 3/8  cross nid007240:g0 <-> nid007242:g0  sendrecv
0: 
0: WARNING: FI_CXI_RDZV_PROTO=alt_read is configured, but the Slurm network is
0: not set to disable rendezvous GET. Performance/stability may be impacted.
0: 
0: Expected Slurm launch:
0:   srun --network=disable_rdzv_get ...
0: or
0:   SLURM_NETWORK=disable_rdzv_get srun ...
0: 
0: Context:
0:   SLURM_NETWORK=<unset>
0:   FI_PROVIDER=cxi
0:   FI_CXI_RDZV_PROTO=alt_read
0: 
0: # nccl-tests version 2.17.8 nccl-headers=22902 nccl-library=22903
0: # Collective test starting: sendrecv_perf_mpi
0: # nThread 1 nGpus 1 minBytes 16777216 maxBytes 268435456 step: 4(factor) warmup iters: 5 iters: 20 agg iters: 1 validation: 1 graph: 0
0: #
0: # Using devices
0: #  Rank  0 Group  0 Pid  53653 on  nid007240 device  0 [0009:01:00] NVIDIA GH200 120GB
0: #  Rank  1 Group  0 Pid 275264 on  nid007242 device  0 [0009:01:00] NVIDIA GH200 120GB
0: #
0: #                                                              out-of-place                       in-place          
0: #       size         count      type   redop    root     time   algbw   busbw  #wrong     time   algbw   busbw  #wrong 
0: #        (B)    (elements)                               (us)  (GB/s)  (GB/s)             (us)  (GB/s)  (GB/s)         
0:     16777216       4194304     float     sum      -1   770.14   21.78   21.78       0   766.81   21.88   21.88    N/A
0:     67108864      16777216     float     sum      -1  2944.38   22.79   22.79       0  2942.38   22.81   22.81    N/A
0:    268435456      67108864     float     sum      -1  11598.3   23.14   23.14       0  11603.1   23.13   23.13    N/A
0: # Out of bounds values : 0 OK
0: # Avg bus bandwidth    : 22.5905 
0: #
0: # Collective test concluded: sendrecv_perf_mpi
0: #
0: 

##### pass 3/8  cross nid007240:g0 <-> nid007242:g1  sendrecv
0: 
0: WARNING: FI_CXI_RDZV_PROTO=alt_read is configured, but the Slurm network is
0: not set to disable rendezvous GET. Performance/stability may be impacted.
0: 
0: Expected Slurm launch:
0:   srun --network=disable_rdzv_get ...
0: or
0:   SLURM_NETWORK=disable_rdzv_get srun ...
0: 
0: Context:
0:   SLURM_NETWORK=<unset>
0:   FI_PROVIDER=cxi
0:   FI_CXI_RDZV_PROTO=alt_read
0: 
0: # nccl-tests version 2.17.8 nccl-headers=22902 nccl-library=22903
0: # Collective test starting: sendrecv_perf_mpi
0: # nThread 1 nGpus 1 minBytes 16777216 maxBytes 268435456 step: 4(factor) warmup iters: 5 iters: 20 agg iters: 1 validation: 1 graph: 0
0: #
0: # Using devices
0: #  Rank  0 Group  0 Pid  54701 on  nid007240 device  0 [0009:01:00] NVIDIA GH200 120GB
0: #  Rank  1 Group  0 Pid 276199 on  nid007242 device  0 [0019:01:00] NVIDIA GH200 120GB
0: #
0: #                                                              out-of-place                       in-place          
0: #       size         count      type   redop    root     time   algbw   busbw  #wrong     time   algbw   busbw  #wrong 
0: #        (B)    (elements)                               (us)  (GB/s)  (GB/s)             (us)  (GB/s)  (GB/s)         
0:     16777216       4194304     float     sum      -1   778.71   21.54   21.54       0   776.43   21.61   21.61    N/A
0:     67108864      16777216     float     sum      -1  2949.52   22.75   22.75       0  2949.51   22.75   22.75    N/A
0:    268435456      67108864     float     sum      -1  11605.3   23.13   23.13       0  11604.1   23.13   23.13    N/A
0: # Out of bounds values : 0 OK
0: # Avg bus bandwidth    : 22.4869 
0: #
0: # Collective test concluded: sendrecv_perf_mpi
0: #
0: 

##### pass 3/8  cross nid007240:g0 <-> nid007242:g2  sendrecv
0: 
0: WARNING: FI_CXI_RDZV_PROTO=alt_read is configured, but the Slurm network is
0: not set to disable rendezvous GET. Performance/stability may be impacted.
0: 
0: Expected Slurm launch:
0:   srun --network=disable_rdzv_get ...
0: or
0:   SLURM_NETWORK=disable_rdzv_get srun ...
0: 
0: Context:
0:   SLURM_NETWORK=<unset>
0:   FI_PROVIDER=cxi
0:   FI_CXI_RDZV_PROTO=alt_read
0: 
0: # nccl-tests version 2.17.8 nccl-headers=22902 nccl-library=22903
0: # Collective test starting: sendrecv_perf_mpi
0: # nThread 1 nGpus 1 minBytes 16777216 maxBytes 268435456 step: 4(factor) warmup iters: 5 iters: 20 agg iters: 1 validation: 1 graph: 0
0: #
0: # Using devices
0: #  Rank  0 Group  0 Pid  55688 on  nid007240 device  0 [0009:01:00] NVIDIA GH200 120GB
0: #  Rank  1 Group  0 Pid 277158 on  nid007242 device  0 [0029:01:00] NVIDIA GH200 120GB
0: #
0: #                                                              out-of-place                       in-place          
0: #       size         count      type   redop    root     time   algbw   busbw  #wrong     time   algbw   busbw  #wrong 
0: #        (B)    (elements)                               (us)  (GB/s)  (GB/s)             (us)  (GB/s)  (GB/s)         
0:     16777216       4194304     float     sum      -1   777.45   21.58   21.58       0   776.29   21.61   21.61    N/A
0:     67108864      16777216     float     sum      -1  2950.19   22.75   22.75       0  2954.51   22.71   22.71    N/A
0:    268435456      67108864     float     sum      -1  11605.4   23.13   23.13       0  11607.3   23.13   23.13    N/A
0: # Out of bounds values : 0 OK
0: # Avg bus bandwidth    : 22.485 
0: #
0: # Collective test concluded: sendrecv_perf_mpi
0: #
0: 

##### pass 3/8  cross nid007240:g0 <-> nid007242:g3  sendrecv
0: 
0: WARNING: FI_CXI_RDZV_PROTO=alt_read is configured, but the Slurm network is
0: not set to disable rendezvous GET. Performance/stability may be impacted.
0: 
0: Expected Slurm launch:
0:   srun --network=disable_rdzv_get ...
0: or
0:   SLURM_NETWORK=disable_rdzv_get srun ...
0: 
0: Context:
0:   SLURM_NETWORK=<unset>
0:   FI_PROVIDER=cxi
0:   FI_CXI_RDZV_PROTO=alt_read
0: 
0: # nccl-tests version 2.17.8 nccl-headers=22902 nccl-library=22903
0: # Collective test starting: sendrecv_perf_mpi
0: # nThread 1 nGpus 1 minBytes 16777216 maxBytes 268435456 step: 4(factor) warmup iters: 5 iters: 20 agg iters: 1 validation: 1 graph: 0
0: #
0: # Using devices
0: #  Rank  0 Group  0 Pid  56656 on  nid007240 device  0 [0009:01:00] NVIDIA GH200 120GB
0: #  Rank  1 Group  0 Pid 278095 on  nid007242 device  0 [0039:01:00] NVIDIA GH200 120GB
0: #
0: #                                                              out-of-place                       in-place          
0: #       size         count      type   redop    root     time   algbw   busbw  #wrong     time   algbw   busbw  #wrong 
0: #        (B)    (elements)                               (us)  (GB/s)  (GB/s)             (us)  (GB/s)  (GB/s)         
0:     16777216       4194304     float     sum      -1   776.16   21.62   21.62       0   773.46   21.69   21.69    N/A
0:     67108864      16777216     float     sum      -1  2945.39   22.78   22.78       0  2951.95   22.73   22.73    N/A
0:    268435456      67108864     float     sum      -1  11618.8   23.10   23.10       0  11609.2   23.12   23.12    N/A
0: # Out of bounds values : 0 OK
0: # Avg bus bandwidth    : 22.5085 
0: #
0: # Collective test concluded: sendrecv_perf_mpi
0: #
0: 

##### pass 3/8  cross nid007240:g1 <-> nid007242:g0  sendrecv
0: 
0: WARNING: FI_CXI_RDZV_PROTO=alt_read is configured, but the Slurm network is
0: not set to disable rendezvous GET. Performance/stability may be impacted.
0: 
0: Expected Slurm launch:
0:   srun --network=disable_rdzv_get ...
0: or
0:   SLURM_NETWORK=disable_rdzv_get srun ...
0: 
0: Context:
0:   SLURM_NETWORK=<unset>
0:   FI_PROVIDER=cxi
0:   FI_CXI_RDZV_PROTO=alt_read
0: 
0: # nccl-tests version 2.17.8 nccl-headers=22902 nccl-library=22903
0: # Collective test starting: sendrecv_perf_mpi
0: # nThread 1 nGpus 1 minBytes 16777216 maxBytes 268435456 step: 4(factor) warmup iters: 5 iters: 20 agg iters: 1 validation: 1 graph: 0
0: #
0: # Using devices
0: #  Rank  0 Group  0 Pid  57642 on  nid007240 device  0 [0019:01:00] NVIDIA GH200 120GB
0: #  Rank  1 Group  0 Pid 279048 on  nid007242 device  0 [0009:01:00] NVIDIA GH200 120GB
0: #
0: #                                                              out-of-place                       in-place          
0: #       size         count      type   redop    root     time   algbw   busbw  #wrong     time   algbw   busbw  #wrong 
0: #        (B)    (elements)                               (us)  (GB/s)  (GB/s)             (us)  (GB/s)  (GB/s)         
0:     16777216       4194304     float     sum      -1   777.55   21.58   21.58       0   776.66   21.60   21.60    N/A
0:     67108864      16777216     float     sum      -1  2953.76   22.72   22.72       0  2946.95   22.77   22.77    N/A
0:    268435456      67108864     float     sum      -1  11616.0   23.11   23.11       0  11607.2   23.13   23.13    N/A
0: # Out of bounds values : 0 OK
0: # Avg bus bandwidth    : 22.4844 
0: #
0: # Collective test concluded: sendrecv_perf_mpi
0: #
0: 

##### pass 3/8  cross nid007240:g1 <-> nid007242:g1  sendrecv
0: 
0: WARNING: FI_CXI_RDZV_PROTO=alt_read is configured, but the Slurm network is
0: not set to disable rendezvous GET. Performance/stability may be impacted.
0: 
0: Expected Slurm launch:
0:   srun --network=disable_rdzv_get ...
0: or
0:   SLURM_NETWORK=disable_rdzv_get srun ...
0: 
0: Context:
0:   SLURM_NETWORK=<unset>
0:   FI_PROVIDER=cxi
0:   FI_CXI_RDZV_PROTO=alt_read
0: 
0: # nccl-tests version 2.17.8 nccl-headers=22902 nccl-library=22903
0: # Collective test starting: sendrecv_perf_mpi
0: # nThread 1 nGpus 1 minBytes 16777216 maxBytes 268435456 step: 4(factor) warmup iters: 5 iters: 20 agg iters: 1 validation: 1 graph: 0
0: #
0: # Using devices
0: #  Rank  0 Group  0 Pid  58619 on  nid007240 device  0 [0019:01:00] NVIDIA GH200 120GB
0: #  Rank  1 Group  0 Pid 279987 on  nid007242 device  0 [0019:01:00] NVIDIA GH200 120GB
0: #
0: #                                                              out-of-place                       in-place          
0: #       size         count      type   redop    root     time   algbw   busbw  #wrong     time   algbw   busbw  #wrong 
0: #        (B)    (elements)                               (us)  (GB/s)  (GB/s)             (us)  (GB/s)  (GB/s)         
0:     16777216       4194304     float     sum      -1   783.68   21.41   21.41       0   782.78   21.43   21.43    N/A
0:     67108864      16777216     float     sum      -1  2964.91   22.63   22.63       0  2966.62   22.62   22.62    N/A
0:    268435456      67108864     float     sum      -1  11630.8   23.08   23.08       0  11627.0   23.09   23.09    N/A
0: # Out of bounds values : 0 OK
0: # Avg bus bandwidth    : 22.3773 
0: #
0: # Collective test concluded: sendrecv_perf_mpi
0: #
0: 

##### pass 3/8  cross nid007240:g1 <-> nid007242:g2  sendrecv
0: 
0: WARNING: FI_CXI_RDZV_PROTO=alt_read is configured, but the Slurm network is
0: not set to disable rendezvous GET. Performance/stability may be impacted.
0: 
0: Expected Slurm launch:
0:   srun --network=disable_rdzv_get ...
0: or
0:   SLURM_NETWORK=disable_rdzv_get srun ...
0: 
0: Context:
0:   SLURM_NETWORK=<unset>
0:   FI_PROVIDER=cxi
0:   FI_CXI_RDZV_PROTO=alt_read
0: 
0: # nccl-tests version 2.17.8 nccl-headers=22902 nccl-library=22903
0: # Collective test starting: sendrecv_perf_mpi
0: # nThread 1 nGpus 1 minBytes 16777216 maxBytes 268435456 step: 4(factor) warmup iters: 5 iters: 20 agg iters: 1 validation: 1 graph: 0
0: #
0: # Using devices
0: #  Rank  0 Group  0 Pid  59584 on  nid007240 device  0 [0019:01:00] NVIDIA GH200 120GB
0: #  Rank  1 Group  0 Pid 280944 on  nid007242 device  0 [0029:01:00] NVIDIA GH200 120GB
0: #
0: #                                                              out-of-place                       in-place          
0: #       size         count      type   redop    root     time   algbw   busbw  #wrong     time   algbw   busbw  #wrong 
0: #        (B)    (elements)                               (us)  (GB/s)  (GB/s)             (us)  (GB/s)  (GB/s)         
0:     16777216       4194304     float     sum      -1   786.28   21.34   21.34       0   784.49   21.39   21.39    N/A
0:     67108864      16777216     float     sum      -1  2972.64   22.58   22.58       0  2973.37   22.57   22.57    N/A
0:    268435456      67108864     float     sum      -1  11635.5   23.07   23.07       0  11621.3   23.10   23.10    N/A
0: # Out of bounds values : 0 OK
0: # Avg bus bandwidth    : 22.3397 
0: #
0: # Collective test concluded: sendrecv_perf_mpi
0: #
0: 

##### pass 3/8  cross nid007240:g1 <-> nid007242:g3  sendrecv
0: 
0: WARNING: FI_CXI_RDZV_PROTO=alt_read is configured, but the Slurm network is
0: not set to disable rendezvous GET. Performance/stability may be impacted.
0: 
0: Expected Slurm launch:
0:   srun --network=disable_rdzv_get ...
0: or
0:   SLURM_NETWORK=disable_rdzv_get srun ...
0: 
0: Context:
0:   SLURM_NETWORK=<unset>
0:   FI_PROVIDER=cxi
0:   FI_CXI_RDZV_PROTO=alt_read
0: 
0: # nccl-tests version 2.17.8 nccl-headers=22902 nccl-library=22903
0: # Collective test starting: sendrecv_perf_mpi
0: # nThread 1 nGpus 1 minBytes 16777216 maxBytes 268435456 step: 4(factor) warmup iters: 5 iters: 20 agg iters: 1 validation: 1 graph: 0
0: #
0: # Using devices
0: #  Rank  0 Group  0 Pid  60567 on  nid007240 device  0 [0019:01:00] NVIDIA GH200 120GB
0: #  Rank  1 Group  0 Pid 281921 on  nid007242 device  0 [0039:01:00] NVIDIA GH200 120GB
0: #
0: #                                                              out-of-place                       in-place          
0: #       size         count      type   redop    root     time   algbw   busbw  #wrong     time   algbw   busbw  #wrong 
0: #        (B)    (elements)                               (us)  (GB/s)  (GB/s)             (us)  (GB/s)  (GB/s)         
0:     16777216       4194304     float     sum      -1   783.35   21.42   21.42       0   787.58   21.30   21.30    N/A
0:     67108864      16777216     float     sum      -1  2965.11   22.63   22.63       0  2968.62   22.61   22.61    N/A
0:    268435456      67108864     float     sum      -1  11625.1   23.09   23.09       0  11636.5   23.07   23.07    N/A
0: # Out of bounds values : 0 OK
0: # Avg bus bandwidth    : 22.353 
0: #
0: # Collective test concluded: sendrecv_perf_mpi
0: #
0: 

##### pass 3/8  cross nid007240:g2 <-> nid007242:g0  sendrecv
0: 
0: WARNING: FI_CXI_RDZV_PROTO=alt_read is configured, but the Slurm network is
0: not set to disable rendezvous GET. Performance/stability may be impacted.
0: 
0: Expected Slurm launch:
0:   srun --network=disable_rdzv_get ...
0: or
0:   SLURM_NETWORK=disable_rdzv_get srun ...
0: 
0: Context:
0:   SLURM_NETWORK=<unset>
0:   FI_PROVIDER=cxi
0:   FI_CXI_RDZV_PROTO=alt_read
0: 
0: # nccl-tests version 2.17.8 nccl-headers=22902 nccl-library=22903
0: # Collective test starting: sendrecv_perf_mpi
0: # nThread 1 nGpus 1 minBytes 16777216 maxBytes 268435456 step: 4(factor) warmup iters: 5 iters: 20 agg iters: 1 validation: 1 graph: 0
0: #
0: # Using devices
0: #  Rank  0 Group  0 Pid  61557 on  nid007240 device  0 [0029:01:00] NVIDIA GH200 120GB
0: #  Rank  1 Group  0 Pid 282890 on  nid007242 device  0 [0009:01:00] NVIDIA GH200 120GB
0: #
0: #                                                              out-of-place                       in-place          
0: #       size         count      type   redop    root     time   algbw   busbw  #wrong     time   algbw   busbw  #wrong 
0: #        (B)    (elements)                               (us)  (GB/s)  (GB/s)             (us)  (GB/s)  (GB/s)         
0:     16777216       4194304     float     sum      -1   776.66   21.60   21.60       0   777.47   21.58   21.58    N/A
0:     67108864      16777216     float     sum      -1  2949.21   22.75   22.75       0  2951.38   22.74   22.74    N/A
0:    268435456      67108864     float     sum      -1  11613.6   23.11   23.11       0  11613.0   23.12   23.12    N/A
0: # Out of bounds values : 0 OK
0: # Avg bus bandwidth    : 22.4838 
0: #
0: # Collective test concluded: sendrecv_perf_mpi
0: #
0: 

##### pass 3/8  cross nid007240:g2 <-> nid007242:g1  sendrecv
0: 
0: WARNING: FI_CXI_RDZV_PROTO=alt_read is configured, but the Slurm network is
0: not set to disable rendezvous GET. Performance/stability may be impacted.
0: 
0: Expected Slurm launch:
0:   srun --network=disable_rdzv_get ...
0: or
0:   SLURM_NETWORK=disable_rdzv_get srun ...
0: 
0: Context:
0:   SLURM_NETWORK=<unset>
0:   FI_PROVIDER=cxi
0:   FI_CXI_RDZV_PROTO=alt_read
0: 
0: # nccl-tests version 2.17.8 nccl-headers=22902 nccl-library=22903
0: # Collective test starting: sendrecv_perf_mpi
0: # nThread 1 nGpus 1 minBytes 16777216 maxBytes 268435456 step: 4(factor) warmup iters: 5 iters: 20 agg iters: 1 validation: 1 graph: 0
0: #
0: # Using devices
0: #  Rank  0 Group  0 Pid  62539 on  nid007240 device  0 [0029:01:00] NVIDIA GH200 120GB
0: #  Rank  1 Group  0 Pid 283830 on  nid007242 device  0 [0019:01:00] NVIDIA GH200 120GB
0: #
0: #                                                              out-of-place                       in-place          
0: #       size         count      type   redop    root     time   algbw   busbw  #wrong     time   algbw   busbw  #wrong 
0: #        (B)    (elements)                               (us)  (GB/s)  (GB/s)             (us)  (GB/s)  (GB/s)         
0:     16777216       4194304     float     sum      -1   782.27   21.45   21.45       0   779.47   21.52   21.52    N/A
0:     67108864      16777216     float     sum      -1  2963.23   22.65   22.65       0  2964.15   22.64   22.64    N/A
0:    268435456      67108864     float     sum      -1  11628.2   23.08   23.08       0  11627.2   23.09   23.09    N/A
0: # Out of bounds values : 0 OK
0: # Avg bus bandwidth    : 22.4049 
0: #
0: # Collective test concluded: sendrecv_perf_mpi
0: #
0: 

##### pass 3/8  cross nid007240:g2 <-> nid007242:g2  sendrecv
0: 
0: WARNING: FI_CXI_RDZV_PROTO=alt_read is configured, but the Slurm network is
0: not set to disable rendezvous GET. Performance/stability may be impacted.
0: 
0: Expected Slurm launch:
0:   srun --network=disable_rdzv_get ...
0: or
0:   SLURM_NETWORK=disable_rdzv_get srun ...
0: 
0: Context:
0:   SLURM_NETWORK=<unset>
0:   FI_PROVIDER=cxi
0:   FI_CXI_RDZV_PROTO=alt_read
0: 
0: # nccl-tests version 2.17.8 nccl-headers=22902 nccl-library=22903
0: # Collective test starting: sendrecv_perf_mpi
0: # nThread 1 nGpus 1 minBytes 16777216 maxBytes 268435456 step: 4(factor) warmup iters: 5 iters: 20 agg iters: 1 validation: 1 graph: 0
0: #
0: # Using devices
0: #  Rank  0 Group  0 Pid  63548 on  nid007240 device  0 [0029:01:00] NVIDIA GH200 120GB
0: #  Rank  1 Group  0 Pid 284783 on  nid007242 device  0 [0029:01:00] NVIDIA GH200 120GB
0: #
0: #                                                              out-of-place                       in-place          
0: #       size         count      type   redop    root     time   algbw   busbw  #wrong     time   algbw   busbw  #wrong 
0: #        (B)    (elements)                               (us)  (GB/s)  (GB/s)             (us)  (GB/s)  (GB/s)         
0:     16777216       4194304     float     sum      -1   782.25   21.45   21.45       0   784.41   21.39   21.39    N/A
0:     67108864      16777216     float     sum      -1  2970.45   22.59   22.59       0  2968.21   22.61   22.61    N/A
0:    268435456      67108864     float     sum      -1  11626.1   23.09   23.09       0  11630.0   23.08   23.08    N/A
0: # Out of bounds values : 0 OK
0: # Avg bus bandwidth    : 22.3679 
0: #
0: # Collective test concluded: sendrecv_perf_mpi
0: #
0: 

##### pass 3/8  cross nid007240:g2 <-> nid007242:g3  sendrecv
0: 
0: WARNING: FI_CXI_RDZV_PROTO=alt_read is configured, but the Slurm network is
0: not set to disable rendezvous GET. Performance/stability may be impacted.
0: 
0: Expected Slurm launch:
0:   srun --network=disable_rdzv_get ...
0: or
0:   SLURM_NETWORK=disable_rdzv_get srun ...
0: 
0: Context:
0:   SLURM_NETWORK=<unset>
0:   FI_PROVIDER=cxi
0:   FI_CXI_RDZV_PROTO=alt_read
0: 
0: # nccl-tests version 2.17.8 nccl-headers=22902 nccl-library=22903
0: # Collective test starting: sendrecv_perf_mpi
0: # nThread 1 nGpus 1 minBytes 16777216 maxBytes 268435456 step: 4(factor) warmup iters: 5 iters: 20 agg iters: 1 validation: 1 graph: 0
0: #
0: # Using devices
0: #  Rank  0 Group  0 Pid  64518 on  nid007240 device  0 [0029:01:00] NVIDIA GH200 120GB
0: #  Rank  1 Group  0 Pid 285722 on  nid007242 device  0 [0039:01:00] NVIDIA GH200 120GB
0: #
0: #                                                              out-of-place                       in-place          
0: #       size         count      type   redop    root     time   algbw   busbw  #wrong     time   algbw   busbw  #wrong 
0: #        (B)    (elements)                               (us)  (GB/s)  (GB/s)             (us)  (GB/s)  (GB/s)         
0:     16777216       4194304     float     sum      -1   787.85   21.29   21.29       0   784.99   21.37   21.37    N/A
0:     67108864      16777216     float     sum      -1  2969.31   22.60   22.60       0  2969.96   22.60   22.60    N/A
0:    268435456      67108864     float     sum      -1  11637.1   23.07   23.07       0  11627.6   23.09   23.09    N/A
0: # Out of bounds values : 0 OK
0: # Avg bus bandwidth    : 22.3362 
0: #
0: # Collective test concluded: sendrecv_perf_mpi
0: #
0: 

##### pass 3/8  cross nid007240:g3 <-> nid007242:g0  sendrecv
0: 
0: WARNING: FI_CXI_RDZV_PROTO=alt_read is configured, but the Slurm network is
0: not set to disable rendezvous GET. Performance/stability may be impacted.
0: 
0: Expected Slurm launch:
0:   srun --network=disable_rdzv_get ...
0: or
0:   SLURM_NETWORK=disable_rdzv_get srun ...
0: 
0: Context:
0:   SLURM_NETWORK=<unset>
0:   FI_PROVIDER=cxi
0:   FI_CXI_RDZV_PROTO=alt_read
0: 
0: # nccl-tests version 2.17.8 nccl-headers=22902 nccl-library=22903
0: # Collective test starting: sendrecv_perf_mpi
0: # nThread 1 nGpus 1 minBytes 16777216 maxBytes 268435456 step: 4(factor) warmup iters: 5 iters: 20 agg iters: 1 validation: 1 graph: 0
0: #
0: # Using devices
0: #  Rank  0 Group  0 Pid  65502 on  nid007240 device  0 [0039:01:00] NVIDIA GH200 120GB
0: #  Rank  1 Group  0 Pid 286688 on  nid007242 device  0 [0009:01:00] NVIDIA GH200 120GB
0: #
0: #                                                              out-of-place                       in-place          
0: #       size         count      type   redop    root     time   algbw   busbw  #wrong     time   algbw   busbw  #wrong 
0: #        (B)    (elements)                               (us)  (GB/s)  (GB/s)             (us)  (GB/s)  (GB/s)         
0:     16777216       4194304     float     sum      -1   775.96   21.62   21.62       0   776.67   21.60   21.60    N/A
0:     67108864      16777216     float     sum      -1  2953.29   22.72   22.72       0  2949.40   22.75   22.75    N/A
0:    268435456      67108864     float     sum      -1  11623.1   23.09   23.09       0  11621.8   23.10   23.10    N/A
0: # Out of bounds values : 0 OK
0: # Avg bus bandwidth    : 22.482 
0: #
0: # Collective test concluded: sendrecv_perf_mpi
0: #
0: 

##### pass 3/8  cross nid007240:g3 <-> nid007242:g1  sendrecv
0: 
0: WARNING: FI_CXI_RDZV_PROTO=alt_read is configured, but the Slurm network is
0: not set to disable rendezvous GET. Performance/stability may be impacted.
0: 
0: Expected Slurm launch:
0:   srun --network=disable_rdzv_get ...
0: or
0:   SLURM_NETWORK=disable_rdzv_get srun ...
0: 
0: Context:
0:   SLURM_NETWORK=<unset>
0:   FI_PROVIDER=cxi
0:   FI_CXI_RDZV_PROTO=alt_read
0: 
0: # nccl-tests version 2.17.8 nccl-headers=22902 nccl-library=22903
0: # Collective test starting: sendrecv_perf_mpi
0: # nThread 1 nGpus 1 minBytes 16777216 maxBytes 268435456 step: 4(factor) warmup iters: 5 iters: 20 agg iters: 1 validation: 1 graph: 0
0: #
0: # Using devices
0: #  Rank  0 Group  0 Pid  66473 on  nid007240 device  0 [0039:01:00] NVIDIA GH200 120GB
0: #  Rank  1 Group  0 Pid 287630 on  nid007242 device  0 [0019:01:00] NVIDIA GH200 120GB
0: #
0: #                                                              out-of-place                       in-place          
0: #       size         count      type   redop    root     time   algbw   busbw  #wrong     time   algbw   busbw  #wrong 
0: #        (B)    (elements)                               (us)  (GB/s)  (GB/s)             (us)  (GB/s)  (GB/s)         
0:     16777216       4194304     float     sum      -1   781.44   21.47   21.47       0   787.47   21.31   21.31    N/A
0:     67108864      16777216     float     sum      -1  2967.34   22.62   22.62       0  2967.92   22.61   22.61    N/A
0:    268435456      67108864     float     sum      -1  11635.1   23.07   23.07       0  11623.8   23.09   23.09    N/A
0: # Out of bounds values : 0 OK
0: # Avg bus bandwidth    : 22.3611 
0: #
0: # Collective test concluded: sendrecv_perf_mpi
0: #
0: 

##### pass 3/8  cross nid007240:g3 <-> nid007242:g2  sendrecv
0: 
0: WARNING: FI_CXI_RDZV_PROTO=alt_read is configured, but the Slurm network is
0: not set to disable rendezvous GET. Performance/stability may be impacted.
0: 
0: Expected Slurm launch:
0:   srun --network=disable_rdzv_get ...
0: or
0:   SLURM_NETWORK=disable_rdzv_get srun ...
0: 
0: Context:
0:   SLURM_NETWORK=<unset>
0:   FI_PROVIDER=cxi
0:   FI_CXI_RDZV_PROTO=alt_read
0: 
0: # nccl-tests version 2.17.8 nccl-headers=22902 nccl-library=22903
0: # Collective test starting: sendrecv_perf_mpi
0: # nThread 1 nGpus 1 minBytes 16777216 maxBytes 268435456 step: 4(factor) warmup iters: 5 iters: 20 agg iters: 1 validation: 1 graph: 0
0: #
0: # Using devices
0: #  Rank  0 Group  0 Pid  67443 on  nid007240 device  0 [0039:01:00] NVIDIA GH200 120GB
0: #  Rank  1 Group  0 Pid 288585 on  nid007242 device  0 [0029:01:00] NVIDIA GH200 120GB
0: #
0: #                                                              out-of-place                       in-place          
0: #       size         count      type   redop    root     time   algbw   busbw  #wrong     time   algbw   busbw  #wrong 
0: #        (B)    (elements)                               (us)  (GB/s)  (GB/s)             (us)  (GB/s)  (GB/s)         
0:     16777216       4194304     float     sum      -1   785.24   21.37   21.37       0   782.57   21.44   21.44    N/A
0:     67108864      16777216     float     sum      -1  2966.48   22.62   22.62       0  2968.19   22.61   22.61    N/A
0:    268435456      67108864     float     sum      -1  11633.6   23.07   23.07       0  11629.3   23.08   23.08    N/A
0: # Out of bounds values : 0 OK
0: # Avg bus bandwidth    : 22.3655 
0: #
0: # Collective test concluded: sendrecv_perf_mpi
0: #
0: 

##### pass 3/8  cross nid007240:g3 <-> nid007242:g3  sendrecv
0: 
0: WARNING: FI_CXI_RDZV_PROTO=alt_read is configured, but the Slurm network is
0: not set to disable rendezvous GET. Performance/stability may be impacted.
0: 
0: Expected Slurm launch:
0:   srun --network=disable_rdzv_get ...
0: or
0:   SLURM_NETWORK=disable_rdzv_get srun ...
0: 
0: Context:
0:   SLURM_NETWORK=<unset>
0:   FI_PROVIDER=cxi
0:   FI_CXI_RDZV_PROTO=alt_read
0: 
0: # nccl-tests version 2.17.8 nccl-headers=22902 nccl-library=22903
0: # Collective test starting: sendrecv_perf_mpi
0: # nThread 1 nGpus 1 minBytes 16777216 maxBytes 268435456 step: 4(factor) warmup iters: 5 iters: 20 agg iters: 1 validation: 1 graph: 0
0: #
0: # Using devices
0: #  Rank  0 Group  0 Pid  68434 on  nid007240 device  0 [0039:01:00] NVIDIA GH200 120GB
0: #  Rank  1 Group  0 Pid 289546 on  nid007242 device  0 [0039:01:00] NVIDIA GH200 120GB
0: #
0: #                                                              out-of-place                       in-place          
0: #       size         count      type   redop    root     time   algbw   busbw  #wrong     time   algbw   busbw  #wrong 
0: #        (B)    (elements)                               (us)  (GB/s)  (GB/s)             (us)  (GB/s)  (GB/s)         
0:     16777216       4194304     float     sum      -1   781.91   21.46   21.46       0   783.18   21.42   21.42    N/A
0:     67108864      16777216     float     sum      -1  2968.90   22.60   22.60       0  2968.56   22.61   22.61    N/A
0:    268435456      67108864     float     sum      -1  11637.0   23.07   23.07       0  11635.2   23.07   23.07    N/A
0: # Out of bounds values : 0 OK
0: # Avg bus bandwidth    : 22.3712 
0: #
0: # Collective test concluded: sendrecv_perf_mpi
0: #
0: 

##### pass 4/8  cross nid007240:g0 <-> nid007242:g0  sendrecv
0: 
0: WARNING: FI_CXI_RDZV_PROTO=alt_read is configured, but the Slurm network is
0: not set to disable rendezvous GET. Performance/stability may be impacted.
0: 
0: Expected Slurm launch:
0:   srun --network=disable_rdzv_get ...
0: or
0:   SLURM_NETWORK=disable_rdzv_get srun ...
0: 
0: Context:
0:   SLURM_NETWORK=<unset>
0:   FI_PROVIDER=cxi
0:   FI_CXI_RDZV_PROTO=alt_read
0: 
0: # nccl-tests version 2.17.8 nccl-headers=22902 nccl-library=22903
0: # Collective test starting: sendrecv_perf_mpi
0: # nThread 1 nGpus 1 minBytes 16777216 maxBytes 268435456 step: 4(factor) warmup iters: 5 iters: 20 agg iters: 1 validation: 1 graph: 0
0: #
0: # Using devices
0: #  Rank  0 Group  0 Pid  69398 on  nid007240 device  0 [0009:01:00] NVIDIA GH200 120GB
0: #  Rank  1 Group  0 Pid 290483 on  nid007242 device  0 [0009:01:00] NVIDIA GH200 120GB
0: #
0: #                                                              out-of-place                       in-place          
0: #       size         count      type   redop    root     time   algbw   busbw  #wrong     time   algbw   busbw  #wrong 
0: #        (B)    (elements)                               (us)  (GB/s)  (GB/s)             (us)  (GB/s)  (GB/s)         
0:     16777216       4194304     float     sum      -1   763.48   21.97   21.97       0   768.93   21.82   21.82    N/A
0:     67108864      16777216     float     sum      -1  2942.21   22.81   22.81       0  2932.48   22.88   22.88    N/A
0:    268435456      67108864     float     sum      -1  11604.9   23.13   23.13       0  11593.1   23.15   23.15    N/A
0: # Out of bounds values : 0 OK
0: # Avg bus bandwidth    : 22.6289 
0: #
0: # Collective test concluded: sendrecv_perf_mpi
0: #
0: 

##### pass 4/8  cross nid007240:g0 <-> nid007242:g1  sendrecv
0: 
0: WARNING: FI_CXI_RDZV_PROTO=alt_read is configured, but the Slurm network is
0: not set to disable rendezvous GET. Performance/stability may be impacted.
0: 
0: Expected Slurm launch:
0:   srun --network=disable_rdzv_get ...
0: or
0:   SLURM_NETWORK=disable_rdzv_get srun ...
0: 
0: Context:
0:   SLURM_NETWORK=<unset>
0:   FI_PROVIDER=cxi
0:   FI_CXI_RDZV_PROTO=alt_read
0: 
0: # nccl-tests version 2.17.8 nccl-headers=22902 nccl-library=22903
0: # Collective test starting: sendrecv_perf_mpi
0: # nThread 1 nGpus 1 minBytes 16777216 maxBytes 268435456 step: 4(factor) warmup iters: 5 iters: 20 agg iters: 1 validation: 1 graph: 0
0: #
0: # Using devices
0: #  Rank  0 Group  0 Pid  70365 on  nid007240 device  0 [0009:01:00] NVIDIA GH200 120GB
0: #  Rank  1 Group  0 Pid 291418 on  nid007242 device  0 [0019:01:00] NVIDIA GH200 120GB
0: #
0: #                                                              out-of-place                       in-place          
0: #       size         count      type   redop    root     time   algbw   busbw  #wrong     time   algbw   busbw  #wrong 
0: #        (B)    (elements)                               (us)  (GB/s)  (GB/s)             (us)  (GB/s)  (GB/s)         
0:     16777216       4194304     float     sum      -1   775.51   21.63   21.63       0   773.12   21.70   21.70    N/A
0:     67108864      16777216     float     sum      -1  2947.02   22.77   22.77       0  2943.87   22.80   22.80    N/A
0:    268435456      67108864     float     sum      -1  11609.9   23.12   23.12       0  11600.1   23.14   23.14    N/A
0: # Out of bounds values : 0 OK
0: # Avg bus bandwidth    : 22.5274 
0: #
0: # Collective test concluded: sendrecv_perf_mpi
0: #
0: 

##### pass 4/8  cross nid007240:g0 <-> nid007242:g2  sendrecv
0: 
0: WARNING: FI_CXI_RDZV_PROTO=alt_read is configured, but the Slurm network is
0: not set to disable rendezvous GET. Performance/stability may be impacted.
0: 
0: Expected Slurm launch:
0:   srun --network=disable_rdzv_get ...
0: or
0:   SLURM_NETWORK=disable_rdzv_get srun ...
0: 
0: Context:
0:   SLURM_NETWORK=<unset>
0:   FI_PROVIDER=cxi
0:   FI_CXI_RDZV_PROTO=alt_read
0: 
0: # nccl-tests version 2.17.8 nccl-headers=22902 nccl-library=22903
0: # Collective test starting: sendrecv_perf_mpi
0: # nThread 1 nGpus 1 minBytes 16777216 maxBytes 268435456 step: 4(factor) warmup iters: 5 iters: 20 agg iters: 1 validation: 1 graph: 0
0: #
0: # Using devices
0: #  Rank  0 Group  0 Pid  71352 on  nid007240 device  0 [0009:01:00] NVIDIA GH200 120GB
0: #  Rank  1 Group  0 Pid 292367 on  nid007242 device  0 [0029:01:00] NVIDIA GH200 120GB
0: #
0: #                                                              out-of-place                       in-place          
0: #       size         count      type   redop    root     time   algbw   busbw  #wrong     time   algbw   busbw  #wrong 
0: #        (B)    (elements)                               (us)  (GB/s)  (GB/s)             (us)  (GB/s)  (GB/s)         
0:     16777216       4194304     float     sum      -1   774.61   21.66   21.66       0   776.45   21.61   21.61    N/A
0:     67108864      16777216     float     sum      -1  2946.65   22.77   22.77       0  2948.15   22.76   22.76    N/A
0:    268435456      67108864     float     sum      -1  11607.4   23.13   23.13       0  11612.6   23.12   23.12    N/A
0: # Out of bounds values : 0 OK
0: # Avg bus bandwidth    : 22.5077 
0: #
0: # Collective test concluded: sendrecv_perf_mpi
0: #
0: 

##### pass 4/8  cross nid007240:g0 <-> nid007242:g3  sendrecv
0: 
0: WARNING: FI_CXI_RDZV_PROTO=alt_read is configured, but the Slurm network is
0: not set to disable rendezvous GET. Performance/stability may be impacted.
0: 
0: Expected Slurm launch:
0:   srun --network=disable_rdzv_get ...
0: or
0:   SLURM_NETWORK=disable_rdzv_get srun ...
0: 
0: Context:
0:   SLURM_NETWORK=<unset>
0:   FI_PROVIDER=cxi
0:   FI_CXI_RDZV_PROTO=alt_read
0: 
0: # nccl-tests version 2.17.8 nccl-headers=22902 nccl-library=22903
0: # Collective test starting: sendrecv_perf_mpi
0: # nThread 1 nGpus 1 minBytes 16777216 maxBytes 268435456 step: 4(factor) warmup iters: 5 iters: 20 agg iters: 1 validation: 1 graph: 0
0: #
0: # Using devices
0: #  Rank  0 Group  0 Pid  72314 on  nid007240 device  0 [0009:01:00] NVIDIA GH200 120GB
0: #  Rank  1 Group  0 Pid 293304 on  nid007242 device  0 [0039:01:00] NVIDIA GH200 120GB
0: #
0: #                                                              out-of-place                       in-place          
0: #       size         count      type   redop    root     time   algbw   busbw  #wrong     time   algbw   busbw  #wrong 
0: #        (B)    (elements)                               (us)  (GB/s)  (GB/s)             (us)  (GB/s)  (GB/s)         
0:     16777216       4194304     float     sum      -1   777.33   21.58   21.58       0   777.50   21.58   21.58    N/A
0:     67108864      16777216     float     sum      -1  2950.75   22.74   22.74       0  2953.02   22.73   22.73    N/A
0:    268435456      67108864     float     sum      -1  11614.5   23.11   23.11       0  11620.8   23.10   23.10    N/A
0: # Out of bounds values : 0 OK
0: # Avg bus bandwidth    : 22.4736 
0: #
0: # Collective test concluded: sendrecv_perf_mpi
0: #
0: 

##### pass 4/8  cross nid007240:g1 <-> nid007242:g0  sendrecv
0: 
0: WARNING: FI_CXI_RDZV_PROTO=alt_read is configured, but the Slurm network is
0: not set to disable rendezvous GET. Performance/stability may be impacted.
0: 
0: Expected Slurm launch:
0:   srun --network=disable_rdzv_get ...
0: or
0:   SLURM_NETWORK=disable_rdzv_get srun ...
0: 
0: Context:
0:   SLURM_NETWORK=<unset>
0:   FI_PROVIDER=cxi
0:   FI_CXI_RDZV_PROTO=alt_read
0: 
0: # nccl-tests version 2.17.8 nccl-headers=22902 nccl-library=22903
0: # Collective test starting: sendrecv_perf_mpi
0: # nThread 1 nGpus 1 minBytes 16777216 maxBytes 268435456 step: 4(factor) warmup iters: 5 iters: 20 agg iters: 1 validation: 1 graph: 0
0: #
0: # Using devices
0: #  Rank  0 Group  0 Pid  73303 on  nid007240 device  0 [0019:01:00] NVIDIA GH200 120GB
0: #  Rank  1 Group  0 Pid 294268 on  nid007242 device  0 [0009:01:00] NVIDIA GH200 120GB
0: #
0: #                                                              out-of-place                       in-place          
0: #       size         count      type   redop    root     time   algbw   busbw  #wrong     time   algbw   busbw  #wrong 
0: #        (B)    (elements)                               (us)  (GB/s)  (GB/s)             (us)  (GB/s)  (GB/s)         
0:     16777216       4194304     float     sum      -1   777.11   21.59   21.59       0   780.09   21.51   21.51    N/A
0:     67108864      16777216     float     sum      -1  2950.56   22.74   22.74       0  2951.55   22.74   22.74    N/A
0:    268435456      67108864     float     sum      -1  11607.1   23.13   23.13       0  11607.2   23.13   23.13    N/A
0: # Out of bounds values : 0 OK
0: # Avg bus bandwidth    : 22.4718 
0: #
0: # Collective test concluded: sendrecv_perf_mpi
0: #
0: 

##### pass 4/8  cross nid007240:g1 <-> nid007242:g1  sendrecv
0: 
0: WARNING: FI_CXI_RDZV_PROTO=alt_read is configured, but the Slurm network is
0: not set to disable rendezvous GET. Performance/stability may be impacted.
0: 
0: Expected Slurm launch:
0:   srun --network=disable_rdzv_get ...
0: or
0:   SLURM_NETWORK=disable_rdzv_get srun ...
0: 
0: Context:
0:   SLURM_NETWORK=<unset>
0:   FI_PROVIDER=cxi
0:   FI_CXI_RDZV_PROTO=alt_read
0: 
0: # nccl-tests version 2.17.8 nccl-headers=22902 nccl-library=22903
0: # Collective test starting: sendrecv_perf_mpi
0: # nThread 1 nGpus 1 minBytes 16777216 maxBytes 268435456 step: 4(factor) warmup iters: 5 iters: 20 agg iters: 1 validation: 1 graph: 0
0: #
0: # Using devices
0: #  Rank  0 Group  0 Pid  74267 on  nid007240 device  0 [0019:01:00] NVIDIA GH200 120GB
0: #  Rank  1 Group  0 Pid   1103 on  nid007242 device  0 [0019:01:00] NVIDIA GH200 120GB
0: #
0: #                                                              out-of-place                       in-place          
0: #       size         count      type   redop    root     time   algbw   busbw  #wrong     time   algbw   busbw  #wrong 
0: #        (B)    (elements)                               (us)  (GB/s)  (GB/s)             (us)  (GB/s)  (GB/s)         
0:     16777216       4194304     float     sum      -1   779.86   21.51   21.51       0   785.04   21.37   21.37    N/A
0:     67108864      16777216     float     sum      -1  2967.10   22.62   22.62       0  2969.62   22.60   22.60    N/A
0:    268435456      67108864     float     sum      -1  11634.9   23.07   23.07       0  11630.4   23.08   23.08    N/A
0: # Out of bounds values : 0 OK
0: # Avg bus bandwidth    : 22.3754 
0: #
0: # Collective test concluded: sendrecv_perf_mpi
0: #
0: 

##### pass 4/8  cross nid007240:g1 <-> nid007242:g2  sendrecv
0: 
0: WARNING: FI_CXI_RDZV_PROTO=alt_read is configured, but the Slurm network is
0: not set to disable rendezvous GET. Performance/stability may be impacted.
0: 
0: Expected Slurm launch:
0:   srun --network=disable_rdzv_get ...
0: or
0:   SLURM_NETWORK=disable_rdzv_get srun ...
0: 
0: Context:
0:   SLURM_NETWORK=<unset>
0:   FI_PROVIDER=cxi
0:   FI_CXI_RDZV_PROTO=alt_read
0: 
0: # nccl-tests version 2.17.8 nccl-headers=22902 nccl-library=22903
0: # Collective test starting: sendrecv_perf_mpi
0: # nThread 1 nGpus 1 minBytes 16777216 maxBytes 268435456 step: 4(factor) warmup iters: 5 iters: 20 agg iters: 1 validation: 1 graph: 0
0: #
0: # Using devices
0: #  Rank  0 Group  0 Pid  75233 on  nid007240 device  0 [0019:01:00] NVIDIA GH200 120GB
0: #  Rank  1 Group  0 Pid   2731 on  nid007242 device  0 [0029:01:00] NVIDIA GH200 120GB
0: #
0: #                                                              out-of-place                       in-place          
0: #       size         count      type   redop    root     time   algbw   busbw  #wrong     time   algbw   busbw  #wrong 
0: #        (B)    (elements)                               (us)  (GB/s)  (GB/s)             (us)  (GB/s)  (GB/s)         
0:     16777216       4194304     float     sum      -1   781.78   21.46   21.46       0   782.59   21.44   21.44    N/A
0:     67108864      16777216     float     sum      -1  2966.38   22.62   22.62       0  2967.34   22.62   22.62    N/A
0:    268435456      67108864     float     sum      -1  11631.0   23.08   23.08       0  11623.2   23.09   23.09    N/A
0: # Out of bounds values : 0 OK
0: # Avg bus bandwidth    : 22.3853 
0: #
0: # Collective test concluded: sendrecv_perf_mpi
0: #
0: 

##### pass 4/8  cross nid007240:g1 <-> nid007242:g3  sendrecv
0: 
0: WARNING: FI_CXI_RDZV_PROTO=alt_read is configured, but the Slurm network is
0: not set to disable rendezvous GET. Performance/stability may be impacted.
0: 
0: Expected Slurm launch:
0:   srun --network=disable_rdzv_get ...
0: or
0:   SLURM_NETWORK=disable_rdzv_get srun ...
0: 
0: Context:
0:   SLURM_NETWORK=<unset>
0:   FI_PROVIDER=cxi
0:   FI_CXI_RDZV_PROTO=alt_read
0: 
0: # nccl-tests version 2.17.8 nccl-headers=22902 nccl-library=22903
0: # Collective test starting: sendrecv_perf_mpi
0: # nThread 1 nGpus 1 minBytes 16777216 maxBytes 268435456 step: 4(factor) warmup iters: 5 iters: 20 agg iters: 1 validation: 1 graph: 0
0: #
0: # Using devices
0: #  Rank  0 Group  0 Pid  76236 on  nid007240 device  0 [0019:01:00] NVIDIA GH200 120GB
0: #  Rank  1 Group  0 Pid   3705 on  nid007242 device  0 [0039:01:00] NVIDIA GH200 120GB
0: #
0: #                                                              out-of-place                       in-place          
0: #       size         count      type   redop    root     time   algbw   busbw  #wrong     time   algbw   busbw  #wrong 
0: #        (B)    (elements)                               (us)  (GB/s)  (GB/s)             (us)  (GB/s)  (GB/s)         
0:     16777216       4194304     float     sum      -1   810.51   20.70   20.70       0   804.90   20.84   20.84    N/A
0:     67108864      16777216     float     sum      -1  3046.90   22.03   22.03       0  3037.90   22.09   22.09    N/A
0:    268435456      67108864     float     sum      -1  11901.0   22.56   22.56       0  11750.4   22.84   22.84    N/A
0: # Out of bounds values : 0 OK
0: # Avg bus bandwidth    : 21.8433 
0: #
0: # Collective test concluded: sendrecv_perf_mpi
0: #
0: 

##### pass 4/8  cross nid007240:g2 <-> nid007242:g0  sendrecv
0: 
0: WARNING: FI_CXI_RDZV_PROTO=alt_read is configured, but the Slurm network is
0: not set to disable rendezvous GET. Performance/stability may be impacted.
0: 
0: Expected Slurm launch:
0:   srun --network=disable_rdzv_get ...
0: or
0:   SLURM_NETWORK=disable_rdzv_get srun ...
0: 
0: Context:
0:   SLURM_NETWORK=<unset>
0:   FI_PROVIDER=cxi
0:   FI_CXI_RDZV_PROTO=alt_read
0: 
0: # nccl-tests version 2.17.8 nccl-headers=22902 nccl-library=22903
0: # Collective test starting: sendrecv_perf_mpi
0: # nThread 1 nGpus 1 minBytes 16777216 maxBytes 268435456 step: 4(factor) warmup iters: 5 iters: 20 agg iters: 1 validation: 1 graph: 0
0: #
0: # Using devices
0: #  Rank  0 Group  0 Pid  77201 on  nid007240 device  0 [0029:01:00] NVIDIA GH200 120GB
0: #  Rank  1 Group  0 Pid   4664 on  nid007242 device  0 [0009:01:00] NVIDIA GH200 120GB
0: #
0: #                                                              out-of-place                       in-place          
0: #       size         count      type   redop    root     time   algbw   busbw  #wrong     time   algbw   busbw  #wrong 
0: #        (B)    (elements)                               (us)  (GB/s)  (GB/s)             (us)  (GB/s)  (GB/s)         
0:     16777216       4194304     float     sum      -1   776.83   21.60   21.60       0   778.43   21.55   21.55    N/A
0:     67108864      16777216     float     sum      -1  2968.36   22.61   22.61       0  2949.51   22.75   22.75    N/A
0:    268435456      67108864     float     sum      -1  11645.4   23.05   23.05       0  11648.1   23.05   23.05    N/A
0: # Out of bounds values : 0 OK
0: # Avg bus bandwidth    : 22.4344 
0: #
0: # Collective test concluded: sendrecv_perf_mpi
0: #
0: 

##### pass 4/8  cross nid007240:g2 <-> nid007242:g1  sendrecv
0: 
0: WARNING: FI_CXI_RDZV_PROTO=alt_read is configured, but the Slurm network is
0: not set to disable rendezvous GET. Performance/stability may be impacted.
0: 
0: Expected Slurm launch:
0:   srun --network=disable_rdzv_get ...
0: or
0:   SLURM_NETWORK=disable_rdzv_get srun ...
0: 
0: Context:
0:   SLURM_NETWORK=<unset>
0:   FI_PROVIDER=cxi
0:   FI_CXI_RDZV_PROTO=alt_read
0: 
0: # nccl-tests version 2.17.8 nccl-headers=22902 nccl-library=22903
0: # Collective test starting: sendrecv_perf_mpi
0: # nThread 1 nGpus 1 minBytes 16777216 maxBytes 268435456 step: 4(factor) warmup iters: 5 iters: 20 agg iters: 1 validation: 1 graph: 0
0: #
0: # Using devices
0: #  Rank  0 Group  0 Pid  78167 on  nid007240 device  0 [0029:01:00] NVIDIA GH200 120GB
0: #  Rank  1 Group  0 Pid   5611 on  nid007242 device  0 [0019:01:00] NVIDIA GH200 120GB
0: #
0: #                                                              out-of-place                       in-place          
0: #       size         count      type   redop    root     time   algbw   busbw  #wrong     time   algbw   busbw  #wrong 
0: #        (B)    (elements)                               (us)  (GB/s)  (GB/s)             (us)  (GB/s)  (GB/s)         
0:     16777216       4194304     float     sum      -1   782.64   21.44   21.44       0   781.58   21.47   21.47    N/A
0:     67108864      16777216     float     sum      -1  2968.57   22.61   22.61       0  2967.59   22.61   22.61    N/A
0:    268435456      67108864     float     sum      -1  11628.1   23.09   23.09       0  11625.1   23.09   23.09    N/A
0: # Out of bounds values : 0 OK
0: # Avg bus bandwidth    : 22.3832 
0: #
0: # Collective test concluded: sendrecv_perf_mpi
0: #
0: 

##### pass 4/8  cross nid007240:g2 <-> nid007242:g2  sendrecv
0: 
0: WARNING: FI_CXI_RDZV_PROTO=alt_read is configured, but the Slurm network is
0: not set to disable rendezvous GET. Performance/stability may be impacted.
0: 
0: Expected Slurm launch:
0:   srun --network=disable_rdzv_get ...
0: or
0:   SLURM_NETWORK=disable_rdzv_get srun ...
0: 
0: Context:
0:   SLURM_NETWORK=<unset>
0:   FI_PROVIDER=cxi
0:   FI_CXI_RDZV_PROTO=alt_read
0: 
0: # nccl-tests version 2.17.8 nccl-headers=22902 nccl-library=22903
0: # Collective test starting: sendrecv_perf_mpi
0: # nThread 1 nGpus 1 minBytes 16777216 maxBytes 268435456 step: 4(factor) warmup iters: 5 iters: 20 agg iters: 1 validation: 1 graph: 0
0: #
0: # Using devices
0: #  Rank  0 Group  0 Pid  79154 on  nid007240 device  0 [0029:01:00] NVIDIA GH200 120GB
0: #  Rank  1 Group  0 Pid   6571 on  nid007242 device  0 [0029:01:00] NVIDIA GH200 120GB
0: #
0: #                                                              out-of-place                       in-place          
0: #       size         count      type   redop    root     time   algbw   busbw  #wrong     time   algbw   busbw  #wrong 
0: #        (B)    (elements)                               (us)  (GB/s)  (GB/s)             (us)  (GB/s)  (GB/s)         
0:     16777216       4194304     float     sum      -1   784.61   21.38   21.38       0   781.10   21.48   21.48    N/A
0:     67108864      16777216     float     sum      -1  2966.10   22.63   22.63       0  2963.96   22.64   22.64    N/A
0:    268435456      67108864     float     sum      -1  11626.2   23.09   23.09       0  11626.6   23.09   23.09    N/A
0: # Out of bounds values : 0 OK
0: # Avg bus bandwidth    : 22.3843 
0: #
0: # Collective test concluded: sendrecv_perf_mpi
0: #
0: 

##### pass 4/8  cross nid007240:g2 <-> nid007242:g3  sendrecv
0: 
0: WARNING: FI_CXI_RDZV_PROTO=alt_read is configured, but the Slurm network is
0: not set to disable rendezvous GET. Performance/stability may be impacted.
0: 
0: Expected Slurm launch:
0:   srun --network=disable_rdzv_get ...
0: or
0:   SLURM_NETWORK=disable_rdzv_get srun ...
0: 
0: Context:
0:   SLURM_NETWORK=<unset>
0:   FI_PROVIDER=cxi
0:   FI_CXI_RDZV_PROTO=alt_read
0: 
0: # nccl-tests version 2.17.8 nccl-headers=22902 nccl-library=22903
0: # Collective test starting: sendrecv_perf_mpi
0: # nThread 1 nGpus 1 minBytes 16777216 maxBytes 268435456 step: 4(factor) warmup iters: 5 iters: 20 agg iters: 1 validation: 1 graph: 0
0: #
0: # Using devices
0: #  Rank  0 Group  0 Pid  80120 on  nid007240 device  0 [0029:01:00] NVIDIA GH200 120GB
0: #  Rank  1 Group  0 Pid   7527 on  nid007242 device  0 [0039:01:00] NVIDIA GH200 120GB
0: #
0: #                                                              out-of-place                       in-place          
0: #       size         count      type   redop    root     time   algbw   busbw  #wrong     time   algbw   busbw  #wrong 
0: #        (B)    (elements)                               (us)  (GB/s)  (GB/s)             (us)  (GB/s)  (GB/s)         
0:     16777216       4194304     float     sum      -1   788.38   21.28   21.28       0   781.78   21.46   21.46    N/A
0:     67108864      16777216     float     sum      -1  2965.34   22.63   22.63       0  2974.49   22.56   22.56    N/A
0:    268435456      67108864     float     sum      -1  11632.4   23.08   23.08       0  11637.1   23.07   23.07    N/A
0: # Out of bounds values : 0 OK
0: # Avg bus bandwidth    : 22.3462 
0: #
0: # Collective test concluded: sendrecv_perf_mpi
0: #
0: 

##### pass 4/8  cross nid007240:g3 <-> nid007242:g0  sendrecv
0: 
0: WARNING: FI_CXI_RDZV_PROTO=alt_read is configured, but the Slurm network is
0: not set to disable rendezvous GET. Performance/stability may be impacted.
0: 
0: Expected Slurm launch:
0:   srun --network=disable_rdzv_get ...
0: or
0:   SLURM_NETWORK=disable_rdzv_get srun ...
0: 
0: Context:
0:   SLURM_NETWORK=<unset>
0:   FI_PROVIDER=cxi
0:   FI_CXI_RDZV_PROTO=alt_read
0: 
0: # nccl-tests version 2.17.8 nccl-headers=22902 nccl-library=22903
0: # Collective test starting: sendrecv_perf_mpi
0: # nThread 1 nGpus 1 minBytes 16777216 maxBytes 268435456 step: 4(factor) warmup iters: 5 iters: 20 agg iters: 1 validation: 1 graph: 0
0: #
0: # Using devices
0: #  Rank  0 Group  0 Pid  81107 on  nid007240 device  0 [0039:01:00] NVIDIA GH200 120GB
0: #  Rank  1 Group  0 Pid   8485 on  nid007242 device  0 [0009:01:00] NVIDIA GH200 120GB
0: #
0: #                                                              out-of-place                       in-place          
0: #       size         count      type   redop    root     time   algbw   busbw  #wrong     time   algbw   busbw  #wrong 
0: #        (B)    (elements)                               (us)  (GB/s)  (GB/s)             (us)  (GB/s)  (GB/s)         
0:     16777216       4194304     float     sum      -1   777.28   21.58   21.58       0   774.46   21.66   21.66    N/A
0:     67108864      16777216     float     sum      -1  2953.52   22.72   22.72       0  2959.60   22.67   22.67    N/A
0:    268435456      67108864     float     sum      -1  11621.8   23.10   23.10       0  11623.2   23.09   23.09    N/A
0: # Out of bounds values : 0 OK
0: # Avg bus bandwidth    : 22.4728 
0: #
0: # Collective test concluded: sendrecv_perf_mpi
0: #
0: 

##### pass 4/8  cross nid007240:g3 <-> nid007242:g1  sendrecv
0: 
0: WARNING: FI_CXI_RDZV_PROTO=alt_read is configured, but the Slurm network is
0: not set to disable rendezvous GET. Performance/stability may be impacted.
0: 
0: Expected Slurm launch:
0:   srun --network=disable_rdzv_get ...
0: or
0:   SLURM_NETWORK=disable_rdzv_get srun ...
0: 
0: Context:
0:   SLURM_NETWORK=<unset>
0:   FI_PROVIDER=cxi
0:   FI_CXI_RDZV_PROTO=alt_read
0: 
0: # nccl-tests version 2.17.8 nccl-headers=22902 nccl-library=22903
0: # Collective test starting: sendrecv_perf_mpi
0: # nThread 1 nGpus 1 minBytes 16777216 maxBytes 268435456 step: 4(factor) warmup iters: 5 iters: 20 agg iters: 1 validation: 1 graph: 0
0: #
0: # Using devices
0: #  Rank  0 Group  0 Pid  82073 on  nid007240 device  0 [0039:01:00] NVIDIA GH200 120GB
0: #  Rank  1 Group  0 Pid   9420 on  nid007242 device  0 [0019:01:00] NVIDIA GH200 120GB
0: #
0: #                                                              out-of-place                       in-place          
0: #       size         count      type   redop    root     time   algbw   busbw  #wrong     time   algbw   busbw  #wrong 
0: #        (B)    (elements)                               (us)  (GB/s)  (GB/s)             (us)  (GB/s)  (GB/s)         
0:     16777216       4194304     float     sum      -1   788.60   21.27   21.27       0   784.76   21.38   21.38    N/A
0:     67108864      16777216     float     sum      -1  2965.74   22.63   22.63       0  2975.67   22.55   22.55    N/A
0:    268435456      67108864     float     sum      -1  11629.1   23.08   23.08       0  11626.7   23.09   23.09    N/A
0: # Out of bounds values : 0 OK
0: # Avg bus bandwidth    : 22.3342 
0: #
0: # Collective test concluded: sendrecv_perf_mpi
0: #
0: 

##### pass 4/8  cross nid007240:g3 <-> nid007242:g2  sendrecv
0: 
0: WARNING: FI_CXI_RDZV_PROTO=alt_read is configured, but the Slurm network is
0: not set to disable rendezvous GET. Performance/stability may be impacted.
0: 
0: Expected Slurm launch:
0:   srun --network=disable_rdzv_get ...
0: or
0:   SLURM_NETWORK=disable_rdzv_get srun ...
0: 
0: Context:
0:   SLURM_NETWORK=<unset>
0:   FI_PROVIDER=cxi
0:   FI_CXI_RDZV_PROTO=alt_read
0: 
0: # nccl-tests version 2.17.8 nccl-headers=22902 nccl-library=22903
0: # Collective test starting: sendrecv_perf_mpi
0: # nThread 1 nGpus 1 minBytes 16777216 maxBytes 268435456 step: 4(factor) warmup iters: 5 iters: 20 agg iters: 1 validation: 1 graph: 0
0: #
0: # Using devices
0: #  Rank  0 Group  0 Pid  83042 on  nid007240 device  0 [0039:01:00] NVIDIA GH200 120GB
0: #  Rank  1 Group  0 Pid  10363 on  nid007242 device  0 [0029:01:00] NVIDIA GH200 120GB
0: #
0: #                                                              out-of-place                       in-place          
0: #       size         count      type   redop    root     time   algbw   busbw  #wrong     time   algbw   busbw  #wrong 
0: #        (B)    (elements)                               (us)  (GB/s)  (GB/s)             (us)  (GB/s)  (GB/s)         
0:     16777216       4194304     float     sum      -1   785.33   21.36   21.36       0   787.24   21.31   21.31    N/A
0:     67108864      16777216     float     sum      -1  2965.99   22.63   22.63       0  2964.42   22.64   22.64    N/A
0:    268435456      67108864     float     sum      -1  11634.6   23.07   23.07       0  11627.8   23.09   23.09    N/A
0: # Out of bounds values : 0 OK
0: # Avg bus bandwidth    : 22.3494 
0: #
0: # Collective test concluded: sendrecv_perf_mpi
0: #
0: 

##### pass 4/8  cross nid007240:g3 <-> nid007242:g3  sendrecv
0: 
0: WARNING: FI_CXI_RDZV_PROTO=alt_read is configured, but the Slurm network is
0: not set to disable rendezvous GET. Performance/stability may be impacted.
0: 
0: Expected Slurm launch:
0:   srun --network=disable_rdzv_get ...
0: or
0:   SLURM_NETWORK=disable_rdzv_get srun ...
0: 
0: Context:
0:   SLURM_NETWORK=<unset>
0:   FI_PROVIDER=cxi
0:   FI_CXI_RDZV_PROTO=alt_read
0: 
0: # nccl-tests version 2.17.8 nccl-headers=22902 nccl-library=22903
0: # Collective test starting: sendrecv_perf_mpi
0: # nThread 1 nGpus 1 minBytes 16777216 maxBytes 268435456 step: 4(factor) warmup iters: 5 iters: 20 agg iters: 1 validation: 1 graph: 0
0: #
0: # Using devices
0: #  Rank  0 Group  0 Pid  84116 on  nid007240 device  0 [0039:01:00] NVIDIA GH200 120GB
0: #  Rank  1 Group  0 Pid  11320 on  nid007242 device  0 [0039:01:00] NVIDIA GH200 120GB
0: #
0: #                                                              out-of-place                       in-place          
0: #       size         count      type   redop    root     time   algbw   busbw  #wrong     time   algbw   busbw  #wrong 
0: #        (B)    (elements)                               (us)  (GB/s)  (GB/s)             (us)  (GB/s)  (GB/s)         
0:     16777216       4194304     float     sum      -1   784.12   21.40   21.40       0   782.45   21.44   21.44    N/A
0:     67108864      16777216     float     sum      -1  2964.75   22.64   22.64       0  2971.69   22.58   22.58    N/A
0:    268435456      67108864     float     sum      -1  11639.4   23.06   23.06       0  11627.2   23.09   23.09    N/A
0: # Out of bounds values : 0 OK
0: # Avg bus bandwidth    : 22.3677 
0: #
0: # Collective test concluded: sendrecv_perf_mpi
0: #
0: 

##### pass 5/8  cross nid007240:g0 <-> nid007242:g0  sendrecv
0: 
0: WARNING: FI_CXI_RDZV_PROTO=alt_read is configured, but the Slurm network is
0: not set to disable rendezvous GET. Performance/stability may be impacted.
0: 
0: Expected Slurm launch:
0:   srun --network=disable_rdzv_get ...
0: or
0:   SLURM_NETWORK=disable_rdzv_get srun ...
0: 
0: Context:
0:   SLURM_NETWORK=<unset>
0:   FI_PROVIDER=cxi
0:   FI_CXI_RDZV_PROTO=alt_read
0: 
0: # nccl-tests version 2.17.8 nccl-headers=22902 nccl-library=22903
0: # Collective test starting: sendrecv_perf_mpi
0: # nThread 1 nGpus 1 minBytes 16777216 maxBytes 268435456 step: 4(factor) warmup iters: 5 iters: 20 agg iters: 1 validation: 1 graph: 0
0: #
0: # Using devices
0: #  Rank  0 Group  0 Pid  85087 on  nid007240 device  0 [0009:01:00] NVIDIA GH200 120GB
0: #  Rank  1 Group  0 Pid  12262 on  nid007242 device  0 [0009:01:00] NVIDIA GH200 120GB
0: #
0: #                                                              out-of-place                       in-place          
0: #       size         count      type   redop    root     time   algbw   busbw  #wrong     time   algbw   busbw  #wrong 
0: #        (B)    (elements)                               (us)  (GB/s)  (GB/s)             (us)  (GB/s)  (GB/s)         
0:     16777216       4194304     float     sum      -1   760.74   22.05   22.05       0   768.11   21.84   21.84    N/A
0:     67108864      16777216     float     sum      -1  2924.23   22.95   22.95       0  2936.76   22.85   22.85    N/A
0:    268435456      67108864     float     sum      -1  11600.0   23.14   23.14       0  11597.5   23.15   23.15    N/A
0: # Out of bounds values : 0 OK
0: # Avg bus bandwidth    : 22.6639 
0: #
0: # Collective test concluded: sendrecv_perf_mpi
0: #
0: 

##### pass 5/8  cross nid007240:g0 <-> nid007242:g1  sendrecv
0: 
0: WARNING: FI_CXI_RDZV_PROTO=alt_read is configured, but the Slurm network is
0: not set to disable rendezvous GET. Performance/stability may be impacted.
0: 
0: Expected Slurm launch:
0:   srun --network=disable_rdzv_get ...
0: or
0:   SLURM_NETWORK=disable_rdzv_get srun ...
0: 
0: Context:
0:   SLURM_NETWORK=<unset>
0:   FI_PROVIDER=cxi
0:   FI_CXI_RDZV_PROTO=alt_read
0: 
0: # nccl-tests version 2.17.8 nccl-headers=22902 nccl-library=22903
0: # Collective test starting: sendrecv_perf_mpi
0: # nThread 1 nGpus 1 minBytes 16777216 maxBytes 268435456 step: 4(factor) warmup iters: 5 iters: 20 agg iters: 1 validation: 1 graph: 0
0: #
0: # Using devices
0: #  Rank  0 Group  0 Pid  86058 on  nid007240 device  0 [0009:01:00] NVIDIA GH200 120GB
0: #  Rank  1 Group  0 Pid  13220 on  nid007242 device  0 [0019:01:00] NVIDIA GH200 120GB
0: #
0: #                                                              out-of-place                       in-place          
0: #       size         count      type   redop    root     time   algbw   busbw  #wrong     time   algbw   busbw  #wrong 
0: #        (B)    (elements)                               (us)  (GB/s)  (GB/s)             (us)  (GB/s)  (GB/s)         
0:     16777216       4194304     float     sum      -1   780.13   21.51   21.51       0   774.62   21.66   21.66    N/A
0:     67108864      16777216     float     sum      -1  2946.48   22.78   22.78       0  2954.28   22.72   22.72    N/A
0:    268435456      67108864     float     sum      -1  11604.8   23.13   23.13       0  11606.1   23.13   23.13    N/A
0: # Out of bounds values : 0 OK
0: # Avg bus bandwidth    : 22.486 
0: #
0: # Collective test concluded: sendrecv_perf_mpi
0: #
0: 

##### pass 5/8  cross nid007240:g0 <-> nid007242:g2  sendrecv
0: 
0: WARNING: FI_CXI_RDZV_PROTO=alt_read is configured, but the Slurm network is
0: not set to disable rendezvous GET. Performance/stability may be impacted.
0: 
0: Expected Slurm launch:
0:   srun --network=disable_rdzv_get ...
0: or
0:   SLURM_NETWORK=disable_rdzv_get srun ...
0: 
0: Context:
0:   SLURM_NETWORK=<unset>
0:   FI_PROVIDER=cxi
0:   FI_CXI_RDZV_PROTO=alt_read
0: 
0: # nccl-tests version 2.17.8 nccl-headers=22902 nccl-library=22903
0: # Collective test starting: sendrecv_perf_mpi
0: # nThread 1 nGpus 1 minBytes 16777216 maxBytes 268435456 step: 4(factor) warmup iters: 5 iters: 20 agg iters: 1 validation: 1 graph: 0
0: #
0: # Using devices
0: #  Rank  0 Group  0 Pid  87050 on  nid007240 device  0 [0009:01:00] NVIDIA GH200 120GB
0: #  Rank  1 Group  0 Pid  14177 on  nid007242 device  0 [0029:01:00] NVIDIA GH200 120GB
0: #
0: #                                                              out-of-place                       in-place          
0: #       size         count      type   redop    root     time   algbw   busbw  #wrong     time   algbw   busbw  #wrong 
0: #        (B)    (elements)                               (us)  (GB/s)  (GB/s)             (us)  (GB/s)  (GB/s)         
0:     16777216       4194304     float     sum      -1   777.51   21.58   21.58       0   778.04   21.56   21.56    N/A
0:     67108864      16777216     float     sum      -1  2950.50   22.74   22.74       0  2950.98   22.74   22.74    N/A
0:    268435456      67108864     float     sum      -1  11607.3   23.13   23.13       0  11614.5   23.11   23.11    N/A
0: # Out of bounds values : 0 OK
0: # Avg bus bandwidth    : 22.4777 
0: #
0: # Collective test concluded: sendrecv_perf_mpi
0: #
0: 

##### pass 5/8  cross nid007240:g0 <-> nid007242:g3  sendrecv
0: 
0: WARNING: FI_CXI_RDZV_PROTO=alt_read is configured, but the Slurm network is
0: not set to disable rendezvous GET. Performance/stability may be impacted.
0: 
0: Expected Slurm launch:
0:   srun --network=disable_rdzv_get ...
0: or
0:   SLURM_NETWORK=disable_rdzv_get srun ...
0: 
0: Context:
0:   SLURM_NETWORK=<unset>
0:   FI_PROVIDER=cxi
0:   FI_CXI_RDZV_PROTO=alt_read
0: 
0: # nccl-tests version 2.17.8 nccl-headers=22902 nccl-library=22903
0: # Collective test starting: sendrecv_perf_mpi
0: # nThread 1 nGpus 1 minBytes 16777216 maxBytes 268435456 step: 4(factor) warmup iters: 5 iters: 20 agg iters: 1 validation: 1 graph: 0
0: #
0: # Using devices
0: #  Rank  0 Group  0 Pid  88044 on  nid007240 device  0 [0009:01:00] NVIDIA GH200 120GB
0: #  Rank  1 Group  0 Pid  15113 on  nid007242 device  0 [0039:01:00] NVIDIA GH200 120GB
0: #
0: #                                                              out-of-place                       in-place          
0: #       size         count      type   redop    root     time   algbw   busbw  #wrong     time   algbw   busbw  #wrong 
0: #        (B)    (elements)                               (us)  (GB/s)  (GB/s)             (us)  (GB/s)  (GB/s)         
0:     16777216       4194304     float     sum      -1   775.88   21.62   21.62       0   775.95   21.62   21.62    N/A
0:     67108864      16777216     float     sum      -1  2950.57   22.74   22.74       0  2953.68   22.72   22.72    N/A
0:    268435456      67108864     float     sum      -1  11616.9   23.11   23.11       0  11615.5   23.11   23.11    N/A
0: # Out of bounds values : 0 OK
0: # Avg bus bandwidth    : 22.4879 
0: #
0: # Collective test concluded: sendrecv_perf_mpi
0: #
0: 

##### pass 5/8  cross nid007240:g1 <-> nid007242:g0  sendrecv
0: 
0: WARNING: FI_CXI_RDZV_PROTO=alt_read is configured, but the Slurm network is
0: not set to disable rendezvous GET. Performance/stability may be impacted.
0: 
0: Expected Slurm launch:
0:   srun --network=disable_rdzv_get ...
0: or
0:   SLURM_NETWORK=disable_rdzv_get srun ...
0: 
0: Context:
0:   SLURM_NETWORK=<unset>
0:   FI_PROVIDER=cxi
0:   FI_CXI_RDZV_PROTO=alt_read
0: 
0: # nccl-tests version 2.17.8 nccl-headers=22902 nccl-library=22903
0: # Collective test starting: sendrecv_perf_mpi
0: # nThread 1 nGpus 1 minBytes 16777216 maxBytes 268435456 step: 4(factor) warmup iters: 5 iters: 20 agg iters: 1 validation: 1 graph: 0
0: #
0: # Using devices
0: #  Rank  0 Group  0 Pid  89156 on  nid007240 device  0 [0019:01:00] NVIDIA GH200 120GB
0: #  Rank  1 Group  0 Pid  16070 on  nid007242 device  0 [0009:01:00] NVIDIA GH200 120GB
0: #
0: #                                                              out-of-place                       in-place          
0: #       size         count      type   redop    root     time   algbw   busbw  #wrong     time   algbw   busbw  #wrong 
0: #        (B)    (elements)                               (us)  (GB/s)  (GB/s)             (us)  (GB/s)  (GB/s)         
0:     16777216       4194304     float     sum      -1   776.57   21.60   21.60       0   778.70   21.55   21.55    N/A
0:     67108864      16777216     float     sum      -1  2952.97   22.73   22.73       0  2953.78   22.72   22.72    N/A
0:    268435456      67108864     float     sum      -1  11605.9   23.13   23.13       0  11609.1   23.12   23.12    N/A
0: # Out of bounds values : 0 OK
0: # Avg bus bandwidth    : 22.4745 
0: #
0: # Collective test concluded: sendrecv_perf_mpi
0: #
0: 

##### pass 5/8  cross nid007240:g1 <-> nid007242:g1  sendrecv
0: 
0: WARNING: FI_CXI_RDZV_PROTO=alt_read is configured, but the Slurm network is
0: not set to disable rendezvous GET. Performance/stability may be impacted.
0: 
0: Expected Slurm launch:
0:   srun --network=disable_rdzv_get ...
0: or
0:   SLURM_NETWORK=disable_rdzv_get srun ...
0: 
0: Context:
0:   SLURM_NETWORK=<unset>
0:   FI_PROVIDER=cxi
0:   FI_CXI_RDZV_PROTO=alt_read
0: 
0: # nccl-tests version 2.17.8 nccl-headers=22902 nccl-library=22903
0: # Collective test starting: sendrecv_perf_mpi
0: # nThread 1 nGpus 1 minBytes 16777216 maxBytes 268435456 step: 4(factor) warmup iters: 5 iters: 20 agg iters: 1 validation: 1 graph: 0
0: #
0: # Using devices
0: #  Rank  0 Group  0 Pid  90128 on  nid007240 device  0 [0019:01:00] NVIDIA GH200 120GB
0: #  Rank  1 Group  0 Pid  17004 on  nid007242 device  0 [0019:01:00] NVIDIA GH200 120GB
0: #
0: #                                                              out-of-place                       in-place          
0: #       size         count      type   redop    root     time   algbw   busbw  #wrong     time   algbw   busbw  #wrong 
0: #        (B)    (elements)                               (us)  (GB/s)  (GB/s)             (us)  (GB/s)  (GB/s)         
0:     16777216       4194304     float     sum      -1   782.54   21.44   21.44       0   783.75   21.41   21.41    N/A
0:     67108864      16777216     float     sum      -1  2968.73   22.61   22.61       0  2969.38   22.60   22.60    N/A
0:    268435456      67108864     float     sum      -1  11627.8   23.09   23.09       0  11625.1   23.09   23.09    N/A
0: # Out of bounds values : 0 OK
0: # Avg bus bandwidth    : 22.3713 
0: #
0: # Collective test concluded: sendrecv_perf_mpi
0: #
0: 

##### pass 5/8  cross nid007240:g1 <-> nid007242:g2  sendrecv
0: 
0: WARNING: FI_CXI_RDZV_PROTO=alt_read is configured, but the Slurm network is
0: not set to disable rendezvous GET. Performance/stability may be impacted.
0: 
0: Expected Slurm launch:
0:   srun --network=disable_rdzv_get ...
0: or
0:   SLURM_NETWORK=disable_rdzv_get srun ...
0: 
0: Context:
0:   SLURM_NETWORK=<unset>
0:   FI_PROVIDER=cxi
0:   FI_CXI_RDZV_PROTO=alt_read
0: 
0: # nccl-tests version 2.17.8 nccl-headers=22902 nccl-library=22903
0: # Collective test starting: sendrecv_perf_mpi
0: # nThread 1 nGpus 1 minBytes 16777216 maxBytes 268435456 step: 4(factor) warmup iters: 5 iters: 20 agg iters: 1 validation: 1 graph: 0
0: #
0: # Using devices
0: #  Rank  0 Group  0 Pid  91102 on  nid007240 device  0 [0019:01:00] NVIDIA GH200 120GB
0: #  Rank  1 Group  0 Pid  17943 on  nid007242 device  0 [0029:01:00] NVIDIA GH200 120GB
0: #
0: #                                                              out-of-place                       in-place          
0: #       size         count      type   redop    root     time   algbw   busbw  #wrong     time   algbw   busbw  #wrong 
0: #        (B)    (elements)                               (us)  (GB/s)  (GB/s)             (us)  (GB/s)  (GB/s)         
0:     16777216       4194304     float     sum      -1   784.42   21.39   21.39       0   782.71   21.43   21.43    N/A
0:     67108864      16777216     float     sum      -1  2964.29   22.64   22.64       0  2964.78   22.64   22.64    N/A
0:    268435456      67108864     float     sum      -1  11630.4   23.08   23.08       0  11627.2   23.09   23.09    N/A
0: # Out of bounds values : 0 OK
0: # Avg bus bandwidth    : 22.3775 
0: #
0: # Collective test concluded: sendrecv_perf_mpi
0: #
0: 

##### pass 5/8  cross nid007240:g1 <-> nid007242:g3  sendrecv
0: 
0: WARNING: FI_CXI_RDZV_PROTO=alt_read is configured, but the Slurm network is
0: not set to disable rendezvous GET. Performance/stability may be impacted.
0: 
0: Expected Slurm launch:
0:   srun --network=disable_rdzv_get ...
0: or
0:   SLURM_NETWORK=disable_rdzv_get srun ...
0: 
0: Context:
0:   SLURM_NETWORK=<unset>
0:   FI_PROVIDER=cxi
0:   FI_CXI_RDZV_PROTO=alt_read
0: 
0: # nccl-tests version 2.17.8 nccl-headers=22902 nccl-library=22903
0: # Collective test starting: sendrecv_perf_mpi
0: # nThread 1 nGpus 1 minBytes 16777216 maxBytes 268435456 step: 4(factor) warmup iters: 5 iters: 20 agg iters: 1 validation: 1 graph: 0
0: #
0: # Using devices
0: #  Rank  0 Group  0 Pid  92086 on  nid007240 device  0 [0019:01:00] NVIDIA GH200 120GB
0: #  Rank  1 Group  0 Pid  18902 on  nid007242 device  0 [0039:01:00] NVIDIA GH200 120GB
0: #
0: #                                                              out-of-place                       in-place          
0: #       size         count      type   redop    root     time   algbw   busbw  #wrong     time   algbw   busbw  #wrong 
0: #        (B)    (elements)                               (us)  (GB/s)  (GB/s)             (us)  (GB/s)  (GB/s)         
0:     16777216       4194304     float     sum      -1   782.80   21.43   21.43       0   781.80   21.46   21.46    N/A
0:     67108864      16777216     float     sum      -1  2970.21   22.59   22.59       0  2965.74   22.63   22.63    N/A
0:    268435456      67108864     float     sum      -1  11636.4   23.07   23.07       0  11639.5   23.06   23.06    N/A
0: # Out of bounds values : 0 OK
0: # Avg bus bandwidth    : 22.3742 
0: #
0: # Collective test concluded: sendrecv_perf_mpi
0: #
0: 

##### pass 5/8  cross nid007240:g2 <-> nid007242:g0  sendrecv
0: 
0: WARNING: FI_CXI_RDZV_PROTO=alt_read is configured, but the Slurm network is
0: not set to disable rendezvous GET. Performance/stability may be impacted.
0: 
0: Expected Slurm launch:
0:   srun --network=disable_rdzv_get ...
0: or
0:   SLURM_NETWORK=disable_rdzv_get srun ...
0: 
0: Context:
0:   SLURM_NETWORK=<unset>
0:   FI_PROVIDER=cxi
0:   FI_CXI_RDZV_PROTO=alt_read
0: 
0: # nccl-tests version 2.17.8 nccl-headers=22902 nccl-library=22903
0: # Collective test starting: sendrecv_perf_mpi
0: # nThread 1 nGpus 1 minBytes 16777216 maxBytes 268435456 step: 4(factor) warmup iters: 5 iters: 20 agg iters: 1 validation: 1 graph: 0
0: #
0: # Using devices
0: #  Rank  0 Group  0 Pid  93054 on  nid007240 device  0 [0029:01:00] NVIDIA GH200 120GB
0: #  Rank  1 Group  0 Pid  19842 on  nid007242 device  0 [0009:01:00] NVIDIA GH200 120GB
0: #
0: #                                                              out-of-place                       in-place          
0: #       size         count      type   redop    root     time   algbw   busbw  #wrong     time   algbw   busbw  #wrong 
0: #        (B)    (elements)                               (us)  (GB/s)  (GB/s)             (us)  (GB/s)  (GB/s)         
0:     16777216       4194304     float     sum      -1   777.20   21.59   21.59       0   776.77   21.60   21.60    N/A
0:     67108864      16777216     float     sum      -1  2953.52   22.72   22.72       0  2954.41   22.71   22.71    N/A
0:    268435456      67108864     float     sum      -1  11623.9   23.09   23.09       0  11611.1   23.12   23.12    N/A
0: # Out of bounds values : 0 OK
0: # Avg bus bandwidth    : 22.4723 
0: #
0: # Collective test concluded: sendrecv_perf_mpi
0: #
0: 

##### pass 5/8  cross nid007240:g2 <-> nid007242:g1  sendrecv
0: 
0: WARNING: FI_CXI_RDZV_PROTO=alt_read is configured, but the Slurm network is
0: not set to disable rendezvous GET. Performance/stability may be impacted.
0: 
0: Expected Slurm launch:
0:   srun --network=disable_rdzv_get ...
0: or
0:   SLURM_NETWORK=disable_rdzv_get srun ...
0: 
0: Context:
0:   SLURM_NETWORK=<unset>
0:   FI_PROVIDER=cxi
0:   FI_CXI_RDZV_PROTO=alt_read
0: 
0: # nccl-tests version 2.17.8 nccl-headers=22902 nccl-library=22903
0: # Collective test starting: sendrecv_perf_mpi
0: # nThread 1 nGpus 1 minBytes 16777216 maxBytes 268435456 step: 4(factor) warmup iters: 5 iters: 20 agg iters: 1 validation: 1 graph: 0
0: #
0: # Using devices
0: #  Rank  0 Group  0 Pid  94038 on  nid007240 device  0 [0029:01:00] NVIDIA GH200 120GB
0: #  Rank  1 Group  0 Pid  20798 on  nid007242 device  0 [0019:01:00] NVIDIA GH200 120GB
0: #
0: #                                                              out-of-place                       in-place          
0: #       size         count      type   redop    root     time   algbw   busbw  #wrong     time   algbw   busbw  #wrong 
0: #        (B)    (elements)                               (us)  (GB/s)  (GB/s)             (us)  (GB/s)  (GB/s)         
0:     16777216       4194304     float     sum      -1   783.05   21.43   21.43       0   782.30   21.45   21.45    N/A
0:     67108864      16777216     float     sum      -1  2960.86   22.67   22.67       0  2964.12   22.64   22.64    N/A
0:    268435456      67108864     float     sum      -1  11629.9   23.08   23.08       0  11628.4   23.08   23.08    N/A
0: # Out of bounds values : 0 OK
0: # Avg bus bandwidth    : 22.3905 
0: #
0: # Collective test concluded: sendrecv_perf_mpi
0: #
0: 

##### pass 5/8  cross nid007240:g2 <-> nid007242:g2  sendrecv
0: 
0: WARNING: FI_CXI_RDZV_PROTO=alt_read is configured, but the Slurm network is
0: not set to disable rendezvous GET. Performance/stability may be impacted.
0: 
0: Expected Slurm launch:
0:   srun --network=disable_rdzv_get ...
0: or
0:   SLURM_NETWORK=disable_rdzv_get srun ...
0: 
0: Context:
0:   SLURM_NETWORK=<unset>
0:   FI_PROVIDER=cxi
0:   FI_CXI_RDZV_PROTO=alt_read
0: 
0: # nccl-tests version 2.17.8 nccl-headers=22902 nccl-library=22903
0: # Collective test starting: sendrecv_perf_mpi
0: # nThread 1 nGpus 1 minBytes 16777216 maxBytes 268435456 step: 4(factor) warmup iters: 5 iters: 20 agg iters: 1 validation: 1 graph: 0
0: #
0: # Using devices
0: #  Rank  0 Group  0 Pid  95006 on  nid007240 device  0 [0029:01:00] NVIDIA GH200 120GB
0: #  Rank  1 Group  0 Pid  21730 on  nid007242 device  0 [0029:01:00] NVIDIA GH200 120GB
0: #
0: #                                                              out-of-place                       in-place          
0: #       size         count      type   redop    root     time   algbw   busbw  #wrong     time   algbw   busbw  #wrong 
0: #        (B)    (elements)                               (us)  (GB/s)  (GB/s)             (us)  (GB/s)  (GB/s)         
0:     16777216       4194304     float     sum      -1   785.34   21.36   21.36       0   782.56   21.44   21.44    N/A
0:     67108864      16777216     float     sum      -1  2962.39   22.65   22.65       0  2968.03   22.61   22.61    N/A
0:    268435456      67108864     float     sum      -1  11633.7   23.07   23.07       0  11628.9   23.08   23.08    N/A
0: # Out of bounds values : 0 OK
0: # Avg bus bandwidth    : 22.3706 
0: #
0: # Collective test concluded: sendrecv_perf_mpi
0: #
0: 

##### pass 5/8  cross nid007240:g2 <-> nid007242:g3  sendrecv
0: 
0: WARNING: FI_CXI_RDZV_PROTO=alt_read is configured, but the Slurm network is
0: not set to disable rendezvous GET. Performance/stability may be impacted.
0: 
0: Expected Slurm launch:
0:   srun --network=disable_rdzv_get ...
0: or
0:   SLURM_NETWORK=disable_rdzv_get srun ...
0: 
0: Context:
0:   SLURM_NETWORK=<unset>
0:   FI_PROVIDER=cxi
0:   FI_CXI_RDZV_PROTO=alt_read
0: 
0: # nccl-tests version 2.17.8 nccl-headers=22902 nccl-library=22903
0: # Collective test starting: sendrecv_perf_mpi
0: # nThread 1 nGpus 1 minBytes 16777216 maxBytes 268435456 step: 4(factor) warmup iters: 5 iters: 20 agg iters: 1 validation: 1 graph: 0
0: #
0: # Using devices
0: #  Rank  0 Group  0 Pid  95983 on  nid007240 device  0 [0029:01:00] NVIDIA GH200 120GB
0: #  Rank  1 Group  0 Pid  22668 on  nid007242 device  0 [0039:01:00] NVIDIA GH200 120GB
0: #
0: #                                                              out-of-place                       in-place          
0: #       size         count      type   redop    root     time   algbw   busbw  #wrong     time   algbw   busbw  #wrong 
0: #        (B)    (elements)                               (us)  (GB/s)  (GB/s)             (us)  (GB/s)  (GB/s)         
0:     16777216       4194304     float     sum      -1   786.83   21.32   21.32       0   786.44   21.33   21.33    N/A
0:     67108864      16777216     float     sum      -1  2970.24   22.59   22.59       0  2970.23   22.59   22.59    N/A
0:    268435456      67108864     float     sum      -1  11640.9   23.06   23.06       0  11632.2   23.08   23.08    N/A
0: # Out of bounds values : 0 OK
0: # Avg bus bandwidth    : 22.33 
0: #
0: # Collective test concluded: sendrecv_perf_mpi
0: #
0: 

##### pass 5/8  cross nid007240:g3 <-> nid007242:g0  sendrecv
0: 
0: WARNING: FI_CXI_RDZV_PROTO=alt_read is configured, but the Slurm network is
0: not set to disable rendezvous GET. Performance/stability may be impacted.
0: 
0: Expected Slurm launch:
0:   srun --network=disable_rdzv_get ...
0: or
0:   SLURM_NETWORK=disable_rdzv_get srun ...
0: 
0: Context:
0:   SLURM_NETWORK=<unset>
0:   FI_PROVIDER=cxi
0:   FI_CXI_RDZV_PROTO=alt_read
0: 
0: # nccl-tests version 2.17.8 nccl-headers=22902 nccl-library=22903
0: # Collective test starting: sendrecv_perf_mpi
0: # nThread 1 nGpus 1 minBytes 16777216 maxBytes 268435456 step: 4(factor) warmup iters: 5 iters: 20 agg iters: 1 validation: 1 graph: 0
0: #
0: # Using devices
0: #  Rank  0 Group  0 Pid  96970 on  nid007240 device  0 [0039:01:00] NVIDIA GH200 120GB
0: #  Rank  1 Group  0 Pid  23624 on  nid007242 device  0 [0009:01:00] NVIDIA GH200 120GB
0: #
0: #                                                              out-of-place                       in-place          
0: #       size         count      type   redop    root     time   algbw   busbw  #wrong     time   algbw   busbw  #wrong 
0: #        (B)    (elements)                               (us)  (GB/s)  (GB/s)             (us)  (GB/s)  (GB/s)         
0:     16777216       4194304     float     sum      -1   776.81   21.60   21.60       0   780.58   21.49   21.49    N/A
0:     67108864      16777216     float     sum      -1  2955.48   22.71   22.71       0  2945.74   22.78   22.78    N/A
0:    268435456      67108864     float     sum      -1  11624.8   23.09   23.09       0  11619.5   23.10   23.10    N/A
0: # Out of bounds values : 0 OK
0: # Avg bus bandwidth    : 22.4621 
0: #
0: # Collective test concluded: sendrecv_perf_mpi
0: #
0: 

##### pass 5/8  cross nid007240:g3 <-> nid007242:g1  sendrecv
0: 
0: WARNING: FI_CXI_RDZV_PROTO=alt_read is configured, but the Slurm network is
0: not set to disable rendezvous GET. Performance/stability may be impacted.
0: 
0: Expected Slurm launch:
0:   srun --network=disable_rdzv_get ...
0: or
0:   SLURM_NETWORK=disable_rdzv_get srun ...
0: 
0: Context:
0:   SLURM_NETWORK=<unset>
0:   FI_PROVIDER=cxi
0:   FI_CXI_RDZV_PROTO=alt_read
0: 
0: # nccl-tests version 2.17.8 nccl-headers=22902 nccl-library=22903
0: # Collective test starting: sendrecv_perf_mpi
0: # nThread 1 nGpus 1 minBytes 16777216 maxBytes 268435456 step: 4(factor) warmup iters: 5 iters: 20 agg iters: 1 validation: 1 graph: 0
0: #
0: # Using devices
0: #  Rank  0 Group  0 Pid  97931 on  nid007240 device  0 [0039:01:00] NVIDIA GH200 120GB
0: #  Rank  1 Group  0 Pid  24571 on  nid007242 device  0 [0019:01:00] NVIDIA GH200 120GB
0: #
0: #                                                              out-of-place                       in-place          
0: #       size         count      type   redop    root     time   algbw   busbw  #wrong     time   algbw   busbw  #wrong 
0: #        (B)    (elements)                               (us)  (GB/s)  (GB/s)             (us)  (GB/s)  (GB/s)         
0:     16777216       4194304     float     sum      -1   781.48   21.47   21.47       0   786.16   21.34   21.34    N/A
0:     67108864      16777216     float     sum      -1  2970.26   22.59   22.59       0  2965.19   22.63   22.63    N/A
0:    268435456      67108864     float     sum      -1  11618.2   23.10   23.10       0  11629.1   23.08   23.08    N/A
0: # Out of bounds values : 0 OK
0: # Avg bus bandwidth    : 22.3705 
0: #
0: # Collective test concluded: sendrecv_perf_mpi
0: #
0: 

##### pass 5/8  cross nid007240:g3 <-> nid007242:g2  sendrecv
0: 
0: WARNING: FI_CXI_RDZV_PROTO=alt_read is configured, but the Slurm network is
0: not set to disable rendezvous GET. Performance/stability may be impacted.
0: 
0: Expected Slurm launch:
0:   srun --network=disable_rdzv_get ...
0: or
0:   SLURM_NETWORK=disable_rdzv_get srun ...
0: 
0: Context:
0:   SLURM_NETWORK=<unset>
0:   FI_PROVIDER=cxi
0:   FI_CXI_RDZV_PROTO=alt_read
0: 
0: # nccl-tests version 2.17.8 nccl-headers=22902 nccl-library=22903
0: # Collective test starting: sendrecv_perf_mpi
0: # nThread 1 nGpus 1 minBytes 16777216 maxBytes 268435456 step: 4(factor) warmup iters: 5 iters: 20 agg iters: 1 validation: 1 graph: 0
0: #
0: # Using devices
0: #  Rank  0 Group  0 Pid  98906 on  nid007240 device  0 [0039:01:00] NVIDIA GH200 120GB
0: #  Rank  1 Group  0 Pid  25520 on  nid007242 device  0 [0029:01:00] NVIDIA GH200 120GB
0: #
0: #                                                              out-of-place                       in-place          
0: #       size         count      type   redop    root     time   algbw   busbw  #wrong     time   algbw   busbw  #wrong 
0: #        (B)    (elements)                               (us)  (GB/s)  (GB/s)             (us)  (GB/s)  (GB/s)         
0:     16777216       4194304     float     sum      -1   783.60   21.41   21.41       0   783.49   21.41   21.41    N/A
0:     67108864      16777216     float     sum      -1  2967.77   22.61   22.61       0  2965.51   22.63   22.63    N/A
0:    268435456      67108864     float     sum      -1  11629.7   23.08   23.08       0  11627.9   23.09   23.09    N/A
0: # Out of bounds values : 0 OK
0: # Avg bus bandwidth    : 22.3722 
0: #
0: # Collective test concluded: sendrecv_perf_mpi
0: #
0: 

##### pass 5/8  cross nid007240:g3 <-> nid007242:g3  sendrecv
0: 
0: WARNING: FI_CXI_RDZV_PROTO=alt_read is configured, but the Slurm network is
0: not set to disable rendezvous GET. Performance/stability may be impacted.
0: 
0: Expected Slurm launch:
0:   srun --network=disable_rdzv_get ...
0: or
0:   SLURM_NETWORK=disable_rdzv_get srun ...
0: 
0: Context:
0:   SLURM_NETWORK=<unset>
0:   FI_PROVIDER=cxi
0:   FI_CXI_RDZV_PROTO=alt_read
0: 
0: # nccl-tests version 2.17.8 nccl-headers=22902 nccl-library=22903
0: # Collective test starting: sendrecv_perf_mpi
0: # nThread 1 nGpus 1 minBytes 16777216 maxBytes 268435456 step: 4(factor) warmup iters: 5 iters: 20 agg iters: 1 validation: 1 graph: 0
0: #
0: # Using devices
0: #  Rank  0 Group  0 Pid  99900 on  nid007240 device  0 [0039:01:00] NVIDIA GH200 120GB
0: #  Rank  1 Group  0 Pid  26498 on  nid007242 device  0 [0039:01:00] NVIDIA GH200 120GB
0: #
0: #                                                              out-of-place                       in-place          
0: #       size         count      type   redop    root     time   algbw   busbw  #wrong     time   algbw   busbw  #wrong 
0: #        (B)    (elements)                               (us)  (GB/s)  (GB/s)             (us)  (GB/s)  (GB/s)         
0:     16777216       4194304     float     sum      -1   783.05   21.43   21.43       0   781.35   21.47   21.47    N/A
0:     67108864      16777216     float     sum      -1  2964.82   22.64   22.64       0  2962.43   22.65   22.65    N/A
0:    268435456      67108864     float     sum      -1  11633.7   23.07   23.07       0  11639.7   23.06   23.06    N/A
0: # Out of bounds values : 0 OK
0: # Avg bus bandwidth    : 22.387 
0: #
0: # Collective test concluded: sendrecv_perf_mpi
0: #
0: 

##### pass 6/8  cross nid007240:g0 <-> nid007242:g0  sendrecv
0: 
0: WARNING: FI_CXI_RDZV_PROTO=alt_read is configured, but the Slurm network is
0: not set to disable rendezvous GET. Performance/stability may be impacted.
0: 
0: Expected Slurm launch:
0:   srun --network=disable_rdzv_get ...
0: or
0:   SLURM_NETWORK=disable_rdzv_get srun ...
0: 
0: Context:
0:   SLURM_NETWORK=<unset>
0:   FI_PROVIDER=cxi
0:   FI_CXI_RDZV_PROTO=alt_read
0: 
0: # nccl-tests version 2.17.8 nccl-headers=22902 nccl-library=22903
0: # Collective test starting: sendrecv_perf_mpi
0: # nThread 1 nGpus 1 minBytes 16777216 maxBytes 268435456 step: 4(factor) warmup iters: 5 iters: 20 agg iters: 1 validation: 1 graph: 0
0: #
0: # Using devices
0: #  Rank  0 Group  0 Pid 100868 on  nid007240 device  0 [0009:01:00] NVIDIA GH200 120GB
0: #  Rank  1 Group  0 Pid  27435 on  nid007242 device  0 [0009:01:00] NVIDIA GH200 120GB
0: #
0: #                                                              out-of-place                       in-place          
0: #       size         count      type   redop    root     time   algbw   busbw  #wrong     time   algbw   busbw  #wrong 
0: #        (B)    (elements)                               (us)  (GB/s)  (GB/s)             (us)  (GB/s)  (GB/s)         
0:     16777216       4194304     float     sum      -1   767.27   21.87   21.87       0   772.43   21.72   21.72    N/A
0:     67108864      16777216     float     sum      -1  2924.56   22.95   22.95       0  2943.94   22.80   22.80    N/A
0:    268435456      67108864     float     sum      -1  11595.9   23.15   23.15       0  11595.5   23.15   23.15    N/A
0: # Out of bounds values : 0 OK
0: # Avg bus bandwidth    : 22.6046 
0: #
0: # Collective test concluded: sendrecv_perf_mpi
0: #
0: 

##### pass 6/8  cross nid007240:g0 <-> nid007242:g1  sendrecv
0: 
0: WARNING: FI_CXI_RDZV_PROTO=alt_read is configured, but the Slurm network is
0: not set to disable rendezvous GET. Performance/stability may be impacted.
0: 
0: Expected Slurm launch:
0:   srun --network=disable_rdzv_get ...
0: or
0:   SLURM_NETWORK=disable_rdzv_get srun ...
0: 
0: Context:
0:   SLURM_NETWORK=<unset>
0:   FI_PROVIDER=cxi
0:   FI_CXI_RDZV_PROTO=alt_read
0: 
0: # nccl-tests version 2.17.8 nccl-headers=22902 nccl-library=22903
0: # Collective test starting: sendrecv_perf_mpi
0: # nThread 1 nGpus 1 minBytes 16777216 maxBytes 268435456 step: 4(factor) warmup iters: 5 iters: 20 agg iters: 1 validation: 1 graph: 0
0: #
0: # Using devices
0: #  Rank  0 Group  0 Pid 101829 on  nid007240 device  0 [0009:01:00] NVIDIA GH200 120GB
0: #  Rank  1 Group  0 Pid  28399 on  nid007242 device  0 [0019:01:00] NVIDIA GH200 120GB
0: #
0: #                                                              out-of-place                       in-place          
0: #       size         count      type   redop    root     time   algbw   busbw  #wrong     time   algbw   busbw  #wrong 
0: #        (B)    (elements)                               (us)  (GB/s)  (GB/s)             (us)  (GB/s)  (GB/s)         
0:     16777216       4194304     float     sum      -1   776.38   21.61   21.61       0   775.23   21.64   21.64    N/A
0:     67108864      16777216     float     sum      -1  2947.57   22.77   22.77       0  2952.72   22.73   22.73    N/A
0:    268435456      67108864     float     sum      -1  11613.0   23.12   23.12       0  11601.1   23.14   23.14    N/A
0: # Out of bounds values : 0 OK
0: # Avg bus bandwidth    : 22.5001 
0: #
0: # Collective test concluded: sendrecv_perf_mpi
0: #
0: 

##### pass 6/8  cross nid007240:g0 <-> nid007242:g2  sendrecv
0: 
0: WARNING: FI_CXI_RDZV_PROTO=alt_read is configured, but the Slurm network is
0: not set to disable rendezvous GET. Performance/stability may be impacted.
0: 
0: Expected Slurm launch:
0:   srun --network=disable_rdzv_get ...
0: or
0:   SLURM_NETWORK=disable_rdzv_get srun ...
0: 
0: Context:
0:   SLURM_NETWORK=<unset>
0:   FI_PROVIDER=cxi
0:   FI_CXI_RDZV_PROTO=alt_read
0: 
0: # nccl-tests version 2.17.8 nccl-headers=22902 nccl-library=22903
0: # Collective test starting: sendrecv_perf_mpi
0: # nThread 1 nGpus 1 minBytes 16777216 maxBytes 268435456 step: 4(factor) warmup iters: 5 iters: 20 agg iters: 1 validation: 1 graph: 0
0: #
0: # Using devices
0: #  Rank  0 Group  0 Pid 102826 on  nid007240 device  0 [0009:01:00] NVIDIA GH200 120GB
0: #  Rank  1 Group  0 Pid  29346 on  nid007242 device  0 [0029:01:00] NVIDIA GH200 120GB
0: #
0: #                                                              out-of-place                       in-place          
0: #       size         count      type   redop    root     time   algbw   busbw  #wrong     time   algbw   busbw  #wrong 
0: #        (B)    (elements)                               (us)  (GB/s)  (GB/s)             (us)  (GB/s)  (GB/s)         
0:     16777216       4194304     float     sum      -1   780.33   21.50   21.50       0   776.67   21.60   21.60    N/A
0:     67108864      16777216     float     sum      -1  2946.61   22.77   22.77       0  2948.02   22.76   22.76    N/A
0:    268435456      67108864     float     sum      -1  11604.7   23.13   23.13       0  11605.1   23.13   23.13    N/A
0: # Out of bounds values : 0 OK
0: # Avg bus bandwidth    : 22.4839 
0: #
0: # Collective test concluded: sendrecv_perf_mpi
0: #
0: 

##### pass 6/8  cross nid007240:g0 <-> nid007242:g3  sendrecv
0: 
0: WARNING: FI_CXI_RDZV_PROTO=alt_read is configured, but the Slurm network is
0: not set to disable rendezvous GET. Performance/stability may be impacted.
0: 
0: Expected Slurm launch:
0:   srun --network=disable_rdzv_get ...
0: or
0:   SLURM_NETWORK=disable_rdzv_get srun ...
0: 
0: Context:
0:   SLURM_NETWORK=<unset>
0:   FI_PROVIDER=cxi
0:   FI_CXI_RDZV_PROTO=alt_read
0: 
0: # nccl-tests version 2.17.8 nccl-headers=22902 nccl-library=22903
0: # Collective test starting: sendrecv_perf_mpi
0: # nThread 1 nGpus 1 minBytes 16777216 maxBytes 268435456 step: 4(factor) warmup iters: 5 iters: 20 agg iters: 1 validation: 1 graph: 0
0: #
0: # Using devices
0: #  Rank  0 Group  0 Pid 103794 on  nid007240 device  0 [0009:01:00] NVIDIA GH200 120GB
0: #  Rank  1 Group  0 Pid  30291 on  nid007242 device  0 [0039:01:00] NVIDIA GH200 120GB
0: #
0: #                                                              out-of-place                       in-place          
0: #       size         count      type   redop    root     time   algbw   busbw  #wrong     time   algbw   busbw  #wrong 
0: #        (B)    (elements)                               (us)  (GB/s)  (GB/s)             (us)  (GB/s)  (GB/s)         
0:     16777216       4194304     float     sum      -1   774.64   21.66   21.66       0   778.49   21.55   21.55    N/A
0:     67108864      16777216     float     sum      -1  2951.68   22.74   22.74       0  2950.02   22.75   22.75    N/A
0:    268435456      67108864     float     sum      -1  11616.2   23.11   23.11       0  11616.0   23.11   23.11    N/A
0: # Out of bounds values : 0 OK
0: # Avg bus bandwidth    : 22.4853 
0: #
0: # Collective test concluded: sendrecv_perf_mpi
0: #
0: 

##### pass 6/8  cross nid007240:g1 <-> nid007242:g0  sendrecv
0: 
0: WARNING: FI_CXI_RDZV_PROTO=alt_read is configured, but the Slurm network is
0: not set to disable rendezvous GET. Performance/stability may be impacted.
0: 
0: Expected Slurm launch:
0:   srun --network=disable_rdzv_get ...
0: or
0:   SLURM_NETWORK=disable_rdzv_get srun ...
0: 
0: Context:
0:   SLURM_NETWORK=<unset>
0:   FI_PROVIDER=cxi
0:   FI_CXI_RDZV_PROTO=alt_read
0: 
0: # nccl-tests version 2.17.8 nccl-headers=22902 nccl-library=22903
0: # Collective test starting: sendrecv_perf_mpi
0: # nThread 1 nGpus 1 minBytes 16777216 maxBytes 268435456 step: 4(factor) warmup iters: 5 iters: 20 agg iters: 1 validation: 1 graph: 0
0: #
0: # Using devices
0: #  Rank  0 Group  0 Pid 104838 on  nid007240 device  0 [0019:01:00] NVIDIA GH200 120GB
0: #  Rank  1 Group  0 Pid  31263 on  nid007242 device  0 [0009:01:00] NVIDIA GH200 120GB
0: #
0: #                                                              out-of-place                       in-place          
0: #       size         count      type   redop    root     time   algbw   busbw  #wrong     time   algbw   busbw  #wrong 
0: #        (B)    (elements)                               (us)  (GB/s)  (GB/s)             (us)  (GB/s)  (GB/s)         
0:     16777216       4194304     float     sum      -1   776.93   21.59   21.59       0   776.10   21.62   21.62    N/A
0:     67108864      16777216     float     sum      -1  2949.16   22.76   22.76       0  2951.80   22.73   22.73    N/A
0:    268435456      67108864     float     sum      -1  11612.5   23.12   23.12       0  11612.6   23.12   23.12    N/A
0: # Out of bounds values : 0 OK
0: # Avg bus bandwidth    : 22.4889 
0: #
0: # Collective test concluded: sendrecv_perf_mpi
0: #
0: 

##### pass 6/8  cross nid007240:g1 <-> nid007242:g1  sendrecv
srun: Step created for StepId=3168416.85
0: 
0: WARNING: FI_CXI_RDZV_PROTO=alt_read is configured, but the Slurm network is
0: not set to disable rendezvous GET. Performance/stability may be impacted.
0: 
0: Expected Slurm launch:
0:   srun --network=disable_rdzv_get ...
0: or
0:   SLURM_NETWORK=disable_rdzv_get srun ...
0: 
0: Context:
0:   SLURM_NETWORK=<unset>
0:   FI_PROVIDER=cxi
0:   FI_CXI_RDZV_PROTO=alt_read
0: 
0: # nccl-tests version 2.17.8 nccl-headers=22902 nccl-library=22903
0: # Collective test starting: sendrecv_perf_mpi
0: # nThread 1 nGpus 1 minBytes 16777216 maxBytes 268435456 step: 4(factor) warmup iters: 5 iters: 20 agg iters: 1 validation: 1 graph: 0
0: #
0: # Using devices
0: #  Rank  0 Group  0 Pid 105821 on  nid007240 device  0 [0019:01:00] NVIDIA GH200 120GB
0: #  Rank  1 Group  0 Pid  32230 on  nid007242 device  0 [0019:01:00] NVIDIA GH200 120GB
0: #
0: #                                                              out-of-place                       in-place          
0: #       size         count      type   redop    root     time   algbw   busbw  #wrong     time   algbw   busbw  #wrong 
0: #        (B)    (elements)                               (us)  (GB/s)  (GB/s)             (us)  (GB/s)  (GB/s)         
0:     16777216       4194304     float     sum      -1   783.86   21.40   21.40       0   781.47   21.47   21.47    N/A
0:     67108864      16777216     float     sum      -1  2964.77   22.64   22.64       0  2964.35   22.64   22.64    N/A
0:    268435456      67108864     float     sum      -1  11628.8   23.08   23.08       0  11628.6   23.08   23.08    N/A
0: # Out of bounds values : 0 OK
0: # Avg bus bandwidth    : 22.3857 
0: #
0: # Collective test concluded: sendrecv_perf_mpi
0: #
0: 

##### pass 6/8  cross nid007240:g1 <-> nid007242:g2  sendrecv
0: 
0: WARNING: FI_CXI_RDZV_PROTO=alt_read is configured, but the Slurm network is
0: not set to disable rendezvous GET. Performance/stability may be impacted.
0: 
0: Expected Slurm launch:
0:   srun --network=disable_rdzv_get ...
0: or
0:   SLURM_NETWORK=disable_rdzv_get srun ...
0: 
0: Context:
0:   SLURM_NETWORK=<unset>
0:   FI_PROVIDER=cxi
0:   FI_CXI_RDZV_PROTO=alt_read
0: 
0: # nccl-tests version 2.17.8 nccl-headers=22902 nccl-library=22903
0: # Collective test starting: sendrecv_perf_mpi
0: # nThread 1 nGpus 1 minBytes 16777216 maxBytes 268435456 step: 4(factor) warmup iters: 5 iters: 20 agg iters: 1 validation: 1 graph: 0
0: #
0: # Using devices
0: #  Rank  0 Group  0 Pid 106799 on  nid007240 device  0 [0019:01:00] NVIDIA GH200 120GB
0: #  Rank  1 Group  0 Pid  33174 on  nid007242 device  0 [0029:01:00] NVIDIA GH200 120GB
0: #
0: #                                                              out-of-place                       in-place          
0: #       size         count      type   redop    root     time   algbw   busbw  #wrong     time   algbw   busbw  #wrong 
0: #        (B)    (elements)                               (us)  (GB/s)  (GB/s)             (us)  (GB/s)  (GB/s)         
0:     16777216       4194304     float     sum      -1   782.70   21.43   21.43       0   778.77   21.54   21.54    N/A
0:     67108864      16777216     float     sum      -1  2966.18   22.62   22.62       0  2965.30   22.63   22.63    N/A
0:    268435456      67108864     float     sum      -1  11626.2   23.09   23.09       0  11624.0   23.09   23.09    N/A
0: # Out of bounds values : 0 OK
0: # Avg bus bandwidth    : 22.4027 
0: #
0: # Collective test concluded: sendrecv_perf_mpi
0: #
0: 

##### pass 6/8  cross nid007240:g1 <-> nid007242:g3  sendrecv
0: 
0: WARNING: FI_CXI_RDZV_PROTO=alt_read is configured, but the Slurm network is
0: not set to disable rendezvous GET. Performance/stability may be impacted.
0: 
0: Expected Slurm launch:
0:   srun --network=disable_rdzv_get ...
0: or
0:   SLURM_NETWORK=disable_rdzv_get srun ...
0: 
0: Context:
0:   SLURM_NETWORK=<unset>
0:   FI_PROVIDER=cxi
0:   FI_CXI_RDZV_PROTO=alt_read
0: 
0: # nccl-tests version 2.17.8 nccl-headers=22902 nccl-library=22903
0: # Collective test starting: sendrecv_perf_mpi
0: # nThread 1 nGpus 1 minBytes 16777216 maxBytes 268435456 step: 4(factor) warmup iters: 5 iters: 20 agg iters: 1 validation: 1 graph: 0
0: #
0: # Using devices
0: #  Rank  0 Group  0 Pid 107797 on  nid007240 device  0 [0019:01:00] NVIDIA GH200 120GB
0: #  Rank  1 Group  0 Pid  34137 on  nid007242 device  0 [0039:01:00] NVIDIA GH200 120GB
0: #
0: #                                                              out-of-place                       in-place          
0: #       size         count      type   redop    root     time   algbw   busbw  #wrong     time   algbw   busbw  #wrong 
0: #        (B)    (elements)                               (us)  (GB/s)  (GB/s)             (us)  (GB/s)  (GB/s)         
0:     16777216       4194304     float     sum      -1   783.58   21.41   21.41       0   782.32   21.45   21.45    N/A
0:     67108864      16777216     float     sum      -1  2969.86   22.60   22.60       0  2956.92   22.70   22.70    N/A
0:    268435456      67108864     float     sum      -1  11641.8   23.06   23.06       0  11638.5   23.06   23.06    N/A
0: # Out of bounds values : 0 OK
0: # Avg bus bandwidth    : 22.3785 
0: #
0: # Collective test concluded: sendrecv_perf_mpi
0: #
0: 

##### pass 6/8  cross nid007240:g2 <-> nid007242:g0  sendrecv
0: 
0: WARNING: FI_CXI_RDZV_PROTO=alt_read is configured, but the Slurm network is
0: not set to disable rendezvous GET. Performance/stability may be impacted.
0: 
0: Expected Slurm launch:
0:   srun --network=disable_rdzv_get ...
0: or
0:   SLURM_NETWORK=disable_rdzv_get srun ...
0: 
0: Context:
0:   SLURM_NETWORK=<unset>
0:   FI_PROVIDER=cxi
0:   FI_CXI_RDZV_PROTO=alt_read
0: 
0: # nccl-tests version 2.17.8 nccl-headers=22902 nccl-library=22903
0: # Collective test starting: sendrecv_perf_mpi
0: # nThread 1 nGpus 1 minBytes 16777216 maxBytes 268435456 step: 4(factor) warmup iters: 5 iters: 20 agg iters: 1 validation: 1 graph: 0
0: #
0: # Using devices
0: #  Rank  0 Group  0 Pid 108764 on  nid007240 device  0 [0029:01:00] NVIDIA GH200 120GB
0: #  Rank  1 Group  0 Pid  35072 on  nid007242 device  0 [0009:01:00] NVIDIA GH200 120GB
0: #
0: #                                                              out-of-place                       in-place          
0: #       size         count      type   redop    root     time   algbw   busbw  #wrong     time   algbw   busbw  #wrong 
0: #        (B)    (elements)                               (us)  (GB/s)  (GB/s)             (us)  (GB/s)  (GB/s)         
0:     16777216       4194304     float     sum      -1   776.00   21.62   21.62       0   777.32   21.58   21.58    N/A
0:     67108864      16777216     float     sum      -1  2949.86   22.75   22.75       0  2947.22   22.77   22.77    N/A
0:    268435456      67108864     float     sum      -1  11619.1   23.10   23.10       0  11613.6   23.11   23.11    N/A
0: # Out of bounds values : 0 OK
0: # Avg bus bandwidth    : 22.4901 
0: #
0: # Collective test concluded: sendrecv_perf_mpi
0: #
0: 

##### pass 6/8  cross nid007240:g2 <-> nid007242:g1  sendrecv
0: 
0: WARNING: FI_CXI_RDZV_PROTO=alt_read is configured, but the Slurm network is
0: not set to disable rendezvous GET. Performance/stability may be impacted.
0: 
0: Expected Slurm launch:
0:   srun --network=disable_rdzv_get ...
0: or
0:   SLURM_NETWORK=disable_rdzv_get srun ...
0: 
0: Context:
0:   SLURM_NETWORK=<unset>
0:   FI_PROVIDER=cxi
0:   FI_CXI_RDZV_PROTO=alt_read
0: 
0: # nccl-tests version 2.17.8 nccl-headers=22902 nccl-library=22903
0: # Collective test starting: sendrecv_perf_mpi
0: # nThread 1 nGpus 1 minBytes 16777216 maxBytes 268435456 step: 4(factor) warmup iters: 5 iters: 20 agg iters: 1 validation: 1 graph: 0
0: #
0: # Using devices
0: #  Rank  0 Group  0 Pid 109754 on  nid007240 device  0 [0029:01:00] NVIDIA GH200 120GB
0: #  Rank  1 Group  0 Pid  36032 on  nid007242 device  0 [0019:01:00] NVIDIA GH200 120GB
0: #
0: #                                                              out-of-place                       in-place          
0: #       size         count      type   redop    root     time   algbw   busbw  #wrong     time   algbw   busbw  #wrong 
0: #        (B)    (elements)                               (us)  (GB/s)  (GB/s)             (us)  (GB/s)  (GB/s)         
0:     16777216       4194304     float     sum      -1   782.45   21.44   21.44       0   783.70   21.41   21.41    N/A
0:     67108864      16777216     float     sum      -1  2965.62   22.63   22.63       0  2962.64   22.65   22.65    N/A
0:    268435456      67108864     float     sum      -1  11628.2   23.08   23.08       0  11634.1   23.07   23.07    N/A
0: # Out of bounds values : 0 OK
0: # Avg bus bandwidth    : 22.3814 
0: #
0: # Collective test concluded: sendrecv_perf_mpi
0: #
0: 

##### pass 6/8  cross nid007240:g2 <-> nid007242:g2  sendrecv
0: 
0: WARNING: FI_CXI_RDZV_PROTO=alt_read is configured, but the Slurm network is
0: not set to disable rendezvous GET. Performance/stability may be impacted.
0: 
0: Expected Slurm launch:
0:   srun --network=disable_rdzv_get ...
0: or
0:   SLURM_NETWORK=disable_rdzv_get srun ...
0: 
0: Context:
0:   SLURM_NETWORK=<unset>
0:   FI_PROVIDER=cxi
0:   FI_CXI_RDZV_PROTO=alt_read
0: 
0: # nccl-tests version 2.17.8 nccl-headers=22902 nccl-library=22903
0: # Collective test starting: sendrecv_perf_mpi
0: # nThread 1 nGpus 1 minBytes 16777216 maxBytes 268435456 step: 4(factor) warmup iters: 5 iters: 20 agg iters: 1 validation: 1 graph: 0
0: #
0: # Using devices
0: #  Rank  0 Group  0 Pid 110727 on  nid007240 device  0 [0029:01:00] NVIDIA GH200 120GB
0: #  Rank  1 Group  0 Pid  36984 on  nid007242 device  0 [0029:01:00] NVIDIA GH200 120GB
0: #
0: #                                                              out-of-place                       in-place          
0: #       size         count      type   redop    root     time   algbw   busbw  #wrong     time   algbw   busbw  #wrong 
0: #        (B)    (elements)                               (us)  (GB/s)  (GB/s)             (us)  (GB/s)  (GB/s)         
0:     16777216       4194304     float     sum      -1   784.09   21.40   21.40       0   782.58   21.44   21.44    N/A
0:     67108864      16777216     float     sum      -1  2964.36   22.64   22.64       0  2964.98   22.63   22.63    N/A
0:    268435456      67108864     float     sum      -1  11625.7   23.09   23.09       0  11632.6   23.08   23.08    N/A
0: # Out of bounds values : 0 OK
0: # Avg bus bandwidth    : 22.379 
0: #
0: # Collective test concluded: sendrecv_perf_mpi
0: #
0: 

##### pass 6/8  cross nid007240:g2 <-> nid007242:g3  sendrecv
0: 
0: WARNING: FI_CXI_RDZV_PROTO=alt_read is configured, but the Slurm network is
0: not set to disable rendezvous GET. Performance/stability may be impacted.
0: 
0: Expected Slurm launch:
0:   srun --network=disable_rdzv_get ...
0: or
0:   SLURM_NETWORK=disable_rdzv_get srun ...
0: 
0: Context:
0:   SLURM_NETWORK=<unset>
0:   FI_PROVIDER=cxi
0:   FI_CXI_RDZV_PROTO=alt_read
0: 
0: # nccl-tests version 2.17.8 nccl-headers=22902 nccl-library=22903
0: # Collective test starting: sendrecv_perf_mpi
0: # nThread 1 nGpus 1 minBytes 16777216 maxBytes 268435456 step: 4(factor) warmup iters: 5 iters: 20 agg iters: 1 validation: 1 graph: 0
0: #
0: # Using devices
0: #  Rank  0 Group  0 Pid 111690 on  nid007240 device  0 [0029:01:00] NVIDIA GH200 120GB
0: #  Rank  1 Group  0 Pid  37937 on  nid007242 device  0 [0039:01:00] NVIDIA GH200 120GB
0: #
0: #                                                              out-of-place                       in-place          
0: #       size         count      type   redop    root     time   algbw   busbw  #wrong     time   algbw   busbw  #wrong 
0: #        (B)    (elements)                               (us)  (GB/s)  (GB/s)             (us)  (GB/s)  (GB/s)         
0:     16777216       4194304     float     sum      -1   783.14   21.42   21.42       0   784.32   21.39   21.39    N/A
0:     67108864      16777216     float     sum      -1  2974.03   22.56   22.56       0  2969.51   22.60   22.60    N/A
0:    268435456      67108864     float     sum      -1  11638.6   23.06   23.06       0  11641.5   23.06   23.06    N/A
0: # Out of bounds values : 0 OK
0: # Avg bus bandwidth    : 22.3501 
0: #
0: # Collective test concluded: sendrecv_perf_mpi
0: #
0: 

##### pass 6/8  cross nid007240:g3 <-> nid007242:g0  sendrecv
0: 
0: WARNING: FI_CXI_RDZV_PROTO=alt_read is configured, but the Slurm network is
0: not set to disable rendezvous GET. Performance/stability may be impacted.
0: 
0: Expected Slurm launch:
0:   srun --network=disable_rdzv_get ...
0: or
0:   SLURM_NETWORK=disable_rdzv_get srun ...
0: 
0: Context:
0:   SLURM_NETWORK=<unset>
0:   FI_PROVIDER=cxi
0:   FI_CXI_RDZV_PROTO=alt_read
0: 
0: # nccl-tests version 2.17.8 nccl-headers=22902 nccl-library=22903
0: # Collective test starting: sendrecv_perf_mpi
0: # nThread 1 nGpus 1 minBytes 16777216 maxBytes 268435456 step: 4(factor) warmup iters: 5 iters: 20 agg iters: 1 validation: 1 graph: 0
0: #
0: # Using devices
0: #  Rank  0 Group  0 Pid 112679 on  nid007240 device  0 [0039:01:00] NVIDIA GH200 120GB
0: #  Rank  1 Group  0 Pid  38906 on  nid007242 device  0 [0009:01:00] NVIDIA GH200 120GB
0: #
0: #                                                              out-of-place                       in-place          
0: #       size         count      type   redop    root     time   algbw   busbw  #wrong     time   algbw   busbw  #wrong 
0: #        (B)    (elements)                               (us)  (GB/s)  (GB/s)             (us)  (GB/s)  (GB/s)         
0:     16777216       4194304     float     sum      -1   775.55   21.63   21.63       0   775.44   21.64   21.64    N/A
0:     67108864      16777216     float     sum      -1  2954.07   22.72   22.72       0  2953.08   22.73   22.73    N/A
0:    268435456      67108864     float     sum      -1  11618.8   23.10   23.10       0  11617.3   23.11   23.11    N/A
0: # Out of bounds values : 0 OK
0: # Avg bus bandwidth    : 22.4868 
0: #
0: # Collective test concluded: sendrecv_perf_mpi
0: #
0: 

##### pass 6/8  cross nid007240:g3 <-> nid007242:g1  sendrecv
0: 
0: WARNING: FI_CXI_RDZV_PROTO=alt_read is configured, but the Slurm network is
0: not set to disable rendezvous GET. Performance/stability may be impacted.
0: 
0: Expected Slurm launch:
0:   srun --network=disable_rdzv_get ...
0: or
0:   SLURM_NETWORK=disable_rdzv_get srun ...
0: 
0: Context:
0:   SLURM_NETWORK=<unset>
0:   FI_PROVIDER=cxi
0:   FI_CXI_RDZV_PROTO=alt_read
0: 
0: # nccl-tests version 2.17.8 nccl-headers=22902 nccl-library=22903
0: # Collective test starting: sendrecv_perf_mpi
0: # nThread 1 nGpus 1 minBytes 16777216 maxBytes 268435456 step: 4(factor) warmup iters: 5 iters: 20 agg iters: 1 validation: 1 graph: 0
0: #
0: # Using devices
0: #  Rank  0 Group  0 Pid 113664 on  nid007240 device  0 [0039:01:00] NVIDIA GH200 120GB
0: #  Rank  1 Group  0 Pid  39847 on  nid007242 device  0 [0019:01:00] NVIDIA GH200 120GB
0: #
0: #                                                              out-of-place                       in-place          
0: #       size         count      type   redop    root     time   algbw   busbw  #wrong     time   algbw   busbw  #wrong 
0: #        (B)    (elements)                               (us)  (GB/s)  (GB/s)             (us)  (GB/s)  (GB/s)         
0:     16777216       4194304     float     sum      -1   784.34   21.39   21.39       0   787.45   21.31   21.31    N/A
0:     67108864      16777216     float     sum      -1  2969.80   22.60   22.60       0  2962.18   22.66   22.66    N/A
0:    268435456      67108864     float     sum      -1  11627.8   23.09   23.09       0  11631.0   23.08   23.08    N/A
0: # Out of bounds values : 0 OK
0: # Avg bus bandwidth    : 22.3523 
0: #
0: # Collective test concluded: sendrecv_perf_mpi
0: #
0: 

##### pass 6/8  cross nid007240:g3 <-> nid007242:g2  sendrecv
0: 
0: WARNING: FI_CXI_RDZV_PROTO=alt_read is configured, but the Slurm network is
0: not set to disable rendezvous GET. Performance/stability may be impacted.
0: 
0: Expected Slurm launch:
0:   srun --network=disable_rdzv_get ...
0: or
0:   SLURM_NETWORK=disable_rdzv_get srun ...
0: 
0: Context:
0:   SLURM_NETWORK=<unset>
0:   FI_PROVIDER=cxi
0:   FI_CXI_RDZV_PROTO=alt_read
0: 
0: # nccl-tests version 2.17.8 nccl-headers=22902 nccl-library=22903
0: # Collective test starting: sendrecv_perf_mpi
0: # nThread 1 nGpus 1 minBytes 16777216 maxBytes 268435456 step: 4(factor) warmup iters: 5 iters: 20 agg iters: 1 validation: 1 graph: 0
0: #
0: # Using devices
0: #  Rank  0 Group  0 Pid 114628 on  nid007240 device  0 [0039:01:00] NVIDIA GH200 120GB
0: #  Rank  1 Group  0 Pid  40797 on  nid007242 device  0 [0029:01:00] NVIDIA GH200 120GB
0: #
0: #                                                              out-of-place                       in-place          
0: #       size         count      type   redop    root     time   algbw   busbw  #wrong     time   algbw   busbw  #wrong 
0: #        (B)    (elements)                               (us)  (GB/s)  (GB/s)             (us)  (GB/s)  (GB/s)         
0:     16777216       4194304     float     sum      -1   787.53   21.30   21.30       0   785.61   21.36   21.36    N/A
0:     67108864      16777216     float     sum      -1  2963.15   22.65   22.65       0  2966.93   22.62   22.62    N/A
0:    268435456      67108864     float     sum      -1  11629.0   23.08   23.08       0  11627.0   23.09   23.09    N/A
0: # Out of bounds values : 0 OK
0: # Avg bus bandwidth    : 22.3494 
0: #
0: # Collective test concluded: sendrecv_perf_mpi
0: #
0: 

##### pass 6/8  cross nid007240:g3 <-> nid007242:g3  sendrecv
0: 
0: WARNING: FI_CXI_RDZV_PROTO=alt_read is configured, but the Slurm network is
0: not set to disable rendezvous GET. Performance/stability may be impacted.
0: 
0: Expected Slurm launch:
0:   srun --network=disable_rdzv_get ...
0: or
0:   SLURM_NETWORK=disable_rdzv_get srun ...
0: 
0: Context:
0:   SLURM_NETWORK=<unset>
0:   FI_PROVIDER=cxi
0:   FI_CXI_RDZV_PROTO=alt_read
0: 
0: # nccl-tests version 2.17.8 nccl-headers=22902 nccl-library=22903
0: # Collective test starting: sendrecv_perf_mpi
0: # nThread 1 nGpus 1 minBytes 16777216 maxBytes 268435456 step: 4(factor) warmup iters: 5 iters: 20 agg iters: 1 validation: 1 graph: 0
0: #
0: # Using devices
0: #  Rank  0 Group  0 Pid 115638 on  nid007240 device  0 [0039:01:00] NVIDIA GH200 120GB
0: #  Rank  1 Group  0 Pid  41759 on  nid007242 device  0 [0039:01:00] NVIDIA GH200 120GB
0: #
0: #                                                              out-of-place                       in-place          
0: #       size         count      type   redop    root     time   algbw   busbw  #wrong     time   algbw   busbw  #wrong 
0: #        (B)    (elements)                               (us)  (GB/s)  (GB/s)             (us)  (GB/s)  (GB/s)         
0:     16777216       4194304     float     sum      -1   783.98   21.40   21.40       0   783.84   21.40   21.40    N/A
0:     67108864      16777216     float     sum      -1  2969.85   22.60   22.60       0  2971.36   22.59   22.59    N/A
0:    268435456      67108864     float     sum      -1  11642.0   23.06   23.06       0  11640.5   23.06   23.06    N/A
0: # Out of bounds values : 0 OK
0: # Avg bus bandwidth    : 22.3507 
0: #
0: # Collective test concluded: sendrecv_perf_mpi
0: #
0: 

##### pass 7/8  cross nid007240:g0 <-> nid007242:g0  sendrecv
0: 
0: WARNING: FI_CXI_RDZV_PROTO=alt_read is configured, but the Slurm network is
0: not set to disable rendezvous GET. Performance/stability may be impacted.
0: 
0: Expected Slurm launch:
0:   srun --network=disable_rdzv_get ...
0: or
0:   SLURM_NETWORK=disable_rdzv_get srun ...
0: 
0: Context:
0:   SLURM_NETWORK=<unset>
0:   FI_PROVIDER=cxi
0:   FI_CXI_RDZV_PROTO=alt_read
0: 
0: # nccl-tests version 2.17.8 nccl-headers=22902 nccl-library=22903
0: # Collective test starting: sendrecv_perf_mpi
0: # nThread 1 nGpus 1 minBytes 16777216 maxBytes 268435456 step: 4(factor) warmup iters: 5 iters: 20 agg iters: 1 validation: 1 graph: 0
0: #
0: # Using devices
0: #  Rank  0 Group  0 Pid 116608 on  nid007240 device  0 [0009:01:00] NVIDIA GH200 120GB
0: #  Rank  1 Group  0 Pid  42703 on  nid007242 device  0 [0009:01:00] NVIDIA GH200 120GB
0: #
0: #                                                              out-of-place                       in-place          
0: #       size         count      type   redop    root     time   algbw   busbw  #wrong     time   algbw   busbw  #wrong 
0: #        (B)    (elements)                               (us)  (GB/s)  (GB/s)             (us)  (GB/s)  (GB/s)         
0:     16777216       4194304     float     sum      -1   766.40   21.89   21.89       0   760.07   22.07   22.07    N/A
0:     67108864      16777216     float     sum      -1  2940.13   22.83   22.83       0  2926.29   22.93   22.93    N/A
0:    268435456      67108864     float     sum      -1  11602.6   23.14   23.14       0  11594.8   23.15   23.15    N/A
0: # Out of bounds values : 0 OK
0: # Avg bus bandwidth    : 22.6683 
0: #
0: # Collective test concluded: sendrecv_perf_mpi
0: #
0: 

##### pass 7/8  cross nid007240:g0 <-> nid007242:g1  sendrecv
0: 
0: WARNING: FI_CXI_RDZV_PROTO=alt_read is configured, but the Slurm network is
0: not set to disable rendezvous GET. Performance/stability may be impacted.
0: 
0: Expected Slurm launch:
0:   srun --network=disable_rdzv_get ...
0: or
0:   SLURM_NETWORK=disable_rdzv_get srun ...
0: 
0: Context:
0:   SLURM_NETWORK=<unset>
0:   FI_PROVIDER=cxi
0:   FI_CXI_RDZV_PROTO=alt_read
0: 
0: # nccl-tests version 2.17.8 nccl-headers=22902 nccl-library=22903
0: # Collective test starting: sendrecv_perf_mpi
0: # nThread 1 nGpus 1 minBytes 16777216 maxBytes 268435456 step: 4(factor) warmup iters: 5 iters: 20 agg iters: 1 validation: 1 graph: 0
0: #
0: # Using devices
0: #  Rank  0 Group  0 Pid 117594 on  nid007240 device  0 [0009:01:00] NVIDIA GH200 120GB
0: #  Rank  1 Group  0 Pid  43656 on  nid007242 device  0 [0019:01:00] NVIDIA GH200 120GB
0: #
0: #                                                              out-of-place                       in-place          
0: #       size         count      type   redop    root     time   algbw   busbw  #wrong     time   algbw   busbw  #wrong 
0: #        (B)    (elements)                               (us)  (GB/s)  (GB/s)             (us)  (GB/s)  (GB/s)         
0:     16777216       4194304     float     sum      -1   775.83   21.62   21.62       0   777.16   21.59   21.59    N/A
0:     67108864      16777216     float     sum      -1  2949.16   22.76   22.76       0  2954.12   22.72   22.72    N/A
0:    268435456      67108864     float     sum      -1  11600.9   23.14   23.14       0  11600.7   23.14   23.14    N/A
0: # Out of bounds values : 0 OK
0: # Avg bus bandwidth    : 22.494 
0: #
0: # Collective test concluded: sendrecv_perf_mpi
0: #
0: 

##### pass 7/8  cross nid007240:g0 <-> nid007242:g2  sendrecv
0: 
0: WARNING: FI_CXI_RDZV_PROTO=alt_read is configured, but the Slurm network is
0: not set to disable rendezvous GET. Performance/stability may be impacted.
0: 
0: Expected Slurm launch:
0:   srun --network=disable_rdzv_get ...
0: or
0:   SLURM_NETWORK=disable_rdzv_get srun ...
0: 
0: Context:
0:   SLURM_NETWORK=<unset>
0:   FI_PROVIDER=cxi
0:   FI_CXI_RDZV_PROTO=alt_read
0: 
0: # nccl-tests version 2.17.8 nccl-headers=22902 nccl-library=22903
0: # Collective test starting: sendrecv_perf_mpi
0: # nThread 1 nGpus 1 minBytes 16777216 maxBytes 268435456 step: 4(factor) warmup iters: 5 iters: 20 agg iters: 1 validation: 1 graph: 0
0: #
0: # Using devices
0: #  Rank  0 Group  0 Pid 118562 on  nid007240 device  0 [0009:01:00] NVIDIA GH200 120GB
0: #  Rank  1 Group  0 Pid  44587 on  nid007242 device  0 [0029:01:00] NVIDIA GH200 120GB
0: #
0: #                                                              out-of-place                       in-place          
0: #       size         count      type   redop    root     time   algbw   busbw  #wrong     time   algbw   busbw  #wrong 
0: #        (B)    (elements)                               (us)  (GB/s)  (GB/s)             (us)  (GB/s)  (GB/s)         
0:     16777216       4194304     float     sum      -1   776.97   21.59   21.59       0   777.57   21.58   21.58    N/A
0:     67108864      16777216     float     sum      -1  2951.85   22.73   22.73       0  2953.72   22.72   22.72    N/A
0:    268435456      67108864     float     sum      -1  11601.6   23.14   23.14       0  11611.7   23.12   23.12    N/A
0: # Out of bounds values : 0 OK
0: # Avg bus bandwidth    : 22.4799 
0: #
0: # Collective test concluded: sendrecv_perf_mpi
0: #
0: 

##### pass 7/8  cross nid007240:g0 <-> nid007242:g3  sendrecv
0: 
0: WARNING: FI_CXI_RDZV_PROTO=alt_read is configured, but the Slurm network is
0: not set to disable rendezvous GET. Performance/stability may be impacted.
0: 
0: Expected Slurm launch:
0:   srun --network=disable_rdzv_get ...
0: or
0:   SLURM_NETWORK=disable_rdzv_get srun ...
0: 
0: Context:
0:   SLURM_NETWORK=<unset>
0:   FI_PROVIDER=cxi
0:   FI_CXI_RDZV_PROTO=alt_read
0: 
0: # nccl-tests version 2.17.8 nccl-headers=22902 nccl-library=22903
0: # Collective test starting: sendrecv_perf_mpi
0: # nThread 1 nGpus 1 minBytes 16777216 maxBytes 268435456 step: 4(factor) warmup iters: 5 iters: 20 agg iters: 1 validation: 1 graph: 0
0: #
0: # Using devices
0: #  Rank  0 Group  0 Pid 119527 on  nid007240 device  0 [0009:01:00] NVIDIA GH200 120GB
0: #  Rank  1 Group  0 Pid  45526 on  nid007242 device  0 [0039:01:00] NVIDIA GH200 120GB
0: #
0: #                                                              out-of-place                       in-place          
0: #       size         count      type   redop    root     time   algbw   busbw  #wrong     time   algbw   busbw  #wrong 
0: #        (B)    (elements)                               (us)  (GB/s)  (GB/s)             (us)  (GB/s)  (GB/s)         
0:     16777216       4194304     float     sum      -1   774.78   21.65   21.65       0   776.74   21.60   21.60    N/A
0:     67108864      16777216     float     sum      -1  2951.97   22.73   22.73       0  2951.62   22.74   22.74    N/A
0:    268435456      67108864     float     sum      -1  11605.6   23.13   23.13       0  11619.2   23.10   23.10    N/A
0: # Out of bounds values : 0 OK
0: # Avg bus bandwidth    : 22.4927 
0: #
0: # Collective test concluded: sendrecv_perf_mpi
0: #
0: 

##### pass 7/8  cross nid007240:g1 <-> nid007242:g0  sendrecv
0: 
0: WARNING: FI_CXI_RDZV_PROTO=alt_read is configured, but the Slurm network is
0: not set to disable rendezvous GET. Performance/stability may be impacted.
0: 
0: Expected Slurm launch:
0:   srun --network=disable_rdzv_get ...
0: or
0:   SLURM_NETWORK=disable_rdzv_get srun ...
0: 
0: Context:
0:   SLURM_NETWORK=<unset>
0:   FI_PROVIDER=cxi
0:   FI_CXI_RDZV_PROTO=alt_read
0: 
0: # nccl-tests version 2.17.8 nccl-headers=22902 nccl-library=22903
0: # Collective test starting: sendrecv_perf_mpi
0: # nThread 1 nGpus 1 minBytes 16777216 maxBytes 268435456 step: 4(factor) warmup iters: 5 iters: 20 agg iters: 1 validation: 1 graph: 0
0: #
0: # Using devices
0: #  Rank  0 Group  0 Pid 120515 on  nid007240 device  0 [0019:01:00] NVIDIA GH200 120GB
0: #  Rank  1 Group  0 Pid  46483 on  nid007242 device  0 [0009:01:00] NVIDIA GH200 120GB
0: #
0: #                                                              out-of-place                       in-place          
0: #       size         count      type   redop    root     time   algbw   busbw  #wrong     time   algbw   busbw  #wrong 
0: #        (B)    (elements)                               (us)  (GB/s)  (GB/s)             (us)  (GB/s)  (GB/s)         
0:     16777216       4194304     float     sum      -1   776.15   21.62   21.62       0   777.89   21.57   21.57    N/A
0:     67108864      16777216     float     sum      -1  2955.75   22.70   22.70       0  2952.59   22.73   22.73    N/A
0:    268435456      67108864     float     sum      -1  11617.0   23.11   23.11       0  11611.0   23.12   23.12    N/A
0: # Out of bounds values : 0 OK
0: # Avg bus bandwidth    : 22.4739 
0: #
0: # Collective test concluded: sendrecv_perf_mpi
0: #
0: 

##### pass 7/8  cross nid007240:g1 <-> nid007242:g1  sendrecv
0: 
0: WARNING: FI_CXI_RDZV_PROTO=alt_read is configured, but the Slurm network is
0: not set to disable rendezvous GET. Performance/stability may be impacted.
0: 
0: Expected Slurm launch:
0:   srun --network=disable_rdzv_get ...
0: or
0:   SLURM_NETWORK=disable_rdzv_get srun ...
0: 
0: Context:
0:   SLURM_NETWORK=<unset>
0:   FI_PROVIDER=cxi
0:   FI_CXI_RDZV_PROTO=alt_read
0: 
0: # nccl-tests version 2.17.8 nccl-headers=22902 nccl-library=22903
0: # Collective test starting: sendrecv_perf_mpi
0: # nThread 1 nGpus 1 minBytes 16777216 maxBytes 268435456 step: 4(factor) warmup iters: 5 iters: 20 agg iters: 1 validation: 1 graph: 0
0: #
0: # Using devices
0: #  Rank  0 Group  0 Pid 121618 on  nid007240 device  0 [0019:01:00] NVIDIA GH200 120GB
0: #  Rank  1 Group  0 Pid  47426 on  nid007242 device  0 [0019:01:00] NVIDIA GH200 120GB
0: #
0: #                                                              out-of-place                       in-place          
0: #       size         count      type   redop    root     time   algbw   busbw  #wrong     time   algbw   busbw  #wrong 
0: #        (B)    (elements)                               (us)  (GB/s)  (GB/s)             (us)  (GB/s)  (GB/s)         
0:     16777216       4194304     float     sum      -1   786.43   21.33   21.33       0   786.85   21.32   21.32    N/A
0:     67108864      16777216     float     sum      -1  2964.61   22.64   22.64       0  2964.38   22.64   22.64    N/A
0:    268435456      67108864     float     sum      -1  11626.8   23.09   23.09       0  11628.9   23.08   23.08    N/A
0: # Out of bounds values : 0 OK
0: # Avg bus bandwidth    : 22.3503 
0: #
0: # Collective test concluded: sendrecv_perf_mpi
0: #
0: 

##### pass 7/8  cross nid007240:g1 <-> nid007242:g2  sendrecv
0: 
0: WARNING: FI_CXI_RDZV_PROTO=alt_read is configured, but the Slurm network is
0: not set to disable rendezvous GET. Performance/stability may be impacted.
0: 
0: Expected Slurm launch:
0:   srun --network=disable_rdzv_get ...
0: or
0:   SLURM_NETWORK=disable_rdzv_get srun ...
0: 
0: Context:
0:   SLURM_NETWORK=<unset>
0:   FI_PROVIDER=cxi
0:   FI_CXI_RDZV_PROTO=alt_read
0: 
0: # nccl-tests version 2.17.8 nccl-headers=22902 nccl-library=22903
0: # Collective test starting: sendrecv_perf_mpi
0: # nThread 1 nGpus 1 minBytes 16777216 maxBytes 268435456 step: 4(factor) warmup iters: 5 iters: 20 agg iters: 1 validation: 1 graph: 0
0: #
0: # Using devices
0: #  Rank  0 Group  0 Pid 122804 on  nid007240 device  0 [0019:01:00] NVIDIA GH200 120GB
0: #  Rank  1 Group  0 Pid  48365 on  nid007242 device  0 [0029:01:00] NVIDIA GH200 120GB
0: #
0: #                                                              out-of-place                       in-place          
0: #       size         count      type   redop    root     time   algbw   busbw  #wrong     time   algbw   busbw  #wrong 
0: #        (B)    (elements)                               (us)  (GB/s)  (GB/s)             (us)  (GB/s)  (GB/s)         
0:     16777216       4194304     float     sum      -1   786.03   21.34   21.34       0   786.12   21.34   21.34    N/A
0:     67108864      16777216     float     sum      -1  2968.32   22.61   22.61       0  2972.67   22.58   22.58    N/A
0:    268435456      67108864     float     sum      -1  11627.8   23.09   23.09       0  11620.8   23.10   23.10    N/A
0: # Out of bounds values : 0 OK
0: # Avg bus bandwidth    : 22.3425 
0: #
0: # Collective test concluded: sendrecv_perf_mpi
0: #
0: 

##### pass 7/8  cross nid007240:g1 <-> nid007242:g3  sendrecv
0: 
0: WARNING: FI_CXI_RDZV_PROTO=alt_read is configured, but the Slurm network is
0: not set to disable rendezvous GET. Performance/stability may be impacted.
0: 
0: Expected Slurm launch:
0:   srun --network=disable_rdzv_get ...
0: or
0:   SLURM_NETWORK=disable_rdzv_get srun ...
0: 
0: Context:
0:   SLURM_NETWORK=<unset>
0:   FI_PROVIDER=cxi
0:   FI_CXI_RDZV_PROTO=alt_read
0: 
0: # nccl-tests version 2.17.8 nccl-headers=22902 nccl-library=22903
0: # Collective test starting: sendrecv_perf_mpi
0: # nThread 1 nGpus 1 minBytes 16777216 maxBytes 268435456 step: 4(factor) warmup iters: 5 iters: 20 agg iters: 1 validation: 1 graph: 0
0: #
0: # Using devices
0: #  Rank  0 Group  0 Pid 123966 on  nid007240 device  0 [0019:01:00] NVIDIA GH200 120GB
0: #  Rank  1 Group  0 Pid  49321 on  nid007242 device  0 [0039:01:00] NVIDIA GH200 120GB
0: #
0: #                                                              out-of-place                       in-place          
0: #       size         count      type   redop    root     time   algbw   busbw  #wrong     time   algbw   busbw  #wrong 
0: #        (B)    (elements)                               (us)  (GB/s)  (GB/s)             (us)  (GB/s)  (GB/s)         
0:     16777216       4194304     float     sum      -1   786.59   21.33   21.33       0   783.90   21.40   21.40    N/A
0:     67108864      16777216     float     sum      -1  2963.10   22.65   22.65       0  2969.43   22.60   22.60    N/A
0:    268435456      67108864     float     sum      -1  11636.2   23.07   23.07       0  11644.6   23.05   23.05    N/A
0: # Out of bounds values : 0 OK
0: # Avg bus bandwidth    : 22.3501 
0: #
0: # Collective test concluded: sendrecv_perf_mpi
0: #
0: 

##### pass 7/8  cross nid007240:g2 <-> nid007242:g0  sendrecv
0: 
0: WARNING: FI_CXI_RDZV_PROTO=alt_read is configured, but the Slurm network is
0: not set to disable rendezvous GET. Performance/stability may be impacted.
0: 
0: Expected Slurm launch:
0:   srun --network=disable_rdzv_get ...
0: or
0:   SLURM_NETWORK=disable_rdzv_get srun ...
0: 
0: Context:
0:   SLURM_NETWORK=<unset>
0:   FI_PROVIDER=cxi
0:   FI_CXI_RDZV_PROTO=alt_read
0: 
0: # nccl-tests version 2.17.8 nccl-headers=22902 nccl-library=22903
0: # Collective test starting: sendrecv_perf_mpi
0: # nThread 1 nGpus 1 minBytes 16777216 maxBytes 268435456 step: 4(factor) warmup iters: 5 iters: 20 agg iters: 1 validation: 1 graph: 0
0: #
0: # Using devices
0: #  Rank  0 Group  0 Pid 124930 on  nid007240 device  0 [0029:01:00] NVIDIA GH200 120GB
0: #  Rank  1 Group  0 Pid  50315 on  nid007242 device  0 [0009:01:00] NVIDIA GH200 120GB
0: #
0: #                                                              out-of-place                       in-place          
0: #       size         count      type   redop    root     time   algbw   busbw  #wrong     time   algbw   busbw  #wrong 
0: #        (B)    (elements)                               (us)  (GB/s)  (GB/s)             (us)  (GB/s)  (GB/s)         
0:     16777216       4194304     float     sum      -1   779.58   21.52   21.52       0   776.22   21.61   21.61    N/A
0:     67108864      16777216     float     sum      -1  2947.85   22.77   22.77       0  2952.60   22.73   22.73    N/A
0:    268435456      67108864     float     sum      -1  11620.5   23.10   23.10       0  11618.0   23.11   23.11    N/A
0: # Out of bounds values : 0 OK
0: # Avg bus bandwidth    : 22.4724 
0: #
0: # Collective test concluded: sendrecv_perf_mpi
0: #
0: 

##### pass 7/8  cross nid007240:g2 <-> nid007242:g1  sendrecv
0: 
0: WARNING: FI_CXI_RDZV_PROTO=alt_read is configured, but the Slurm network is
0: not set to disable rendezvous GET. Performance/stability may be impacted.
0: 
0: Expected Slurm launch:
0:   srun --network=disable_rdzv_get ...
0: or
0:   SLURM_NETWORK=disable_rdzv_get srun ...
0: 
0: Context:
0:   SLURM_NETWORK=<unset>
0:   FI_PROVIDER=cxi
0:   FI_CXI_RDZV_PROTO=alt_read
0: 
0: # nccl-tests version 2.17.8 nccl-headers=22902 nccl-library=22903
0: # Collective test starting: sendrecv_perf_mpi
0: # nThread 1 nGpus 1 minBytes 16777216 maxBytes 268435456 step: 4(factor) warmup iters: 5 iters: 20 agg iters: 1 validation: 1 graph: 0
0: #
0: # Using devices
0: #  Rank  0 Group  0 Pid 125925 on  nid007240 device  0 [0029:01:00] NVIDIA GH200 120GB
0: #  Rank  1 Group  0 Pid  51288 on  nid007242 device  0 [0019:01:00] NVIDIA GH200 120GB
0: #
0: #                                                              out-of-place                       in-place          
0: #       size         count      type   redop    root     time   algbw   busbw  #wrong     time   algbw   busbw  #wrong 
0: #        (B)    (elements)                               (us)  (GB/s)  (GB/s)             (us)  (GB/s)  (GB/s)         
0:     16777216       4194304     float     sum      -1   782.83   21.43   21.43       0   783.84   21.40   21.40    N/A
0:     67108864      16777216     float     sum      -1  2966.54   22.62   22.62       0  2964.86   22.63   22.63    N/A
0:    268435456      67108864     float     sum      -1  11633.1   23.08   23.08       0  11633.0   23.08   23.08    N/A
0: # Out of bounds values : 0 OK
0: # Avg bus bandwidth    : 22.3737 
0: #
0: # Collective test concluded: sendrecv_perf_mpi
0: #
0: 

##### pass 7/8  cross nid007240:g2 <-> nid007242:g2  sendrecv
0: 
0: WARNING: FI_CXI_RDZV_PROTO=alt_read is configured, but the Slurm network is
0: not set to disable rendezvous GET. Performance/stability may be impacted.
0: 
0: Expected Slurm launch:
0:   srun --network=disable_rdzv_get ...
0: or
0:   SLURM_NETWORK=disable_rdzv_get srun ...
0: 
0: Context:
0:   SLURM_NETWORK=<unset>
0:   FI_PROVIDER=cxi
0:   FI_CXI_RDZV_PROTO=alt_read
0: 
0: # nccl-tests version 2.17.8 nccl-headers=22902 nccl-library=22903
0: # Collective test starting: sendrecv_perf_mpi
0: # nThread 1 nGpus 1 minBytes 16777216 maxBytes 268435456 step: 4(factor) warmup iters: 5 iters: 20 agg iters: 1 validation: 1 graph: 0
0: #
0: # Using devices
0: #  Rank  0 Group  0 Pid 126912 on  nid007240 device  0 [0029:01:00] NVIDIA GH200 120GB
0: #  Rank  1 Group  0 Pid  52225 on  nid007242 device  0 [0029:01:00] NVIDIA GH200 120GB
0: #
0: #                                                              out-of-place                       in-place          
0: #       size         count      type   redop    root     time   algbw   busbw  #wrong     time   algbw   busbw  #wrong 
0: #        (B)    (elements)                               (us)  (GB/s)  (GB/s)             (us)  (GB/s)  (GB/s)         
0:     16777216       4194304     float     sum      -1   782.63   21.44   21.44       0   783.50   21.41   21.41    N/A
0:     67108864      16777216     float     sum      -1  2964.60   22.64   22.64       0  2969.33   22.60   22.60    N/A
0:    268435456      67108864     float     sum      -1  11635.5   23.07   23.07       0  11627.3   23.09   23.09    N/A
0: # Out of bounds values : 0 OK
0: # Avg bus bandwidth    : 22.3741 
0: #
0: # Collective test concluded: sendrecv_perf_mpi
0: #
0: 

##### pass 7/8  cross nid007240:g2 <-> nid007242:g3  sendrecv
0: 
0: WARNING: FI_CXI_RDZV_PROTO=alt_read is configured, but the Slurm network is
0: not set to disable rendezvous GET. Performance/stability may be impacted.
0: 
0: Expected Slurm launch:
0:   srun --network=disable_rdzv_get ...
0: or
0:   SLURM_NETWORK=disable_rdzv_get srun ...
0: 
0: Context:
0:   SLURM_NETWORK=<unset>
0:   FI_PROVIDER=cxi
0:   FI_CXI_RDZV_PROTO=alt_read
0: 
0: # nccl-tests version 2.17.8 nccl-headers=22902 nccl-library=22903
0: # Collective test starting: sendrecv_perf_mpi
0: # nThread 1 nGpus 1 minBytes 16777216 maxBytes 268435456 step: 4(factor) warmup iters: 5 iters: 20 agg iters: 1 validation: 1 graph: 0
0: #
0: # Using devices
0: #  Rank  0 Group  0 Pid 127924 on  nid007240 device  0 [0029:01:00] NVIDIA GH200 120GB
0: #  Rank  1 Group  0 Pid  53171 on  nid007242 device  0 [0039:01:00] NVIDIA GH200 120GB
0: #
0: #                                                              out-of-place                       in-place          
0: #       size         count      type   redop    root     time   algbw   busbw  #wrong     time   algbw   busbw  #wrong 
0: #        (B)    (elements)                               (us)  (GB/s)  (GB/s)             (us)  (GB/s)  (GB/s)         
0:     16777216       4194304     float     sum      -1   784.92   21.37   21.37       0   785.03   21.37   21.37    N/A
0:     67108864      16777216     float     sum      -1  2968.70   22.61   22.61       0  2972.65   22.58   22.58    N/A
0:    268435456      67108864     float     sum      -1  11642.2   23.06   23.06       0  11633.1   23.08   23.08    N/A
0: # Out of bounds values : 0 OK
0: # Avg bus bandwidth    : 22.3432 
0: #
0: # Collective test concluded: sendrecv_perf_mpi
0: #
0: 

##### pass 7/8  cross nid007240:g3 <-> nid007242:g0  sendrecv
0: 
0: WARNING: FI_CXI_RDZV_PROTO=alt_read is configured, but the Slurm network is
0: not set to disable rendezvous GET. Performance/stability may be impacted.
0: 
0: Expected Slurm launch:
0:   srun --network=disable_rdzv_get ...
0: or
0:   SLURM_NETWORK=disable_rdzv_get srun ...
0: 
0: Context:
0:   SLURM_NETWORK=<unset>
0:   FI_PROVIDER=cxi
0:   FI_CXI_RDZV_PROTO=alt_read
0: 
0: # nccl-tests version 2.17.8 nccl-headers=22902 nccl-library=22903
0: # Collective test starting: sendrecv_perf_mpi
0: # nThread 1 nGpus 1 minBytes 16777216 maxBytes 268435456 step: 4(factor) warmup iters: 5 iters: 20 agg iters: 1 validation: 1 graph: 0
0: #
0: # Using devices
0: #  Rank  0 Group  0 Pid 128920 on  nid007240 device  0 [0039:01:00] NVIDIA GH200 120GB
0: #  Rank  1 Group  0 Pid  54129 on  nid007242 device  0 [0009:01:00] NVIDIA GH200 120GB
0: #
0: #                                                              out-of-place                       in-place          
0: #       size         count      type   redop    root     time   algbw   busbw  #wrong     time   algbw   busbw  #wrong 
0: #        (B)    (elements)                               (us)  (GB/s)  (GB/s)             (us)  (GB/s)  (GB/s)         
0:     16777216       4194304     float     sum      -1   777.16   21.59   21.59       0   774.73   21.66   21.66    N/A
0:     67108864      16777216     float     sum      -1  2945.67   22.78   22.78       0  2946.84   22.77   22.77    N/A
0:    268435456      67108864     float     sum      -1  11618.2   23.10   23.10       0  11619.1   23.10   23.10    N/A
0: # Out of bounds values : 0 OK
0: # Avg bus bandwidth    : 22.5011 
0: #
0: # Collective test concluded: sendrecv_perf_mpi
0: #
0: 

##### pass 7/8  cross nid007240:g3 <-> nid007242:g1  sendrecv
0: 
0: WARNING: FI_CXI_RDZV_PROTO=alt_read is configured, but the Slurm network is
0: not set to disable rendezvous GET. Performance/stability may be impacted.
0: 
0: Expected Slurm launch:
0:   srun --network=disable_rdzv_get ...
0: or
0:   SLURM_NETWORK=disable_rdzv_get srun ...
0: 
0: Context:
0:   SLURM_NETWORK=<unset>
0:   FI_PROVIDER=cxi
0:   FI_CXI_RDZV_PROTO=alt_read
0: 
0: # nccl-tests version 2.17.8 nccl-headers=22902 nccl-library=22903
0: # Collective test starting: sendrecv_perf_mpi
0: # nThread 1 nGpus 1 minBytes 16777216 maxBytes 268435456 step: 4(factor) warmup iters: 5 iters: 20 agg iters: 1 validation: 1 graph: 0
0: #
0: # Using devices
0: #  Rank  0 Group  0 Pid 129884 on  nid007240 device  0 [0039:01:00] NVIDIA GH200 120GB
0: #  Rank  1 Group  0 Pid  55077 on  nid007242 device  0 [0019:01:00] NVIDIA GH200 120GB
0: #
0: #                                                              out-of-place                       in-place          
0: #       size         count      type   redop    root     time   algbw   busbw  #wrong     time   algbw   busbw  #wrong 
0: #        (B)    (elements)                               (us)  (GB/s)  (GB/s)             (us)  (GB/s)  (GB/s)         
0:     16777216       4194304     float     sum      -1   783.33   21.42   21.42       0   785.39   21.36   21.36    N/A
0:     67108864      16777216     float     sum      -1  2969.32   22.60   22.60       0  2969.17   22.60   22.60    N/A
0:    268435456      67108864     float     sum      -1  11627.1   23.09   23.09       0  11623.1   23.09   23.09    N/A
0: # Out of bounds values : 0 OK
0: # Avg bus bandwidth    : 22.3607 
0: #
0: # Collective test concluded: sendrecv_perf_mpi
0: #
0: 

##### pass 7/8  cross nid007240:g3 <-> nid007242:g2  sendrecv
0: 
0: WARNING: FI_CXI_RDZV_PROTO=alt_read is configured, but the Slurm network is
0: not set to disable rendezvous GET. Performance/stability may be impacted.
0: 
0: Expected Slurm launch:
0:   srun --network=disable_rdzv_get ...
0: or
0:   SLURM_NETWORK=disable_rdzv_get srun ...
0: 
0: Context:
0:   SLURM_NETWORK=<unset>
0:   FI_PROVIDER=cxi
0:   FI_CXI_RDZV_PROTO=alt_read
0: 
0: # nccl-tests version 2.17.8 nccl-headers=22902 nccl-library=22903
0: # Collective test starting: sendrecv_perf_mpi
0: # nThread 1 nGpus 1 minBytes 16777216 maxBytes 268435456 step: 4(factor) warmup iters: 5 iters: 20 agg iters: 1 validation: 1 graph: 0
0: #
0: # Using devices
0: #  Rank  0 Group  0 Pid 130852 on  nid007240 device  0 [0039:01:00] NVIDIA GH200 120GB
0: #  Rank  1 Group  0 Pid  56024 on  nid007242 device  0 [0029:01:00] NVIDIA GH200 120GB
0: #
0: #                                                              out-of-place                       in-place          
0: #       size         count      type   redop    root     time   algbw   busbw  #wrong     time   algbw   busbw  #wrong 
0: #        (B)    (elements)                               (us)  (GB/s)  (GB/s)             (us)  (GB/s)  (GB/s)         
0:     16777216       4194304     float     sum      -1   785.33   21.36   21.36       0   789.55   21.25   21.25    N/A
0:     67108864      16777216     float     sum      -1  2968.81   22.60   22.60       0  2969.70   22.60   22.60    N/A
0:    268435456      67108864     float     sum      -1  11626.4   23.09   23.09       0  11635.9   23.07   23.07    N/A
0: # Out of bounds values : 0 OK
0: # Avg bus bandwidth    : 22.3288 
0: #
0: # Collective test concluded: sendrecv_perf_mpi
0: #
0: 

##### pass 7/8  cross nid007240:g3 <-> nid007242:g3  sendrecv
0: 
0: WARNING: FI_CXI_RDZV_PROTO=alt_read is configured, but the Slurm network is
0: not set to disable rendezvous GET. Performance/stability may be impacted.
0: 
0: Expected Slurm launch:
0:   srun --network=disable_rdzv_get ...
0: or
0:   SLURM_NETWORK=disable_rdzv_get srun ...
0: 
0: Context:
0:   SLURM_NETWORK=<unset>
0:   FI_PROVIDER=cxi
0:   FI_CXI_RDZV_PROTO=alt_read
0: 
0: # nccl-tests version 2.17.8 nccl-headers=22902 nccl-library=22903
0: # Collective test starting: sendrecv_perf_mpi
0: # nThread 1 nGpus 1 minBytes 16777216 maxBytes 268435456 step: 4(factor) warmup iters: 5 iters: 20 agg iters: 1 validation: 1 graph: 0
0: #
0: # Using devices
0: #  Rank  0 Group  0 Pid 131858 on  nid007240 device  0 [0039:01:00] NVIDIA GH200 120GB
0: #  Rank  1 Group  0 Pid  56986 on  nid007242 device  0 [0039:01:00] NVIDIA GH200 120GB
0: #
0: #                                                              out-of-place                       in-place          
0: #       size         count      type   redop    root     time   algbw   busbw  #wrong     time   algbw   busbw  #wrong 
0: #        (B)    (elements)                               (us)  (GB/s)  (GB/s)             (us)  (GB/s)  (GB/s)         
0:     16777216       4194304     float     sum      -1   784.79   21.38   21.38       0   782.59   21.44   21.44    N/A
0:     67108864      16777216     float     sum      -1  2970.10   22.59   22.59       0  2962.26   22.65   22.65    N/A
0:    268435456      67108864     float     sum      -1  11635.9   23.07   23.07       0  11634.0   23.07   23.07    N/A
0: # Out of bounds values : 0 OK
0: # Avg bus bandwidth    : 22.368 
0: #
0: # Collective test concluded: sendrecv_perf_mpi
0: #
0: 

##### pass 8/8  cross nid007240:g0 <-> nid007242:g0  sendrecv
0: 
0: WARNING: FI_CXI_RDZV_PROTO=alt_read is configured, but the Slurm network is
0: not set to disable rendezvous GET. Performance/stability may be impacted.
0: 
0: Expected Slurm launch:
0:   srun --network=disable_rdzv_get ...
0: or
0:   SLURM_NETWORK=disable_rdzv_get srun ...
0: 
0: Context:
0:   SLURM_NETWORK=<unset>
0:   FI_PROVIDER=cxi
0:   FI_CXI_RDZV_PROTO=alt_read
0: 
0: # nccl-tests version 2.17.8 nccl-headers=22902 nccl-library=22903
0: # Collective test starting: sendrecv_perf_mpi
0: # nThread 1 nGpus 1 minBytes 16777216 maxBytes 268435456 step: 4(factor) warmup iters: 5 iters: 20 agg iters: 1 validation: 1 graph: 0
0: #
0: # Using devices
0: #  Rank  0 Group  0 Pid 132831 on  nid007240 device  0 [0009:01:00] NVIDIA GH200 120GB
0: #  Rank  1 Group  0 Pid  57926 on  nid007242 device  0 [0009:01:00] NVIDIA GH200 120GB
0: #
0: #                                                              out-of-place                       in-place          
0: #       size         count      type   redop    root     time   algbw   busbw  #wrong     time   algbw   busbw  #wrong 
0: #        (B)    (elements)                               (us)  (GB/s)  (GB/s)             (us)  (GB/s)  (GB/s)         
0:     16777216       4194304     float     sum      -1   766.54   21.89   21.89       0   769.50   21.80   21.80    N/A
0:     67108864      16777216     float     sum      -1  2926.82   22.93   22.93       0  2923.77   22.95   22.95    N/A
0:    268435456      67108864     float     sum      -1  11590.0   23.16   23.16       0  11596.8   23.15   23.15    N/A
0: # Out of bounds values : 0 OK
0: # Avg bus bandwidth    : 22.6467 
0: #
0: # Collective test concluded: sendrecv_perf_mpi
0: #
0: 

##### pass 8/8  cross nid007240:g0 <-> nid007242:g1  sendrecv
0: 
0: WARNING: FI_CXI_RDZV_PROTO=alt_read is configured, but the Slurm network is
0: not set to disable rendezvous GET. Performance/stability may be impacted.
0: 
0: Expected Slurm launch:
0:   srun --network=disable_rdzv_get ...
0: or
0:   SLURM_NETWORK=disable_rdzv_get srun ...
0: 
0: Context:
0:   SLURM_NETWORK=<unset>
0:   FI_PROVIDER=cxi
0:   FI_CXI_RDZV_PROTO=alt_read
0: 
0: # nccl-tests version 2.17.8 nccl-headers=22902 nccl-library=22903
0: # Collective test starting: sendrecv_perf_mpi
0: # nThread 1 nGpus 1 minBytes 16777216 maxBytes 268435456 step: 4(factor) warmup iters: 5 iters: 20 agg iters: 1 validation: 1 graph: 0
0: #
0: # Using devices
0: #  Rank  0 Group  0 Pid 133856 on  nid007240 device  0 [0009:01:00] NVIDIA GH200 120GB
0: #  Rank  1 Group  0 Pid  58891 on  nid007242 device  0 [0019:01:00] NVIDIA GH200 120GB
0: #
0: #                                                              out-of-place                       in-place          
0: #       size         count      type   redop    root     time   algbw   busbw  #wrong     time   algbw   busbw  #wrong 
0: #        (B)    (elements)                               (us)  (GB/s)  (GB/s)             (us)  (GB/s)  (GB/s)         
0:     16777216       4194304     float     sum      -1   776.41   21.61   21.61       0   779.31   21.53   21.53    N/A
0:     67108864      16777216     float     sum      -1  2946.43   22.78   22.78       0  2945.58   22.78   22.78    N/A
0:    268435456      67108864     float     sum      -1  11608.8   23.12   23.12       0  11610.0   23.12   23.12    N/A
0: # Out of bounds values : 0 OK
0: # Avg bus bandwidth    : 22.4901 
0: #
0: # Collective test concluded: sendrecv_perf_mpi
0: #
0: 

##### pass 8/8  cross nid007240:g0 <-> nid007242:g2  sendrecv
0: 
0: WARNING: FI_CXI_RDZV_PROTO=alt_read is configured, but the Slurm network is
0: not set to disable rendezvous GET. Performance/stability may be impacted.
0: 
0: Expected Slurm launch:
0:   srun --network=disable_rdzv_get ...
0: or
0:   SLURM_NETWORK=disable_rdzv_get srun ...
0: 
0: Context:
0:   SLURM_NETWORK=<unset>
0:   FI_PROVIDER=cxi
0:   FI_CXI_RDZV_PROTO=alt_read
0: 
0: # nccl-tests version 2.17.8 nccl-headers=22902 nccl-library=22903
0: # Collective test starting: sendrecv_perf_mpi
0: # nThread 1 nGpus 1 minBytes 16777216 maxBytes 268435456 step: 4(factor) warmup iters: 5 iters: 20 agg iters: 1 validation: 1 graph: 0
0: #
0: # Using devices
0: #  Rank  0 Group  0 Pid 134848 on  nid007240 device  0 [0009:01:00] NVIDIA GH200 120GB
0: #  Rank  1 Group  0 Pid  59832 on  nid007242 device  0 [0029:01:00] NVIDIA GH200 120GB
0: #
0: #                                                              out-of-place                       in-place          
0: #       size         count      type   redop    root     time   algbw   busbw  #wrong     time   algbw   busbw  #wrong 
0: #        (B)    (elements)                               (us)  (GB/s)  (GB/s)             (us)  (GB/s)  (GB/s)         
0:     16777216       4194304     float     sum      -1   777.64   21.57   21.57       0   775.40   21.64   21.64    N/A
0:     67108864      16777216     float     sum      -1  2950.92   22.74   22.74       0  2948.65   22.76   22.76    N/A
0:    268435456      67108864     float     sum      -1  11612.3   23.12   23.12       0  11607.8   23.13   23.13    N/A
0: # Out of bounds values : 0 OK
0: # Avg bus bandwidth    : 22.4924 
0: #
0: # Collective test concluded: sendrecv_perf_mpi
0: #
0: 

##### pass 8/8  cross nid007240:g0 <-> nid007242:g3  sendrecv
0: 
0: WARNING: FI_CXI_RDZV_PROTO=alt_read is configured, but the Slurm network is
0: not set to disable rendezvous GET. Performance/stability may be impacted.
0: 
0: Expected Slurm launch:
0:   srun --network=disable_rdzv_get ...
0: or
0:   SLURM_NETWORK=disable_rdzv_get srun ...
0: 
0: Context:
0:   SLURM_NETWORK=<unset>
0:   FI_PROVIDER=cxi
0:   FI_CXI_RDZV_PROTO=alt_read
0: 
0: # nccl-tests version 2.17.8 nccl-headers=22902 nccl-library=22903
0: # Collective test starting: sendrecv_perf_mpi
0: # nThread 1 nGpus 1 minBytes 16777216 maxBytes 268435456 step: 4(factor) warmup iters: 5 iters: 20 agg iters: 1 validation: 1 graph: 0
0: #
0: # Using devices
0: #  Rank  0 Group  0 Pid 135871 on  nid007240 device  0 [0009:01:00] NVIDIA GH200 120GB
0: #  Rank  1 Group  0 Pid  60776 on  nid007242 device  0 [0039:01:00] NVIDIA GH200 120GB
0: #
0: #                                                              out-of-place                       in-place          
0: #       size         count      type   redop    root     time   algbw   busbw  #wrong     time   algbw   busbw  #wrong 
0: #        (B)    (elements)                               (us)  (GB/s)  (GB/s)             (us)  (GB/s)  (GB/s)         
0:     16777216       4194304     float     sum      -1   776.98   21.59   21.59       0   775.44   21.64   21.64    N/A
0:     67108864      16777216     float     sum      -1  2949.60   22.75   22.75       0  2955.87   22.70   22.70    N/A
0:    268435456      67108864     float     sum      -1  11617.0   23.11   23.11       0  11622.6   23.10   23.10    N/A
0: # Out of bounds values : 0 OK
0: # Avg bus bandwidth    : 22.4812 
0: #
0: # Collective test concluded: sendrecv_perf_mpi
0: #
0: 

##### pass 8/8  cross nid007240:g1 <-> nid007242:g0  sendrecv
0: 
0: WARNING: FI_CXI_RDZV_PROTO=alt_read is configured, but the Slurm network is
0: not set to disable rendezvous GET. Performance/stability may be impacted.
0: 
0: Expected Slurm launch:
0:   srun --network=disable_rdzv_get ...
0: or
0:   SLURM_NETWORK=disable_rdzv_get srun ...
0: 
0: Context:
0:   SLURM_NETWORK=<unset>
0:   FI_PROVIDER=cxi
0:   FI_CXI_RDZV_PROTO=alt_read
0: 
0: # nccl-tests version 2.17.8 nccl-headers=22902 nccl-library=22903
0: # Collective test starting: sendrecv_perf_mpi
0: # nThread 1 nGpus 1 minBytes 16777216 maxBytes 268435456 step: 4(factor) warmup iters: 5 iters: 20 agg iters: 1 validation: 1 graph: 0
0: #
0: # Using devices
0: #  Rank  0 Group  0 Pid 136864 on  nid007240 device  0 [0019:01:00] NVIDIA GH200 120GB
0: #  Rank  1 Group  0 Pid  61740 on  nid007242 device  0 [0009:01:00] NVIDIA GH200 120GB
0: #
0: #                                                              out-of-place                       in-place          
0: #       size         count      type   redop    root     time   algbw   busbw  #wrong     time   algbw   busbw  #wrong 
0: #        (B)    (elements)                               (us)  (GB/s)  (GB/s)             (us)  (GB/s)  (GB/s)         
0:     16777216       4194304     float     sum      -1   777.52   21.58   21.58       0   779.60   21.52   21.52    N/A
0:     67108864      16777216     float     sum      -1  2957.45   22.69   22.69       0  2946.72   22.77   22.77    N/A
0:    268435456      67108864     float     sum      -1  11616.1   23.11   23.11       0  11613.6   23.11   23.11    N/A
0: # Out of bounds values : 0 OK
0: # Avg bus bandwidth    : 22.4644 
0: #
0: # Collective test concluded: sendrecv_perf_mpi
0: #
0: 

##### pass 8/8  cross nid007240:g1 <-> nid007242:g1  sendrecv
0: 
0: WARNING: FI_CXI_RDZV_PROTO=alt_read is configured, but the Slurm network is
0: not set to disable rendezvous GET. Performance/stability may be impacted.
0: 
0: Expected Slurm launch:
0:   srun --network=disable_rdzv_get ...
0: or
0:   SLURM_NETWORK=disable_rdzv_get srun ...
0: 
0: Context:
0:   SLURM_NETWORK=<unset>
0:   FI_PROVIDER=cxi
0:   FI_CXI_RDZV_PROTO=alt_read
0: 
0: # nccl-tests version 2.17.8 nccl-headers=22902 nccl-library=22903
0: # Collective test starting: sendrecv_perf_mpi
0: # nThread 1 nGpus 1 minBytes 16777216 maxBytes 268435456 step: 4(factor) warmup iters: 5 iters: 20 agg iters: 1 validation: 1 graph: 0
0: #
0: # Using devices
0: #  Rank  0 Group  0 Pid 137837 on  nid007240 device  0 [0019:01:00] NVIDIA GH200 120GB
0: #  Rank  1 Group  0 Pid  62678 on  nid007242 device  0 [0019:01:00] NVIDIA GH200 120GB
0: #
0: #                                                              out-of-place                       in-place          
0: #       size         count      type   redop    root     time   algbw   busbw  #wrong     time   algbw   busbw  #wrong 
0: #        (B)    (elements)                               (us)  (GB/s)  (GB/s)             (us)  (GB/s)  (GB/s)         
0:     16777216       4194304     float     sum      -1   782.05   21.45   21.45       0   782.64   21.44   21.44    N/A
0:     67108864      16777216     float     sum      -1  2966.71   22.62   22.62       0  2964.72   22.64   22.64    N/A
0:    268435456      67108864     float     sum      -1  11633.6   23.07   23.07       0  11625.2   23.09   23.09    N/A
0: # Out of bounds values : 0 OK
0: # Avg bus bandwidth    : 22.3851 
0: #
0: # Collective test concluded: sendrecv_perf_mpi
0: #
0: 

##### pass 8/8  cross nid007240:g1 <-> nid007242:g2  sendrecv
0: 
0: WARNING: FI_CXI_RDZV_PROTO=alt_read is configured, but the Slurm network is
0: not set to disable rendezvous GET. Performance/stability may be impacted.
0: 
0: Expected Slurm launch:
0:   srun --network=disable_rdzv_get ...
0: or
0:   SLURM_NETWORK=disable_rdzv_get srun ...
0: 
0: Context:
0:   SLURM_NETWORK=<unset>
0:   FI_PROVIDER=cxi
0:   FI_CXI_RDZV_PROTO=alt_read
0: 
0: # nccl-tests version 2.17.8 nccl-headers=22902 nccl-library=22903
0: # Collective test starting: sendrecv_perf_mpi
0: # nThread 1 nGpus 1 minBytes 16777216 maxBytes 268435456 step: 4(factor) warmup iters: 5 iters: 20 agg iters: 1 validation: 1 graph: 0
0: #
0: # Using devices
0: #  Rank  0 Group  0 Pid 138822 on  nid007240 device  0 [0019:01:00] NVIDIA GH200 120GB
0: #  Rank  1 Group  0 Pid  63617 on  nid007242 device  0 [0029:01:00] NVIDIA GH200 120GB
0: #
0: #                                                              out-of-place                       in-place          
0: #       size         count      type   redop    root     time   algbw   busbw  #wrong     time   algbw   busbw  #wrong 
0: #        (B)    (elements)                               (us)  (GB/s)  (GB/s)             (us)  (GB/s)  (GB/s)         
0:     16777216       4194304     float     sum      -1   781.37   21.47   21.47       0   781.49   21.47   21.47    N/A
0:     67108864      16777216     float     sum      -1  2963.19   22.65   22.65       0  2967.28   22.62   22.62    N/A
0:    268435456      67108864     float     sum      -1  11622.3   23.10   23.10       0  11628.4   23.08   23.08    N/A
0: # Out of bounds values : 0 OK
0: # Avg bus bandwidth    : 22.3974 
0: #
0: # Collective test concluded: sendrecv_perf_mpi
0: #
0: 

##### pass 8/8  cross nid007240:g1 <-> nid007242:g3  sendrecv
0: 
0: WARNING: FI_CXI_RDZV_PROTO=alt_read is configured, but the Slurm network is
0: not set to disable rendezvous GET. Performance/stability may be impacted.
0: 
0: Expected Slurm launch:
0:   srun --network=disable_rdzv_get ...
0: or
0:   SLURM_NETWORK=disable_rdzv_get srun ...
0: 
0: Context:
0:   SLURM_NETWORK=<unset>
0:   FI_PROVIDER=cxi
0:   FI_CXI_RDZV_PROTO=alt_read
0: 
0: # nccl-tests version 2.17.8 nccl-headers=22902 nccl-library=22903
0: # Collective test starting: sendrecv_perf_mpi
0: # nThread 1 nGpus 1 minBytes 16777216 maxBytes 268435456 step: 4(factor) warmup iters: 5 iters: 20 agg iters: 1 validation: 1 graph: 0
0: #
0: # Using devices
0: #  Rank  0 Group  0 Pid 139810 on  nid007240 device  0 [0019:01:00] NVIDIA GH200 120GB
0: #  Rank  1 Group  0 Pid  64579 on  nid007242 device  0 [0039:01:00] NVIDIA GH200 120GB
0: #
0: #                                                              out-of-place                       in-place          
0: #       size         count      type   redop    root     time   algbw   busbw  #wrong     time   algbw   busbw  #wrong 
0: #        (B)    (elements)                               (us)  (GB/s)  (GB/s)             (us)  (GB/s)  (GB/s)         
0:     16777216       4194304     float     sum      -1   785.89   21.35   21.35       0   784.95   21.37   21.37    N/A
0:     67108864      16777216     float     sum      -1  2972.46   22.58   22.58       0  2971.23   22.59   22.59    N/A
0:    268435456      67108864     float     sum      -1  11633.8   23.07   23.07       0  11636.1   23.07   23.07    N/A
0: # Out of bounds values : 0 OK
0: # Avg bus bandwidth    : 22.3379 
0: #
0: # Collective test concluded: sendrecv_perf_mpi
0: #
0: 

##### pass 8/8  cross nid007240:g2 <-> nid007242:g0  sendrecv
0: 
0: WARNING: FI_CXI_RDZV_PROTO=alt_read is configured, but the Slurm network is
0: not set to disable rendezvous GET. Performance/stability may be impacted.
0: 
0: Expected Slurm launch:
0:   srun --network=disable_rdzv_get ...
0: or
0:   SLURM_NETWORK=disable_rdzv_get srun ...
0: 
0: Context:
0:   SLURM_NETWORK=<unset>
0:   FI_PROVIDER=cxi
0:   FI_CXI_RDZV_PROTO=alt_read
0: 
0: # nccl-tests version 2.17.8 nccl-headers=22902 nccl-library=22903
0: # Collective test starting: sendrecv_perf_mpi
0: # nThread 1 nGpus 1 minBytes 16777216 maxBytes 268435456 step: 4(factor) warmup iters: 5 iters: 20 agg iters: 1 validation: 1 graph: 0
0: #
0: # Using devices
0: #  Rank  0 Group  0 Pid 140778 on  nid007240 device  0 [0029:01:00] NVIDIA GH200 120GB
0: #  Rank  1 Group  0 Pid  65520 on  nid007242 device  0 [0009:01:00] NVIDIA GH200 120GB
0: #
0: #                                                              out-of-place                       in-place          
0: #       size         count      type   redop    root     time   algbw   busbw  #wrong     time   algbw   busbw  #wrong 
0: #        (B)    (elements)                               (us)  (GB/s)  (GB/s)             (us)  (GB/s)  (GB/s)         
0:     16777216       4194304     float     sum      -1   777.19   21.59   21.59       0   776.26   21.61   21.61    N/A
0:     67108864      16777216     float     sum      -1  2948.39   22.76   22.76       0  2956.39   22.70   22.70    N/A
0:    268435456      67108864     float     sum      -1  11613.7   23.11   23.11       0  11616.8   23.11   23.11    N/A
0: # Out of bounds values : 0 OK
0: # Avg bus bandwidth    : 22.4803 
0: #
0: # Collective test concluded: sendrecv_perf_mpi
0: #
0: 

##### pass 8/8  cross nid007240:g2 <-> nid007242:g1  sendrecv
0: 
0: WARNING: FI_CXI_RDZV_PROTO=alt_read is configured, but the Slurm network is
0: not set to disable rendezvous GET. Performance/stability may be impacted.
0: 
0: Expected Slurm launch:
0:   srun --network=disable_rdzv_get ...
0: or
0:   SLURM_NETWORK=disable_rdzv_get srun ...
0: 
0: Context:
0:   SLURM_NETWORK=<unset>
0:   FI_PROVIDER=cxi
0:   FI_CXI_RDZV_PROTO=alt_read
0: 
0: # nccl-tests version 2.17.8 nccl-headers=22902 nccl-library=22903
0: # Collective test starting: sendrecv_perf_mpi
0: # nThread 1 nGpus 1 minBytes 16777216 maxBytes 268435456 step: 4(factor) warmup iters: 5 iters: 20 agg iters: 1 validation: 1 graph: 0
0: #
0: # Using devices
0: #  Rank  0 Group  0 Pid 141764 on  nid007240 device  0 [0029:01:00] NVIDIA GH200 120GB
0: #  Rank  1 Group  0 Pid  66475 on  nid007242 device  0 [0019:01:00] NVIDIA GH200 120GB
0: #
0: #                                                              out-of-place                       in-place          
0: #       size         count      type   redop    root     time   algbw   busbw  #wrong     time   algbw   busbw  #wrong 
0: #        (B)    (elements)                               (us)  (GB/s)  (GB/s)             (us)  (GB/s)  (GB/s)         
0:     16777216       4194304     float     sum      -1   781.52   21.47   21.47       0   784.38   21.39   21.39    N/A
0:     67108864      16777216     float     sum      -1  2963.64   22.64   22.64       0  2962.91   22.65   22.65    N/A
0:    268435456      67108864     float     sum      -1  11622.6   23.10   23.10       0  11634.2   23.07   23.07    N/A
0: # Out of bounds values : 0 OK
0: # Avg bus bandwidth    : 22.3866 
0: #
0: # Collective test concluded: sendrecv_perf_mpi
0: #
0: 

##### pass 8/8  cross nid007240:g2 <-> nid007242:g2  sendrecv
0: 
0: WARNING: FI_CXI_RDZV_PROTO=alt_read is configured, but the Slurm network is
0: not set to disable rendezvous GET. Performance/stability may be impacted.
0: 
0: Expected Slurm launch:
0:   srun --network=disable_rdzv_get ...
0: or
0:   SLURM_NETWORK=disable_rdzv_get srun ...
0: 
0: Context:
0:   SLURM_NETWORK=<unset>
0:   FI_PROVIDER=cxi
0:   FI_CXI_RDZV_PROTO=alt_read
0: 
0: # nccl-tests version 2.17.8 nccl-headers=22902 nccl-library=22903
0: # Collective test starting: sendrecv_perf_mpi
0: # nThread 1 nGpus 1 minBytes 16777216 maxBytes 268435456 step: 4(factor) warmup iters: 5 iters: 20 agg iters: 1 validation: 1 graph: 0
0: #
0: # Using devices
0: #  Rank  0 Group  0 Pid 142730 on  nid007240 device  0 [0029:01:00] NVIDIA GH200 120GB
0: #  Rank  1 Group  0 Pid  67418 on  nid007242 device  0 [0029:01:00] NVIDIA GH200 120GB
0: #
0: #                                                              out-of-place                       in-place          
0: #       size         count      type   redop    root     time   algbw   busbw  #wrong     time   algbw   busbw  #wrong 
0: #        (B)    (elements)                               (us)  (GB/s)  (GB/s)             (us)  (GB/s)  (GB/s)         
0:     16777216       4194304     float     sum      -1   784.42   21.39   21.39       0   782.65   21.44   21.44    N/A
0:     67108864      16777216     float     sum      -1  2966.87   22.62   22.62       0  2967.88   22.61   22.61    N/A
0:    268435456      67108864     float     sum      -1  11630.6   23.08   23.08       0  11633.5   23.07   23.07    N/A
0: # Out of bounds values : 0 OK
0: # Avg bus bandwidth    : 22.3683 
0: #
0: # Collective test concluded: sendrecv_perf_mpi
0: #
0: 

##### pass 8/8  cross nid007240:g2 <-> nid007242:g3  sendrecv
0: 
0: WARNING: FI_CXI_RDZV_PROTO=alt_read is configured, but the Slurm network is
0: not set to disable rendezvous GET. Performance/stability may be impacted.
0: 
0: Expected Slurm launch:
0:   srun --network=disable_rdzv_get ...
0: or
0:   SLURM_NETWORK=disable_rdzv_get srun ...
0: 
0: Context:
0:   SLURM_NETWORK=<unset>
0:   FI_PROVIDER=cxi
0:   FI_CXI_RDZV_PROTO=alt_read
0: 
0: # nccl-tests version 2.17.8 nccl-headers=22902 nccl-library=22903
0: # Collective test starting: sendrecv_perf_mpi
0: # nThread 1 nGpus 1 minBytes 16777216 maxBytes 268435456 step: 4(factor) warmup iters: 5 iters: 20 agg iters: 1 validation: 1 graph: 0
0: #
0: # Using devices
0: #  Rank  0 Group  0 Pid 143693 on  nid007240 device  0 [0029:01:00] NVIDIA GH200 120GB
0: #  Rank  1 Group  0 Pid  68355 on  nid007242 device  0 [0039:01:00] NVIDIA GH200 120GB
0: #
0: #                                                              out-of-place                       in-place          
0: #       size         count      type   redop    root     time   algbw   busbw  #wrong     time   algbw   busbw  #wrong 
0: #        (B)    (elements)                               (us)  (GB/s)  (GB/s)             (us)  (GB/s)  (GB/s)         
0:     16777216       4194304     float     sum      -1   786.02   21.34   21.34       0   784.47   21.39   21.39    N/A
0:     67108864      16777216     float     sum      -1  2968.23   22.61   22.61       0  2967.01   22.62   22.62    N/A
0:    268435456      67108864     float     sum      -1  11645.8   23.05   23.05       0  11636.5   23.07   23.07    N/A
0: # Out of bounds values : 0 OK
0: # Avg bus bandwidth    : 22.3462 
0: #
0: # Collective test concluded: sendrecv_perf_mpi
0: #
0: 

##### pass 8/8  cross nid007240:g3 <-> nid007242:g0  sendrecv
0: 
0: WARNING: FI_CXI_RDZV_PROTO=alt_read is configured, but the Slurm network is
0: not set to disable rendezvous GET. Performance/stability may be impacted.
0: 
0: Expected Slurm launch:
0:   srun --network=disable_rdzv_get ...
0: or
0:   SLURM_NETWORK=disable_rdzv_get srun ...
0: 
0: Context:
0:   SLURM_NETWORK=<unset>
0:   FI_PROVIDER=cxi
0:   FI_CXI_RDZV_PROTO=alt_read
0: 
0: # nccl-tests version 2.17.8 nccl-headers=22902 nccl-library=22903
0: # Collective test starting: sendrecv_perf_mpi
0: # nThread 1 nGpus 1 minBytes 16777216 maxBytes 268435456 step: 4(factor) warmup iters: 5 iters: 20 agg iters: 1 validation: 1 graph: 0
0: #
0: # Using devices
0: #  Rank  0 Group  0 Pid 144685 on  nid007240 device  0 [0039:01:00] NVIDIA GH200 120GB
0: #  Rank  1 Group  0 Pid  69320 on  nid007242 device  0 [0009:01:00] NVIDIA GH200 120GB
0: #
0: #                                                              out-of-place                       in-place          
0: #       size         count      type   redop    root     time   algbw   busbw  #wrong     time   algbw   busbw  #wrong 
0: #        (B)    (elements)                               (us)  (GB/s)  (GB/s)             (us)  (GB/s)  (GB/s)         
0:     16777216       4194304     float     sum      -1   774.15   21.67   21.67       0   775.15   21.64   21.64    N/A
0:     67108864      16777216     float     sum      -1  2952.08   22.73   22.73       0  2954.41   22.71   22.71    N/A
0:    268435456      67108864     float     sum      -1  11618.7   23.10   23.10       0  11615.9   23.11   23.11    N/A
0: # Out of bounds values : 0 OK
0: # Avg bus bandwidth    : 22.496 
0: #
0: # Collective test concluded: sendrecv_perf_mpi
0: #
0: 

##### pass 8/8  cross nid007240:g3 <-> nid007242:g1  sendrecv
0: 
0: WARNING: FI_CXI_RDZV_PROTO=alt_read is configured, but the Slurm network is
0: not set to disable rendezvous GET. Performance/stability may be impacted.
0: 
0: Expected Slurm launch:
0:   srun --network=disable_rdzv_get ...
0: or
0:   SLURM_NETWORK=disable_rdzv_get srun ...
0: 
0: Context:
0:   SLURM_NETWORK=<unset>
0:   FI_PROVIDER=cxi
0:   FI_CXI_RDZV_PROTO=alt_read
0: 
0: # nccl-tests version 2.17.8 nccl-headers=22902 nccl-library=22903
0: # Collective test starting: sendrecv_perf_mpi
0: # nThread 1 nGpus 1 minBytes 16777216 maxBytes 268435456 step: 4(factor) warmup iters: 5 iters: 20 agg iters: 1 validation: 1 graph: 0
0: #
0: # Using devices
0: #  Rank  0 Group  0 Pid 145652 on  nid007240 device  0 [0039:01:00] NVIDIA GH200 120GB
0: #  Rank  1 Group  0 Pid  70253 on  nid007242 device  0 [0019:01:00] NVIDIA GH200 120GB
0: #
0: #                                                              out-of-place                       in-place          
0: #       size         count      type   redop    root     time   algbw   busbw  #wrong     time   algbw   busbw  #wrong 
0: #        (B)    (elements)                               (us)  (GB/s)  (GB/s)             (us)  (GB/s)  (GB/s)         
0:     16777216       4194304     float     sum      -1   785.96   21.35   21.35       0   787.53   21.30   21.30    N/A
0:     67108864      16777216     float     sum      -1  2968.80   22.60   22.60       0  2961.84   22.66   22.66    N/A
0:    268435456      67108864     float     sum      -1  11626.2   23.09   23.09       0  11630.5   23.08   23.08    N/A
0: # Out of bounds values : 0 OK
0: # Avg bus bandwidth    : 22.3469 
0: #
0: # Collective test concluded: sendrecv_perf_mpi
0: #
0: 

##### pass 8/8  cross nid007240:g3 <-> nid007242:g2  sendrecv
0: 
0: WARNING: FI_CXI_RDZV_PROTO=alt_read is configured, but the Slurm network is
0: not set to disable rendezvous GET. Performance/stability may be impacted.
0: 
0: Expected Slurm launch:
0:   srun --network=disable_rdzv_get ...
0: or
0:   SLURM_NETWORK=disable_rdzv_get srun ...
0: 
0: Context:
0:   SLURM_NETWORK=<unset>
0:   FI_PROVIDER=cxi
0:   FI_CXI_RDZV_PROTO=alt_read
0: 
0: # nccl-tests version 2.17.8 nccl-headers=22902 nccl-library=22903
0: # Collective test starting: sendrecv_perf_mpi
0: # nThread 1 nGpus 1 minBytes 16777216 maxBytes 268435456 step: 4(factor) warmup iters: 5 iters: 20 agg iters: 1 validation: 1 graph: 0
0: #
0: # Using devices
0: #  Rank  0 Group  0 Pid 146627 on  nid007240 device  0 [0039:01:00] NVIDIA GH200 120GB
0: #  Rank  1 Group  0 Pid  71191 on  nid007242 device  0 [0029:01:00] NVIDIA GH200 120GB
0: #
0: #                                                              out-of-place                       in-place          
0: #       size         count      type   redop    root     time   algbw   busbw  #wrong     time   algbw   busbw  #wrong 
0: #        (B)    (elements)                               (us)  (GB/s)  (GB/s)             (us)  (GB/s)  (GB/s)         
0:     16777216       4194304     float     sum      -1   784.76   21.38   21.38       0   784.02   21.40   21.40    N/A
0:     67108864      16777216     float     sum      -1  2964.66   22.64   22.64       0  2964.78   22.64   22.64    N/A
0:    268435456      67108864     float     sum      -1  11626.8   23.09   23.09       0  11619.5   23.10   23.10    N/A
0: # Out of bounds values : 0 OK
0: # Avg bus bandwidth    : 22.3732 
0: #
0: # Collective test concluded: sendrecv_perf_mpi
0: #
0: 

##### pass 8/8  cross nid007240:g3 <-> nid007242:g3  sendrecv
0: 
0: WARNING: FI_CXI_RDZV_PROTO=alt_read is configured, but the Slurm network is
0: not set to disable rendezvous GET. Performance/stability may be impacted.
0: 
0: Expected Slurm launch:
0:   srun --network=disable_rdzv_get ...
0: or
0:   SLURM_NETWORK=disable_rdzv_get srun ...
0: 
0: Context:
0:   SLURM_NETWORK=<unset>
0:   FI_PROVIDER=cxi
0:   FI_CXI_RDZV_PROTO=alt_read
0: 
0: # nccl-tests version 2.17.8 nccl-headers=22902 nccl-library=22903
0: # Collective test starting: sendrecv_perf_mpi
0: # nThread 1 nGpus 1 minBytes 16777216 maxBytes 268435456 step: 4(factor) warmup iters: 5 iters: 20 agg iters: 1 validation: 1 graph: 0
0: #
0: # Using devices
0: #  Rank  0 Group  0 Pid 147606 on  nid007240 device  0 [0039:01:00] NVIDIA GH200 120GB
0: #  Rank  1 Group  0 Pid  72155 on  nid007242 device  0 [0039:01:00] NVIDIA GH200 120GB
0: #
0: #                                                              out-of-place                       in-place          
0: #       size         count      type   redop    root     time   algbw   busbw  #wrong     time   algbw   busbw  #wrong 
0: #        (B)    (elements)                               (us)  (GB/s)  (GB/s)             (us)  (GB/s)  (GB/s)         
0:     16777216       4194304     float     sum      -1   783.10   21.42   21.42       0   784.32   21.39   21.39    N/A
0:     67108864      16777216     float     sum      -1  2965.46   22.63   22.63       0  2964.10   22.64   22.64    N/A
0:    268435456      67108864     float     sum      -1  11636.8   23.07   23.07       0  11630.1   23.08   23.08    N/A
0: # Out of bounds values : 0 OK
0: # Avg bus bandwidth    : 22.3724 
0: #
0: # Collective test concluded: sendrecv_perf_mpi
0: #
0: 

NCCL_TESTS_CROSS_COMPLETE nid[007240,007242]
