=== nodes: A=nid007133 B=nid007176  EDF: /iopsstor/scratch/cscs/mvasilev/vllm-play/megatron-v2601-multinode.toml  passes: 8 ===

##### pass 1/8  cross nid007133:g0 <-> nid007176:g0  sendrecv
0: 
0: WARNING: FI_CXI_RDZV_PROTO=alt_read is configured, but the Slurm network is
0: not set to disable rendezvous GET. Performance/stability may be impacted.
0: 
0: Expected Slurm launch:
0:   srun --network=disable_rdzv_get ...
0: or
0:   SLURM_NETWORK=disable_rdzv_get srun ...
0: 
0: Context:
0:   SLURM_NETWORK=<unset>
0:   FI_PROVIDER=cxi
0:   FI_CXI_RDZV_PROTO=alt_read
0: 
0: # nccl-tests version 2.17.8 nccl-headers=22902 nccl-library=22903
0: # Collective test starting: sendrecv_perf_mpi
0: # nThread 1 nGpus 1 minBytes 16777216 maxBytes 268435456 step: 4(factor) warmup iters: 5 iters: 20 agg iters: 1 validation: 1 graph: 0
0: #
0: # Using devices
0: #  Rank  0 Group  0 Pid  81149 on  nid007133 device  0 [0009:01:00] NVIDIA GH200 120GB
0: #  Rank  1 Group  0 Pid 284209 on  nid007176 device  0 [0009:01:00] NVIDIA GH200 120GB
0: #
0: #                                                              out-of-place                       in-place          
0: #       size         count      type   redop    root     time   algbw   busbw  #wrong     time   algbw   busbw  #wrong 
0: #        (B)    (elements)                               (us)  (GB/s)  (GB/s)             (us)  (GB/s)  (GB/s)         
0:     16777216       4194304     float     sum      -1  1210.67   13.86   13.86       0   761.14   22.04   22.04    N/A
0:     67108864      16777216     float     sum      -1  2923.37   22.96   22.96       0  2938.00   22.84   22.84    N/A
0:    268435456      67108864     float     sum      -1  11571.2   23.20   23.20       0  11566.9   23.21   23.21    N/A
0: # Out of bounds values : 0 OK
0: # Avg bus bandwidth    : 21.3506 
0: #
0: # Collective test concluded: sendrecv_perf_mpi
0: #
0: 

##### pass 1/8  cross nid007133:g0 <-> nid007176:g1  sendrecv
0: 
0: WARNING: FI_CXI_RDZV_PROTO=alt_read is configured, but the Slurm network is
0: not set to disable rendezvous GET. Performance/stability may be impacted.
0: 
0: Expected Slurm launch:
0:   srun --network=disable_rdzv_get ...
0: or
0:   SLURM_NETWORK=disable_rdzv_get srun ...
0: 
0: Context:
0:   SLURM_NETWORK=<unset>
0:   FI_PROVIDER=cxi
0:   FI_CXI_RDZV_PROTO=alt_read
0: 
0: # nccl-tests version 2.17.8 nccl-headers=22902 nccl-library=22903
0: # Collective test starting: sendrecv_perf_mpi
0: # nThread 1 nGpus 1 minBytes 16777216 maxBytes 268435456 step: 4(factor) warmup iters: 5 iters: 20 agg iters: 1 validation: 1 graph: 0
0: #
0: # Using devices
0: #  Rank  0 Group  0 Pid  82159 on  nid007133 device  0 [0009:01:00] NVIDIA GH200 120GB
0: #  Rank  1 Group  0 Pid 285192 on  nid007176 device  0 [0019:01:00] NVIDIA GH200 120GB
0: #
0: #                                                              out-of-place                       in-place          
0: #       size         count      type   redop    root     time   algbw   busbw  #wrong     time   algbw   busbw  #wrong 
0: #        (B)    (elements)                               (us)  (GB/s)  (GB/s)             (us)  (GB/s)  (GB/s)         
0:     16777216       4194304     float     sum      -1   776.43   21.61   21.61       0   776.67   21.60   21.60    N/A
0:     67108864      16777216     float     sum      -1  2948.81   22.76   22.76       0  2947.82   22.77   22.77    N/A
0:    268435456      67108864     float     sum      -1  11598.5   23.14   23.14       0  11606.8   23.13   23.13    N/A
0: # Out of bounds values : 0 OK
0: # Avg bus bandwidth    : 22.5008 
0: #
0: # Collective test concluded: sendrecv_perf_mpi
0: #
0: 

##### pass 1/8  cross nid007133:g0 <-> nid007176:g2  sendrecv
0: 
0: WARNING: FI_CXI_RDZV_PROTO=alt_read is configured, but the Slurm network is
0: not set to disable rendezvous GET. Performance/stability may be impacted.
0: 
0: Expected Slurm launch:
0:   srun --network=disable_rdzv_get ...
0: or
0:   SLURM_NETWORK=disable_rdzv_get srun ...
0: 
0: Context:
0:   SLURM_NETWORK=<unset>
0:   FI_PROVIDER=cxi
0:   FI_CXI_RDZV_PROTO=alt_read
0: 
0: # nccl-tests version 2.17.8 nccl-headers=22902 nccl-library=22903
0: # Collective test starting: sendrecv_perf_mpi
0: # nThread 1 nGpus 1 minBytes 16777216 maxBytes 268435456 step: 4(factor) warmup iters: 5 iters: 20 agg iters: 1 validation: 1 graph: 0
0: #
0: # Using devices
0: #  Rank  0 Group  0 Pid  83137 on  nid007133 device  0 [0009:01:00] NVIDIA GH200 120GB
0: #  Rank  1 Group  0 Pid 286176 on  nid007176 device  0 [0029:01:00] NVIDIA GH200 120GB
0: #
0: #                                                              out-of-place                       in-place          
0: #       size         count      type   redop    root     time   algbw   busbw  #wrong     time   algbw   busbw  #wrong 
0: #        (B)    (elements)                               (us)  (GB/s)  (GB/s)             (us)  (GB/s)  (GB/s)         
0:     16777216       4194304     float     sum      -1   779.77   21.52   21.52       0   776.05   21.62   21.62    N/A
0:     67108864      16777216     float     sum      -1  2946.21   22.78   22.78       0  2944.42   22.79   22.79    N/A
0:    268435456      67108864     float     sum      -1  11609.5   23.12   23.12       0  11613.7   23.11   23.11    N/A
0: # Out of bounds values : 0 OK
0: # Avg bus bandwidth    : 22.49 
0: #
0: # Collective test concluded: sendrecv_perf_mpi
0: #
0: 

##### pass 1/8  cross nid007133:g0 <-> nid007176:g3  sendrecv
0: 
0: WARNING: FI_CXI_RDZV_PROTO=alt_read is configured, but the Slurm network is
0: not set to disable rendezvous GET. Performance/stability may be impacted.
0: 
0: Expected Slurm launch:
0:   srun --network=disable_rdzv_get ...
0: or
0:   SLURM_NETWORK=disable_rdzv_get srun ...
0: 
0: Context:
0:   SLURM_NETWORK=<unset>
0:   FI_PROVIDER=cxi
0:   FI_CXI_RDZV_PROTO=alt_read
0: 
0: # nccl-tests version 2.17.8 nccl-headers=22902 nccl-library=22903
0: # Collective test starting: sendrecv_perf_mpi
0: # nThread 1 nGpus 1 minBytes 16777216 maxBytes 268435456 step: 4(factor) warmup iters: 5 iters: 20 agg iters: 1 validation: 1 graph: 0
0: #
0: # Using devices
0: #  Rank  0 Group  0 Pid  84219 on  nid007133 device  0 [0009:01:00] NVIDIA GH200 120GB
0: #  Rank  1 Group  0 Pid 287135 on  nid007176 device  0 [0039:01:00] NVIDIA GH200 120GB
0: #
0: #                                                              out-of-place                       in-place          
0: #       size         count      type   redop    root     time   algbw   busbw  #wrong     time   algbw   busbw  #wrong 
0: #        (B)    (elements)                               (us)  (GB/s)  (GB/s)             (us)  (GB/s)  (GB/s)         
0:     16777216       4194304     float     sum      -1   776.36   21.61   21.61       0   777.07   21.59   21.59    N/A
0:     67108864      16777216     float     sum      -1  2947.78   22.77   22.77       0  2948.43   22.76   22.76    N/A
0:    268435456      67108864     float     sum      -1  11611.1   23.12   23.12       0  11605.2   23.13   23.13    N/A
0: # Out of bounds values : 0 OK
0: # Avg bus bandwidth    : 22.4961 
0: #
0: # Collective test concluded: sendrecv_perf_mpi
0: #
0: 

##### pass 1/8  cross nid007133:g1 <-> nid007176:g0  sendrecv
0: 
0: WARNING: FI_CXI_RDZV_PROTO=alt_read is configured, but the Slurm network is
0: not set to disable rendezvous GET. Performance/stability may be impacted.
0: 
0: Expected Slurm launch:
0:   srun --network=disable_rdzv_get ...
0: or
0:   SLURM_NETWORK=disable_rdzv_get srun ...
0: 
0: Context:
0:   SLURM_NETWORK=<unset>
0:   FI_PROVIDER=cxi
0:   FI_CXI_RDZV_PROTO=alt_read
0: 
0: # nccl-tests version 2.17.8 nccl-headers=22902 nccl-library=22903
0: # Collective test starting: sendrecv_perf_mpi
0: # nThread 1 nGpus 1 minBytes 16777216 maxBytes 268435456 step: 4(factor) warmup iters: 5 iters: 20 agg iters: 1 validation: 1 graph: 0
0: #
0: # Using devices
0: #  Rank  0 Group  0 Pid  85202 on  nid007133 device  0 [0019:01:00] NVIDIA GH200 120GB
0: #  Rank  1 Group  0 Pid 288107 on  nid007176 device  0 [0009:01:00] NVIDIA GH200 120GB
0: #
0: #                                                              out-of-place                       in-place          
0: #       size         count      type   redop    root     time   algbw   busbw  #wrong     time   algbw   busbw  #wrong 
0: #        (B)    (elements)                               (us)  (GB/s)  (GB/s)             (us)  (GB/s)  (GB/s)         
0:     16777216       4194304     float     sum      -1   777.56   21.58   21.58       0   776.72   21.60   21.60    N/A
0:     67108864      16777216     float     sum      -1  2945.65   22.78   22.78       0  2950.68   22.74   22.74    N/A
0:    268435456      67108864     float     sum      -1  11616.8   23.11   23.11       0  11610.6   23.12   23.12    N/A
0: # Out of bounds values : 0 OK
0: # Avg bus bandwidth    : 22.4883 
0: #
0: # Collective test concluded: sendrecv_perf_mpi
0: #
0: 

##### pass 1/8  cross nid007133:g1 <-> nid007176:g1  sendrecv
0: 
0: WARNING: FI_CXI_RDZV_PROTO=alt_read is configured, but the Slurm network is
0: not set to disable rendezvous GET. Performance/stability may be impacted.
0: 
0: Expected Slurm launch:
0:   srun --network=disable_rdzv_get ...
0: or
0:   SLURM_NETWORK=disable_rdzv_get srun ...
0: 
0: Context:
0:   SLURM_NETWORK=<unset>
0:   FI_PROVIDER=cxi
0:   FI_CXI_RDZV_PROTO=alt_read
0: 
0: # nccl-tests version 2.17.8 nccl-headers=22902 nccl-library=22903
0: # Collective test starting: sendrecv_perf_mpi
0: # nThread 1 nGpus 1 minBytes 16777216 maxBytes 268435456 step: 4(factor) warmup iters: 5 iters: 20 agg iters: 1 validation: 1 graph: 0
0: #
0: # Using devices
0: #  Rank  0 Group  0 Pid  86184 on  nid007133 device  0 [0019:01:00] NVIDIA GH200 120GB
0: #  Rank  1 Group  0 Pid 289057 on  nid007176 device  0 [0019:01:00] NVIDIA GH200 120GB
0: #
0: #                                                              out-of-place                       in-place          
0: #       size         count      type   redop    root     time   algbw   busbw  #wrong     time   algbw   busbw  #wrong 
0: #        (B)    (elements)                               (us)  (GB/s)  (GB/s)             (us)  (GB/s)  (GB/s)         
0:     16777216       4194304     float     sum      -1   786.49   21.33   21.33       0   781.74   21.46   21.46    N/A
0:     67108864      16777216     float     sum      -1  2968.59   22.61   22.61       0  2970.93   22.59   22.59    N/A
0:    268435456      67108864     float     sum      -1  11633.5   23.07   23.07       0  11621.0   23.10   23.10    N/A
0: # Out of bounds values : 0 OK
0: # Avg bus bandwidth    : 22.3603 
0: #
0: # Collective test concluded: sendrecv_perf_mpi
0: #
0: 

##### pass 1/8  cross nid007133:g1 <-> nid007176:g2  sendrecv
0: 
0: WARNING: FI_CXI_RDZV_PROTO=alt_read is configured, but the Slurm network is
0: not set to disable rendezvous GET. Performance/stability may be impacted.
0: 
0: Expected Slurm launch:
0:   srun --network=disable_rdzv_get ...
0: or
0:   SLURM_NETWORK=disable_rdzv_get srun ...
0: 
0: Context:
0:   SLURM_NETWORK=<unset>
0:   FI_PROVIDER=cxi
0:   FI_CXI_RDZV_PROTO=alt_read
0: 
0: # nccl-tests version 2.17.8 nccl-headers=22902 nccl-library=22903
0: # Collective test starting: sendrecv_perf_mpi
0: # nThread 1 nGpus 1 minBytes 16777216 maxBytes 268435456 step: 4(factor) warmup iters: 5 iters: 20 agg iters: 1 validation: 1 graph: 0
0: #
0: # Using devices
0: #  Rank  0 Group  0 Pid  87236 on  nid007133 device  0 [0019:01:00] NVIDIA GH200 120GB
0: #  Rank  1 Group  0 Pid 290011 on  nid007176 device  0 [0029:01:00] NVIDIA GH200 120GB
0: #
0: #                                                              out-of-place                       in-place          
0: #       size         count      type   redop    root     time   algbw   busbw  #wrong     time   algbw   busbw  #wrong 
0: #        (B)    (elements)                               (us)  (GB/s)  (GB/s)             (us)  (GB/s)  (GB/s)         
0:     16777216       4194304     float     sum      -1   787.94   21.29   21.29       0   789.00   21.26   21.26    N/A
0:     67108864      16777216     float     sum      -1  2968.00   22.61   22.61       0  2966.96   22.62   22.62    N/A
0:    268435456      67108864     float     sum      -1  11640.9   23.06   23.06       0  11646.9   23.05   23.05    N/A
0: # Out of bounds values : 0 OK
0: # Avg bus bandwidth    : 22.3155 
0: #
0: # Collective test concluded: sendrecv_perf_mpi
0: #
0: 

##### pass 1/8  cross nid007133:g1 <-> nid007176:g3  sendrecv
0: 
0: WARNING: FI_CXI_RDZV_PROTO=alt_read is configured, but the Slurm network is
0: not set to disable rendezvous GET. Performance/stability may be impacted.
0: 
0: Expected Slurm launch:
0:   srun --network=disable_rdzv_get ...
0: or
0:   SLURM_NETWORK=disable_rdzv_get srun ...
0: 
0: Context:
0:   SLURM_NETWORK=<unset>
0:   FI_PROVIDER=cxi
0:   FI_CXI_RDZV_PROTO=alt_read
0: 
0: # nccl-tests version 2.17.8 nccl-headers=22902 nccl-library=22903
0: # Collective test starting: sendrecv_perf_mpi
0: # nThread 1 nGpus 1 minBytes 16777216 maxBytes 268435456 step: 4(factor) warmup iters: 5 iters: 20 agg iters: 1 validation: 1 graph: 0
0: #
0: # Using devices
0: #  Rank  0 Group  0 Pid  88219 on  nid007133 device  0 [0019:01:00] NVIDIA GH200 120GB
0: #  Rank  1 Group  0 Pid 290983 on  nid007176 device  0 [0039:01:00] NVIDIA GH200 120GB
0: #
0: #                                                              out-of-place                       in-place          
0: #       size         count      type   redop    root     time   algbw   busbw  #wrong     time   algbw   busbw  #wrong 
0: #        (B)    (elements)                               (us)  (GB/s)  (GB/s)             (us)  (GB/s)  (GB/s)         
0:     16777216       4194304     float     sum      -1   787.17   21.31   21.31       0   783.49   21.41   21.41    N/A
0:     67108864      16777216     float     sum      -1  2970.32   22.59   22.59       0  2960.68   22.67   22.67    N/A
0:    268435456      67108864     float     sum      -1  11633.7   23.07   23.07       0  11645.7   23.05   23.05    N/A
0: # Out of bounds values : 0 OK
0: # Avg bus bandwidth    : 22.3518 
0: #
0: # Collective test concluded: sendrecv_perf_mpi
0: #
0: 

##### pass 1/8  cross nid007133:g2 <-> nid007176:g0  sendrecv
0: 
0: WARNING: FI_CXI_RDZV_PROTO=alt_read is configured, but the Slurm network is
0: not set to disable rendezvous GET. Performance/stability may be impacted.
0: 
0: Expected Slurm launch:
0:   srun --network=disable_rdzv_get ...
0: or
0:   SLURM_NETWORK=disable_rdzv_get srun ...
0: 
0: Context:
0:   SLURM_NETWORK=<unset>
0:   FI_PROVIDER=cxi
0:   FI_CXI_RDZV_PROTO=alt_read
0: 
0: # nccl-tests version 2.17.8 nccl-headers=22902 nccl-library=22903
0: # Collective test starting: sendrecv_perf_mpi
0: # nThread 1 nGpus 1 minBytes 16777216 maxBytes 268435456 step: 4(factor) warmup iters: 5 iters: 20 agg iters: 1 validation: 1 graph: 0
0: #
0: # Using devices
0: #  Rank  0 Group  0 Pid  89353 on  nid007133 device  0 [0029:01:00] NVIDIA GH200 120GB
0: #  Rank  1 Group  0 Pid 291932 on  nid007176 device  0 [0009:01:00] NVIDIA GH200 120GB
0: #
0: #                                                              out-of-place                       in-place          
0: #       size         count      type   redop    root     time   algbw   busbw  #wrong     time   algbw   busbw  #wrong 
0: #        (B)    (elements)                               (us)  (GB/s)  (GB/s)             (us)  (GB/s)  (GB/s)         
0:     16777216       4194304     float     sum      -1   775.13   21.64   21.64       0   775.17   21.64   21.64    N/A
0:     67108864      16777216     float     sum      -1  2948.59   22.76   22.76       0  2945.56   22.78   22.78    N/A
0:    268435456      67108864     float     sum      -1  11610.0   23.12   23.12       0  11616.8   23.11   23.11    N/A
0: # Out of bounds values : 0 OK
0: # Avg bus bandwidth    : 22.5098 
0: #
0: # Collective test concluded: sendrecv_perf_mpi
0: #
0: 

##### pass 1/8  cross nid007133:g2 <-> nid007176:g1  sendrecv
0: 
0: WARNING: FI_CXI_RDZV_PROTO=alt_read is configured, but the Slurm network is
0: not set to disable rendezvous GET. Performance/stability may be impacted.
0: 
0: Expected Slurm launch:
0:   srun --network=disable_rdzv_get ...
0: or
0:   SLURM_NETWORK=disable_rdzv_get srun ...
0: 
0: Context:
0:   SLURM_NETWORK=<unset>
0:   FI_PROVIDER=cxi
0:   FI_CXI_RDZV_PROTO=alt_read
0: 
0: # nccl-tests version 2.17.8 nccl-headers=22902 nccl-library=22903
0: # Collective test starting: sendrecv_perf_mpi
0: # nThread 1 nGpus 1 minBytes 16777216 maxBytes 268435456 step: 4(factor) warmup iters: 5 iters: 20 agg iters: 1 validation: 1 graph: 0
0: #
0: # Using devices
0: #  Rank  0 Group  0 Pid  90372 on  nid007133 device  0 [0029:01:00] NVIDIA GH200 120GB
0: #  Rank  1 Group  0 Pid 292871 on  nid007176 device  0 [0019:01:00] NVIDIA GH200 120GB
0: #
0: #                                                              out-of-place                       in-place          
0: #       size         count      type   redop    root     time   algbw   busbw  #wrong     time   algbw   busbw  #wrong 
0: #        (B)    (elements)                               (us)  (GB/s)  (GB/s)             (us)  (GB/s)  (GB/s)         
0:     16777216       4194304     float     sum      -1   785.82   21.35   21.35       0   784.63   21.38   21.38    N/A
0:     67108864      16777216     float     sum      -1  2961.93   22.66   22.66       0  2960.56   22.67   22.67    N/A
0:    268435456      67108864     float     sum      -1  11629.3   23.08   23.08       0  11628.8   23.08   23.08    N/A
0: # Out of bounds values : 0 OK
0: # Avg bus bandwidth    : 22.3705 
0: #
0: # Collective test concluded: sendrecv_perf_mpi
0: #
0: 

##### pass 1/8  cross nid007133:g2 <-> nid007176:g2  sendrecv
0: 
0: WARNING: FI_CXI_RDZV_PROTO=alt_read is configured, but the Slurm network is
0: not set to disable rendezvous GET. Performance/stability may be impacted.
0: 
0: Expected Slurm launch:
0:   srun --network=disable_rdzv_get ...
0: or
0:   SLURM_NETWORK=disable_rdzv_get srun ...
0: 
0: Context:
0:   SLURM_NETWORK=<unset>
0:   FI_PROVIDER=cxi
0:   FI_CXI_RDZV_PROTO=alt_read
0: 
0: # nccl-tests version 2.17.8 nccl-headers=22902 nccl-library=22903
0: # Collective test starting: sendrecv_perf_mpi
0: # nThread 1 nGpus 1 minBytes 16777216 maxBytes 268435456 step: 4(factor) warmup iters: 5 iters: 20 agg iters: 1 validation: 1 graph: 0
0: #
0: # Using devices
0: #  Rank  0 Group  0 Pid  91381 on  nid007133 device  0 [0029:01:00] NVIDIA GH200 120GB
0: #  Rank  1 Group  0 Pid 293833 on  nid007176 device  0 [0029:01:00] NVIDIA GH200 120GB
0: #
0: #                                                              out-of-place                       in-place          
0: #       size         count      type   redop    root     time   algbw   busbw  #wrong     time   algbw   busbw  #wrong 
0: #        (B)    (elements)                               (us)  (GB/s)  (GB/s)             (us)  (GB/s)  (GB/s)         
0:     16777216       4194304     float     sum      -1   785.39   21.36   21.36       0   785.44   21.36   21.36    N/A
0:     67108864      16777216     float     sum      -1  2958.54   22.68   22.68       0  2964.73   22.64   22.64    N/A
0:    268435456      67108864     float     sum      -1  11625.9   23.09   23.09       0  11625.5   23.09   23.09    N/A
0: # Out of bounds values : 0 OK
0: # Avg bus bandwidth    : 22.37 
0: #
0: # Collective test concluded: sendrecv_perf_mpi
0: #
0: 

##### pass 1/8  cross nid007133:g2 <-> nid007176:g3  sendrecv
0: 
0: WARNING: FI_CXI_RDZV_PROTO=alt_read is configured, but the Slurm network is
0: not set to disable rendezvous GET. Performance/stability may be impacted.
0: 
0: Expected Slurm launch:
0:   srun --network=disable_rdzv_get ...
0: or
0:   SLURM_NETWORK=disable_rdzv_get srun ...
0: 
0: Context:
0:   SLURM_NETWORK=<unset>
0:   FI_PROVIDER=cxi
0:   FI_CXI_RDZV_PROTO=alt_read
0: 
0: # nccl-tests version 2.17.8 nccl-headers=22902 nccl-library=22903
0: # Collective test starting: sendrecv_perf_mpi
0: # nThread 1 nGpus 1 minBytes 16777216 maxBytes 268435456 step: 4(factor) warmup iters: 5 iters: 20 agg iters: 1 validation: 1 graph: 0
0: #
0: # Using devices
0: #  Rank  0 Group  0 Pid  92398 on  nid007133 device  0 [0029:01:00] NVIDIA GH200 120GB
0: #  Rank  1 Group  0 Pid 294775 on  nid007176 device  0 [0039:01:00] NVIDIA GH200 120GB
0: #
0: #                                                              out-of-place                       in-place          
0: #       size         count      type   redop    root     time   algbw   busbw  #wrong     time   algbw   busbw  #wrong 
0: #        (B)    (elements)                               (us)  (GB/s)  (GB/s)             (us)  (GB/s)  (GB/s)         
0:     16777216       4194304     float     sum      -1   787.31   21.31   21.31       0   786.24   21.34   21.34    N/A
0:     67108864      16777216     float     sum      -1  2961.05   22.66   22.66       0  2964.13   22.64   22.64    N/A
0:    268435456      67108864     float     sum      -1  11624.3   23.09   23.09       0  11625.9   23.09   23.09    N/A
0: # Out of bounds values : 0 OK
0: # Avg bus bandwidth    : 22.3557 
0: #
0: # Collective test concluded: sendrecv_perf_mpi
0: #
0: 

##### pass 1/8  cross nid007133:g3 <-> nid007176:g0  sendrecv
0: 
0: WARNING: FI_CXI_RDZV_PROTO=alt_read is configured, but the Slurm network is
0: not set to disable rendezvous GET. Performance/stability may be impacted.
0: 
0: Expected Slurm launch:
0:   srun --network=disable_rdzv_get ...
0: or
0:   SLURM_NETWORK=disable_rdzv_get srun ...
0: 
0: Context:
0:   SLURM_NETWORK=<unset>
0:   FI_PROVIDER=cxi
0:   FI_CXI_RDZV_PROTO=alt_read
0: 
0: # nccl-tests version 2.17.8 nccl-headers=22902 nccl-library=22903
0: # Collective test starting: sendrecv_perf_mpi
0: # nThread 1 nGpus 1 minBytes 16777216 maxBytes 268435456 step: 4(factor) warmup iters: 5 iters: 20 agg iters: 1 validation: 1 graph: 0
0: #
0: # Using devices
0: #  Rank  0 Group  0 Pid  93382 on  nid007133 device  0 [0039:01:00] NVIDIA GH200 120GB
0: #  Rank  1 Group  0 Pid   1969 on  nid007176 device  0 [0009:01:00] NVIDIA GH200 120GB
0: #
0: #                                                              out-of-place                       in-place          
0: #       size         count      type   redop    root     time   algbw   busbw  #wrong     time   algbw   busbw  #wrong 
0: #        (B)    (elements)                               (us)  (GB/s)  (GB/s)             (us)  (GB/s)  (GB/s)         
0:     16777216       4194304     float     sum      -1   776.54   21.61   21.61       0   776.13   21.62   21.62    N/A
0:     67108864      16777216     float     sum      -1  2948.70   22.76   22.76       0  2946.98   22.77   22.77    N/A
0:    268435456      67108864     float     sum      -1  11601.0   23.14   23.14       0  11605.4   23.13   23.13    N/A
0: # Out of bounds values : 0 OK
0: # Avg bus bandwidth    : 22.5036 
0: #
0: # Collective test concluded: sendrecv_perf_mpi
0: #
0: 

##### pass 1/8  cross nid007133:g3 <-> nid007176:g1  sendrecv
0: 
0: WARNING: FI_CXI_RDZV_PROTO=alt_read is configured, but the Slurm network is
0: not set to disable rendezvous GET. Performance/stability may be impacted.
0: 
0: Expected Slurm launch:
0:   srun --network=disable_rdzv_get ...
0: or
0:   SLURM_NETWORK=disable_rdzv_get srun ...
0: 
0: Context:
0:   SLURM_NETWORK=<unset>
0:   FI_PROVIDER=cxi
0:   FI_CXI_RDZV_PROTO=alt_read
0: 
0: # nccl-tests version 2.17.8 nccl-headers=22902 nccl-library=22903
0: # Collective test starting: sendrecv_perf_mpi
0: # nThread 1 nGpus 1 minBytes 16777216 maxBytes 268435456 step: 4(factor) warmup iters: 5 iters: 20 agg iters: 1 validation: 1 graph: 0
0: #
0: # Using devices
0: #  Rank  0 Group  0 Pid  94375 on  nid007133 device  0 [0039:01:00] NVIDIA GH200 120GB
0: #  Rank  1 Group  0 Pid   3225 on  nid007176 device  0 [0019:01:00] NVIDIA GH200 120GB
0: #
0: #                                                              out-of-place                       in-place          
0: #       size         count      type   redop    root     time   algbw   busbw  #wrong     time   algbw   busbw  #wrong 
0: #        (B)    (elements)                               (us)  (GB/s)  (GB/s)             (us)  (GB/s)  (GB/s)         
0:     16777216       4194304     float     sum      -1   784.94   21.37   21.37       0   784.65   21.38   21.38    N/A
0:     67108864      16777216     float     sum      -1  2960.30   22.67   22.67       0  2964.70   22.64   22.64    N/A
0:    268435456      67108864     float     sum      -1  11624.4   23.09   23.09       0  11626.0   23.09   23.09    N/A
0: # Out of bounds values : 0 OK
0: # Avg bus bandwidth    : 22.3738 
0: #
0: # Collective test concluded: sendrecv_perf_mpi
0: #
0: 

##### pass 1/8  cross nid007133:g3 <-> nid007176:g2  sendrecv
0: 
0: WARNING: FI_CXI_RDZV_PROTO=alt_read is configured, but the Slurm network is
0: not set to disable rendezvous GET. Performance/stability may be impacted.
0: 
0: Expected Slurm launch:
0:   srun --network=disable_rdzv_get ...
0: or
0:   SLURM_NETWORK=disable_rdzv_get srun ...
0: 
0: Context:
0:   SLURM_NETWORK=<unset>
0:   FI_PROVIDER=cxi
0:   FI_CXI_RDZV_PROTO=alt_read
0: 
0: # nccl-tests version 2.17.8 nccl-headers=22902 nccl-library=22903
0: # Collective test starting: sendrecv_perf_mpi
0: # nThread 1 nGpus 1 minBytes 16777216 maxBytes 268435456 step: 4(factor) warmup iters: 5 iters: 20 agg iters: 1 validation: 1 graph: 0
0: #
0: # Using devices
0: #  Rank  0 Group  0 Pid  95383 on  nid007133 device  0 [0039:01:00] NVIDIA GH200 120GB
0: #  Rank  1 Group  0 Pid   4189 on  nid007176 device  0 [0029:01:00] NVIDIA GH200 120GB
0: #
0: #                                                              out-of-place                       in-place          
0: #       size         count      type   redop    root     time   algbw   busbw  #wrong     time   algbw   busbw  #wrong 
0: #        (B)    (elements)                               (us)  (GB/s)  (GB/s)             (us)  (GB/s)  (GB/s)         
0:     16777216       4194304     float     sum      -1   787.92   21.29   21.29       0   787.40   21.31   21.31    N/A
0:     67108864      16777216     float     sum      -1  2960.82   22.67   22.67       0  2963.81   22.64   22.64    N/A
0:    268435456      67108864     float     sum      -1  11624.1   23.09   23.09       0  11627.0   23.09   23.09    N/A
0: # Out of bounds values : 0 OK
0: # Avg bus bandwidth    : 22.3481 
0: #
0: # Collective test concluded: sendrecv_perf_mpi
0: #
0: 

##### pass 1/8  cross nid007133:g3 <-> nid007176:g3  sendrecv
0: 
0: WARNING: FI_CXI_RDZV_PROTO=alt_read is configured, but the Slurm network is
0: not set to disable rendezvous GET. Performance/stability may be impacted.
0: 
0: Expected Slurm launch:
0:   srun --network=disable_rdzv_get ...
0: or
0:   SLURM_NETWORK=disable_rdzv_get srun ...
0: 
0: Context:
0:   SLURM_NETWORK=<unset>
0:   FI_PROVIDER=cxi
0:   FI_CXI_RDZV_PROTO=alt_read
0: 
0: # nccl-tests version 2.17.8 nccl-headers=22902 nccl-library=22903
0: # Collective test starting: sendrecv_perf_mpi
0: # nThread 1 nGpus 1 minBytes 16777216 maxBytes 268435456 step: 4(factor) warmup iters: 5 iters: 20 agg iters: 1 validation: 1 graph: 0
0: #
0: # Using devices
0: #  Rank  0 Group  0 Pid  96359 on  nid007133 device  0 [0039:01:00] NVIDIA GH200 120GB
0: #  Rank  1 Group  0 Pid   5166 on  nid007176 device  0 [0039:01:00] NVIDIA GH200 120GB
0: #
0: #                                                              out-of-place                       in-place          
0: #       size         count      type   redop    root     time   algbw   busbw  #wrong     time   algbw   busbw  #wrong 
0: #        (B)    (elements)                               (us)  (GB/s)  (GB/s)             (us)  (GB/s)  (GB/s)         
0:     16777216       4194304     float     sum      -1   785.85   21.35   21.35       0   784.71   21.38   21.38    N/A
0:     67108864      16777216     float     sum      -1  2964.63   22.64   22.64       0  2963.25   22.65   22.65    N/A
0:    268435456      67108864     float     sum      -1  11627.2   23.09   23.09       0  11631.2   23.08   23.08    N/A
0: # Out of bounds values : 0 OK
0: # Avg bus bandwidth    : 22.3631 
0: #
0: # Collective test concluded: sendrecv_perf_mpi
0: #
0: 

##### pass 2/8  cross nid007133:g0 <-> nid007176:g0  sendrecv
0: 
0: WARNING: FI_CXI_RDZV_PROTO=alt_read is configured, but the Slurm network is
0: not set to disable rendezvous GET. Performance/stability may be impacted.
0: 
0: Expected Slurm launch:
0:   srun --network=disable_rdzv_get ...
0: or
0:   SLURM_NETWORK=disable_rdzv_get srun ...
0: 
0: Context:
0:   SLURM_NETWORK=<unset>
0:   FI_PROVIDER=cxi
0:   FI_CXI_RDZV_PROTO=alt_read
0: 
0: # nccl-tests version 2.17.8 nccl-headers=22902 nccl-library=22903
0: # Collective test starting: sendrecv_perf_mpi
0: # nThread 1 nGpus 1 minBytes 16777216 maxBytes 268435456 step: 4(factor) warmup iters: 5 iters: 20 agg iters: 1 validation: 1 graph: 0
0: #
0: # Using devices
0: #  Rank  0 Group  0 Pid  97340 on  nid007133 device  0 [0009:01:00] NVIDIA GH200 120GB
0: #  Rank  1 Group  0 Pid   6115 on  nid007176 device  0 [0009:01:00] NVIDIA GH200 120GB
0: #
0: #                                                              out-of-place                       in-place          
0: #       size         count      type   redop    root     time   algbw   busbw  #wrong     time   algbw   busbw  #wrong 
0: #        (B)    (elements)                               (us)  (GB/s)  (GB/s)             (us)  (GB/s)  (GB/s)         
0:     16777216       4194304     float     sum      -1   760.33   22.07   22.07       0   760.72   22.05   22.05    N/A
0:     67108864      16777216     float     sum      -1  2922.47   22.96   22.96       0  2922.58   22.96   22.96    N/A
0:    268435456      67108864     float     sum      -1  11567.8   23.21   23.21       0  11567.5   23.21   23.21    N/A
0: # Out of bounds values : 0 OK
0: # Avg bus bandwidth    : 22.7427 
0: #
0: # Collective test concluded: sendrecv_perf_mpi
0: #
0: 

##### pass 2/8  cross nid007133:g0 <-> nid007176:g1  sendrecv
0: 
0: WARNING: FI_CXI_RDZV_PROTO=alt_read is configured, but the Slurm network is
0: not set to disable rendezvous GET. Performance/stability may be impacted.
0: 
0: Expected Slurm launch:
0:   srun --network=disable_rdzv_get ...
0: or
0:   SLURM_NETWORK=disable_rdzv_get srun ...
0: 
0: Context:
0:   SLURM_NETWORK=<unset>
0:   FI_PROVIDER=cxi
0:   FI_CXI_RDZV_PROTO=alt_read
0: 
0: # nccl-tests version 2.17.8 nccl-headers=22902 nccl-library=22903
0: # Collective test starting: sendrecv_perf_mpi
0: # nThread 1 nGpus 1 minBytes 16777216 maxBytes 268435456 step: 4(factor) warmup iters: 5 iters: 20 agg iters: 1 validation: 1 graph: 0
0: #
0: # Using devices
0: #  Rank  0 Group  0 Pid  98337 on  nid007133 device  0 [0009:01:00] NVIDIA GH200 120GB
0: #  Rank  1 Group  0 Pid   7060 on  nid007176 device  0 [0019:01:00] NVIDIA GH200 120GB
0: #
0: #                                                              out-of-place                       in-place          
0: #       size         count      type   redop    root     time   algbw   busbw  #wrong     time   algbw   busbw  #wrong 
0: #        (B)    (elements)                               (us)  (GB/s)  (GB/s)             (us)  (GB/s)  (GB/s)         
0:     16777216       4194304     float     sum      -1   777.15   21.59   21.59       0   775.00   21.65   21.65    N/A
0:     67108864      16777216     float     sum      -1  2954.25   22.72   22.72       0  2947.03   22.77   22.77    N/A
0:    268435456      67108864     float     sum      -1  11602.6   23.14   23.14       0  11606.3   23.13   23.13    N/A
0: # Out of bounds values : 0 OK
0: # Avg bus bandwidth    : 22.498 
0: #
0: # Collective test concluded: sendrecv_perf_mpi
0: #
0: 

##### pass 2/8  cross nid007133:g0 <-> nid007176:g2  sendrecv
0: 
0: WARNING: FI_CXI_RDZV_PROTO=alt_read is configured, but the Slurm network is
0: not set to disable rendezvous GET. Performance/stability may be impacted.
0: 
0: Expected Slurm launch:
0:   srun --network=disable_rdzv_get ...
0: or
0:   SLURM_NETWORK=disable_rdzv_get srun ...
0: 
0: Context:
0:   SLURM_NETWORK=<unset>
0:   FI_PROVIDER=cxi
0:   FI_CXI_RDZV_PROTO=alt_read
0: 
0: # nccl-tests version 2.17.8 nccl-headers=22902 nccl-library=22903
0: # Collective test starting: sendrecv_perf_mpi
0: # nThread 1 nGpus 1 minBytes 16777216 maxBytes 268435456 step: 4(factor) warmup iters: 5 iters: 20 agg iters: 1 validation: 1 graph: 0
0: #
0: # Using devices
0: #  Rank  0 Group  0 Pid  99341 on  nid007133 device  0 [0009:01:00] NVIDIA GH200 120GB
0: #  Rank  1 Group  0 Pid   8019 on  nid007176 device  0 [0029:01:00] NVIDIA GH200 120GB
0: #
0: #                                                              out-of-place                       in-place          
0: #       size         count      type   redop    root     time   algbw   busbw  #wrong     time   algbw   busbw  #wrong 
0: #        (B)    (elements)                               (us)  (GB/s)  (GB/s)             (us)  (GB/s)  (GB/s)         
0:     16777216       4194304     float     sum      -1   776.22   21.61   21.61       0   778.95   21.54   21.54    N/A
0:     67108864      16777216     float     sum      -1  2950.31   22.75   22.75       0  2947.64   22.77   22.77    N/A
0:    268435456      67108864     float     sum      -1  11616.3   23.11   23.11       0  11602.3   23.14   23.14    N/A
0: # Out of bounds values : 0 OK
0: # Avg bus bandwidth    : 22.4851 
0: #
0: # Collective test concluded: sendrecv_perf_mpi
0: #
0: 

##### pass 2/8  cross nid007133:g0 <-> nid007176:g3  sendrecv
0: 
0: WARNING: FI_CXI_RDZV_PROTO=alt_read is configured, but the Slurm network is
0: not set to disable rendezvous GET. Performance/stability may be impacted.
0: 
0: Expected Slurm launch:
0:   srun --network=disable_rdzv_get ...
0: or
0:   SLURM_NETWORK=disable_rdzv_get srun ...
0: 
0: Context:
0:   SLURM_NETWORK=<unset>
0:   FI_PROVIDER=cxi
0:   FI_CXI_RDZV_PROTO=alt_read
0: 
0: # nccl-tests version 2.17.8 nccl-headers=22902 nccl-library=22903
0: # Collective test starting: sendrecv_perf_mpi
0: # nThread 1 nGpus 1 minBytes 16777216 maxBytes 268435456 step: 4(factor) warmup iters: 5 iters: 20 agg iters: 1 validation: 1 graph: 0
0: #
0: # Using devices
0: #  Rank  0 Group  0 Pid 100338 on  nid007133 device  0 [0009:01:00] NVIDIA GH200 120GB
0: #  Rank  1 Group  0 Pid   9005 on  nid007176 device  0 [0039:01:00] NVIDIA GH200 120GB
0: #
0: #                                                              out-of-place                       in-place          
0: #       size         count      type   redop    root     time   algbw   busbw  #wrong     time   algbw   busbw  #wrong 
0: #        (B)    (elements)                               (us)  (GB/s)  (GB/s)             (us)  (GB/s)  (GB/s)         
0:     16777216       4194304     float     sum      -1   778.08   21.56   21.56       0   776.06   21.62   21.62    N/A
0:     67108864      16777216     float     sum      -1  2948.70   22.76   22.76       0  2949.48   22.75   22.75    N/A
0:    268435456      67108864     float     sum      -1  11601.3   23.14   23.14       0  11614.4   23.11   23.11    N/A
0: # Out of bounds values : 0 OK
0: # Avg bus bandwidth    : 22.4905 
0: #
0: # Collective test concluded: sendrecv_perf_mpi
0: #
0: 

##### pass 2/8  cross nid007133:g1 <-> nid007176:g0  sendrecv
0: 
0: WARNING: FI_CXI_RDZV_PROTO=alt_read is configured, but the Slurm network is
0: not set to disable rendezvous GET. Performance/stability may be impacted.
0: 
0: Expected Slurm launch:
0:   srun --network=disable_rdzv_get ...
0: or
0:   SLURM_NETWORK=disable_rdzv_get srun ...
0: 
0: Context:
0:   SLURM_NETWORK=<unset>
0:   FI_PROVIDER=cxi
0:   FI_CXI_RDZV_PROTO=alt_read
0: 
0: # nccl-tests version 2.17.8 nccl-headers=22902 nccl-library=22903
0: # Collective test starting: sendrecv_perf_mpi
0: # nThread 1 nGpus 1 minBytes 16777216 maxBytes 268435456 step: 4(factor) warmup iters: 5 iters: 20 agg iters: 1 validation: 1 graph: 0
0: #
0: # Using devices
0: #  Rank  0 Group  0 Pid 101313 on  nid007133 device  0 [0019:01:00] NVIDIA GH200 120GB
0: #  Rank  1 Group  0 Pid   9963 on  nid007176 device  0 [0009:01:00] NVIDIA GH200 120GB
0: #
0: #                                                              out-of-place                       in-place          
0: #       size         count      type   redop    root     time   algbw   busbw  #wrong     time   algbw   busbw  #wrong 
0: #        (B)    (elements)                               (us)  (GB/s)  (GB/s)             (us)  (GB/s)  (GB/s)         
0:     16777216       4194304     float     sum      -1   776.38   21.61   21.61       0   775.41   21.64   21.64    N/A
0:     67108864      16777216     float     sum      -1  2952.64   22.73   22.73       0  2954.79   22.71   22.71    N/A
0:    268435456      67108864     float     sum      -1  11617.8   23.11   23.11       0  11614.2   23.11   23.11    N/A
0: # Out of bounds values : 0 OK
0: # Avg bus bandwidth    : 22.4841 
0: #
0: # Collective test concluded: sendrecv_perf_mpi
0: #
0: 

##### pass 2/8  cross nid007133:g1 <-> nid007176:g1  sendrecv
0: 
0: WARNING: FI_CXI_RDZV_PROTO=alt_read is configured, but the Slurm network is
0: not set to disable rendezvous GET. Performance/stability may be impacted.
0: 
0: Expected Slurm launch:
0:   srun --network=disable_rdzv_get ...
0: or
0:   SLURM_NETWORK=disable_rdzv_get srun ...
0: 
0: Context:
0:   SLURM_NETWORK=<unset>
0:   FI_PROVIDER=cxi
0:   FI_CXI_RDZV_PROTO=alt_read
0: 
0: # nccl-tests version 2.17.8 nccl-headers=22902 nccl-library=22903
0: # Collective test starting: sendrecv_perf_mpi
0: # nThread 1 nGpus 1 minBytes 16777216 maxBytes 268435456 step: 4(factor) warmup iters: 5 iters: 20 agg iters: 1 validation: 1 graph: 0
0: #
0: # Using devices
0: #  Rank  0 Group  0 Pid 102292 on  nid007133 device  0 [0019:01:00] NVIDIA GH200 120GB
0: #  Rank  1 Group  0 Pid  10902 on  nid007176 device  0 [0019:01:00] NVIDIA GH200 120GB
0: #
0: #                                                              out-of-place                       in-place          
0: #       size         count      type   redop    root     time   algbw   busbw  #wrong     time   algbw   busbw  #wrong 
0: #        (B)    (elements)                               (us)  (GB/s)  (GB/s)             (us)  (GB/s)  (GB/s)         
0:     16777216       4194304     float     sum      -1   786.57   21.33   21.33       0   785.66   21.35   21.35    N/A
0:     67108864      16777216     float     sum      -1  2967.10   22.62   22.62       0  2970.36   22.59   22.59    N/A
0:    268435456      67108864     float     sum      -1  11644.7   23.05   23.05       0  11630.6   23.08   23.08    N/A
0: # Out of bounds values : 0 OK
0: # Avg bus bandwidth    : 22.3378 
0: #
0: # Collective test concluded: sendrecv_perf_mpi
0: #
0: 

##### pass 2/8  cross nid007133:g1 <-> nid007176:g2  sendrecv
0: 
0: WARNING: FI_CXI_RDZV_PROTO=alt_read is configured, but the Slurm network is
0: not set to disable rendezvous GET. Performance/stability may be impacted.
0: 
0: Expected Slurm launch:
0:   srun --network=disable_rdzv_get ...
0: or
0:   SLURM_NETWORK=disable_rdzv_get srun ...
0: 
0: Context:
0:   SLURM_NETWORK=<unset>
0:   FI_PROVIDER=cxi
0:   FI_CXI_RDZV_PROTO=alt_read
0: 
0: # nccl-tests version 2.17.8 nccl-headers=22902 nccl-library=22903
0: # Collective test starting: sendrecv_perf_mpi
0: # nThread 1 nGpus 1 minBytes 16777216 maxBytes 268435456 step: 4(factor) warmup iters: 5 iters: 20 agg iters: 1 validation: 1 graph: 0
0: #
0: # Using devices
0: #  Rank  0 Group  0 Pid 103288 on  nid007133 device  0 [0019:01:00] NVIDIA GH200 120GB
0: #  Rank  1 Group  0 Pid  11846 on  nid007176 device  0 [0029:01:00] NVIDIA GH200 120GB
0: #
0: #                                                              out-of-place                       in-place          
0: #       size         count      type   redop    root     time   algbw   busbw  #wrong     time   algbw   busbw  #wrong 
0: #        (B)    (elements)                               (us)  (GB/s)  (GB/s)             (us)  (GB/s)  (GB/s)         
0:     16777216       4194304     float     sum      -1   788.09   21.29   21.29       0   787.65   21.30   21.30    N/A
0:     67108864      16777216     float     sum      -1  2971.26   22.59   22.59       0  2968.28   22.61   22.61    N/A
0:    268435456      67108864     float     sum      -1  11648.1   23.05   23.05       0  11646.9   23.05   23.05    N/A
0: # Out of bounds values : 0 OK
0: # Avg bus bandwidth    : 22.3128 
0: #
0: # Collective test concluded: sendrecv_perf_mpi
0: #
0: 

##### pass 2/8  cross nid007133:g1 <-> nid007176:g3  sendrecv
0: 
0: WARNING: FI_CXI_RDZV_PROTO=alt_read is configured, but the Slurm network is
0: not set to disable rendezvous GET. Performance/stability may be impacted.
0: 
0: Expected Slurm launch:
0:   srun --network=disable_rdzv_get ...
0: or
0:   SLURM_NETWORK=disable_rdzv_get srun ...
0: 
0: Context:
0:   SLURM_NETWORK=<unset>
0:   FI_PROVIDER=cxi
0:   FI_CXI_RDZV_PROTO=alt_read
0: 
0: # nccl-tests version 2.17.8 nccl-headers=22902 nccl-library=22903
0: # Collective test starting: sendrecv_perf_mpi
0: # nThread 1 nGpus 1 minBytes 16777216 maxBytes 268435456 step: 4(factor) warmup iters: 5 iters: 20 agg iters: 1 validation: 1 graph: 0
0: #
0: # Using devices
0: #  Rank  0 Group  0 Pid 104311 on  nid007133 device  0 [0019:01:00] NVIDIA GH200 120GB
0: #  Rank  1 Group  0 Pid  12807 on  nid007176 device  0 [0039:01:00] NVIDIA GH200 120GB
0: #
0: #                                                              out-of-place                       in-place          
0: #       size         count      type   redop    root     time   algbw   busbw  #wrong     time   algbw   busbw  #wrong 
0: #        (B)    (elements)                               (us)  (GB/s)  (GB/s)             (us)  (GB/s)  (GB/s)         
0:     16777216       4194304     float     sum      -1   783.97   21.40   21.40       0   783.32   21.42   21.42    N/A
0:     67108864      16777216     float     sum      -1  2971.37   22.59   22.59       0  2972.27   22.58   22.58    N/A
0:    268435456      67108864     float     sum      -1  11639.1   23.06   23.06       0  11630.8   23.08   23.08    N/A
0: # Out of bounds values : 0 OK
0: # Avg bus bandwidth    : 22.3541 
0: #
0: # Collective test concluded: sendrecv_perf_mpi
0: #
0: 

##### pass 2/8  cross nid007133:g2 <-> nid007176:g0  sendrecv
0: 
0: WARNING: FI_CXI_RDZV_PROTO=alt_read is configured, but the Slurm network is
0: not set to disable rendezvous GET. Performance/stability may be impacted.
0: 
0: Expected Slurm launch:
0:   srun --network=disable_rdzv_get ...
0: or
0:   SLURM_NETWORK=disable_rdzv_get srun ...
0: 
0: Context:
0:   SLURM_NETWORK=<unset>
0:   FI_PROVIDER=cxi
0:   FI_CXI_RDZV_PROTO=alt_read
0: 
0: # nccl-tests version 2.17.8 nccl-headers=22902 nccl-library=22903
0: # Collective test starting: sendrecv_perf_mpi
0: # nThread 1 nGpus 1 minBytes 16777216 maxBytes 268435456 step: 4(factor) warmup iters: 5 iters: 20 agg iters: 1 validation: 1 graph: 0
0: #
0: # Using devices
0: #  Rank  0 Group  0 Pid 105286 on  nid007133 device  0 [0029:01:00] NVIDIA GH200 120GB
0: #  Rank  1 Group  0 Pid  13764 on  nid007176 device  0 [0009:01:00] NVIDIA GH200 120GB
0: #
0: #                                                              out-of-place                       in-place          
0: #       size         count      type   redop    root     time   algbw   busbw  #wrong     time   algbw   busbw  #wrong 
0: #        (B)    (elements)                               (us)  (GB/s)  (GB/s)             (us)  (GB/s)  (GB/s)         
0:     16777216       4194304     float     sum      -1   778.48   21.55   21.55       0   776.68   21.60   21.60    N/A
0:     67108864      16777216     float     sum      -1  2958.19   22.69   22.69       0  2954.20   22.72   22.72    N/A
0:    268435456      67108864     float     sum      -1  11603.1   23.13   23.13       0  11607.2   23.13   23.13    N/A
0: # Out of bounds values : 0 OK
0: # Avg bus bandwidth    : 22.4693 
0: #
0: # Collective test concluded: sendrecv_perf_mpi
0: #
0: 

##### pass 2/8  cross nid007133:g2 <-> nid007176:g1  sendrecv
0: 
0: WARNING: FI_CXI_RDZV_PROTO=alt_read is configured, but the Slurm network is
0: not set to disable rendezvous GET. Performance/stability may be impacted.
0: 
0: Expected Slurm launch:
0:   srun --network=disable_rdzv_get ...
0: or
0:   SLURM_NETWORK=disable_rdzv_get srun ...
0: 
0: Context:
0:   SLURM_NETWORK=<unset>
0:   FI_PROVIDER=cxi
0:   FI_CXI_RDZV_PROTO=alt_read
0: 
0: # nccl-tests version 2.17.8 nccl-headers=22902 nccl-library=22903
0: # Collective test starting: sendrecv_perf_mpi
0: # nThread 1 nGpus 1 minBytes 16777216 maxBytes 268435456 step: 4(factor) warmup iters: 5 iters: 20 agg iters: 1 validation: 1 graph: 0
0: #
0: # Using devices
0: #  Rank  0 Group  0 Pid 106283 on  nid007133 device  0 [0029:01:00] NVIDIA GH200 120GB
0: #  Rank  1 Group  0 Pid  14704 on  nid007176 device  0 [0019:01:00] NVIDIA GH200 120GB
0: #
0: #                                                              out-of-place                       in-place          
0: #       size         count      type   redop    root     time   algbw   busbw  #wrong     time   algbw   busbw  #wrong 
0: #        (B)    (elements)                               (us)  (GB/s)  (GB/s)             (us)  (GB/s)  (GB/s)         
0:     16777216       4194304     float     sum      -1   786.16   21.34   21.34       0   784.26   21.39   21.39    N/A
0:     67108864      16777216     float     sum      -1  2971.06   22.59   22.59       0  2963.64   22.64   22.64    N/A
0:    268435456      67108864     float     sum      -1  11630.1   23.08   23.08       0  11620.6   23.10   23.10    N/A
0: # Out of bounds values : 0 OK
0: # Avg bus bandwidth    : 22.3577 
0: #
0: # Collective test concluded: sendrecv_perf_mpi
0: #
0: 

##### pass 2/8  cross nid007133:g2 <-> nid007176:g2  sendrecv
0: 
0: WARNING: FI_CXI_RDZV_PROTO=alt_read is configured, but the Slurm network is
0: not set to disable rendezvous GET. Performance/stability may be impacted.
0: 
0: Expected Slurm launch:
0:   srun --network=disable_rdzv_get ...
0: or
0:   SLURM_NETWORK=disable_rdzv_get srun ...
0: 
0: Context:
0:   SLURM_NETWORK=<unset>
0:   FI_PROVIDER=cxi
0:   FI_CXI_RDZV_PROTO=alt_read
0: 
0: # nccl-tests version 2.17.8 nccl-headers=22902 nccl-library=22903
0: # Collective test starting: sendrecv_perf_mpi
0: # nThread 1 nGpus 1 minBytes 16777216 maxBytes 268435456 step: 4(factor) warmup iters: 5 iters: 20 agg iters: 1 validation: 1 graph: 0
0: #
0: # Using devices
0: #  Rank  0 Group  0 Pid 107275 on  nid007133 device  0 [0029:01:00] NVIDIA GH200 120GB
0: #  Rank  1 Group  0 Pid  15662 on  nid007176 device  0 [0029:01:00] NVIDIA GH200 120GB
0: #
0: #                                                              out-of-place                       in-place          
0: #       size         count      type   redop    root     time   algbw   busbw  #wrong     time   algbw   busbw  #wrong 
0: #        (B)    (elements)                               (us)  (GB/s)  (GB/s)             (us)  (GB/s)  (GB/s)         
0:     16777216       4194304     float     sum      -1   781.85   21.46   21.46       0   784.69   21.38   21.38    N/A
0:     67108864      16777216     float     sum      -1  2968.67   22.61   22.61       0  2969.83   22.60   22.60    N/A
0:    268435456      67108864     float     sum      -1  11632.9   23.08   23.08       0  11632.7   23.08   23.08    N/A
0: # Out of bounds values : 0 OK
0: # Avg bus bandwidth    : 22.3655 
0: #
0: # Collective test concluded: sendrecv_perf_mpi
0: #
0: 

##### pass 2/8  cross nid007133:g2 <-> nid007176:g3  sendrecv
0: 
0: WARNING: FI_CXI_RDZV_PROTO=alt_read is configured, but the Slurm network is
0: not set to disable rendezvous GET. Performance/stability may be impacted.
0: 
0: Expected Slurm launch:
0:   srun --network=disable_rdzv_get ...
0: or
0:   SLURM_NETWORK=disable_rdzv_get srun ...
0: 
0: Context:
0:   SLURM_NETWORK=<unset>
0:   FI_PROVIDER=cxi
0:   FI_CXI_RDZV_PROTO=alt_read
0: 
0: # nccl-tests version 2.17.8 nccl-headers=22902 nccl-library=22903
0: # Collective test starting: sendrecv_perf_mpi
0: # nThread 1 nGpus 1 minBytes 16777216 maxBytes 268435456 step: 4(factor) warmup iters: 5 iters: 20 agg iters: 1 validation: 1 graph: 0
0: #
0: # Using devices
0: #  Rank  0 Group  0 Pid 108272 on  nid007133 device  0 [0029:01:00] NVIDIA GH200 120GB
0: #  Rank  1 Group  0 Pid  16605 on  nid007176 device  0 [0039:01:00] NVIDIA GH200 120GB
0: #
0: #                                                              out-of-place                       in-place          
0: #       size         count      type   redop    root     time   algbw   busbw  #wrong     time   algbw   busbw  #wrong 
0: #        (B)    (elements)                               (us)  (GB/s)  (GB/s)             (us)  (GB/s)  (GB/s)         
0:     16777216       4194304     float     sum      -1   787.54   21.30   21.30       0   786.90   21.32   21.32    N/A
0:     67108864      16777216     float     sum      -1  2966.42   22.62   22.62       0  2972.73   22.57   22.57    N/A
0:    268435456      67108864     float     sum      -1  11626.9   23.09   23.09       0  11631.7   23.08   23.08    N/A
0: # Out of bounds values : 0 OK
0: # Avg bus bandwidth    : 22.3312 
0: #
0: # Collective test concluded: sendrecv_perf_mpi
0: #
0: 

##### pass 2/8  cross nid007133:g3 <-> nid007176:g0  sendrecv
0: 
0: WARNING: FI_CXI_RDZV_PROTO=alt_read is configured, but the Slurm network is
0: not set to disable rendezvous GET. Performance/stability may be impacted.
0: 
0: Expected Slurm launch:
0:   srun --network=disable_rdzv_get ...
0: or
0:   SLURM_NETWORK=disable_rdzv_get srun ...
0: 
0: Context:
0:   SLURM_NETWORK=<unset>
0:   FI_PROVIDER=cxi
0:   FI_CXI_RDZV_PROTO=alt_read
0: 
0: # nccl-tests version 2.17.8 nccl-headers=22902 nccl-library=22903
0: # Collective test starting: sendrecv_perf_mpi
0: # nThread 1 nGpus 1 minBytes 16777216 maxBytes 268435456 step: 4(factor) warmup iters: 5 iters: 20 agg iters: 1 validation: 1 graph: 0
0: #
0: # Using devices
0: #  Rank  0 Group  0 Pid 109244 on  nid007133 device  0 [0039:01:00] NVIDIA GH200 120GB
0: #  Rank  1 Group  0 Pid  17570 on  nid007176 device  0 [0009:01:00] NVIDIA GH200 120GB
0: #
0: #                                                              out-of-place                       in-place          
0: #       size         count      type   redop    root     time   algbw   busbw  #wrong     time   algbw   busbw  #wrong 
0: #        (B)    (elements)                               (us)  (GB/s)  (GB/s)             (us)  (GB/s)  (GB/s)         
0:     16777216       4194304     float     sum      -1   775.09   21.65   21.65       0   775.55   21.63   21.63    N/A
0:     67108864      16777216     float     sum      -1  2949.07   22.76   22.76       0  2950.69   22.74   22.74    N/A
0:    268435456      67108864     float     sum      -1  11610.3   23.12   23.12       0  11608.6   23.12   23.12    N/A
0: # Out of bounds values : 0 OK
0: # Avg bus bandwidth    : 22.5036 
0: #
0: # Collective test concluded: sendrecv_perf_mpi
0: #
0: 

##### pass 2/8  cross nid007133:g3 <-> nid007176:g1  sendrecv
0: 
0: WARNING: FI_CXI_RDZV_PROTO=alt_read is configured, but the Slurm network is
0: not set to disable rendezvous GET. Performance/stability may be impacted.
0: 
0: Expected Slurm launch:
0:   srun --network=disable_rdzv_get ...
0: or
0:   SLURM_NETWORK=disable_rdzv_get srun ...
0: 
0: Context:
0:   SLURM_NETWORK=<unset>
0:   FI_PROVIDER=cxi
0:   FI_CXI_RDZV_PROTO=alt_read
0: 
0: # nccl-tests version 2.17.8 nccl-headers=22902 nccl-library=22903
0: # Collective test starting: sendrecv_perf_mpi
0: # nThread 1 nGpus 1 minBytes 16777216 maxBytes 268435456 step: 4(factor) warmup iters: 5 iters: 20 agg iters: 1 validation: 1 graph: 0
0: #
0: # Using devices
0: #  Rank  0 Group  0 Pid 110225 on  nid007133 device  0 [0039:01:00] NVIDIA GH200 120GB
0: #  Rank  1 Group  0 Pid  18519 on  nid007176 device  0 [0019:01:00] NVIDIA GH200 120GB
0: #
0: #                                                              out-of-place                       in-place          
0: #       size         count      type   redop    root     time   algbw   busbw  #wrong     time   algbw   busbw  #wrong 
0: #        (B)    (elements)                               (us)  (GB/s)  (GB/s)             (us)  (GB/s)  (GB/s)         
0:     16777216       4194304     float     sum      -1   786.66   21.33   21.33       0   786.08   21.34   21.34    N/A
0:     67108864      16777216     float     sum      -1  2965.34   22.63   22.63       0  2968.65   22.61   22.61    N/A
0:    268435456      67108864     float     sum      -1  11631.9   23.08   23.08       0  11633.1   23.08   23.08    N/A
0: # Out of bounds values : 0 OK
0: # Avg bus bandwidth    : 22.3433 
0: #
0: # Collective test concluded: sendrecv_perf_mpi
0: #
0: 

##### pass 2/8  cross nid007133:g3 <-> nid007176:g2  sendrecv
0: 
0: WARNING: FI_CXI_RDZV_PROTO=alt_read is configured, but the Slurm network is
0: not set to disable rendezvous GET. Performance/stability may be impacted.
0: 
0: Expected Slurm launch:
0:   srun --network=disable_rdzv_get ...
0: or
0:   SLURM_NETWORK=disable_rdzv_get srun ...
0: 
0: Context:
0:   SLURM_NETWORK=<unset>
0:   FI_PROVIDER=cxi
0:   FI_CXI_RDZV_PROTO=alt_read
0: 
0: # nccl-tests version 2.17.8 nccl-headers=22902 nccl-library=22903
0: # Collective test starting: sendrecv_perf_mpi
0: # nThread 1 nGpus 1 minBytes 16777216 maxBytes 268435456 step: 4(factor) warmup iters: 5 iters: 20 agg iters: 1 validation: 1 graph: 0
0: #
0: # Using devices
0: #  Rank  0 Group  0 Pid 111216 on  nid007133 device  0 [0039:01:00] NVIDIA GH200 120GB
0: #  Rank  1 Group  0 Pid  19463 on  nid007176 device  0 [0029:01:00] NVIDIA GH200 120GB
0: #
0: #                                                              out-of-place                       in-place          
0: #       size         count      type   redop    root     time   algbw   busbw  #wrong     time   algbw   busbw  #wrong 
0: #        (B)    (elements)                               (us)  (GB/s)  (GB/s)             (us)  (GB/s)  (GB/s)         
0:     16777216       4194304     float     sum      -1   782.71   21.43   21.43       0   786.93   21.32   21.32    N/A
0:     67108864      16777216     float     sum      -1  2971.77   22.58   22.58       0  2965.11   22.63   22.63    N/A
0:    268435456      67108864     float     sum      -1  11629.7   23.08   23.08       0  11625.4   23.09   23.09    N/A
0: # Out of bounds values : 0 OK
0: # Avg bus bandwidth    : 22.357 
0: #
0: # Collective test concluded: sendrecv_perf_mpi
0: #
0: 

##### pass 2/8  cross nid007133:g3 <-> nid007176:g3  sendrecv
0: 
0: WARNING: FI_CXI_RDZV_PROTO=alt_read is configured, but the Slurm network is
0: not set to disable rendezvous GET. Performance/stability may be impacted.
0: 
0: Expected Slurm launch:
0:   srun --network=disable_rdzv_get ...
0: or
0:   SLURM_NETWORK=disable_rdzv_get srun ...
0: 
0: Context:
0:   SLURM_NETWORK=<unset>
0:   FI_PROVIDER=cxi
0:   FI_CXI_RDZV_PROTO=alt_read
0: 
0: # nccl-tests version 2.17.8 nccl-headers=22902 nccl-library=22903
0: # Collective test starting: sendrecv_perf_mpi
0: # nThread 1 nGpus 1 minBytes 16777216 maxBytes 268435456 step: 4(factor) warmup iters: 5 iters: 20 agg iters: 1 validation: 1 graph: 0
0: #
0: # Using devices
0: #  Rank  0 Group  0 Pid 112187 on  nid007133 device  0 [0039:01:00] NVIDIA GH200 120GB
0: #  Rank  1 Group  0 Pid  20458 on  nid007176 device  0 [0039:01:00] NVIDIA GH200 120GB
0: #
0: #                                                              out-of-place                       in-place          
0: #       size         count      type   redop    root     time   algbw   busbw  #wrong     time   algbw   busbw  #wrong 
0: #        (B)    (elements)                               (us)  (GB/s)  (GB/s)             (us)  (GB/s)  (GB/s)         
0:     16777216       4194304     float     sum      -1   784.97   21.37   21.37       0   784.69   21.38   21.38    N/A
0:     67108864      16777216     float     sum      -1  2964.46   22.64   22.64       0  2961.32   22.66   22.66    N/A
0:    268435456      67108864     float     sum      -1  11621.0   23.10   23.10       0  11635.8   23.07   23.07    N/A
0: # Out of bounds values : 0 OK
0: # Avg bus bandwidth    : 22.3704 
0: #
0: # Collective test concluded: sendrecv_perf_mpi
0: #
0: 

##### pass 3/8  cross nid007133:g0 <-> nid007176:g0  sendrecv
0: 
0: WARNING: FI_CXI_RDZV_PROTO=alt_read is configured, but the Slurm network is
0: not set to disable rendezvous GET. Performance/stability may be impacted.
0: 
0: Expected Slurm launch:
0:   srun --network=disable_rdzv_get ...
0: or
0:   SLURM_NETWORK=disable_rdzv_get srun ...
0: 
0: Context:
0:   SLURM_NETWORK=<unset>
0:   FI_PROVIDER=cxi
0:   FI_CXI_RDZV_PROTO=alt_read
0: 
0: # nccl-tests version 2.17.8 nccl-headers=22902 nccl-library=22903
0: # Collective test starting: sendrecv_perf_mpi
0: # nThread 1 nGpus 1 minBytes 16777216 maxBytes 268435456 step: 4(factor) warmup iters: 5 iters: 20 agg iters: 1 validation: 1 graph: 0
0: #
0: # Using devices
0: #  Rank  0 Group  0 Pid 113161 on  nid007133 device  0 [0009:01:00] NVIDIA GH200 120GB
0: #  Rank  1 Group  0 Pid  21396 on  nid007176 device  0 [0009:01:00] NVIDIA GH200 120GB
0: #
0: #                                                              out-of-place                       in-place          
0: #       size         count      type   redop    root     time   algbw   busbw  #wrong     time   algbw   busbw  #wrong 
0: #        (B)    (elements)                               (us)  (GB/s)  (GB/s)             (us)  (GB/s)  (GB/s)         
0:     16777216       4194304     float     sum      -1   761.86   22.02   22.02       0   774.79   21.65   21.65    N/A
0:     67108864      16777216     float     sum      -1  2923.24   22.96   22.96       0  2923.03   22.96   22.96    N/A
0:    268435456      67108864     float     sum      -1  11567.0   23.21   23.21       0  11567.3   23.21   23.21    N/A
0: # Out of bounds values : 0 OK
0: # Avg bus bandwidth    : 22.6674 
0: #
0: # Collective test concluded: sendrecv_perf_mpi
0: #
0: 

##### pass 3/8  cross nid007133:g0 <-> nid007176:g1  sendrecv
0: 
0: WARNING: FI_CXI_RDZV_PROTO=alt_read is configured, but the Slurm network is
0: not set to disable rendezvous GET. Performance/stability may be impacted.
0: 
0: Expected Slurm launch:
0:   srun --network=disable_rdzv_get ...
0: or
0:   SLURM_NETWORK=disable_rdzv_get srun ...
0: 
0: Context:
0:   SLURM_NETWORK=<unset>
0:   FI_PROVIDER=cxi
0:   FI_CXI_RDZV_PROTO=alt_read
0: 
0: # nccl-tests version 2.17.8 nccl-headers=22902 nccl-library=22903
0: # Collective test starting: sendrecv_perf_mpi
0: # nThread 1 nGpus 1 minBytes 16777216 maxBytes 268435456 step: 4(factor) warmup iters: 5 iters: 20 agg iters: 1 validation: 1 graph: 0
0: #
0: # Using devices
0: #  Rank  0 Group  0 Pid 114151 on  nid007133 device  0 [0009:01:00] NVIDIA GH200 120GB
0: #  Rank  1 Group  0 Pid  22338 on  nid007176 device  0 [0019:01:00] NVIDIA GH200 120GB
0: #
0: #                                                              out-of-place                       in-place          
0: #       size         count      type   redop    root     time   algbw   busbw  #wrong     time   algbw   busbw  #wrong 
0: #        (B)    (elements)                               (us)  (GB/s)  (GB/s)             (us)  (GB/s)  (GB/s)         
0:     16777216       4194304     float     sum      -1   775.39   21.64   21.64       0   773.21   21.70   21.70    N/A
0:     67108864      16777216     float     sum      -1  2946.48   22.78   22.78       0  2947.82   22.77   22.77    N/A
0:    268435456      67108864     float     sum      -1  11610.4   23.12   23.12       0  11606.7   23.13   23.13    N/A
0: # Out of bounds values : 0 OK
0: # Avg bus bandwidth    : 22.5208 
0: #
0: # Collective test concluded: sendrecv_perf_mpi
0: #
0: 

##### pass 3/8  cross nid007133:g0 <-> nid007176:g2  sendrecv
0: 
0: WARNING: FI_CXI_RDZV_PROTO=alt_read is configured, but the Slurm network is
0: not set to disable rendezvous GET. Performance/stability may be impacted.
0: 
0: Expected Slurm launch:
0:   srun --network=disable_rdzv_get ...
0: or
0:   SLURM_NETWORK=disable_rdzv_get srun ...
0: 
0: Context:
0:   SLURM_NETWORK=<unset>
0:   FI_PROVIDER=cxi
0:   FI_CXI_RDZV_PROTO=alt_read
0: 
0: # nccl-tests version 2.17.8 nccl-headers=22902 nccl-library=22903
0: # Collective test starting: sendrecv_perf_mpi
0: # nThread 1 nGpus 1 minBytes 16777216 maxBytes 268435456 step: 4(factor) warmup iters: 5 iters: 20 agg iters: 1 validation: 1 graph: 0
0: #
0: # Using devices
0: #  Rank  0 Group  0 Pid 115121 on  nid007133 device  0 [0009:01:00] NVIDIA GH200 120GB
0: #  Rank  1 Group  0 Pid  23299 on  nid007176 device  0 [0029:01:00] NVIDIA GH200 120GB
0: #
0: #                                                              out-of-place                       in-place          
0: #       size         count      type   redop    root     time   algbw   busbw  #wrong     time   algbw   busbw  #wrong 
0: #        (B)    (elements)                               (us)  (GB/s)  (GB/s)             (us)  (GB/s)  (GB/s)         
0:     16777216       4194304     float     sum      -1   777.16   21.59   21.59       0   778.33   21.56   21.56    N/A
0:     67108864      16777216     float     sum      -1  2948.89   22.76   22.76       0  2947.77   22.77   22.77    N/A
0:    268435456      67108864     float     sum      -1  11609.6   23.12   23.12       0  11611.4   23.12   23.12    N/A
0: # Out of bounds values : 0 OK
0: # Avg bus bandwidth    : 22.4844 
0: #
0: # Collective test concluded: sendrecv_perf_mpi
0: #
0: 

##### pass 3/8  cross nid007133:g0 <-> nid007176:g3  sendrecv
0: 
0: WARNING: FI_CXI_RDZV_PROTO=alt_read is configured, but the Slurm network is
0: not set to disable rendezvous GET. Performance/stability may be impacted.
0: 
0: Expected Slurm launch:
0:   srun --network=disable_rdzv_get ...
0: or
0:   SLURM_NETWORK=disable_rdzv_get srun ...
0: 
0: Context:
0:   SLURM_NETWORK=<unset>
0:   FI_PROVIDER=cxi
0:   FI_CXI_RDZV_PROTO=alt_read
0: 
0: # nccl-tests version 2.17.8 nccl-headers=22902 nccl-library=22903
0: # Collective test starting: sendrecv_perf_mpi
0: # nThread 1 nGpus 1 minBytes 16777216 maxBytes 268435456 step: 4(factor) warmup iters: 5 iters: 20 agg iters: 1 validation: 1 graph: 0
0: #
0: # Using devices
0: #  Rank  0 Group  0 Pid 116110 on  nid007133 device  0 [0009:01:00] NVIDIA GH200 120GB
0: #  Rank  1 Group  0 Pid  24238 on  nid007176 device  0 [0039:01:00] NVIDIA GH200 120GB
0: #
0: #                                                              out-of-place                       in-place          
0: #       size         count      type   redop    root     time   algbw   busbw  #wrong     time   algbw   busbw  #wrong 
0: #        (B)    (elements)                               (us)  (GB/s)  (GB/s)             (us)  (GB/s)  (GB/s)         
0:     16777216       4194304     float     sum      -1   777.94   21.57   21.57       0   778.93   21.54   21.54    N/A
0:     67108864      16777216     float     sum      -1  2951.41   22.74   22.74       0  2952.66   22.73   22.73    N/A
0:    268435456      67108864     float     sum      -1  11608.2   23.12   23.12       0  11612.4   23.12   23.12    N/A
0: # Out of bounds values : 0 OK
0: # Avg bus bandwidth    : 22.4687 
0: #
0: # Collective test concluded: sendrecv_perf_mpi
0: #
0: 

##### pass 3/8  cross nid007133:g1 <-> nid007176:g0  sendrecv
0: 
0: WARNING: FI_CXI_RDZV_PROTO=alt_read is configured, but the Slurm network is
0: not set to disable rendezvous GET. Performance/stability may be impacted.
0: 
0: Expected Slurm launch:
0:   srun --network=disable_rdzv_get ...
0: or
0:   SLURM_NETWORK=disable_rdzv_get srun ...
0: 
0: Context:
0:   SLURM_NETWORK=<unset>
0:   FI_PROVIDER=cxi
0:   FI_CXI_RDZV_PROTO=alt_read
0: 
0: # nccl-tests version 2.17.8 nccl-headers=22902 nccl-library=22903
0: # Collective test starting: sendrecv_perf_mpi
0: # nThread 1 nGpus 1 minBytes 16777216 maxBytes 268435456 step: 4(factor) warmup iters: 5 iters: 20 agg iters: 1 validation: 1 graph: 0
0: #
0: # Using devices
0: #  Rank  0 Group  0 Pid 117086 on  nid007133 device  0 [0019:01:00] NVIDIA GH200 120GB
0: #  Rank  1 Group  0 Pid  25194 on  nid007176 device  0 [0009:01:00] NVIDIA GH200 120GB
0: #
0: #                                                              out-of-place                       in-place          
0: #       size         count      type   redop    root     time   algbw   busbw  #wrong     time   algbw   busbw  #wrong 
0: #        (B)    (elements)                               (us)  (GB/s)  (GB/s)             (us)  (GB/s)  (GB/s)         
0:     16777216       4194304     float     sum      -1   776.89   21.60   21.60       0   776.25   21.61   21.61    N/A
0:     67108864      16777216     float     sum      -1  2950.87   22.74   22.74       0  2949.11   22.76   22.76    N/A
0:    268435456      67108864     float     sum      -1  11614.4   23.11   23.11       0  11615.0   23.11   23.11    N/A
0: # Out of bounds values : 0 OK
0: # Avg bus bandwidth    : 22.4883 
0: #
0: # Collective test concluded: sendrecv_perf_mpi
0: #
0: 

##### pass 3/8  cross nid007133:g1 <-> nid007176:g1  sendrecv
0: 
0: WARNING: FI_CXI_RDZV_PROTO=alt_read is configured, but the Slurm network is
0: not set to disable rendezvous GET. Performance/stability may be impacted.
0: 
0: Expected Slurm launch:
0:   srun --network=disable_rdzv_get ...
0: or
0:   SLURM_NETWORK=disable_rdzv_get srun ...
0: 
0: Context:
0:   SLURM_NETWORK=<unset>
0:   FI_PROVIDER=cxi
0:   FI_CXI_RDZV_PROTO=alt_read
0: 
0: # nccl-tests version 2.17.8 nccl-headers=22902 nccl-library=22903
0: # Collective test starting: sendrecv_perf_mpi
0: # nThread 1 nGpus 1 minBytes 16777216 maxBytes 268435456 step: 4(factor) warmup iters: 5 iters: 20 agg iters: 1 validation: 1 graph: 0
0: #
0: # Using devices
0: #  Rank  0 Group  0 Pid 118057 on  nid007133 device  0 [0019:01:00] NVIDIA GH200 120GB
0: #  Rank  1 Group  0 Pid  26144 on  nid007176 device  0 [0019:01:00] NVIDIA GH200 120GB
0: #
0: #                                                              out-of-place                       in-place          
0: #       size         count      type   redop    root     time   algbw   busbw  #wrong     time   algbw   busbw  #wrong 
0: #        (B)    (elements)                               (us)  (GB/s)  (GB/s)             (us)  (GB/s)  (GB/s)         
0:     16777216       4194304     float     sum      -1   787.35   21.31   21.31       0   786.77   21.32   21.32    N/A
0:     67108864      16777216     float     sum      -1  2966.68   22.62   22.62       0  2969.24   22.60   22.60    N/A
0:    268435456      67108864     float     sum      -1  11635.7   23.07   23.07       0  11644.5   23.05   23.05    N/A
0: # Out of bounds values : 0 OK
0: # Avg bus bandwidth    : 22.3296 
0: #
0: # Collective test concluded: sendrecv_perf_mpi
0: #
0: 

##### pass 3/8  cross nid007133:g1 <-> nid007176:g2  sendrecv
0: 
0: WARNING: FI_CXI_RDZV_PROTO=alt_read is configured, but the Slurm network is
0: not set to disable rendezvous GET. Performance/stability may be impacted.
0: 
0: Expected Slurm launch:
0:   srun --network=disable_rdzv_get ...
0: or
0:   SLURM_NETWORK=disable_rdzv_get srun ...
0: 
0: Context:
0:   SLURM_NETWORK=<unset>
0:   FI_PROVIDER=cxi
0:   FI_CXI_RDZV_PROTO=alt_read
0: 
0: # nccl-tests version 2.17.8 nccl-headers=22902 nccl-library=22903
0: # Collective test starting: sendrecv_perf_mpi
0: # nThread 1 nGpus 1 minBytes 16777216 maxBytes 268435456 step: 4(factor) warmup iters: 5 iters: 20 agg iters: 1 validation: 1 graph: 0
0: #
0: # Using devices
0: #  Rank  0 Group  0 Pid 119048 on  nid007133 device  0 [0019:01:00] NVIDIA GH200 120GB
0: #  Rank  1 Group  0 Pid  27083 on  nid007176 device  0 [0029:01:00] NVIDIA GH200 120GB
0: #
0: #                                                              out-of-place                       in-place          
0: #       size         count      type   redop    root     time   algbw   busbw  #wrong     time   algbw   busbw  #wrong 
0: #        (B)    (elements)                               (us)  (GB/s)  (GB/s)             (us)  (GB/s)  (GB/s)         
0:     16777216       4194304     float     sum      -1   782.89   21.43   21.43       0   784.49   21.39   21.39    N/A
0:     67108864      16777216     float     sum      -1  2965.64   22.63   22.63       0  2968.44   22.61   22.61    N/A
0:    268435456      67108864     float     sum      -1  11636.2   23.07   23.07       0  11646.0   23.05   23.05    N/A
0: # Out of bounds values : 0 OK
0: # Avg bus bandwidth    : 22.3618 
0: #
0: # Collective test concluded: sendrecv_perf_mpi
0: #
0: 

##### pass 3/8  cross nid007133:g1 <-> nid007176:g3  sendrecv
0: 
0: WARNING: FI_CXI_RDZV_PROTO=alt_read is configured, but the Slurm network is
0: not set to disable rendezvous GET. Performance/stability may be impacted.
0: 
0: Expected Slurm launch:
0:   srun --network=disable_rdzv_get ...
0: or
0:   SLURM_NETWORK=disable_rdzv_get srun ...
0: 
0: Context:
0:   SLURM_NETWORK=<unset>
0:   FI_PROVIDER=cxi
0:   FI_CXI_RDZV_PROTO=alt_read
0: 
0: # nccl-tests version 2.17.8 nccl-headers=22902 nccl-library=22903
0: # Collective test starting: sendrecv_perf_mpi
0: # nThread 1 nGpus 1 minBytes 16777216 maxBytes 268435456 step: 4(factor) warmup iters: 5 iters: 20 agg iters: 1 validation: 1 graph: 0
0: #
0: # Using devices
0: #  Rank  0 Group  0 Pid 120018 on  nid007133 device  0 [0019:01:00] NVIDIA GH200 120GB
0: #  Rank  1 Group  0 Pid  28043 on  nid007176 device  0 [0039:01:00] NVIDIA GH200 120GB
0: #
0: #                                                              out-of-place                       in-place          
0: #       size         count      type   redop    root     time   algbw   busbw  #wrong     time   algbw   busbw  #wrong 
0: #        (B)    (elements)                               (us)  (GB/s)  (GB/s)             (us)  (GB/s)  (GB/s)         
0:     16777216       4194304     float     sum      -1   784.58   21.38   21.38       0   786.40   21.33   21.33    N/A
0:     67108864      16777216     float     sum      -1  2968.24   22.61   22.61       0  2970.92   22.59   22.59    N/A
0:    268435456      67108864     float     sum      -1  11636.6   23.07   23.07       0  11636.6   23.07   23.07    N/A
0: # Out of bounds values : 0 OK
0: # Avg bus bandwidth    : 22.342 
0: #
0: # Collective test concluded: sendrecv_perf_mpi
0: #
0: 

##### pass 3/8  cross nid007133:g2 <-> nid007176:g0  sendrecv
0: 
0: WARNING: FI_CXI_RDZV_PROTO=alt_read is configured, but the Slurm network is
0: not set to disable rendezvous GET. Performance/stability may be impacted.
0: 
0: Expected Slurm launch:
0:   srun --network=disable_rdzv_get ...
0: or
0:   SLURM_NETWORK=disable_rdzv_get srun ...
0: 
0: Context:
0:   SLURM_NETWORK=<unset>
0:   FI_PROVIDER=cxi
0:   FI_CXI_RDZV_PROTO=alt_read
0: 
0: # nccl-tests version 2.17.8 nccl-headers=22902 nccl-library=22903
0: # Collective test starting: sendrecv_perf_mpi
0: # nThread 1 nGpus 1 minBytes 16777216 maxBytes 268435456 step: 4(factor) warmup iters: 5 iters: 20 agg iters: 1 validation: 1 graph: 0
0: #
0: # Using devices
0: #  Rank  0 Group  0 Pid 121040 on  nid007133 device  0 [0029:01:00] NVIDIA GH200 120GB
0: #  Rank  1 Group  0 Pid  28981 on  nid007176 device  0 [0009:01:00] NVIDIA GH200 120GB
0: #
0: #                                                              out-of-place                       in-place          
0: #       size         count      type   redop    root     time   algbw   busbw  #wrong     time   algbw   busbw  #wrong 
0: #        (B)    (elements)                               (us)  (GB/s)  (GB/s)             (us)  (GB/s)  (GB/s)         
0:     16777216       4194304     float     sum      -1   776.35   21.61   21.61       0   779.03   21.54   21.54    N/A
0:     67108864      16777216     float     sum      -1  2953.87   22.72   22.72       0  2955.73   22.70   22.70    N/A
0:    268435456      67108864     float     sum      -1  11609.4   23.12   23.12       0  11607.9   23.13   23.13    N/A
0: # Out of bounds values : 0 OK
0: # Avg bus bandwidth    : 22.4696 
0: #
0: # Collective test concluded: sendrecv_perf_mpi
0: #
0: 

##### pass 3/8  cross nid007133:g2 <-> nid007176:g1  sendrecv
0: 
0: WARNING: FI_CXI_RDZV_PROTO=alt_read is configured, but the Slurm network is
0: not set to disable rendezvous GET. Performance/stability may be impacted.
0: 
0: Expected Slurm launch:
0:   srun --network=disable_rdzv_get ...
0: or
0:   SLURM_NETWORK=disable_rdzv_get srun ...
0: 
0: Context:
0:   SLURM_NETWORK=<unset>
0:   FI_PROVIDER=cxi
0:   FI_CXI_RDZV_PROTO=alt_read
0: 
0: # nccl-tests version 2.17.8 nccl-headers=22902 nccl-library=22903
0: # Collective test starting: sendrecv_perf_mpi
0: # nThread 1 nGpus 1 minBytes 16777216 maxBytes 268435456 step: 4(factor) warmup iters: 5 iters: 20 agg iters: 1 validation: 1 graph: 0
0: #
0: # Using devices
0: #  Rank  0 Group  0 Pid 122218 on  nid007133 device  0 [0029:01:00] NVIDIA GH200 120GB
0: #  Rank  1 Group  0 Pid  29930 on  nid007176 device  0 [0019:01:00] NVIDIA GH200 120GB
0: #
0: #                                                              out-of-place                       in-place          
0: #       size         count      type   redop    root     time   algbw   busbw  #wrong     time   algbw   busbw  #wrong 
0: #        (B)    (elements)                               (us)  (GB/s)  (GB/s)             (us)  (GB/s)  (GB/s)         
0:     16777216       4194304     float     sum      -1   790.00   21.24   21.24       0   786.98   21.32   21.32    N/A
0:     67108864      16777216     float     sum      -1  2969.11   22.60   22.60       0  2967.79   22.61   22.61    N/A
0:    268435456      67108864     float     sum      -1  11637.2   23.07   23.07       0  11627.5   23.09   23.09    N/A
0: # Out of bounds values : 0 OK
0: # Avg bus bandwidth    : 22.3206 
0: #
0: # Collective test concluded: sendrecv_perf_mpi
0: #
0: 

##### pass 3/8  cross nid007133:g2 <-> nid007176:g2  sendrecv
0: 
0: WARNING: FI_CXI_RDZV_PROTO=alt_read is configured, but the Slurm network is
0: not set to disable rendezvous GET. Performance/stability may be impacted.
0: 
0: Expected Slurm launch:
0:   srun --network=disable_rdzv_get ...
0: or
0:   SLURM_NETWORK=disable_rdzv_get srun ...
0: 
0: Context:
0:   SLURM_NETWORK=<unset>
0:   FI_PROVIDER=cxi
0:   FI_CXI_RDZV_PROTO=alt_read
0: 
0: # nccl-tests version 2.17.8 nccl-headers=22902 nccl-library=22903
0: # Collective test starting: sendrecv_perf_mpi
0: # nThread 1 nGpus 1 minBytes 16777216 maxBytes 268435456 step: 4(factor) warmup iters: 5 iters: 20 agg iters: 1 validation: 1 graph: 0
0: #
0: # Using devices
0: #  Rank  0 Group  0 Pid 123274 on  nid007133 device  0 [0029:01:00] NVIDIA GH200 120GB
0: #  Rank  1 Group  0 Pid  30892 on  nid007176 device  0 [0029:01:00] NVIDIA GH200 120GB
0: #
0: #                                                              out-of-place                       in-place          
0: #       size         count      type   redop    root     time   algbw   busbw  #wrong     time   algbw   busbw  #wrong 
0: #        (B)    (elements)                               (us)  (GB/s)  (GB/s)             (us)  (GB/s)  (GB/s)         
0:     16777216       4194304     float     sum      -1   786.58   21.33   21.33       0   785.53   21.36   21.36    N/A
0:     67108864      16777216     float     sum      -1  2970.67   22.59   22.59       0  2964.61   22.64   22.64    N/A
0:    268435456      67108864     float     sum      -1  11632.7   23.08   23.08       0  11632.1   23.08   23.08    N/A
0: # Out of bounds values : 0 OK
0: # Avg bus bandwidth    : 22.3445 
0: #
0: # Collective test concluded: sendrecv_perf_mpi
0: #
0: 

##### pass 3/8  cross nid007133:g2 <-> nid007176:g3  sendrecv
srun: Step created for StepId=3168822.43
0: 
0: WARNING: FI_CXI_RDZV_PROTO=alt_read is configured, but the Slurm network is
0: not set to disable rendezvous GET. Performance/stability may be impacted.
0: 
0: Expected Slurm launch:
0:   srun --network=disable_rdzv_get ...
0: or
0:   SLURM_NETWORK=disable_rdzv_get srun ...
0: 
0: Context:
0:   SLURM_NETWORK=<unset>
0:   FI_PROVIDER=cxi
0:   FI_CXI_RDZV_PROTO=alt_read
0: 
0: # nccl-tests version 2.17.8 nccl-headers=22902 nccl-library=22903
0: # Collective test starting: sendrecv_perf_mpi
0: # nThread 1 nGpus 1 minBytes 16777216 maxBytes 268435456 step: 4(factor) warmup iters: 5 iters: 20 agg iters: 1 validation: 1 graph: 0
0: #
0: # Using devices
0: #  Rank  0 Group  0 Pid 124303 on  nid007133 device  0 [0029:01:00] NVIDIA GH200 120GB
0: #  Rank  1 Group  0 Pid  31833 on  nid007176 device  0 [0039:01:00] NVIDIA GH200 120GB
0: #
0: #                                                              out-of-place                       in-place          
0: #       size         count      type   redop    root     time   algbw   busbw  #wrong     time   algbw   busbw  #wrong 
0: #        (B)    (elements)                               (us)  (GB/s)  (GB/s)             (us)  (GB/s)  (GB/s)         
0:     16777216       4194304     float     sum      -1   784.40   21.39   21.39       0   781.69   21.46   21.46    N/A
0:     67108864      16777216     float     sum      -1  2969.43   22.60   22.60       0  2970.34   22.59   22.59    N/A
0:    268435456      67108864     float     sum      -1  11625.7   23.09   23.09       0  11624.5   23.09   23.09    N/A
0: # Out of bounds values : 0 OK
0: # Avg bus bandwidth    : 22.371 
0: #
0: # Collective test concluded: sendrecv_perf_mpi
0: #
0: 

##### pass 3/8  cross nid007133:g3 <-> nid007176:g0  sendrecv
0: 
0: WARNING: FI_CXI_RDZV_PROTO=alt_read is configured, but the Slurm network is
0: not set to disable rendezvous GET. Performance/stability may be impacted.
0: 
0: Expected Slurm launch:
0:   srun --network=disable_rdzv_get ...
0: or
0:   SLURM_NETWORK=disable_rdzv_get srun ...
0: 
0: Context:
0:   SLURM_NETWORK=<unset>
0:   FI_PROVIDER=cxi
0:   FI_CXI_RDZV_PROTO=alt_read
0: 
0: # nccl-tests version 2.17.8 nccl-headers=22902 nccl-library=22903
0: # Collective test starting: sendrecv_perf_mpi
0: # nThread 1 nGpus 1 minBytes 16777216 maxBytes 268435456 step: 4(factor) warmup iters: 5 iters: 20 agg iters: 1 validation: 1 graph: 0
0: #
0: # Using devices
0: #  Rank  0 Group  0 Pid 125294 on  nid007133 device  0 [0039:01:00] NVIDIA GH200 120GB
0: #  Rank  1 Group  0 Pid  32793 on  nid007176 device  0 [0009:01:00] NVIDIA GH200 120GB
0: #
0: #                                                              out-of-place                       in-place          
0: #       size         count      type   redop    root     time   algbw   busbw  #wrong     time   algbw   busbw  #wrong 
0: #        (B)    (elements)                               (us)  (GB/s)  (GB/s)             (us)  (GB/s)  (GB/s)         
0:     16777216       4194304     float     sum      -1   776.70   21.60   21.60       0   775.39   21.64   21.64    N/A
0:     67108864      16777216     float     sum      -1  2947.24   22.77   22.77       0  2948.40   22.76   22.76    N/A
0:    268435456      67108864     float     sum      -1  11605.8   23.13   23.13       0  11613.7   23.11   23.11    N/A
0: # Out of bounds values : 0 OK
0: # Avg bus bandwidth    : 22.502 
0: #
0: # Collective test concluded: sendrecv_perf_mpi
0: #
0: 

##### pass 3/8  cross nid007133:g3 <-> nid007176:g1  sendrecv
0: 
0: WARNING: FI_CXI_RDZV_PROTO=alt_read is configured, but the Slurm network is
0: not set to disable rendezvous GET. Performance/stability may be impacted.
0: 
0: Expected Slurm launch:
0:   srun --network=disable_rdzv_get ...
0: or
0:   SLURM_NETWORK=disable_rdzv_get srun ...
0: 
0: Context:
0:   SLURM_NETWORK=<unset>
0:   FI_PROVIDER=cxi
0:   FI_CXI_RDZV_PROTO=alt_read
0: 
0: # nccl-tests version 2.17.8 nccl-headers=22902 nccl-library=22903
0: # Collective test starting: sendrecv_perf_mpi
0: # nThread 1 nGpus 1 minBytes 16777216 maxBytes 268435456 step: 4(factor) warmup iters: 5 iters: 20 agg iters: 1 validation: 1 graph: 0
0: #
0: # Using devices
0: #  Rank  0 Group  0 Pid 126276 on  nid007133 device  0 [0039:01:00] NVIDIA GH200 120GB
0: #  Rank  1 Group  0 Pid  33731 on  nid007176 device  0 [0019:01:00] NVIDIA GH200 120GB
0: #
0: #                                                              out-of-place                       in-place          
0: #       size         count      type   redop    root     time   algbw   busbw  #wrong     time   algbw   busbw  #wrong 
0: #        (B)    (elements)                               (us)  (GB/s)  (GB/s)             (us)  (GB/s)  (GB/s)         
0:     16777216       4194304     float     sum      -1   784.44   21.39   21.39       0   783.89   21.40   21.40    N/A
0:     67108864      16777216     float     sum      -1  2964.19   22.64   22.64       0  2968.71   22.61   22.61    N/A
0:    268435456      67108864     float     sum      -1  11632.1   23.08   23.08       0  11639.9   23.06   23.06    N/A
0: # Out of bounds values : 0 OK
0: # Avg bus bandwidth    : 22.3623 
0: #
0: # Collective test concluded: sendrecv_perf_mpi
0: #
0: 

##### pass 3/8  cross nid007133:g3 <-> nid007176:g2  sendrecv
0: 
0: WARNING: FI_CXI_RDZV_PROTO=alt_read is configured, but the Slurm network is
0: not set to disable rendezvous GET. Performance/stability may be impacted.
0: 
0: Expected Slurm launch:
0:   srun --network=disable_rdzv_get ...
0: or
0:   SLURM_NETWORK=disable_rdzv_get srun ...
0: 
0: Context:
0:   SLURM_NETWORK=<unset>
0:   FI_PROVIDER=cxi
0:   FI_CXI_RDZV_PROTO=alt_read
0: 
0: # nccl-tests version 2.17.8 nccl-headers=22902 nccl-library=22903
0: # Collective test starting: sendrecv_perf_mpi
0: # nThread 1 nGpus 1 minBytes 16777216 maxBytes 268435456 step: 4(factor) warmup iters: 5 iters: 20 agg iters: 1 validation: 1 graph: 0
0: #
0: # Using devices
0: #  Rank  0 Group  0 Pid 127317 on  nid007133 device  0 [0039:01:00] NVIDIA GH200 120GB
0: #  Rank  1 Group  0 Pid  34673 on  nid007176 device  0 [0029:01:00] NVIDIA GH200 120GB
0: #
0: #                                                              out-of-place                       in-place          
0: #       size         count      type   redop    root     time   algbw   busbw  #wrong     time   algbw   busbw  #wrong 
0: #        (B)    (elements)                               (us)  (GB/s)  (GB/s)             (us)  (GB/s)  (GB/s)         
0:     16777216       4194304     float     sum      -1   785.24   21.37   21.37       0   784.81   21.38   21.38    N/A
0:     67108864      16777216     float     sum      -1  2954.18   22.72   22.72       0  2967.51   22.61   22.61    N/A
0:    268435456      67108864     float     sum      -1  11630.5   23.08   23.08       0  11628.7   23.08   23.08    N/A
0: # Out of bounds values : 0 OK
0: # Avg bus bandwidth    : 22.3731 
0: #
0: # Collective test concluded: sendrecv_perf_mpi
0: #
0: 

##### pass 3/8  cross nid007133:g3 <-> nid007176:g3  sendrecv
0: 
0: WARNING: FI_CXI_RDZV_PROTO=alt_read is configured, but the Slurm network is
0: not set to disable rendezvous GET. Performance/stability may be impacted.
0: 
0: Expected Slurm launch:
0:   srun --network=disable_rdzv_get ...
0: or
0:   SLURM_NETWORK=disable_rdzv_get srun ...
0: 
0: Context:
0:   SLURM_NETWORK=<unset>
0:   FI_PROVIDER=cxi
0:   FI_CXI_RDZV_PROTO=alt_read
0: 
0: # nccl-tests version 2.17.8 nccl-headers=22902 nccl-library=22903
0: # Collective test starting: sendrecv_perf_mpi
0: # nThread 1 nGpus 1 minBytes 16777216 maxBytes 268435456 step: 4(factor) warmup iters: 5 iters: 20 agg iters: 1 validation: 1 graph: 0
0: #
0: # Using devices
0: #  Rank  0 Group  0 Pid 128297 on  nid007133 device  0 [0039:01:00] NVIDIA GH200 120GB
0: #  Rank  1 Group  0 Pid  35635 on  nid007176 device  0 [0039:01:00] NVIDIA GH200 120GB
0: #
0: #                                                              out-of-place                       in-place          
0: #       size         count      type   redop    root     time   algbw   busbw  #wrong     time   algbw   busbw  #wrong 
0: #        (B)    (elements)                               (us)  (GB/s)  (GB/s)             (us)  (GB/s)  (GB/s)         
0:     16777216       4194304     float     sum      -1   786.51   21.33   21.33       0   782.50   21.44   21.44    N/A
0:     67108864      16777216     float     sum      -1  2960.47   22.67   22.67       0  2973.82   22.57   22.57    N/A
0:    268435456      67108864     float     sum      -1  11635.9   23.07   23.07       0  11619.5   23.10   23.10    N/A
0: # Out of bounds values : 0 OK
0: # Avg bus bandwidth    : 22.3631 
0: #
0: # Collective test concluded: sendrecv_perf_mpi
0: #
0: 

##### pass 4/8  cross nid007133:g0 <-> nid007176:g0  sendrecv
0: 
0: WARNING: FI_CXI_RDZV_PROTO=alt_read is configured, but the Slurm network is
0: not set to disable rendezvous GET. Performance/stability may be impacted.
0: 
0: Expected Slurm launch:
0:   srun --network=disable_rdzv_get ...
0: or
0:   SLURM_NETWORK=disable_rdzv_get srun ...
0: 
0: Context:
0:   SLURM_NETWORK=<unset>
0:   FI_PROVIDER=cxi
0:   FI_CXI_RDZV_PROTO=alt_read
0: 
0: # nccl-tests version 2.17.8 nccl-headers=22902 nccl-library=22903
0: # Collective test starting: sendrecv_perf_mpi
0: # nThread 1 nGpus 1 minBytes 16777216 maxBytes 268435456 step: 4(factor) warmup iters: 5 iters: 20 agg iters: 1 validation: 1 graph: 0
0: #
0: # Using devices
0: #  Rank  0 Group  0 Pid 129266 on  nid007133 device  0 [0009:01:00] NVIDIA GH200 120GB
0: #  Rank  1 Group  0 Pid  36579 on  nid007176 device  0 [0009:01:00] NVIDIA GH200 120GB
0: #
0: #                                                              out-of-place                       in-place          
0: #       size         count      type   redop    root     time   algbw   busbw  #wrong     time   algbw   busbw  #wrong 
0: #        (B)    (elements)                               (us)  (GB/s)  (GB/s)             (us)  (GB/s)  (GB/s)         
0:     16777216       4194304     float     sum      -1   760.78   22.05   22.05       0   760.89   22.05   22.05    N/A
0:     67108864      16777216     float     sum      -1  2937.45   22.85   22.85       0  2938.09   22.84   22.84    N/A
0:    268435456      67108864     float     sum      -1  11578.4   23.18   23.18       0  11580.4   23.18   23.18    N/A
0: # Out of bounds values : 0 OK
0: # Avg bus bandwidth    : 22.6922 
0: #
0: # Collective test concluded: sendrecv_perf_mpi
0: #
0: 

##### pass 4/8  cross nid007133:g0 <-> nid007176:g1  sendrecv
0: 
0: WARNING: FI_CXI_RDZV_PROTO=alt_read is configured, but the Slurm network is
0: not set to disable rendezvous GET. Performance/stability may be impacted.
0: 
0: Expected Slurm launch:
0:   srun --network=disable_rdzv_get ...
0: or
0:   SLURM_NETWORK=disable_rdzv_get srun ...
0: 
0: Context:
0:   SLURM_NETWORK=<unset>
0:   FI_PROVIDER=cxi
0:   FI_CXI_RDZV_PROTO=alt_read
0: 
0: # nccl-tests version 2.17.8 nccl-headers=22902 nccl-library=22903
0: # Collective test starting: sendrecv_perf_mpi
0: # nThread 1 nGpus 1 minBytes 16777216 maxBytes 268435456 step: 4(factor) warmup iters: 5 iters: 20 agg iters: 1 validation: 1 graph: 0
0: #
0: # Using devices
0: #  Rank  0 Group  0 Pid 130261 on  nid007133 device  0 [0009:01:00] NVIDIA GH200 120GB
0: #  Rank  1 Group  0 Pid  37537 on  nid007176 device  0 [0019:01:00] NVIDIA GH200 120GB
0: #
0: #                                                              out-of-place                       in-place          
0: #       size         count      type   redop    root     time   algbw   busbw  #wrong     time   algbw   busbw  #wrong 
0: #        (B)    (elements)                               (us)  (GB/s)  (GB/s)             (us)  (GB/s)  (GB/s)         
0:     16777216       4194304     float     sum      -1   780.83   21.49   21.49       0   779.28   21.53   21.53    N/A
0:     67108864      16777216     float     sum      -1  2949.27   22.75   22.75       0  2951.13   22.74   22.74    N/A
0:    268435456      67108864     float     sum      -1  11604.1   23.13   23.13       0  11605.9   23.13   23.13    N/A
0: # Out of bounds values : 0 OK
0: # Avg bus bandwidth    : 22.462 
0: #
0: # Collective test concluded: sendrecv_perf_mpi
0: #
0: 

##### pass 4/8  cross nid007133:g0 <-> nid007176:g2  sendrecv
0: 
0: WARNING: FI_CXI_RDZV_PROTO=alt_read is configured, but the Slurm network is
0: not set to disable rendezvous GET. Performance/stability may be impacted.
0: 
0: Expected Slurm launch:
0:   srun --network=disable_rdzv_get ...
0: or
0:   SLURM_NETWORK=disable_rdzv_get srun ...
0: 
0: Context:
0:   SLURM_NETWORK=<unset>
0:   FI_PROVIDER=cxi
0:   FI_CXI_RDZV_PROTO=alt_read
0: 
0: # nccl-tests version 2.17.8 nccl-headers=22902 nccl-library=22903
0: # Collective test starting: sendrecv_perf_mpi
0: # nThread 1 nGpus 1 minBytes 16777216 maxBytes 268435456 step: 4(factor) warmup iters: 5 iters: 20 agg iters: 1 validation: 1 graph: 0
0: #
0: # Using devices
0: #  Rank  0 Group  0 Pid 131236 on  nid007133 device  0 [0009:01:00] NVIDIA GH200 120GB
0: #  Rank  1 Group  0 Pid  38499 on  nid007176 device  0 [0029:01:00] NVIDIA GH200 120GB
0: #
0: #                                                              out-of-place                       in-place          
0: #       size         count      type   redop    root     time   algbw   busbw  #wrong     time   algbw   busbw  #wrong 
0: #        (B)    (elements)                               (us)  (GB/s)  (GB/s)             (us)  (GB/s)  (GB/s)         
0:     16777216       4194304     float     sum      -1   775.28   21.64   21.64       0   778.13   21.56   21.56    N/A
0:     67108864      16777216     float     sum      -1  2946.26   22.78   22.78       0  2946.84   22.77   22.77    N/A
0:    268435456      67108864     float     sum      -1  11608.8   23.12   23.12       0  11604.7   23.13   23.13    N/A
0: # Out of bounds values : 0 OK
0: # Avg bus bandwidth    : 22.5012 
0: #
0: # Collective test concluded: sendrecv_perf_mpi
0: #
0: 

##### pass 4/8  cross nid007133:g0 <-> nid007176:g3  sendrecv
0: 
0: WARNING: FI_CXI_RDZV_PROTO=alt_read is configured, but the Slurm network is
0: not set to disable rendezvous GET. Performance/stability may be impacted.
0: 
0: Expected Slurm launch:
0:   srun --network=disable_rdzv_get ...
0: or
0:   SLURM_NETWORK=disable_rdzv_get srun ...
0: 
0: Context:
0:   SLURM_NETWORK=<unset>
0:   FI_PROVIDER=cxi
0:   FI_CXI_RDZV_PROTO=alt_read
0: 
0: # nccl-tests version 2.17.8 nccl-headers=22902 nccl-library=22903
0: # Collective test starting: sendrecv_perf_mpi
0: # nThread 1 nGpus 1 minBytes 16777216 maxBytes 268435456 step: 4(factor) warmup iters: 5 iters: 20 agg iters: 1 validation: 1 graph: 0
0: #
0: # Using devices
0: #  Rank  0 Group  0 Pid 132227 on  nid007133 device  0 [0009:01:00] NVIDIA GH200 120GB
0: #  Rank  1 Group  0 Pid  39437 on  nid007176 device  0 [0039:01:00] NVIDIA GH200 120GB
0: #
0: #                                                              out-of-place                       in-place          
0: #       size         count      type   redop    root     time   algbw   busbw  #wrong     time   algbw   busbw  #wrong 
0: #        (B)    (elements)                               (us)  (GB/s)  (GB/s)             (us)  (GB/s)  (GB/s)         
0:     16777216       4194304     float     sum      -1   786.47   21.33   21.33       0   776.24   21.61   21.61    N/A
0:     67108864      16777216     float     sum      -1  2947.99   22.76   22.76       0  2947.99   22.76   22.76    N/A
0:    268435456      67108864     float     sum      -1  11607.1   23.13   23.13       0  11608.4   23.12   23.12    N/A
0: # Out of bounds values : 0 OK
0: # Avg bus bandwidth    : 22.4543 
0: #
0: # Collective test concluded: sendrecv_perf_mpi
0: #
0: 

##### pass 4/8  cross nid007133:g1 <-> nid007176:g0  sendrecv
0: 
0: WARNING: FI_CXI_RDZV_PROTO=alt_read is configured, but the Slurm network is
0: not set to disable rendezvous GET. Performance/stability may be impacted.
0: 
0: Expected Slurm launch:
0:   srun --network=disable_rdzv_get ...
0: or
0:   SLURM_NETWORK=disable_rdzv_get srun ...
0: 
0: Context:
0:   SLURM_NETWORK=<unset>
0:   FI_PROVIDER=cxi
0:   FI_CXI_RDZV_PROTO=alt_read
0: 
0: # nccl-tests version 2.17.8 nccl-headers=22902 nccl-library=22903
0: # Collective test starting: sendrecv_perf_mpi
0: # nThread 1 nGpus 1 minBytes 16777216 maxBytes 268435456 step: 4(factor) warmup iters: 5 iters: 20 agg iters: 1 validation: 1 graph: 0
0: #
0: # Using devices
0: #  Rank  0 Group  0 Pid 133197 on  nid007133 device  0 [0019:01:00] NVIDIA GH200 120GB
0: #  Rank  1 Group  0 Pid  40391 on  nid007176 device  0 [0009:01:00] NVIDIA GH200 120GB
0: #
0: #                                                              out-of-place                       in-place          
0: #       size         count      type   redop    root     time   algbw   busbw  #wrong     time   algbw   busbw  #wrong 
0: #        (B)    (elements)                               (us)  (GB/s)  (GB/s)             (us)  (GB/s)  (GB/s)         
0:     16777216       4194304     float     sum      -1   775.98   21.62   21.62       0   775.14   21.64   21.64    N/A
0:     67108864      16777216     float     sum      -1  2957.39   22.69   22.69       0  2947.72   22.77   22.77    N/A
0:    268435456      67108864     float     sum      -1  11609.6   23.12   23.12       0  11619.9   23.10   23.10    N/A
0: # Out of bounds values : 0 OK
0: # Avg bus bandwidth    : 22.4911 
0: #
0: # Collective test concluded: sendrecv_perf_mpi
0: #
0: 

##### pass 4/8  cross nid007133:g1 <-> nid007176:g1  sendrecv
0: 
0: WARNING: FI_CXI_RDZV_PROTO=alt_read is configured, but the Slurm network is
0: not set to disable rendezvous GET. Performance/stability may be impacted.
0: 
0: Expected Slurm launch:
0:   srun --network=disable_rdzv_get ...
0: or
0:   SLURM_NETWORK=disable_rdzv_get srun ...
0: 
0: Context:
0:   SLURM_NETWORK=<unset>
0:   FI_PROVIDER=cxi
0:   FI_CXI_RDZV_PROTO=alt_read
0: 
0: # nccl-tests version 2.17.8 nccl-headers=22902 nccl-library=22903
0: # Collective test starting: sendrecv_perf_mpi
0: # nThread 1 nGpus 1 minBytes 16777216 maxBytes 268435456 step: 4(factor) warmup iters: 5 iters: 20 agg iters: 1 validation: 1 graph: 0
0: #
0: # Using devices
0: #  Rank  0 Group  0 Pid 134202 on  nid007133 device  0 [0019:01:00] NVIDIA GH200 120GB
0: #  Rank  1 Group  0 Pid  41333 on  nid007176 device  0 [0019:01:00] NVIDIA GH200 120GB
0: #
0: #                                                              out-of-place                       in-place          
0: #       size         count      type   redop    root     time   algbw   busbw  #wrong     time   algbw   busbw  #wrong 
0: #        (B)    (elements)                               (us)  (GB/s)  (GB/s)             (us)  (GB/s)  (GB/s)         
0:     16777216       4194304     float     sum      -1   787.53   21.30   21.30       0   784.97   21.37   21.37    N/A
0:     67108864      16777216     float     sum      -1  2962.94   22.65   22.65       0  2965.76   22.63   22.63    N/A
0:    268435456      67108864     float     sum      -1  11630.7   23.08   23.08       0  11644.7   23.05   23.05    N/A
0: # Out of bounds values : 0 OK
0: # Avg bus bandwidth    : 22.3477 
0: #
0: # Collective test concluded: sendrecv_perf_mpi
0: #
0: 

##### pass 4/8  cross nid007133:g1 <-> nid007176:g2  sendrecv
0: 
0: WARNING: FI_CXI_RDZV_PROTO=alt_read is configured, but the Slurm network is
0: not set to disable rendezvous GET. Performance/stability may be impacted.
0: 
0: Expected Slurm launch:
0:   srun --network=disable_rdzv_get ...
0: or
0:   SLURM_NETWORK=disable_rdzv_get srun ...
0: 
0: Context:
0:   SLURM_NETWORK=<unset>
0:   FI_PROVIDER=cxi
0:   FI_CXI_RDZV_PROTO=alt_read
0: 
0: # nccl-tests version 2.17.8 nccl-headers=22902 nccl-library=22903
0: # Collective test starting: sendrecv_perf_mpi
0: # nThread 1 nGpus 1 minBytes 16777216 maxBytes 268435456 step: 4(factor) warmup iters: 5 iters: 20 agg iters: 1 validation: 1 graph: 0
0: #
0: # Using devices
0: #  Rank  0 Group  0 Pid 135192 on  nid007133 device  0 [0019:01:00] NVIDIA GH200 120GB
0: #  Rank  1 Group  0 Pid  42266 on  nid007176 device  0 [0029:01:00] NVIDIA GH200 120GB
0: #
0: #                                                              out-of-place                       in-place          
0: #       size         count      type   redop    root     time   algbw   busbw  #wrong     time   algbw   busbw  #wrong 
0: #        (B)    (elements)                               (us)  (GB/s)  (GB/s)             (us)  (GB/s)  (GB/s)         
0:     16777216       4194304     float     sum      -1   785.87   21.35   21.35       0   782.60   21.44   21.44    N/A
0:     67108864      16777216     float     sum      -1  2972.55   22.58   22.58       0  2975.61   22.55   22.55    N/A
0:    268435456      67108864     float     sum      -1  11631.9   23.08   23.08       0  11643.4   23.05   23.05    N/A
0: # Out of bounds values : 0 OK
0: # Avg bus bandwidth    : 22.3413 
0: #
0: # Collective test concluded: sendrecv_perf_mpi
0: #
0: 

##### pass 4/8  cross nid007133:g1 <-> nid007176:g3  sendrecv
0: 
0: WARNING: FI_CXI_RDZV_PROTO=alt_read is configured, but the Slurm network is
0: not set to disable rendezvous GET. Performance/stability may be impacted.
0: 
0: Expected Slurm launch:
0:   srun --network=disable_rdzv_get ...
0: or
0:   SLURM_NETWORK=disable_rdzv_get srun ...
0: 
0: Context:
0:   SLURM_NETWORK=<unset>
0:   FI_PROVIDER=cxi
0:   FI_CXI_RDZV_PROTO=alt_read
0: 
0: # nccl-tests version 2.17.8 nccl-headers=22902 nccl-library=22903
0: # Collective test starting: sendrecv_perf_mpi
0: # nThread 1 nGpus 1 minBytes 16777216 maxBytes 268435456 step: 4(factor) warmup iters: 5 iters: 20 agg iters: 1 validation: 1 graph: 0
0: #
0: # Using devices
0: #  Rank  0 Group  0 Pid 136162 on  nid007133 device  0 [0019:01:00] NVIDIA GH200 120GB
0: #  Rank  1 Group  0 Pid  43221 on  nid007176 device  0 [0039:01:00] NVIDIA GH200 120GB
0: #
0: #                                                              out-of-place                       in-place          
0: #       size         count      type   redop    root     time   algbw   busbw  #wrong     time   algbw   busbw  #wrong 
0: #        (B)    (elements)                               (us)  (GB/s)  (GB/s)             (us)  (GB/s)  (GB/s)         
0:     16777216       4194304     float     sum      -1   777.77   21.57   21.57       0   787.29   21.31   21.31    N/A
0:     67108864      16777216     float     sum      -1  2972.25   22.58   22.58       0  2966.08   22.63   22.63    N/A
0:    268435456      67108864     float     sum      -1  11637.3   23.07   23.07       0  11635.7   23.07   23.07    N/A
0: # Out of bounds values : 0 OK
0: # Avg bus bandwidth    : 22.3703 
0: #
0: # Collective test concluded: sendrecv_perf_mpi
0: #
0: 

##### pass 4/8  cross nid007133:g2 <-> nid007176:g0  sendrecv
0: 
0: WARNING: FI_CXI_RDZV_PROTO=alt_read is configured, but the Slurm network is
0: not set to disable rendezvous GET. Performance/stability may be impacted.
0: 
0: Expected Slurm launch:
0:   srun --network=disable_rdzv_get ...
0: or
0:   SLURM_NETWORK=disable_rdzv_get srun ...
0: 
0: Context:
0:   SLURM_NETWORK=<unset>
0:   FI_PROVIDER=cxi
0:   FI_CXI_RDZV_PROTO=alt_read
0: 
0: # nccl-tests version 2.17.8 nccl-headers=22902 nccl-library=22903
0: # Collective test starting: sendrecv_perf_mpi
0: # nThread 1 nGpus 1 minBytes 16777216 maxBytes 268435456 step: 4(factor) warmup iters: 5 iters: 20 agg iters: 1 validation: 1 graph: 0
0: #
0: # Using devices
0: #  Rank  0 Group  0 Pid 137154 on  nid007133 device  0 [0029:01:00] NVIDIA GH200 120GB
0: #  Rank  1 Group  0 Pid  44157 on  nid007176 device  0 [0009:01:00] NVIDIA GH200 120GB
0: #
0: #                                                              out-of-place                       in-place          
0: #       size         count      type   redop    root     time   algbw   busbw  #wrong     time   algbw   busbw  #wrong 
0: #        (B)    (elements)                               (us)  (GB/s)  (GB/s)             (us)  (GB/s)  (GB/s)         
0:     16777216       4194304     float     sum      -1   777.67   21.57   21.57       0   777.01   21.59   21.59    N/A
0:     67108864      16777216     float     sum      -1  2945.85   22.78   22.78       0  2947.73   22.77   22.77    N/A
0:    268435456      67108864     float     sum      -1  11621.6   23.10   23.10       0  11613.4   23.11   23.11    N/A
0: # Out of bounds values : 0 OK
0: # Avg bus bandwidth    : 22.4875 
0: #
0: # Collective test concluded: sendrecv_perf_mpi
0: #
0: 

##### pass 4/8  cross nid007133:g2 <-> nid007176:g1  sendrecv
0: 
0: WARNING: FI_CXI_RDZV_PROTO=alt_read is configured, but the Slurm network is
0: not set to disable rendezvous GET. Performance/stability may be impacted.
0: 
0: Expected Slurm launch:
0:   srun --network=disable_rdzv_get ...
0: or
0:   SLURM_NETWORK=disable_rdzv_get srun ...
0: 
0: Context:
0:   SLURM_NETWORK=<unset>
0:   FI_PROVIDER=cxi
0:   FI_CXI_RDZV_PROTO=alt_read
0: 
0: # nccl-tests version 2.17.8 nccl-headers=22902 nccl-library=22903
0: # Collective test starting: sendrecv_perf_mpi
0: # nThread 1 nGpus 1 minBytes 16777216 maxBytes 268435456 step: 4(factor) warmup iters: 5 iters: 20 agg iters: 1 validation: 1 graph: 0
0: #
0: # Using devices
0: #  Rank  0 Group  0 Pid 138144 on  nid007133 device  0 [0029:01:00] NVIDIA GH200 120GB
0: #  Rank  1 Group  0 Pid  45114 on  nid007176 device  0 [0019:01:00] NVIDIA GH200 120GB
0: #
0: #                                                              out-of-place                       in-place          
0: #       size         count      type   redop    root     time   algbw   busbw  #wrong     time   algbw   busbw  #wrong 
0: #        (B)    (elements)                               (us)  (GB/s)  (GB/s)             (us)  (GB/s)  (GB/s)         
0:     16777216       4194304     float     sum      -1   782.50   21.44   21.44       0   784.81   21.38   21.38    N/A
0:     67108864      16777216     float     sum      -1  2962.10   22.66   22.66       0  2954.69   22.71   22.71    N/A
0:    268435456      67108864     float     sum      -1  11631.0   23.08   23.08       0  11631.4   23.08   23.08    N/A
0: # Out of bounds values : 0 OK
0: # Avg bus bandwidth    : 22.3907 
0: #
0: # Collective test concluded: sendrecv_perf_mpi
0: #
0: 

##### pass 4/8  cross nid007133:g2 <-> nid007176:g2  sendrecv
0: 
0: WARNING: FI_CXI_RDZV_PROTO=alt_read is configured, but the Slurm network is
0: not set to disable rendezvous GET. Performance/stability may be impacted.
0: 
0: Expected Slurm launch:
0:   srun --network=disable_rdzv_get ...
0: or
0:   SLURM_NETWORK=disable_rdzv_get srun ...
0: 
0: Context:
0:   SLURM_NETWORK=<unset>
0:   FI_PROVIDER=cxi
0:   FI_CXI_RDZV_PROTO=alt_read
0: 
0: # nccl-tests version 2.17.8 nccl-headers=22902 nccl-library=22903
0: # Collective test starting: sendrecv_perf_mpi
0: # nThread 1 nGpus 1 minBytes 16777216 maxBytes 268435456 step: 4(factor) warmup iters: 5 iters: 20 agg iters: 1 validation: 1 graph: 0
0: #
0: # Using devices
0: #  Rank  0 Group  0 Pid 139116 on  nid007133 device  0 [0029:01:00] NVIDIA GH200 120GB
0: #  Rank  1 Group  0 Pid  46051 on  nid007176 device  0 [0029:01:00] NVIDIA GH200 120GB
0: #
0: #                                                              out-of-place                       in-place          
0: #       size         count      type   redop    root     time   algbw   busbw  #wrong     time   algbw   busbw  #wrong 
0: #        (B)    (elements)                               (us)  (GB/s)  (GB/s)             (us)  (GB/s)  (GB/s)         
0:     16777216       4194304     float     sum      -1   784.19   21.39   21.39       0   783.97   21.40   21.40    N/A
0:     67108864      16777216     float     sum      -1  2967.30   22.62   22.62       0  2972.33   22.58   22.58    N/A
0:    268435456      67108864     float     sum      -1  11626.8   23.09   23.09       0  11628.1   23.09   23.09    N/A
0: # Out of bounds values : 0 OK
0: # Avg bus bandwidth    : 22.3602 
0: #
0: # Collective test concluded: sendrecv_perf_mpi
0: #
0: 

##### pass 4/8  cross nid007133:g2 <-> nid007176:g3  sendrecv
0: 
0: WARNING: FI_CXI_RDZV_PROTO=alt_read is configured, but the Slurm network is
0: not set to disable rendezvous GET. Performance/stability may be impacted.
0: 
0: Expected Slurm launch:
0:   srun --network=disable_rdzv_get ...
0: or
0:   SLURM_NETWORK=disable_rdzv_get srun ...
0: 
0: Context:
0:   SLURM_NETWORK=<unset>
0:   FI_PROVIDER=cxi
0:   FI_CXI_RDZV_PROTO=alt_read
0: 
0: # nccl-tests version 2.17.8 nccl-headers=22902 nccl-library=22903
0: # Collective test starting: sendrecv_perf_mpi
0: # nThread 1 nGpus 1 minBytes 16777216 maxBytes 268435456 step: 4(factor) warmup iters: 5 iters: 20 agg iters: 1 validation: 1 graph: 0
0: #
0: # Using devices
0: #  Rank  0 Group  0 Pid 140111 on  nid007133 device  0 [0029:01:00] NVIDIA GH200 120GB
0: #  Rank  1 Group  0 Pid  46988 on  nid007176 device  0 [0039:01:00] NVIDIA GH200 120GB
0: #
0: #                                                              out-of-place                       in-place          
0: #       size         count      type   redop    root     time   algbw   busbw  #wrong     time   algbw   busbw  #wrong 
0: #        (B)    (elements)                               (us)  (GB/s)  (GB/s)             (us)  (GB/s)  (GB/s)         
0:     16777216       4194304     float     sum      -1   784.67   21.38   21.38       0   786.54   21.33   21.33    N/A
0:     67108864      16777216     float     sum      -1  2964.95   22.63   22.63       0  2959.29   22.68   22.68    N/A
0:    268435456      67108864     float     sum      -1  11624.7   23.09   23.09       0  11621.2   23.10   23.10    N/A
0: # Out of bounds values : 0 OK
0: # Avg bus bandwidth    : 22.3689 
0: #
0: # Collective test concluded: sendrecv_perf_mpi
0: #
0: 

##### pass 4/8  cross nid007133:g3 <-> nid007176:g0  sendrecv
0: 
0: WARNING: FI_CXI_RDZV_PROTO=alt_read is configured, but the Slurm network is
0: not set to disable rendezvous GET. Performance/stability may be impacted.
0: 
0: Expected Slurm launch:
0:   srun --network=disable_rdzv_get ...
0: or
0:   SLURM_NETWORK=disable_rdzv_get srun ...
0: 
0: Context:
0:   SLURM_NETWORK=<unset>
0:   FI_PROVIDER=cxi
0:   FI_CXI_RDZV_PROTO=alt_read
0: 
0: # nccl-tests version 2.17.8 nccl-headers=22902 nccl-library=22903
0: # Collective test starting: sendrecv_perf_mpi
0: # nThread 1 nGpus 1 minBytes 16777216 maxBytes 268435456 step: 4(factor) warmup iters: 5 iters: 20 agg iters: 1 validation: 1 graph: 0
0: #
0: # Using devices
0: #  Rank  0 Group  0 Pid 141075 on  nid007133 device  0 [0039:01:00] NVIDIA GH200 120GB
0: #  Rank  1 Group  0 Pid  47942 on  nid007176 device  0 [0009:01:00] NVIDIA GH200 120GB
0: #
0: #                                                              out-of-place                       in-place          
0: #       size         count      type   redop    root     time   algbw   busbw  #wrong     time   algbw   busbw  #wrong 
0: #        (B)    (elements)                               (us)  (GB/s)  (GB/s)             (us)  (GB/s)  (GB/s)         
0:     16777216       4194304     float     sum      -1   776.70   21.60   21.60       0   775.72   21.63   21.63    N/A
0:     67108864      16777216     float     sum      -1  2945.23   22.79   22.79       0  2947.41   22.77   22.77    N/A
0:    268435456      67108864     float     sum      -1  11606.9   23.13   23.13       0  11614.0   23.11   23.11    N/A
0: # Out of bounds values : 0 OK
0: # Avg bus bandwidth    : 22.5039 
0: #
0: # Collective test concluded: sendrecv_perf_mpi
0: #
0: 

##### pass 4/8  cross nid007133:g3 <-> nid007176:g1  sendrecv
0: 
0: WARNING: FI_CXI_RDZV_PROTO=alt_read is configured, but the Slurm network is
0: not set to disable rendezvous GET. Performance/stability may be impacted.
0: 
0: Expected Slurm launch:
0:   srun --network=disable_rdzv_get ...
0: or
0:   SLURM_NETWORK=disable_rdzv_get srun ...
0: 
0: Context:
0:   SLURM_NETWORK=<unset>
0:   FI_PROVIDER=cxi
0:   FI_CXI_RDZV_PROTO=alt_read
0: 
0: # nccl-tests version 2.17.8 nccl-headers=22902 nccl-library=22903
0: # Collective test starting: sendrecv_perf_mpi
0: # nThread 1 nGpus 1 minBytes 16777216 maxBytes 268435456 step: 4(factor) warmup iters: 5 iters: 20 agg iters: 1 validation: 1 graph: 0
0: #
0: # Using devices
0: #  Rank  0 Group  0 Pid 142044 on  nid007133 device  0 [0039:01:00] NVIDIA GH200 120GB
0: #  Rank  1 Group  0 Pid  48878 on  nid007176 device  0 [0019:01:00] NVIDIA GH200 120GB
0: #
0: #                                                              out-of-place                       in-place          
0: #       size         count      type   redop    root     time   algbw   busbw  #wrong     time   algbw   busbw  #wrong 
0: #        (B)    (elements)                               (us)  (GB/s)  (GB/s)             (us)  (GB/s)  (GB/s)         
0:     16777216       4194304     float     sum      -1   784.69   21.38   21.38       0   788.05   21.29   21.29    N/A
0:     67108864      16777216     float     sum      -1  2967.62   22.61   22.61       0  2970.75   22.59   22.59    N/A
0:    268435456      67108864     float     sum      -1  11621.2   23.10   23.10       0  11624.4   23.09   23.09    N/A
0: # Out of bounds values : 0 OK
0: # Avg bus bandwidth    : 22.3442 
0: #
0: # Collective test concluded: sendrecv_perf_mpi
0: #
0: 

##### pass 4/8  cross nid007133:g3 <-> nid007176:g2  sendrecv
0: 
0: WARNING: FI_CXI_RDZV_PROTO=alt_read is configured, but the Slurm network is
0: not set to disable rendezvous GET. Performance/stability may be impacted.
0: 
0: Expected Slurm launch:
0:   srun --network=disable_rdzv_get ...
0: or
0:   SLURM_NETWORK=disable_rdzv_get srun ...
0: 
0: Context:
0:   SLURM_NETWORK=<unset>
0:   FI_PROVIDER=cxi
0:   FI_CXI_RDZV_PROTO=alt_read
0: 
0: # nccl-tests version 2.17.8 nccl-headers=22902 nccl-library=22903
0: # Collective test starting: sendrecv_perf_mpi
0: # nThread 1 nGpus 1 minBytes 16777216 maxBytes 268435456 step: 4(factor) warmup iters: 5 iters: 20 agg iters: 1 validation: 1 graph: 0
0: #
0: # Using devices
0: #  Rank  0 Group  0 Pid 143032 on  nid007133 device  0 [0039:01:00] NVIDIA GH200 120GB
0: #  Rank  1 Group  0 Pid  49817 on  nid007176 device  0 [0029:01:00] NVIDIA GH200 120GB
0: #
0: #                                                              out-of-place                       in-place          
0: #       size         count      type   redop    root     time   algbw   busbw  #wrong     time   algbw   busbw  #wrong 
0: #        (B)    (elements)                               (us)  (GB/s)  (GB/s)             (us)  (GB/s)  (GB/s)         
0:     16777216       4194304     float     sum      -1   784.18   21.39   21.39       0   783.92   21.40   21.40    N/A
0:     67108864      16777216     float     sum      -1  2960.11   22.67   22.67       0  2964.82   22.64   22.64    N/A
0:    268435456      67108864     float     sum      -1  11628.6   23.08   23.08       0  11629.7   23.08   23.08    N/A
0: # Out of bounds values : 0 OK
0: # Avg bus bandwidth    : 22.3781 
0: #
0: # Collective test concluded: sendrecv_perf_mpi
0: #
0: 

##### pass 4/8  cross nid007133:g3 <-> nid007176:g3  sendrecv
0: 
0: WARNING: FI_CXI_RDZV_PROTO=alt_read is configured, but the Slurm network is
0: not set to disable rendezvous GET. Performance/stability may be impacted.
0: 
0: Expected Slurm launch:
0:   srun --network=disable_rdzv_get ...
0: or
0:   SLURM_NETWORK=disable_rdzv_get srun ...
0: 
0: Context:
0:   SLURM_NETWORK=<unset>
0:   FI_PROVIDER=cxi
0:   FI_CXI_RDZV_PROTO=alt_read
0: 
0: # nccl-tests version 2.17.8 nccl-headers=22902 nccl-library=22903
0: # Collective test starting: sendrecv_perf_mpi
0: # nThread 1 nGpus 1 minBytes 16777216 maxBytes 268435456 step: 4(factor) warmup iters: 5 iters: 20 agg iters: 1 validation: 1 graph: 0
0: #
0: # Using devices
0: #  Rank  0 Group  0 Pid 143997 on  nid007133 device  0 [0039:01:00] NVIDIA GH200 120GB
0: #  Rank  1 Group  0 Pid  50770 on  nid007176 device  0 [0039:01:00] NVIDIA GH200 120GB
0: #
0: #                                                              out-of-place                       in-place          
0: #       size         count      type   redop    root     time   algbw   busbw  #wrong     time   algbw   busbw  #wrong 
0: #        (B)    (elements)                               (us)  (GB/s)  (GB/s)             (us)  (GB/s)  (GB/s)         
0:     16777216       4194304     float     sum      -1   788.22   21.28   21.28       0   785.77   21.35   21.35    N/A
0:     67108864      16777216     float     sum      -1  2969.31   22.60   22.60       0  2961.61   22.66   22.66    N/A
0:    268435456      67108864     float     sum      -1  11632.3   23.08   23.08       0  11638.7   23.06   23.06    N/A
0: # Out of bounds values : 0 OK
0: # Avg bus bandwidth    : 22.3396 
0: #
0: # Collective test concluded: sendrecv_perf_mpi
0: #
0: 

##### pass 5/8  cross nid007133:g0 <-> nid007176:g0  sendrecv
0: 
0: WARNING: FI_CXI_RDZV_PROTO=alt_read is configured, but the Slurm network is
0: not set to disable rendezvous GET. Performance/stability may be impacted.
0: 
0: Expected Slurm launch:
0:   srun --network=disable_rdzv_get ...
0: or
0:   SLURM_NETWORK=disable_rdzv_get srun ...
0: 
0: Context:
0:   SLURM_NETWORK=<unset>
0:   FI_PROVIDER=cxi
0:   FI_CXI_RDZV_PROTO=alt_read
0: 
0: # nccl-tests version 2.17.8 nccl-headers=22902 nccl-library=22903
0: # Collective test starting: sendrecv_perf_mpi
0: # nThread 1 nGpus 1 minBytes 16777216 maxBytes 268435456 step: 4(factor) warmup iters: 5 iters: 20 agg iters: 1 validation: 1 graph: 0
0: #
0: # Using devices
0: #  Rank  0 Group  0 Pid 144987 on  nid007133 device  0 [0009:01:00] NVIDIA GH200 120GB
0: #  Rank  1 Group  0 Pid  51706 on  nid007176 device  0 [0009:01:00] NVIDIA GH200 120GB
0: #
0: #                                                              out-of-place                       in-place          
0: #       size         count      type   redop    root     time   algbw   busbw  #wrong     time   algbw   busbw  #wrong 
0: #        (B)    (elements)                               (us)  (GB/s)  (GB/s)             (us)  (GB/s)  (GB/s)         
0:     16777216       4194304     float     sum      -1   764.11   21.96   21.96       0   773.03   21.70   21.70    N/A
0:     67108864      16777216     float     sum      -1  2922.91   22.96   22.96       0  2942.47   22.81   22.81    N/A
0:    268435456      67108864     float     sum      -1  11585.6   23.17   23.17       0  11583.1   23.17   23.17    N/A
0: # Out of bounds values : 0 OK
0: # Avg bus bandwidth    : 22.6285 
0: #
0: # Collective test concluded: sendrecv_perf_mpi
0: #
0: 

##### pass 5/8  cross nid007133:g0 <-> nid007176:g1  sendrecv
0: 
0: WARNING: FI_CXI_RDZV_PROTO=alt_read is configured, but the Slurm network is
0: not set to disable rendezvous GET. Performance/stability may be impacted.
0: 
0: Expected Slurm launch:
0:   srun --network=disable_rdzv_get ...
0: or
0:   SLURM_NETWORK=disable_rdzv_get srun ...
0: 
0: Context:
0:   SLURM_NETWORK=<unset>
0:   FI_PROVIDER=cxi
0:   FI_CXI_RDZV_PROTO=alt_read
0: 
0: # nccl-tests version 2.17.8 nccl-headers=22902 nccl-library=22903
0: # Collective test starting: sendrecv_perf_mpi
0: # nThread 1 nGpus 1 minBytes 16777216 maxBytes 268435456 step: 4(factor) warmup iters: 5 iters: 20 agg iters: 1 validation: 1 graph: 0
0: #
0: # Using devices
0: #  Rank  0 Group  0 Pid 145968 on  nid007133 device  0 [0009:01:00] NVIDIA GH200 120GB
0: #  Rank  1 Group  0 Pid  52659 on  nid007176 device  0 [0019:01:00] NVIDIA GH200 120GB
0: #
0: #                                                              out-of-place                       in-place          
0: #       size         count      type   redop    root     time   algbw   busbw  #wrong     time   algbw   busbw  #wrong 
0: #        (B)    (elements)                               (us)  (GB/s)  (GB/s)             (us)  (GB/s)  (GB/s)         
0:     16777216       4194304     float     sum      -1   780.20   21.50   21.50       0   778.76   21.54   21.54    N/A
0:     67108864      16777216     float     sum      -1  2949.50   22.75   22.75       0  2947.38   22.77   22.77    N/A
0:    268435456      67108864     float     sum      -1  11610.2   23.12   23.12       0  11612.1   23.12   23.12    N/A
0: # Out of bounds values : 0 OK
0: # Avg bus bandwidth    : 22.4678 
0: #
0: # Collective test concluded: sendrecv_perf_mpi
0: #
0: 

##### pass 5/8  cross nid007133:g0 <-> nid007176:g2  sendrecv
0: 
0: WARNING: FI_CXI_RDZV_PROTO=alt_read is configured, but the Slurm network is
0: not set to disable rendezvous GET. Performance/stability may be impacted.
0: 
0: Expected Slurm launch:
0:   srun --network=disable_rdzv_get ...
0: or
0:   SLURM_NETWORK=disable_rdzv_get srun ...
0: 
0: Context:
0:   SLURM_NETWORK=<unset>
0:   FI_PROVIDER=cxi
0:   FI_CXI_RDZV_PROTO=alt_read
0: 
0: # nccl-tests version 2.17.8 nccl-headers=22902 nccl-library=22903
0: # Collective test starting: sendrecv_perf_mpi
0: # nThread 1 nGpus 1 minBytes 16777216 maxBytes 268435456 step: 4(factor) warmup iters: 5 iters: 20 agg iters: 1 validation: 1 graph: 0
0: #
0: # Using devices
0: #  Rank  0 Group  0 Pid 146936 on  nid007133 device  0 [0009:01:00] NVIDIA GH200 120GB
0: #  Rank  1 Group  0 Pid  53595 on  nid007176 device  0 [0029:01:00] NVIDIA GH200 120GB
0: #
0: #                                                              out-of-place                       in-place          
0: #       size         count      type   redop    root     time   algbw   busbw  #wrong     time   algbw   busbw  #wrong 
0: #        (B)    (elements)                               (us)  (GB/s)  (GB/s)             (us)  (GB/s)  (GB/s)         
0:     16777216       4194304     float     sum      -1   775.68   21.63   21.63       0   776.10   21.62   21.62    N/A
0:     67108864      16777216     float     sum      -1  2949.35   22.75   22.75       0  2954.76   22.71   22.71    N/A
0:    268435456      67108864     float     sum      -1  11599.5   23.14   23.14       0  11611.2   23.12   23.12    N/A
0: # Out of bounds values : 0 OK
0: # Avg bus bandwidth    : 22.4955 
0: #
0: # Collective test concluded: sendrecv_perf_mpi
0: #
0: 

##### pass 5/8  cross nid007133:g0 <-> nid007176:g3  sendrecv
0: 
0: WARNING: FI_CXI_RDZV_PROTO=alt_read is configured, but the Slurm network is
0: not set to disable rendezvous GET. Performance/stability may be impacted.
0: 
0: Expected Slurm launch:
0:   srun --network=disable_rdzv_get ...
0: or
0:   SLURM_NETWORK=disable_rdzv_get srun ...
0: 
0: Context:
0:   SLURM_NETWORK=<unset>
0:   FI_PROVIDER=cxi
0:   FI_CXI_RDZV_PROTO=alt_read
0: 
0: # nccl-tests version 2.17.8 nccl-headers=22902 nccl-library=22903
0: # Collective test starting: sendrecv_perf_mpi
0: # nThread 1 nGpus 1 minBytes 16777216 maxBytes 268435456 step: 4(factor) warmup iters: 5 iters: 20 agg iters: 1 validation: 1 graph: 0
0: #
0: # Using devices
0: #  Rank  0 Group  0 Pid 147927 on  nid007133 device  0 [0009:01:00] NVIDIA GH200 120GB
0: #  Rank  1 Group  0 Pid  54531 on  nid007176 device  0 [0039:01:00] NVIDIA GH200 120GB
0: #
0: #                                                              out-of-place                       in-place          
0: #       size         count      type   redop    root     time   algbw   busbw  #wrong     time   algbw   busbw  #wrong 
0: #        (B)    (elements)                               (us)  (GB/s)  (GB/s)             (us)  (GB/s)  (GB/s)         
0:     16777216       4194304     float     sum      -1   775.69   21.63   21.63       0   773.70   21.68   21.68    N/A
0:     67108864      16777216     float     sum      -1  2948.12   22.76   22.76       0  2950.17   22.75   22.75    N/A
0:    268435456      67108864     float     sum      -1  11604.2   23.13   23.13       0  11612.3   23.12   23.12    N/A
0: # Out of bounds values : 0 OK
0: # Avg bus bandwidth    : 22.5122 
0: #
0: # Collective test concluded: sendrecv_perf_mpi
0: #
0: 

##### pass 5/8  cross nid007133:g1 <-> nid007176:g0  sendrecv
0: 
0: WARNING: FI_CXI_RDZV_PROTO=alt_read is configured, but the Slurm network is
0: not set to disable rendezvous GET. Performance/stability may be impacted.
0: 
0: Expected Slurm launch:
0:   srun --network=disable_rdzv_get ...
0: or
0:   SLURM_NETWORK=disable_rdzv_get srun ...
0: 
0: Context:
0:   SLURM_NETWORK=<unset>
0:   FI_PROVIDER=cxi
0:   FI_CXI_RDZV_PROTO=alt_read
0: 
0: # nccl-tests version 2.17.8 nccl-headers=22902 nccl-library=22903
0: # Collective test starting: sendrecv_perf_mpi
0: # nThread 1 nGpus 1 minBytes 16777216 maxBytes 268435456 step: 4(factor) warmup iters: 5 iters: 20 agg iters: 1 validation: 1 graph: 0
0: #
0: # Using devices
0: #  Rank  0 Group  0 Pid 148892 on  nid007133 device  0 [0019:01:00] NVIDIA GH200 120GB
0: #  Rank  1 Group  0 Pid  55486 on  nid007176 device  0 [0009:01:00] NVIDIA GH200 120GB
0: #
0: #                                                              out-of-place                       in-place          
0: #       size         count      type   redop    root     time   algbw   busbw  #wrong     time   algbw   busbw  #wrong 
0: #        (B)    (elements)                               (us)  (GB/s)  (GB/s)             (us)  (GB/s)  (GB/s)         
0:     16777216       4194304     float     sum      -1   777.62   21.58   21.58       0   776.02   21.62   21.62    N/A
0:     67108864      16777216     float     sum      -1  2952.01   22.73   22.73       0  2955.85   22.70   22.70    N/A
0:    268435456      67108864     float     sum      -1  11614.1   23.11   23.11       0  11613.4   23.11   23.11    N/A
0: # Out of bounds values : 0 OK
0: # Avg bus bandwidth    : 22.4765 
0: #
0: # Collective test concluded: sendrecv_perf_mpi
0: #
0: 

##### pass 5/8  cross nid007133:g1 <-> nid007176:g1  sendrecv
0: 
0: WARNING: FI_CXI_RDZV_PROTO=alt_read is configured, but the Slurm network is
0: not set to disable rendezvous GET. Performance/stability may be impacted.
0: 
0: Expected Slurm launch:
0:   srun --network=disable_rdzv_get ...
0: or
0:   SLURM_NETWORK=disable_rdzv_get srun ...
0: 
0: Context:
0:   SLURM_NETWORK=<unset>
0:   FI_PROVIDER=cxi
0:   FI_CXI_RDZV_PROTO=alt_read
0: 
0: # nccl-tests version 2.17.8 nccl-headers=22902 nccl-library=22903
0: # Collective test starting: sendrecv_perf_mpi
0: # nThread 1 nGpus 1 minBytes 16777216 maxBytes 268435456 step: 4(factor) warmup iters: 5 iters: 20 agg iters: 1 validation: 1 graph: 0
0: #
0: # Using devices
0: #  Rank  0 Group  0 Pid 149882 on  nid007133 device  0 [0019:01:00] NVIDIA GH200 120GB
0: #  Rank  1 Group  0 Pid  56421 on  nid007176 device  0 [0019:01:00] NVIDIA GH200 120GB
0: #
0: #                                                              out-of-place                       in-place          
0: #       size         count      type   redop    root     time   algbw   busbw  #wrong     time   algbw   busbw  #wrong 
0: #        (B)    (elements)                               (us)  (GB/s)  (GB/s)             (us)  (GB/s)  (GB/s)         
0:     16777216       4194304     float     sum      -1   785.85   21.35   21.35       0   781.50   21.47   21.47    N/A
0:     67108864      16777216     float     sum      -1  2967.05   22.62   22.62       0  2968.81   22.60   22.60    N/A
0:    268435456      67108864     float     sum      -1  11631.1   23.08   23.08       0  11638.9   23.06   23.06    N/A
0: # Out of bounds values : 0 OK
0: # Avg bus bandwidth    : 22.3638 
0: #
0: # Collective test concluded: sendrecv_perf_mpi
0: #
0: 

##### pass 5/8  cross nid007133:g1 <-> nid007176:g2  sendrecv
0: 
0: WARNING: FI_CXI_RDZV_PROTO=alt_read is configured, but the Slurm network is
0: not set to disable rendezvous GET. Performance/stability may be impacted.
0: 
0: Expected Slurm launch:
0:   srun --network=disable_rdzv_get ...
0: or
0:   SLURM_NETWORK=disable_rdzv_get srun ...
0: 
0: Context:
0:   SLURM_NETWORK=<unset>
0:   FI_PROVIDER=cxi
0:   FI_CXI_RDZV_PROTO=alt_read
0: 
0: # nccl-tests version 2.17.8 nccl-headers=22902 nccl-library=22903
0: # Collective test starting: sendrecv_perf_mpi
0: # nThread 1 nGpus 1 minBytes 16777216 maxBytes 268435456 step: 4(factor) warmup iters: 5 iters: 20 agg iters: 1 validation: 1 graph: 0
0: #
0: # Using devices
0: #  Rank  0 Group  0 Pid 150871 on  nid007133 device  0 [0019:01:00] NVIDIA GH200 120GB
0: #  Rank  1 Group  0 Pid  57359 on  nid007176 device  0 [0029:01:00] NVIDIA GH200 120GB
0: #
0: #                                                              out-of-place                       in-place          
0: #       size         count      type   redop    root     time   algbw   busbw  #wrong     time   algbw   busbw  #wrong 
0: #        (B)    (elements)                               (us)  (GB/s)  (GB/s)             (us)  (GB/s)  (GB/s)         
0:     16777216       4194304     float     sum      -1   788.30   21.28   21.28       0   782.71   21.43   21.43    N/A
0:     67108864      16777216     float     sum      -1  2967.17   22.62   22.62       0  2963.20   22.65   22.65    N/A
0:    268435456      67108864     float     sum      -1  11637.2   23.07   23.07       0  11634.6   23.07   23.07    N/A
0: # Out of bounds values : 0 OK
0: # Avg bus bandwidth    : 22.3536 
0: #
0: # Collective test concluded: sendrecv_perf_mpi
0: #
0: 

##### pass 5/8  cross nid007133:g1 <-> nid007176:g3  sendrecv
0: 
0: WARNING: FI_CXI_RDZV_PROTO=alt_read is configured, but the Slurm network is
0: not set to disable rendezvous GET. Performance/stability may be impacted.
0: 
0: Expected Slurm launch:
0:   srun --network=disable_rdzv_get ...
0: or
0:   SLURM_NETWORK=disable_rdzv_get srun ...
0: 
0: Context:
0:   SLURM_NETWORK=<unset>
0:   FI_PROVIDER=cxi
0:   FI_CXI_RDZV_PROTO=alt_read
0: 
0: # nccl-tests version 2.17.8 nccl-headers=22902 nccl-library=22903
0: # Collective test starting: sendrecv_perf_mpi
0: # nThread 1 nGpus 1 minBytes 16777216 maxBytes 268435456 step: 4(factor) warmup iters: 5 iters: 20 agg iters: 1 validation: 1 graph: 0
0: #
0: # Using devices
0: #  Rank  0 Group  0 Pid 151840 on  nid007133 device  0 [0019:01:00] NVIDIA GH200 120GB
0: #  Rank  1 Group  0 Pid  58309 on  nid007176 device  0 [0039:01:00] NVIDIA GH200 120GB
0: #
0: #                                                              out-of-place                       in-place          
0: #       size         count      type   redop    root     time   algbw   busbw  #wrong     time   algbw   busbw  #wrong 
0: #        (B)    (elements)                               (us)  (GB/s)  (GB/s)             (us)  (GB/s)  (GB/s)         
0:     16777216       4194304     float     sum      -1   785.86   21.35   21.35       0   786.78   21.32   21.32    N/A
0:     67108864      16777216     float     sum      -1  2963.89   22.64   22.64       0  2966.09   22.63   22.63    N/A
0:    268435456      67108864     float     sum      -1  11644.7   23.05   23.05       0  11649.5   23.04   23.04    N/A
0: # Out of bounds values : 0 OK
0: # Avg bus bandwidth    : 22.3392 
0: #
0: # Collective test concluded: sendrecv_perf_mpi
0: #
0: 

##### pass 5/8  cross nid007133:g2 <-> nid007176:g0  sendrecv
0: 
0: WARNING: FI_CXI_RDZV_PROTO=alt_read is configured, but the Slurm network is
0: not set to disable rendezvous GET. Performance/stability may be impacted.
0: 
0: Expected Slurm launch:
0:   srun --network=disable_rdzv_get ...
0: or
0:   SLURM_NETWORK=disable_rdzv_get srun ...
0: 
0: Context:
0:   SLURM_NETWORK=<unset>
0:   FI_PROVIDER=cxi
0:   FI_CXI_RDZV_PROTO=alt_read
0: 
0: # nccl-tests version 2.17.8 nccl-headers=22902 nccl-library=22903
0: # Collective test starting: sendrecv_perf_mpi
0: # nThread 1 nGpus 1 minBytes 16777216 maxBytes 268435456 step: 4(factor) warmup iters: 5 iters: 20 agg iters: 1 validation: 1 graph: 0
0: #
0: # Using devices
0: #  Rank  0 Group  0 Pid 152824 on  nid007133 device  0 [0029:01:00] NVIDIA GH200 120GB
0: #  Rank  1 Group  0 Pid  59249 on  nid007176 device  0 [0009:01:00] NVIDIA GH200 120GB
0: #
0: #                                                              out-of-place                       in-place          
0: #       size         count      type   redop    root     time   algbw   busbw  #wrong     time   algbw   busbw  #wrong 
0: #        (B)    (elements)                               (us)  (GB/s)  (GB/s)             (us)  (GB/s)  (GB/s)         
0:     16777216       4194304     float     sum      -1   777.24   21.59   21.59       0   776.45   21.61   21.61    N/A
0:     67108864      16777216     float     sum      -1  2953.98   22.72   22.72       0  2948.75   22.76   22.76    N/A
0:    268435456      67108864     float     sum      -1  11607.2   23.13   23.13       0  11611.7   23.12   23.12    N/A
0: # Out of bounds values : 0 OK
0: # Avg bus bandwidth    : 22.4857 
0: #
0: # Collective test concluded: sendrecv_perf_mpi
0: #
0: 

##### pass 5/8  cross nid007133:g2 <-> nid007176:g1  sendrecv
0: 
0: WARNING: FI_CXI_RDZV_PROTO=alt_read is configured, but the Slurm network is
0: not set to disable rendezvous GET. Performance/stability may be impacted.
0: 
0: Expected Slurm launch:
0:   srun --network=disable_rdzv_get ...
0: or
0:   SLURM_NETWORK=disable_rdzv_get srun ...
0: 
0: Context:
0:   SLURM_NETWORK=<unset>
0:   FI_PROVIDER=cxi
0:   FI_CXI_RDZV_PROTO=alt_read
0: 
0: # nccl-tests version 2.17.8 nccl-headers=22902 nccl-library=22903
0: # Collective test starting: sendrecv_perf_mpi
0: # nThread 1 nGpus 1 minBytes 16777216 maxBytes 268435456 step: 4(factor) warmup iters: 5 iters: 20 agg iters: 1 validation: 1 graph: 0
0: #
0: # Using devices
0: #  Rank  0 Group  0 Pid 153791 on  nid007133 device  0 [0029:01:00] NVIDIA GH200 120GB
0: #  Rank  1 Group  0 Pid  60200 on  nid007176 device  0 [0019:01:00] NVIDIA GH200 120GB
0: #
0: #                                                              out-of-place                       in-place          
0: #       size         count      type   redop    root     time   algbw   busbw  #wrong     time   algbw   busbw  #wrong 
0: #        (B)    (elements)                               (us)  (GB/s)  (GB/s)             (us)  (GB/s)  (GB/s)         
0:     16777216       4194304     float     sum      -1   788.20   21.29   21.29       0   779.99   21.51   21.51    N/A
0:     67108864      16777216     float     sum      -1  2961.80   22.66   22.66       0  2962.35   22.65   22.65    N/A
0:    268435456      67108864     float     sum      -1  11630.2   23.08   23.08       0  11628.4   23.08   23.08    N/A
0: # Out of bounds values : 0 OK
0: # Avg bus bandwidth    : 22.3787 
0: #
0: # Collective test concluded: sendrecv_perf_mpi
0: #
0: 

##### pass 5/8  cross nid007133:g2 <-> nid007176:g2  sendrecv
0: 
0: WARNING: FI_CXI_RDZV_PROTO=alt_read is configured, but the Slurm network is
0: not set to disable rendezvous GET. Performance/stability may be impacted.
0: 
0: Expected Slurm launch:
0:   srun --network=disable_rdzv_get ...
0: or
0:   SLURM_NETWORK=disable_rdzv_get srun ...
0: 
0: Context:
0:   SLURM_NETWORK=<unset>
0:   FI_PROVIDER=cxi
0:   FI_CXI_RDZV_PROTO=alt_read
0: 
0: # nccl-tests version 2.17.8 nccl-headers=22902 nccl-library=22903
0: # Collective test starting: sendrecv_perf_mpi
0: # nThread 1 nGpus 1 minBytes 16777216 maxBytes 268435456 step: 4(factor) warmup iters: 5 iters: 20 agg iters: 1 validation: 1 graph: 0
0: #
0: # Using devices
0: #  Rank  0 Group  0 Pid 154758 on  nid007133 device  0 [0029:01:00] NVIDIA GH200 120GB
0: #  Rank  1 Group  0 Pid  61139 on  nid007176 device  0 [0029:01:00] NVIDIA GH200 120GB
0: #
0: #                                                              out-of-place                       in-place          
0: #       size         count      type   redop    root     time   algbw   busbw  #wrong     time   algbw   busbw  #wrong 
0: #        (B)    (elements)                               (us)  (GB/s)  (GB/s)             (us)  (GB/s)  (GB/s)         
0:     16777216       4194304     float     sum      -1   786.18   21.34   21.34       0   787.32   21.31   21.31    N/A
0:     67108864      16777216     float     sum      -1  2968.59   22.61   22.61       0  2967.82   22.61   22.61    N/A
0:    268435456      67108864     float     sum      -1  11631.2   23.08   23.08       0  11635.8   23.07   23.07    N/A
0: # Out of bounds values : 0 OK
0: # Avg bus bandwidth    : 22.3361 
0: #
0: # Collective test concluded: sendrecv_perf_mpi
0: #
0: 

##### pass 5/8  cross nid007133:g2 <-> nid007176:g3  sendrecv
0: 
0: WARNING: FI_CXI_RDZV_PROTO=alt_read is configured, but the Slurm network is
0: not set to disable rendezvous GET. Performance/stability may be impacted.
0: 
0: Expected Slurm launch:
0:   srun --network=disable_rdzv_get ...
0: or
0:   SLURM_NETWORK=disable_rdzv_get srun ...
0: 
0: Context:
0:   SLURM_NETWORK=<unset>
0:   FI_PROVIDER=cxi
0:   FI_CXI_RDZV_PROTO=alt_read
0: 
0: # nccl-tests version 2.17.8 nccl-headers=22902 nccl-library=22903
0: # Collective test starting: sendrecv_perf_mpi
0: # nThread 1 nGpus 1 minBytes 16777216 maxBytes 268435456 step: 4(factor) warmup iters: 5 iters: 20 agg iters: 1 validation: 1 graph: 0
0: #
0: # Using devices
0: #  Rank  0 Group  0 Pid 155747 on  nid007133 device  0 [0029:01:00] NVIDIA GH200 120GB
0: #  Rank  1 Group  0 Pid  62099 on  nid007176 device  0 [0039:01:00] NVIDIA GH200 120GB
0: #
0: #                                                              out-of-place                       in-place          
0: #       size         count      type   redop    root     time   algbw   busbw  #wrong     time   algbw   busbw  #wrong 
0: #        (B)    (elements)                               (us)  (GB/s)  (GB/s)             (us)  (GB/s)  (GB/s)         
0:     16777216       4194304     float     sum      -1   786.69   21.33   21.33       0   787.68   21.30   21.30    N/A
0:     67108864      16777216     float     sum      -1  2967.75   22.61   22.61       0  2976.95   22.54   22.54    N/A
0:    268435456      67108864     float     sum      -1  11630.4   23.08   23.08       0  11630.3   23.08   23.08    N/A
0: # Out of bounds values : 0 OK
0: # Avg bus bandwidth    : 22.3238 
0: #
0: # Collective test concluded: sendrecv_perf_mpi
0: #
0: 

##### pass 5/8  cross nid007133:g3 <-> nid007176:g0  sendrecv
0: 
0: WARNING: FI_CXI_RDZV_PROTO=alt_read is configured, but the Slurm network is
0: not set to disable rendezvous GET. Performance/stability may be impacted.
0: 
0: Expected Slurm launch:
0:   srun --network=disable_rdzv_get ...
0: or
0:   SLURM_NETWORK=disable_rdzv_get srun ...
0: 
0: Context:
0:   SLURM_NETWORK=<unset>
0:   FI_PROVIDER=cxi
0:   FI_CXI_RDZV_PROTO=alt_read
0: 
0: # nccl-tests version 2.17.8 nccl-headers=22902 nccl-library=22903
0: # Collective test starting: sendrecv_perf_mpi
0: # nThread 1 nGpus 1 minBytes 16777216 maxBytes 268435456 step: 4(factor) warmup iters: 5 iters: 20 agg iters: 1 validation: 1 graph: 0
0: #
0: # Using devices
0: #  Rank  0 Group  0 Pid 156714 on  nid007133 device  0 [0039:01:00] NVIDIA GH200 120GB
0: #  Rank  1 Group  0 Pid  63057 on  nid007176 device  0 [0009:01:00] NVIDIA GH200 120GB
0: #
0: #                                                              out-of-place                       in-place          
0: #       size         count      type   redop    root     time   algbw   busbw  #wrong     time   algbw   busbw  #wrong 
0: #        (B)    (elements)                               (us)  (GB/s)  (GB/s)             (us)  (GB/s)  (GB/s)         
0:     16777216       4194304     float     sum      -1   774.82   21.65   21.65       0   778.11   21.56   21.56    N/A
0:     67108864      16777216     float     sum      -1  2953.80   22.72   22.72       0  2947.95   22.76   22.76    N/A
0:    268435456      67108864     float     sum      -1  11612.8   23.12   23.12       0  11610.7   23.12   23.12    N/A
0: # Out of bounds values : 0 OK
0: # Avg bus bandwidth    : 22.489 
0: #
0: # Collective test concluded: sendrecv_perf_mpi
0: #
0: 

##### pass 5/8  cross nid007133:g3 <-> nid007176:g1  sendrecv
0: 
0: WARNING: FI_CXI_RDZV_PROTO=alt_read is configured, but the Slurm network is
0: not set to disable rendezvous GET. Performance/stability may be impacted.
0: 
0: Expected Slurm launch:
0:   srun --network=disable_rdzv_get ...
0: or
0:   SLURM_NETWORK=disable_rdzv_get srun ...
0: 
0: Context:
0:   SLURM_NETWORK=<unset>
0:   FI_PROVIDER=cxi
0:   FI_CXI_RDZV_PROTO=alt_read
0: 
0: # nccl-tests version 2.17.8 nccl-headers=22902 nccl-library=22903
0: # Collective test starting: sendrecv_perf_mpi
0: # nThread 1 nGpus 1 minBytes 16777216 maxBytes 268435456 step: 4(factor) warmup iters: 5 iters: 20 agg iters: 1 validation: 1 graph: 0
0: #
0: # Using devices
0: #  Rank  0 Group  0 Pid 157683 on  nid007133 device  0 [0039:01:00] NVIDIA GH200 120GB
0: #  Rank  1 Group  0 Pid  63989 on  nid007176 device  0 [0019:01:00] NVIDIA GH200 120GB
0: #
0: #                                                              out-of-place                       in-place          
0: #       size         count      type   redop    root     time   algbw   busbw  #wrong     time   algbw   busbw  #wrong 
0: #        (B)    (elements)                               (us)  (GB/s)  (GB/s)             (us)  (GB/s)  (GB/s)         
0:     16777216       4194304     float     sum      -1   784.98   21.37   21.37       0   787.18   21.31   21.31    N/A
0:     67108864      16777216     float     sum      -1  2968.75   22.61   22.61       0  2962.26   22.65   22.65    N/A
0:    268435456      67108864     float     sum      -1  11630.9   23.08   23.08       0  11636.1   23.07   23.07    N/A
0: # Out of bounds values : 0 OK
0: # Avg bus bandwidth    : 22.3491 
0: #
0: # Collective test concluded: sendrecv_perf_mpi
0: #
0: 

##### pass 5/8  cross nid007133:g3 <-> nid007176:g2  sendrecv
0: 
0: WARNING: FI_CXI_RDZV_PROTO=alt_read is configured, but the Slurm network is
0: not set to disable rendezvous GET. Performance/stability may be impacted.
0: 
0: Expected Slurm launch:
0:   srun --network=disable_rdzv_get ...
0: or
0:   SLURM_NETWORK=disable_rdzv_get srun ...
0: 
0: Context:
0:   SLURM_NETWORK=<unset>
0:   FI_PROVIDER=cxi
0:   FI_CXI_RDZV_PROTO=alt_read
0: 
0: # nccl-tests version 2.17.8 nccl-headers=22902 nccl-library=22903
0: # Collective test starting: sendrecv_perf_mpi
0: # nThread 1 nGpus 1 minBytes 16777216 maxBytes 268435456 step: 4(factor) warmup iters: 5 iters: 20 agg iters: 1 validation: 1 graph: 0
0: #
0: # Using devices
0: #  Rank  0 Group  0 Pid 158672 on  nid007133 device  0 [0039:01:00] NVIDIA GH200 120GB
0: #  Rank  1 Group  0 Pid  64949 on  nid007176 device  0 [0029:01:00] NVIDIA GH200 120GB
0: #
0: #                                                              out-of-place                       in-place          
0: #       size         count      type   redop    root     time   algbw   busbw  #wrong     time   algbw   busbw  #wrong 
0: #        (B)    (elements)                               (us)  (GB/s)  (GB/s)             (us)  (GB/s)  (GB/s)         
0:     16777216       4194304     float     sum      -1   786.14   21.34   21.34       0   784.71   21.38   21.38    N/A
0:     67108864      16777216     float     sum      -1  2973.26   22.57   22.57       0  2964.43   22.64   22.64    N/A
0:    268435456      67108864     float     sum      -1  11627.0   23.09   23.09       0  11633.6   23.07   23.07    N/A
0: # Out of bounds values : 0 OK
0: # Avg bus bandwidth    : 22.3487 
0: #
0: # Collective test concluded: sendrecv_perf_mpi
0: #
0: 

##### pass 5/8  cross nid007133:g3 <-> nid007176:g3  sendrecv
0: 
0: WARNING: FI_CXI_RDZV_PROTO=alt_read is configured, but the Slurm network is
0: not set to disable rendezvous GET. Performance/stability may be impacted.
0: 
0: Expected Slurm launch:
0:   srun --network=disable_rdzv_get ...
0: or
0:   SLURM_NETWORK=disable_rdzv_get srun ...
0: 
0: Context:
0:   SLURM_NETWORK=<unset>
0:   FI_PROVIDER=cxi
0:   FI_CXI_RDZV_PROTO=alt_read
0: 
0: # nccl-tests version 2.17.8 nccl-headers=22902 nccl-library=22903
0: # Collective test starting: sendrecv_perf_mpi
0: # nThread 1 nGpus 1 minBytes 16777216 maxBytes 268435456 step: 4(factor) warmup iters: 5 iters: 20 agg iters: 1 validation: 1 graph: 0
0: #
0: # Using devices
0: #  Rank  0 Group  0 Pid 159646 on  nid007133 device  0 [0039:01:00] NVIDIA GH200 120GB
0: #  Rank  1 Group  0 Pid  65888 on  nid007176 device  0 [0039:01:00] NVIDIA GH200 120GB
0: #
0: #                                                              out-of-place                       in-place          
0: #       size         count      type   redop    root     time   algbw   busbw  #wrong     time   algbw   busbw  #wrong 
0: #        (B)    (elements)                               (us)  (GB/s)  (GB/s)             (us)  (GB/s)  (GB/s)         
0:     16777216       4194304     float     sum      -1   782.46   21.44   21.44       0   779.68   21.52   21.52    N/A
0:     67108864      16777216     float     sum      -1  2964.29   22.64   22.64       0  2968.29   22.61   22.61    N/A
0:    268435456      67108864     float     sum      -1  11627.4   23.09   23.09       0  11629.9   23.08   23.08    N/A
0: # Out of bounds values : 0 OK
0: # Avg bus bandwidth    : 22.3959 
0: #
0: # Collective test concluded: sendrecv_perf_mpi
0: #
0: 

##### pass 6/8  cross nid007133:g0 <-> nid007176:g0  sendrecv
0: 
0: WARNING: FI_CXI_RDZV_PROTO=alt_read is configured, but the Slurm network is
0: not set to disable rendezvous GET. Performance/stability may be impacted.
0: 
0: Expected Slurm launch:
0:   srun --network=disable_rdzv_get ...
0: or
0:   SLURM_NETWORK=disable_rdzv_get srun ...
0: 
0: Context:
0:   SLURM_NETWORK=<unset>
0:   FI_PROVIDER=cxi
0:   FI_CXI_RDZV_PROTO=alt_read
0: 
0: # nccl-tests version 2.17.8 nccl-headers=22902 nccl-library=22903
0: # Collective test starting: sendrecv_perf_mpi
0: # nThread 1 nGpus 1 minBytes 16777216 maxBytes 268435456 step: 4(factor) warmup iters: 5 iters: 20 agg iters: 1 validation: 1 graph: 0
0: #
0: # Using devices
0: #  Rank  0 Group  0 Pid 160630 on  nid007133 device  0 [0009:01:00] NVIDIA GH200 120GB
0: #  Rank  1 Group  0 Pid  66823 on  nid007176 device  0 [0009:01:00] NVIDIA GH200 120GB
0: #
0: #                                                              out-of-place                       in-place          
0: #       size         count      type   redop    root     time   algbw   busbw  #wrong     time   algbw   busbw  #wrong 
0: #        (B)    (elements)                               (us)  (GB/s)  (GB/s)             (us)  (GB/s)  (GB/s)         
0:     16777216       4194304     float     sum      -1   772.37   21.72   21.72       0   762.46   22.00   22.00    N/A
0:     67108864      16777216     float     sum      -1  2937.17   22.85   22.85       0  2923.10   22.96   22.96    N/A
0:    268435456      67108864     float     sum      -1  11566.5   23.21   23.21       0  11567.2   23.21   23.21    N/A
0: # Out of bounds values : 0 OK
0: # Avg bus bandwidth    : 22.6578 
0: #
0: # Collective test concluded: sendrecv_perf_mpi
0: #
0: 

##### pass 6/8  cross nid007133:g0 <-> nid007176:g1  sendrecv
0: 
0: WARNING: FI_CXI_RDZV_PROTO=alt_read is configured, but the Slurm network is
0: not set to disable rendezvous GET. Performance/stability may be impacted.
0: 
0: Expected Slurm launch:
0:   srun --network=disable_rdzv_get ...
0: or
0:   SLURM_NETWORK=disable_rdzv_get srun ...
0: 
0: Context:
0:   SLURM_NETWORK=<unset>
0:   FI_PROVIDER=cxi
0:   FI_CXI_RDZV_PROTO=alt_read
0: 
0: # nccl-tests version 2.17.8 nccl-headers=22902 nccl-library=22903
0: # Collective test starting: sendrecv_perf_mpi
0: # nThread 1 nGpus 1 minBytes 16777216 maxBytes 268435456 step: 4(factor) warmup iters: 5 iters: 20 agg iters: 1 validation: 1 graph: 0
0: #
0: # Using devices
0: #  Rank  0 Group  0 Pid 161596 on  nid007133 device  0 [0009:01:00] NVIDIA GH200 120GB
0: #  Rank  1 Group  0 Pid  67778 on  nid007176 device  0 [0019:01:00] NVIDIA GH200 120GB
0: #
0: #                                                              out-of-place                       in-place          
0: #       size         count      type   redop    root     time   algbw   busbw  #wrong     time   algbw   busbw  #wrong 
0: #        (B)    (elements)                               (us)  (GB/s)  (GB/s)             (us)  (GB/s)  (GB/s)         
0:     16777216       4194304     float     sum      -1   777.69   21.57   21.57       0   776.55   21.60   21.60    N/A
0:     67108864      16777216     float     sum      -1  2946.91   22.77   22.77       0  2948.45   22.76   22.76    N/A
0:    268435456      67108864     float     sum      -1  11607.9   23.13   23.13       0  11604.8   23.13   23.13    N/A
0: # Out of bounds values : 0 OK
0: # Avg bus bandwidth    : 22.4947 
0: #
0: # Collective test concluded: sendrecv_perf_mpi
0: #
0: 

##### pass 6/8  cross nid007133:g0 <-> nid007176:g2  sendrecv
0: 
0: WARNING: FI_CXI_RDZV_PROTO=alt_read is configured, but the Slurm network is
0: not set to disable rendezvous GET. Performance/stability may be impacted.
0: 
0: Expected Slurm launch:
0:   srun --network=disable_rdzv_get ...
0: or
0:   SLURM_NETWORK=disable_rdzv_get srun ...
0: 
0: Context:
0:   SLURM_NETWORK=<unset>
0:   FI_PROVIDER=cxi
0:   FI_CXI_RDZV_PROTO=alt_read
0: 
0: # nccl-tests version 2.17.8 nccl-headers=22902 nccl-library=22903
0: # Collective test starting: sendrecv_perf_mpi
0: # nThread 1 nGpus 1 minBytes 16777216 maxBytes 268435456 step: 4(factor) warmup iters: 5 iters: 20 agg iters: 1 validation: 1 graph: 0
0: #
0: # Using devices
0: #  Rank  0 Group  0 Pid 162564 on  nid007133 device  0 [0009:01:00] NVIDIA GH200 120GB
0: #  Rank  1 Group  0 Pid  68717 on  nid007176 device  0 [0029:01:00] NVIDIA GH200 120GB
0: #
0: #                                                              out-of-place                       in-place          
0: #       size         count      type   redop    root     time   algbw   busbw  #wrong     time   algbw   busbw  #wrong 
0: #        (B)    (elements)                               (us)  (GB/s)  (GB/s)             (us)  (GB/s)  (GB/s)         
0:     16777216       4194304     float     sum      -1   776.18   21.61   21.61       0   775.17   21.64   21.64    N/A
0:     67108864      16777216     float     sum      -1  2947.36   22.77   22.77       0  2950.55   22.74   22.74    N/A
0:    268435456      67108864     float     sum      -1  11612.4   23.12   23.12       0  11599.9   23.14   23.14    N/A
0: # Out of bounds values : 0 OK
0: # Avg bus bandwidth    : 22.5049 
0: #
0: # Collective test concluded: sendrecv_perf_mpi
0: #
0: 

##### pass 6/8  cross nid007133:g0 <-> nid007176:g3  sendrecv
0: 
0: WARNING: FI_CXI_RDZV_PROTO=alt_read is configured, but the Slurm network is
0: not set to disable rendezvous GET. Performance/stability may be impacted.
0: 
0: Expected Slurm launch:
0:   srun --network=disable_rdzv_get ...
0: or
0:   SLURM_NETWORK=disable_rdzv_get srun ...
0: 
0: Context:
0:   SLURM_NETWORK=<unset>
0:   FI_PROVIDER=cxi
0:   FI_CXI_RDZV_PROTO=alt_read
0: 
0: # nccl-tests version 2.17.8 nccl-headers=22902 nccl-library=22903
0: # Collective test starting: sendrecv_perf_mpi
0: # nThread 1 nGpus 1 minBytes 16777216 maxBytes 268435456 step: 4(factor) warmup iters: 5 iters: 20 agg iters: 1 validation: 1 graph: 0
0: #
0: # Using devices
0: #  Rank  0 Group  0 Pid 163552 on  nid007133 device  0 [0009:01:00] NVIDIA GH200 120GB
0: #  Rank  1 Group  0 Pid  69647 on  nid007176 device  0 [0039:01:00] NVIDIA GH200 120GB
0: #
0: #                                                              out-of-place                       in-place          
0: #       size         count      type   redop    root     time   algbw   busbw  #wrong     time   algbw   busbw  #wrong 
0: #        (B)    (elements)                               (us)  (GB/s)  (GB/s)             (us)  (GB/s)  (GB/s)         
0:     16777216       4194304     float     sum      -1   777.79   21.57   21.57       0   777.06   21.59   21.59    N/A
0:     67108864      16777216     float     sum      -1  2947.11   22.77   22.77       0  2952.99   22.73   22.73    N/A
0:    268435456      67108864     float     sum      -1  11604.6   23.13   23.13       0  11602.5   23.14   23.14    N/A
0: # Out of bounds values : 0 OK
0: # Avg bus bandwidth    : 22.4876 
0: #
0: # Collective test concluded: sendrecv_perf_mpi
0: #
0: 

##### pass 6/8  cross nid007133:g1 <-> nid007176:g0  sendrecv
0: 
0: WARNING: FI_CXI_RDZV_PROTO=alt_read is configured, but the Slurm network is
0: not set to disable rendezvous GET. Performance/stability may be impacted.
0: 
0: Expected Slurm launch:
0:   srun --network=disable_rdzv_get ...
0: or
0:   SLURM_NETWORK=disable_rdzv_get srun ...
0: 
0: Context:
0:   SLURM_NETWORK=<unset>
0:   FI_PROVIDER=cxi
0:   FI_CXI_RDZV_PROTO=alt_read
0: 
0: # nccl-tests version 2.17.8 nccl-headers=22902 nccl-library=22903
0: # Collective test starting: sendrecv_perf_mpi
0: # nThread 1 nGpus 1 minBytes 16777216 maxBytes 268435456 step: 4(factor) warmup iters: 5 iters: 20 agg iters: 1 validation: 1 graph: 0
0: #
0: # Using devices
0: #  Rank  0 Group  0 Pid 164520 on  nid007133 device  0 [0019:01:00] NVIDIA GH200 120GB
0: #  Rank  1 Group  0 Pid  70599 on  nid007176 device  0 [0009:01:00] NVIDIA GH200 120GB
0: #
0: #                                                              out-of-place                       in-place          
0: #       size         count      type   redop    root     time   algbw   busbw  #wrong     time   algbw   busbw  #wrong 
0: #        (B)    (elements)                               (us)  (GB/s)  (GB/s)             (us)  (GB/s)  (GB/s)         
0:     16777216       4194304     float     sum      -1   778.00   21.56   21.56       0   777.16   21.59   21.59    N/A
0:     67108864      16777216     float     sum      -1  2954.06   22.72   22.72       0  2954.17   22.72   22.72    N/A
0:    268435456      67108864     float     sum      -1  11603.1   23.13   23.13       0  11614.2   23.11   23.11    N/A
0: # Out of bounds values : 0 OK
0: # Avg bus bandwidth    : 22.4724 
0: #
0: # Collective test concluded: sendrecv_perf_mpi
0: #
0: 

##### pass 6/8  cross nid007133:g1 <-> nid007176:g1  sendrecv
0: 
0: WARNING: FI_CXI_RDZV_PROTO=alt_read is configured, but the Slurm network is
0: not set to disable rendezvous GET. Performance/stability may be impacted.
0: 
0: Expected Slurm launch:
0:   srun --network=disable_rdzv_get ...
0: or
0:   SLURM_NETWORK=disable_rdzv_get srun ...
0: 
0: Context:
0:   SLURM_NETWORK=<unset>
0:   FI_PROVIDER=cxi
0:   FI_CXI_RDZV_PROTO=alt_read
0: 
0: # nccl-tests version 2.17.8 nccl-headers=22902 nccl-library=22903
0: # Collective test starting: sendrecv_perf_mpi
0: # nThread 1 nGpus 1 minBytes 16777216 maxBytes 268435456 step: 4(factor) warmup iters: 5 iters: 20 agg iters: 1 validation: 1 graph: 0
0: #
0: # Using devices
0: #  Rank  0 Group  0 Pid 165487 on  nid007133 device  0 [0019:01:00] NVIDIA GH200 120GB
0: #  Rank  1 Group  0 Pid  71536 on  nid007176 device  0 [0019:01:00] NVIDIA GH200 120GB
0: #
0: #                                                              out-of-place                       in-place          
0: #       size         count      type   redop    root     time   algbw   busbw  #wrong     time   algbw   busbw  #wrong 
0: #        (B)    (elements)                               (us)  (GB/s)  (GB/s)             (us)  (GB/s)  (GB/s)         
0:     16777216       4194304     float     sum      -1   785.79   21.35   21.35       0   782.82   21.43   21.43    N/A
0:     67108864      16777216     float     sum      -1  2965.47   22.63   22.63       0  2962.14   22.66   22.66    N/A
0:    268435456      67108864     float     sum      -1  11640.0   23.06   23.06       0  11632.8   23.08   23.08    N/A
0: # Out of bounds values : 0 OK
0: # Avg bus bandwidth    : 22.3676 
0: #
0: # Collective test concluded: sendrecv_perf_mpi
0: #
0: 

##### pass 6/8  cross nid007133:g1 <-> nid007176:g2  sendrecv
0: 
0: WARNING: FI_CXI_RDZV_PROTO=alt_read is configured, but the Slurm network is
0: not set to disable rendezvous GET. Performance/stability may be impacted.
0: 
0: Expected Slurm launch:
0:   srun --network=disable_rdzv_get ...
0: or
0:   SLURM_NETWORK=disable_rdzv_get srun ...
0: 
0: Context:
0:   SLURM_NETWORK=<unset>
0:   FI_PROVIDER=cxi
0:   FI_CXI_RDZV_PROTO=alt_read
0: 
0: # nccl-tests version 2.17.8 nccl-headers=22902 nccl-library=22903
0: # Collective test starting: sendrecv_perf_mpi
0: # nThread 1 nGpus 1 minBytes 16777216 maxBytes 268435456 step: 4(factor) warmup iters: 5 iters: 20 agg iters: 1 validation: 1 graph: 0
0: #
0: # Using devices
0: #  Rank  0 Group  0 Pid 166477 on  nid007133 device  0 [0019:01:00] NVIDIA GH200 120GB
0: #  Rank  1 Group  0 Pid  72490 on  nid007176 device  0 [0029:01:00] NVIDIA GH200 120GB
0: #
0: #                                                              out-of-place                       in-place          
0: #       size         count      type   redop    root     time   algbw   busbw  #wrong     time   algbw   busbw  #wrong 
0: #        (B)    (elements)                               (us)  (GB/s)  (GB/s)             (us)  (GB/s)  (GB/s)         
0:     16777216       4194304     float     sum      -1   784.12   21.40   21.40       0   786.42   21.33   21.33    N/A
0:     67108864      16777216     float     sum      -1  2968.09   22.61   22.61       0  2969.16   22.60   22.60    N/A
0:    268435456      67108864     float     sum      -1  11639.8   23.06   23.06       0  11632.6   23.08   23.08    N/A
0: # Out of bounds values : 0 OK
0: # Avg bus bandwidth    : 22.3467 
0: #
0: # Collective test concluded: sendrecv_perf_mpi
0: #
0: 

##### pass 6/8  cross nid007133:g1 <-> nid007176:g3  sendrecv
0: 
0: WARNING: FI_CXI_RDZV_PROTO=alt_read is configured, but the Slurm network is
0: not set to disable rendezvous GET. Performance/stability may be impacted.
0: 
0: Expected Slurm launch:
0:   srun --network=disable_rdzv_get ...
0: or
0:   SLURM_NETWORK=disable_rdzv_get srun ...
0: 
0: Context:
0:   SLURM_NETWORK=<unset>
0:   FI_PROVIDER=cxi
0:   FI_CXI_RDZV_PROTO=alt_read
0: 
0: # nccl-tests version 2.17.8 nccl-headers=22902 nccl-library=22903
0: # Collective test starting: sendrecv_perf_mpi
0: # nThread 1 nGpus 1 minBytes 16777216 maxBytes 268435456 step: 4(factor) warmup iters: 5 iters: 20 agg iters: 1 validation: 1 graph: 0
0: #
0: # Using devices
0: #  Rank  0 Group  0 Pid 167444 on  nid007133 device  0 [0019:01:00] NVIDIA GH200 120GB
0: #  Rank  1 Group  0 Pid  73422 on  nid007176 device  0 [0039:01:00] NVIDIA GH200 120GB
0: #
0: #                                                              out-of-place                       in-place          
0: #       size         count      type   redop    root     time   algbw   busbw  #wrong     time   algbw   busbw  #wrong 
0: #        (B)    (elements)                               (us)  (GB/s)  (GB/s)             (us)  (GB/s)  (GB/s)         
0:     16777216       4194304     float     sum      -1   783.49   21.41   21.41       0   782.24   21.45   21.45    N/A
0:     67108864      16777216     float     sum      -1  2967.10   22.62   22.62       0  2971.87   22.58   22.58    N/A
0:    268435456      67108864     float     sum      -1  11636.7   23.07   23.07       0  11638.5   23.06   23.06    N/A
0: # Out of bounds values : 0 OK
0: # Avg bus bandwidth    : 22.3654 
0: #
0: # Collective test concluded: sendrecv_perf_mpi
0: #
0: 

##### pass 6/8  cross nid007133:g2 <-> nid007176:g0  sendrecv
0: 
0: WARNING: FI_CXI_RDZV_PROTO=alt_read is configured, but the Slurm network is
0: not set to disable rendezvous GET. Performance/stability may be impacted.
0: 
0: Expected Slurm launch:
0:   srun --network=disable_rdzv_get ...
0: or
0:   SLURM_NETWORK=disable_rdzv_get srun ...
0: 
0: Context:
0:   SLURM_NETWORK=<unset>
0:   FI_PROVIDER=cxi
0:   FI_CXI_RDZV_PROTO=alt_read
0: 
0: # nccl-tests version 2.17.8 nccl-headers=22902 nccl-library=22903
0: # Collective test starting: sendrecv_perf_mpi
0: # nThread 1 nGpus 1 minBytes 16777216 maxBytes 268435456 step: 4(factor) warmup iters: 5 iters: 20 agg iters: 1 validation: 1 graph: 0
0: #
0: # Using devices
0: #  Rank  0 Group  0 Pid 168430 on  nid007133 device  0 [0029:01:00] NVIDIA GH200 120GB
0: #  Rank  1 Group  0 Pid  74364 on  nid007176 device  0 [0009:01:00] NVIDIA GH200 120GB
0: #
0: #                                                              out-of-place                       in-place          
0: #       size         count      type   redop    root     time   algbw   busbw  #wrong     time   algbw   busbw  #wrong 
0: #        (B)    (elements)                               (us)  (GB/s)  (GB/s)             (us)  (GB/s)  (GB/s)         
0:     16777216       4194304     float     sum      -1   776.68   21.60   21.60       0   778.77   21.54   21.54    N/A
0:     67108864      16777216     float     sum      -1  2944.31   22.79   22.79       0  2954.79   22.71   22.71    N/A
0:    268435456      67108864     float     sum      -1  11604.2   23.13   23.13       0  11605.0   23.13   23.13    N/A
0: # Out of bounds values : 0 OK
0: # Avg bus bandwidth    : 22.4854 
0: #
0: # Collective test concluded: sendrecv_perf_mpi
0: #
0: 

##### pass 6/8  cross nid007133:g2 <-> nid007176:g1  sendrecv
0: 
0: WARNING: FI_CXI_RDZV_PROTO=alt_read is configured, but the Slurm network is
0: not set to disable rendezvous GET. Performance/stability may be impacted.
0: 
0: Expected Slurm launch:
0:   srun --network=disable_rdzv_get ...
0: or
0:   SLURM_NETWORK=disable_rdzv_get srun ...
0: 
0: Context:
0:   SLURM_NETWORK=<unset>
0:   FI_PROVIDER=cxi
0:   FI_CXI_RDZV_PROTO=alt_read
0: 
0: # nccl-tests version 2.17.8 nccl-headers=22902 nccl-library=22903
0: # Collective test starting: sendrecv_perf_mpi
0: # nThread 1 nGpus 1 minBytes 16777216 maxBytes 268435456 step: 4(factor) warmup iters: 5 iters: 20 agg iters: 1 validation: 1 graph: 0
0: #
0: # Using devices
0: #  Rank  0 Group  0 Pid 169394 on  nid007133 device  0 [0029:01:00] NVIDIA GH200 120GB
0: #  Rank  1 Group  0 Pid  75318 on  nid007176 device  0 [0019:01:00] NVIDIA GH200 120GB
0: #
0: #                                                              out-of-place                       in-place          
0: #       size         count      type   redop    root     time   algbw   busbw  #wrong     time   algbw   busbw  #wrong 
0: #        (B)    (elements)                               (us)  (GB/s)  (GB/s)             (us)  (GB/s)  (GB/s)         
0:     16777216       4194304     float     sum      -1   778.86   21.54   21.54       0   785.32   21.36   21.36    N/A
0:     67108864      16777216     float     sum      -1  2971.40   22.58   22.58       0  2966.74   22.62   22.62    N/A
0:    268435456      67108864     float     sum      -1  11623.3   23.09   23.09       0  11622.2   23.10   23.10    N/A
0: # Out of bounds values : 0 OK
0: # Avg bus bandwidth    : 22.3835 
0: #
0: # Collective test concluded: sendrecv_perf_mpi
0: #
0: 

##### pass 6/8  cross nid007133:g2 <-> nid007176:g2  sendrecv
0: 
0: WARNING: FI_CXI_RDZV_PROTO=alt_read is configured, but the Slurm network is
0: not set to disable rendezvous GET. Performance/stability may be impacted.
0: 
0: Expected Slurm launch:
0:   srun --network=disable_rdzv_get ...
0: or
0:   SLURM_NETWORK=disable_rdzv_get srun ...
0: 
0: Context:
0:   SLURM_NETWORK=<unset>
0:   FI_PROVIDER=cxi
0:   FI_CXI_RDZV_PROTO=alt_read
0: 
0: # nccl-tests version 2.17.8 nccl-headers=22902 nccl-library=22903
0: # Collective test starting: sendrecv_perf_mpi
0: # nThread 1 nGpus 1 minBytes 16777216 maxBytes 268435456 step: 4(factor) warmup iters: 5 iters: 20 agg iters: 1 validation: 1 graph: 0
0: #
0: # Using devices
0: #  Rank  0 Group  0 Pid 170359 on  nid007133 device  0 [0029:01:00] NVIDIA GH200 120GB
0: #  Rank  1 Group  0 Pid  76253 on  nid007176 device  0 [0029:01:00] NVIDIA GH200 120GB
0: #
0: #                                                              out-of-place                       in-place          
0: #       size         count      type   redop    root     time   algbw   busbw  #wrong     time   algbw   busbw  #wrong 
0: #        (B)    (elements)                               (us)  (GB/s)  (GB/s)             (us)  (GB/s)  (GB/s)         
0:     16777216       4194304     float     sum      -1   785.47   21.36   21.36       0   787.51   21.30   21.30    N/A
0:     67108864      16777216     float     sum      -1  2974.49   22.56   22.56       0  2964.94   22.63   22.63    N/A
0:    268435456      67108864     float     sum      -1  11628.8   23.08   23.08       0  11638.2   23.06   23.06    N/A
0: # Out of bounds values : 0 OK
0: # Avg bus bandwidth    : 22.3346 
0: #
0: # Collective test concluded: sendrecv_perf_mpi
0: #
0: 

##### pass 6/8  cross nid007133:g2 <-> nid007176:g3  sendrecv
0: 
0: WARNING: FI_CXI_RDZV_PROTO=alt_read is configured, but the Slurm network is
0: not set to disable rendezvous GET. Performance/stability may be impacted.
0: 
0: Expected Slurm launch:
0:   srun --network=disable_rdzv_get ...
0: or
0:   SLURM_NETWORK=disable_rdzv_get srun ...
0: 
0: Context:
0:   SLURM_NETWORK=<unset>
0:   FI_PROVIDER=cxi
0:   FI_CXI_RDZV_PROTO=alt_read
0: 
0: # nccl-tests version 2.17.8 nccl-headers=22902 nccl-library=22903
0: # Collective test starting: sendrecv_perf_mpi
0: # nThread 1 nGpus 1 minBytes 16777216 maxBytes 268435456 step: 4(factor) warmup iters: 5 iters: 20 agg iters: 1 validation: 1 graph: 0
0: #
0: # Using devices
0: #  Rank  0 Group  0 Pid 171343 on  nid007133 device  0 [0029:01:00] NVIDIA GH200 120GB
0: #  Rank  1 Group  0 Pid  77199 on  nid007176 device  0 [0039:01:00] NVIDIA GH200 120GB
0: #
0: #                                                              out-of-place                       in-place          
0: #       size         count      type   redop    root     time   algbw   busbw  #wrong     time   algbw   busbw  #wrong 
0: #        (B)    (elements)                               (us)  (GB/s)  (GB/s)             (us)  (GB/s)  (GB/s)         
0:     16777216       4194304     float     sum      -1   786.16   21.34   21.34       0   785.58   21.36   21.36    N/A
0:     67108864      16777216     float     sum      -1  2972.48   22.58   22.58       0  2964.44   22.64   22.64    N/A
0:    268435456      67108864     float     sum      -1  11619.8   23.10   23.10       0  11631.6   23.08   23.08    N/A
0: # Out of bounds values : 0 OK
0: # Avg bus bandwidth    : 22.3486 
0: #
0: # Collective test concluded: sendrecv_perf_mpi
0: #
0: 

##### pass 6/8  cross nid007133:g3 <-> nid007176:g0  sendrecv
0: 
0: WARNING: FI_CXI_RDZV_PROTO=alt_read is configured, but the Slurm network is
0: not set to disable rendezvous GET. Performance/stability may be impacted.
0: 
0: Expected Slurm launch:
0:   srun --network=disable_rdzv_get ...
0: or
0:   SLURM_NETWORK=disable_rdzv_get srun ...
0: 
0: Context:
0:   SLURM_NETWORK=<unset>
0:   FI_PROVIDER=cxi
0:   FI_CXI_RDZV_PROTO=alt_read
0: 
0: # nccl-tests version 2.17.8 nccl-headers=22902 nccl-library=22903
0: # Collective test starting: sendrecv_perf_mpi
0: # nThread 1 nGpus 1 minBytes 16777216 maxBytes 268435456 step: 4(factor) warmup iters: 5 iters: 20 agg iters: 1 validation: 1 graph: 0
0: #
0: # Using devices
0: #  Rank  0 Group  0 Pid 172311 on  nid007133 device  0 [0039:01:00] NVIDIA GH200 120GB
0: #  Rank  1 Group  0 Pid  78152 on  nid007176 device  0 [0009:01:00] NVIDIA GH200 120GB
0: #
0: #                                                              out-of-place                       in-place          
0: #       size         count      type   redop    root     time   algbw   busbw  #wrong     time   algbw   busbw  #wrong 
0: #        (B)    (elements)                               (us)  (GB/s)  (GB/s)             (us)  (GB/s)  (GB/s)         
0:     16777216       4194304     float     sum      -1   778.50   21.55   21.55       0   777.20   21.59   21.59    N/A
0:     67108864      16777216     float     sum      -1  2952.32   22.73   22.73       0  2957.59   22.69   22.69    N/A
0:    268435456      67108864     float     sum      -1  11605.1   23.13   23.13       0  11602.9   23.14   23.14    N/A
0: # Out of bounds values : 0 OK
0: # Avg bus bandwidth    : 22.4708 
0: #
0: # Collective test concluded: sendrecv_perf_mpi
0: #
0: 

##### pass 6/8  cross nid007133:g3 <-> nid007176:g1  sendrecv
0: 
0: WARNING: FI_CXI_RDZV_PROTO=alt_read is configured, but the Slurm network is
0: not set to disable rendezvous GET. Performance/stability may be impacted.
0: 
0: Expected Slurm launch:
0:   srun --network=disable_rdzv_get ...
0: or
0:   SLURM_NETWORK=disable_rdzv_get srun ...
0: 
0: Context:
0:   SLURM_NETWORK=<unset>
0:   FI_PROVIDER=cxi
0:   FI_CXI_RDZV_PROTO=alt_read
0: 
0: # nccl-tests version 2.17.8 nccl-headers=22902 nccl-library=22903
0: # Collective test starting: sendrecv_perf_mpi
0: # nThread 1 nGpus 1 minBytes 16777216 maxBytes 268435456 step: 4(factor) warmup iters: 5 iters: 20 agg iters: 1 validation: 1 graph: 0
0: #
0: # Using devices
0: #  Rank  0 Group  0 Pid 173307 on  nid007133 device  0 [0039:01:00] NVIDIA GH200 120GB
0: #  Rank  1 Group  0 Pid  79107 on  nid007176 device  0 [0019:01:00] NVIDIA GH200 120GB
0: #
0: #                                                              out-of-place                       in-place          
0: #       size         count      type   redop    root     time   algbw   busbw  #wrong     time   algbw   busbw  #wrong 
0: #        (B)    (elements)                               (us)  (GB/s)  (GB/s)             (us)  (GB/s)  (GB/s)         
0:     16777216       4194304     float     sum      -1   787.99   21.29   21.29       0   787.52   21.30   21.30    N/A
0:     67108864      16777216     float     sum      -1  2963.61   22.64   22.64       0  2963.10   22.65   22.65    N/A
0:    268435456      67108864     float     sum      -1  11618.3   23.10   23.10       0  11626.1   23.09   23.09    N/A
0: # Out of bounds values : 0 OK
0: # Avg bus bandwidth    : 22.3469 
0: #
0: # Collective test concluded: sendrecv_perf_mpi
0: #
0: 

##### pass 6/8  cross nid007133:g3 <-> nid007176:g2  sendrecv
0: 
0: WARNING: FI_CXI_RDZV_PROTO=alt_read is configured, but the Slurm network is
0: not set to disable rendezvous GET. Performance/stability may be impacted.
0: 
0: Expected Slurm launch:
0:   srun --network=disable_rdzv_get ...
0: or
0:   SLURM_NETWORK=disable_rdzv_get srun ...
0: 
0: Context:
0:   SLURM_NETWORK=<unset>
0:   FI_PROVIDER=cxi
0:   FI_CXI_RDZV_PROTO=alt_read
0: 
0: # nccl-tests version 2.17.8 nccl-headers=22902 nccl-library=22903
0: # Collective test starting: sendrecv_perf_mpi
0: # nThread 1 nGpus 1 minBytes 16777216 maxBytes 268435456 step: 4(factor) warmup iters: 5 iters: 20 agg iters: 1 validation: 1 graph: 0
0: #
0: # Using devices
0: #  Rank  0 Group  0 Pid 174299 on  nid007133 device  0 [0039:01:00] NVIDIA GH200 120GB
0: #  Rank  1 Group  0 Pid  80059 on  nid007176 device  0 [0029:01:00] NVIDIA GH200 120GB
0: #
0: #                                                              out-of-place                       in-place          
0: #       size         count      type   redop    root     time   algbw   busbw  #wrong     time   algbw   busbw  #wrong 
0: #        (B)    (elements)                               (us)  (GB/s)  (GB/s)             (us)  (GB/s)  (GB/s)         
0:     16777216       4194304     float     sum      -1   786.37   21.34   21.34       0   785.54   21.36   21.36    N/A
0:     67108864      16777216     float     sum      -1  2967.68   22.61   22.61       0  2958.10   22.69   22.69    N/A
0:    268435456      67108864     float     sum      -1  11626.9   23.09   23.09       0  11627.4   23.09   23.09    N/A
0: # Out of bounds values : 0 OK
0: # Avg bus bandwidth    : 22.361 
0: #
0: # Collective test concluded: sendrecv_perf_mpi
0: #
0: 

##### pass 6/8  cross nid007133:g3 <-> nid007176:g3  sendrecv
0: 
0: WARNING: FI_CXI_RDZV_PROTO=alt_read is configured, but the Slurm network is
0: not set to disable rendezvous GET. Performance/stability may be impacted.
0: 
0: Expected Slurm launch:
0:   srun --network=disable_rdzv_get ...
0: or
0:   SLURM_NETWORK=disable_rdzv_get srun ...
0: 
0: Context:
0:   SLURM_NETWORK=<unset>
0:   FI_PROVIDER=cxi
0:   FI_CXI_RDZV_PROTO=alt_read
0: 
0: # nccl-tests version 2.17.8 nccl-headers=22902 nccl-library=22903
0: # Collective test starting: sendrecv_perf_mpi
0: # nThread 1 nGpus 1 minBytes 16777216 maxBytes 268435456 step: 4(factor) warmup iters: 5 iters: 20 agg iters: 1 validation: 1 graph: 0
0: #
0: # Using devices
0: #  Rank  0 Group  0 Pid 175267 on  nid007133 device  0 [0039:01:00] NVIDIA GH200 120GB
0: #  Rank  1 Group  0 Pid  80995 on  nid007176 device  0 [0039:01:00] NVIDIA GH200 120GB
0: #
0: #                                                              out-of-place                       in-place          
0: #       size         count      type   redop    root     time   algbw   busbw  #wrong     time   algbw   busbw  #wrong 
0: #        (B)    (elements)                               (us)  (GB/s)  (GB/s)             (us)  (GB/s)  (GB/s)         
0:     16777216       4194304     float     sum      -1   785.79   21.35   21.35       0   783.16   21.42   21.42    N/A
0:     67108864      16777216     float     sum      -1  2967.77   22.61   22.61       0  2968.74   22.61   22.61    N/A
0:    268435456      67108864     float     sum      -1  11628.9   23.08   23.08       0  11626.9   23.09   23.09    N/A
0: # Out of bounds values : 0 OK
0: # Avg bus bandwidth    : 22.3603 
0: #
0: # Collective test concluded: sendrecv_perf_mpi
0: #
0: 

##### pass 7/8  cross nid007133:g0 <-> nid007176:g0  sendrecv
0: 
0: WARNING: FI_CXI_RDZV_PROTO=alt_read is configured, but the Slurm network is
0: not set to disable rendezvous GET. Performance/stability may be impacted.
0: 
0: Expected Slurm launch:
0:   srun --network=disable_rdzv_get ...
0: or
0:   SLURM_NETWORK=disable_rdzv_get srun ...
0: 
0: Context:
0:   SLURM_NETWORK=<unset>
0:   FI_PROVIDER=cxi
0:   FI_CXI_RDZV_PROTO=alt_read
0: 
0: # nccl-tests version 2.17.8 nccl-headers=22902 nccl-library=22903
0: # Collective test starting: sendrecv_perf_mpi
0: # nThread 1 nGpus 1 minBytes 16777216 maxBytes 268435456 step: 4(factor) warmup iters: 5 iters: 20 agg iters: 1 validation: 1 graph: 0
0: #
0: # Using devices
0: #  Rank  0 Group  0 Pid 176275 on  nid007133 device  0 [0009:01:00] NVIDIA GH200 120GB
0: #  Rank  1 Group  0 Pid  81934 on  nid007176 device  0 [0009:01:00] NVIDIA GH200 120GB
0: #
0: #                                                              out-of-place                       in-place          
0: #       size         count      type   redop    root     time   algbw   busbw  #wrong     time   algbw   busbw  #wrong 
0: #        (B)    (elements)                               (us)  (GB/s)  (GB/s)             (us)  (GB/s)  (GB/s)         
0:     16777216       4194304     float     sum      -1   774.94   21.65   21.65       0   760.23   22.07   22.07    N/A
0:     67108864      16777216     float     sum      -1  2933.88   22.87   22.87       0  2939.45   22.83   22.83    N/A
0:    268435456      67108864     float     sum      -1  11567.2   23.21   23.21       0  11587.0   23.17   23.17    N/A
0: # Out of bounds values : 0 OK
0: # Avg bus bandwidth    : 22.6327 
0: #
0: # Collective test concluded: sendrecv_perf_mpi
0: #
0: 

##### pass 7/8  cross nid007133:g0 <-> nid007176:g1  sendrecv
0: 
0: WARNING: FI_CXI_RDZV_PROTO=alt_read is configured, but the Slurm network is
0: not set to disable rendezvous GET. Performance/stability may be impacted.
0: 
0: Expected Slurm launch:
0:   srun --network=disable_rdzv_get ...
0: or
0:   SLURM_NETWORK=disable_rdzv_get srun ...
0: 
0: Context:
0:   SLURM_NETWORK=<unset>
0:   FI_PROVIDER=cxi
0:   FI_CXI_RDZV_PROTO=alt_read
0: 
0: # nccl-tests version 2.17.8 nccl-headers=22902 nccl-library=22903
0: # Collective test starting: sendrecv_perf_mpi
0: # nThread 1 nGpus 1 minBytes 16777216 maxBytes 268435456 step: 4(factor) warmup iters: 5 iters: 20 agg iters: 1 validation: 1 graph: 0
0: #
0: # Using devices
0: #  Rank  0 Group  0 Pid 177236 on  nid007133 device  0 [0009:01:00] NVIDIA GH200 120GB
0: #  Rank  1 Group  0 Pid  82980 on  nid007176 device  0 [0019:01:00] NVIDIA GH200 120GB
0: #
0: #                                                              out-of-place                       in-place          
0: #       size         count      type   redop    root     time   algbw   busbw  #wrong     time   algbw   busbw  #wrong 
0: #        (B)    (elements)                               (us)  (GB/s)  (GB/s)             (us)  (GB/s)  (GB/s)         
0:     16777216       4194304     float     sum      -1   777.87   21.57   21.57       0   775.84   21.62   21.62    N/A
0:     67108864      16777216     float     sum      -1  2952.66   22.73   22.73       0  2956.23   22.70   22.70    N/A
0:    268435456      67108864     float     sum      -1  11608.9   23.12   23.12       0  11609.7   23.12   23.12    N/A
0: # Out of bounds values : 0 OK
0: # Avg bus bandwidth    : 22.4778 
0: #
0: # Collective test concluded: sendrecv_perf_mpi
0: #
0: 

##### pass 7/8  cross nid007133:g0 <-> nid007176:g2  sendrecv
0: 
0: WARNING: FI_CXI_RDZV_PROTO=alt_read is configured, but the Slurm network is
0: not set to disable rendezvous GET. Performance/stability may be impacted.
0: 
0: Expected Slurm launch:
0:   srun --network=disable_rdzv_get ...
0: or
0:   SLURM_NETWORK=disable_rdzv_get srun ...
0: 
0: Context:
0:   SLURM_NETWORK=<unset>
0:   FI_PROVIDER=cxi
0:   FI_CXI_RDZV_PROTO=alt_read
0: 
0: # nccl-tests version 2.17.8 nccl-headers=22902 nccl-library=22903
0: # Collective test starting: sendrecv_perf_mpi
0: # nThread 1 nGpus 1 minBytes 16777216 maxBytes 268435456 step: 4(factor) warmup iters: 5 iters: 20 agg iters: 1 validation: 1 graph: 0
0: #
0: # Using devices
0: #  Rank  0 Group  0 Pid 178204 on  nid007133 device  0 [0009:01:00] NVIDIA GH200 120GB
0: #  Rank  1 Group  0 Pid  83918 on  nid007176 device  0 [0029:01:00] NVIDIA GH200 120GB
0: #
0: #                                                              out-of-place                       in-place          
0: #       size         count      type   redop    root     time   algbw   busbw  #wrong     time   algbw   busbw  #wrong 
0: #        (B)    (elements)                               (us)  (GB/s)  (GB/s)             (us)  (GB/s)  (GB/s)         
0:     16777216       4194304     float     sum      -1   776.91   21.59   21.59       0   774.21   21.67   21.67    N/A
0:     67108864      16777216     float     sum      -1  2949.81   22.75   22.75       0  2950.00   22.75   22.75    N/A
0:    268435456      67108864     float     sum      -1  11611.9   23.12   23.12       0  11594.8   23.15   23.15    N/A
0: # Out of bounds values : 0 OK
0: # Avg bus bandwidth    : 22.5054 
0: #
0: # Collective test concluded: sendrecv_perf_mpi
0: #
0: 

##### pass 7/8  cross nid007133:g0 <-> nid007176:g3  sendrecv
0: 
0: WARNING: FI_CXI_RDZV_PROTO=alt_read is configured, but the Slurm network is
0: not set to disable rendezvous GET. Performance/stability may be impacted.
0: 
0: Expected Slurm launch:
0:   srun --network=disable_rdzv_get ...
0: or
0:   SLURM_NETWORK=disable_rdzv_get srun ...
0: 
0: Context:
0:   SLURM_NETWORK=<unset>
0:   FI_PROVIDER=cxi
0:   FI_CXI_RDZV_PROTO=alt_read
0: 
0: # nccl-tests version 2.17.8 nccl-headers=22902 nccl-library=22903
0: # Collective test starting: sendrecv_perf_mpi
0: # nThread 1 nGpus 1 minBytes 16777216 maxBytes 268435456 step: 4(factor) warmup iters: 5 iters: 20 agg iters: 1 validation: 1 graph: 0
0: #
0: # Using devices
0: #  Rank  0 Group  0 Pid 179188 on  nid007133 device  0 [0009:01:00] NVIDIA GH200 120GB
0: #  Rank  1 Group  0 Pid  84853 on  nid007176 device  0 [0039:01:00] NVIDIA GH200 120GB
0: #
0: #                                                              out-of-place                       in-place          
0: #       size         count      type   redop    root     time   algbw   busbw  #wrong     time   algbw   busbw  #wrong 
0: #        (B)    (elements)                               (us)  (GB/s)  (GB/s)             (us)  (GB/s)  (GB/s)         
0:     16777216       4194304     float     sum      -1   775.74   21.63   21.63       0   776.32   21.61   21.61    N/A
0:     67108864      16777216     float     sum      -1  2949.29   22.75   22.75       0  2955.21   22.71   22.71    N/A
0:    268435456      67108864     float     sum      -1  11601.3   23.14   23.14       0  11653.2   23.04   23.04    N/A
0: # Out of bounds values : 0 OK
0: # Avg bus bandwidth    : 22.4792 
0: #
0: # Collective test concluded: sendrecv_perf_mpi
0: #
0: 

##### pass 7/8  cross nid007133:g1 <-> nid007176:g0  sendrecv
0: 
0: WARNING: FI_CXI_RDZV_PROTO=alt_read is configured, but the Slurm network is
0: not set to disable rendezvous GET. Performance/stability may be impacted.
0: 
0: Expected Slurm launch:
0:   srun --network=disable_rdzv_get ...
0: or
0:   SLURM_NETWORK=disable_rdzv_get srun ...
0: 
0: Context:
0:   SLURM_NETWORK=<unset>
0:   FI_PROVIDER=cxi
0:   FI_CXI_RDZV_PROTO=alt_read
0: 
0: # nccl-tests version 2.17.8 nccl-headers=22902 nccl-library=22903
0: # Collective test starting: sendrecv_perf_mpi
0: # nThread 1 nGpus 1 minBytes 16777216 maxBytes 268435456 step: 4(factor) warmup iters: 5 iters: 20 agg iters: 1 validation: 1 graph: 0
0: #
0: # Using devices
0: #  Rank  0 Group  0 Pid 180158 on  nid007133 device  0 [0019:01:00] NVIDIA GH200 120GB
0: #  Rank  1 Group  0 Pid  85807 on  nid007176 device  0 [0009:01:00] NVIDIA GH200 120GB
0: #
0: #                                                              out-of-place                       in-place          
0: #       size         count      type   redop    root     time   algbw   busbw  #wrong     time   algbw   busbw  #wrong 
0: #        (B)    (elements)                               (us)  (GB/s)  (GB/s)             (us)  (GB/s)  (GB/s)         
0:     16777216       4194304     float     sum      -1   776.47   21.61   21.61       0   776.07   21.62   21.62    N/A
0:     67108864      16777216     float     sum      -1  2950.33   22.75   22.75       0  2952.74   22.73   22.73    N/A
0:    268435456      67108864     float     sum      -1  11620.0   23.10   23.10       0  11615.0   23.11   23.11    N/A
0: # Out of bounds values : 0 OK
0: # Avg bus bandwidth    : 22.4853 
0: #
0: # Collective test concluded: sendrecv_perf_mpi
0: #
0: 

##### pass 7/8  cross nid007133:g1 <-> nid007176:g1  sendrecv
0: 
0: WARNING: FI_CXI_RDZV_PROTO=alt_read is configured, but the Slurm network is
0: not set to disable rendezvous GET. Performance/stability may be impacted.
0: 
0: Expected Slurm launch:
0:   srun --network=disable_rdzv_get ...
0: or
0:   SLURM_NETWORK=disable_rdzv_get srun ...
0: 
0: Context:
0:   SLURM_NETWORK=<unset>
0:   FI_PROVIDER=cxi
0:   FI_CXI_RDZV_PROTO=alt_read
0: 
0: # nccl-tests version 2.17.8 nccl-headers=22902 nccl-library=22903
0: # Collective test starting: sendrecv_perf_mpi
0: # nThread 1 nGpus 1 minBytes 16777216 maxBytes 268435456 step: 4(factor) warmup iters: 5 iters: 20 agg iters: 1 validation: 1 graph: 0
0: #
0: # Using devices
0: #  Rank  0 Group  0 Pid 181147 on  nid007133 device  0 [0019:01:00] NVIDIA GH200 120GB
0: #  Rank  1 Group  0 Pid  86860 on  nid007176 device  0 [0019:01:00] NVIDIA GH200 120GB
0: #
0: #                                                              out-of-place                       in-place          
0: #       size         count      type   redop    root     time   algbw   busbw  #wrong     time   algbw   busbw  #wrong 
0: #        (B)    (elements)                               (us)  (GB/s)  (GB/s)             (us)  (GB/s)  (GB/s)         
0:     16777216       4194304     float     sum      -1   787.21   21.31   21.31       0   785.07   21.37   21.37    N/A
0:     67108864      16777216     float     sum      -1  2962.94   22.65   22.65       0  2961.76   22.66   22.66    N/A
0:    268435456      67108864     float     sum      -1  11644.7   23.05   23.05       0  11637.8   23.07   23.07    N/A
0: # Out of bounds values : 0 OK
0: # Avg bus bandwidth    : 22.3514 
0: #
0: # Collective test concluded: sendrecv_perf_mpi
0: #
0: 

##### pass 7/8  cross nid007133:g1 <-> nid007176:g2  sendrecv
0: 
0: WARNING: FI_CXI_RDZV_PROTO=alt_read is configured, but the Slurm network is
0: not set to disable rendezvous GET. Performance/stability may be impacted.
0: 
0: Expected Slurm launch:
0:   srun --network=disable_rdzv_get ...
0: or
0:   SLURM_NETWORK=disable_rdzv_get srun ...
0: 
0: Context:
0:   SLURM_NETWORK=<unset>
0:   FI_PROVIDER=cxi
0:   FI_CXI_RDZV_PROTO=alt_read
0: 
0: # nccl-tests version 2.17.8 nccl-headers=22902 nccl-library=22903
0: # Collective test starting: sendrecv_perf_mpi
0: # nThread 1 nGpus 1 minBytes 16777216 maxBytes 268435456 step: 4(factor) warmup iters: 5 iters: 20 agg iters: 1 validation: 1 graph: 0
0: #
0: # Using devices
0: #  Rank  0 Group  0 Pid 182116 on  nid007133 device  0 [0019:01:00] NVIDIA GH200 120GB
0: #  Rank  1 Group  0 Pid  87817 on  nid007176 device  0 [0029:01:00] NVIDIA GH200 120GB
0: #
0: #                                                              out-of-place                       in-place          
0: #       size         count      type   redop    root     time   algbw   busbw  #wrong     time   algbw   busbw  #wrong 
0: #        (B)    (elements)                               (us)  (GB/s)  (GB/s)             (us)  (GB/s)  (GB/s)         
0:     16777216       4194304     float     sum      -1   784.42   21.39   21.39       0   785.67   21.35   21.35    N/A
0:     67108864      16777216     float     sum      -1  2961.59   22.66   22.66       0  2964.38   22.64   22.64    N/A
0:    268435456      67108864     float     sum      -1  11631.6   23.08   23.08       0  11637.9   23.07   23.07    N/A
0: # Out of bounds values : 0 OK
0: # Avg bus bandwidth    : 22.364 
0: #
0: # Collective test concluded: sendrecv_perf_mpi
0: #
0: 

##### pass 7/8  cross nid007133:g1 <-> nid007176:g3  sendrecv
0: 
0: WARNING: FI_CXI_RDZV_PROTO=alt_read is configured, but the Slurm network is
0: not set to disable rendezvous GET. Performance/stability may be impacted.
0: 
0: Expected Slurm launch:
0:   srun --network=disable_rdzv_get ...
0: or
0:   SLURM_NETWORK=disable_rdzv_get srun ...
0: 
0: Context:
0:   SLURM_NETWORK=<unset>
0:   FI_PROVIDER=cxi
0:   FI_CXI_RDZV_PROTO=alt_read
0: 
0: # nccl-tests version 2.17.8 nccl-headers=22902 nccl-library=22903
0: # Collective test starting: sendrecv_perf_mpi
0: # nThread 1 nGpus 1 minBytes 16777216 maxBytes 268435456 step: 4(factor) warmup iters: 5 iters: 20 agg iters: 1 validation: 1 graph: 0
0: #
0: # Using devices
0: #  Rank  0 Group  0 Pid 183082 on  nid007133 device  0 [0019:01:00] NVIDIA GH200 120GB
0: #  Rank  1 Group  0 Pid  88751 on  nid007176 device  0 [0039:01:00] NVIDIA GH200 120GB
0: #
0: #                                                              out-of-place                       in-place          
0: #       size         count      type   redop    root     time   algbw   busbw  #wrong     time   algbw   busbw  #wrong 
0: #        (B)    (elements)                               (us)  (GB/s)  (GB/s)             (us)  (GB/s)  (GB/s)         
0:     16777216       4194304     float     sum      -1   785.99   21.35   21.35       0   786.13   21.34   21.34    N/A
0:     67108864      16777216     float     sum      -1  2963.23   22.65   22.65       0  2971.59   22.58   22.58    N/A
0:    268435456      67108864     float     sum      -1  11642.1   23.06   23.06       0  11633.5   23.07   23.07    N/A
0: # Out of bounds values : 0 OK
0: # Avg bus bandwidth    : 22.3415 
0: #
0: # Collective test concluded: sendrecv_perf_mpi
0: #
0: 

##### pass 7/8  cross nid007133:g2 <-> nid007176:g0  sendrecv
0: 
0: WARNING: FI_CXI_RDZV_PROTO=alt_read is configured, but the Slurm network is
0: not set to disable rendezvous GET. Performance/stability may be impacted.
0: 
0: Expected Slurm launch:
0:   srun --network=disable_rdzv_get ...
0: or
0:   SLURM_NETWORK=disable_rdzv_get srun ...
0: 
0: Context:
0:   SLURM_NETWORK=<unset>
0:   FI_PROVIDER=cxi
0:   FI_CXI_RDZV_PROTO=alt_read
0: 
0: # nccl-tests version 2.17.8 nccl-headers=22902 nccl-library=22903
0: # Collective test starting: sendrecv_perf_mpi
0: # nThread 1 nGpus 1 minBytes 16777216 maxBytes 268435456 step: 4(factor) warmup iters: 5 iters: 20 agg iters: 1 validation: 1 graph: 0
0: #
0: # Using devices
0: #  Rank  0 Group  0 Pid 184073 on  nid007133 device  0 [0029:01:00] NVIDIA GH200 120GB
0: #  Rank  1 Group  0 Pid  89698 on  nid007176 device  0 [0009:01:00] NVIDIA GH200 120GB
0: #
0: #                                                              out-of-place                       in-place          
0: #       size         count      type   redop    root     time   algbw   busbw  #wrong     time   algbw   busbw  #wrong 
0: #        (B)    (elements)                               (us)  (GB/s)  (GB/s)             (us)  (GB/s)  (GB/s)         
0:     16777216       4194304     float     sum      -1   777.27   21.58   21.58       0   775.11   21.64   21.64    N/A
0:     67108864      16777216     float     sum      -1  2953.18   22.72   22.72       0  2951.83   22.73   22.73    N/A
0:    268435456      67108864     float     sum      -1  11614.1   23.11   23.11       0  11611.5   23.12   23.12    N/A
0: # Out of bounds values : 0 OK
0: # Avg bus bandwidth    : 22.4866 
0: #
0: # Collective test concluded: sendrecv_perf_mpi
0: #
0: 

##### pass 7/8  cross nid007133:g2 <-> nid007176:g1  sendrecv
0: 
0: WARNING: FI_CXI_RDZV_PROTO=alt_read is configured, but the Slurm network is
0: not set to disable rendezvous GET. Performance/stability may be impacted.
0: 
0: Expected Slurm launch:
0:   srun --network=disable_rdzv_get ...
0: or
0:   SLURM_NETWORK=disable_rdzv_get srun ...
0: 
0: Context:
0:   SLURM_NETWORK=<unset>
0:   FI_PROVIDER=cxi
0:   FI_CXI_RDZV_PROTO=alt_read
0: 
0: # nccl-tests version 2.17.8 nccl-headers=22902 nccl-library=22903
0: # Collective test starting: sendrecv_perf_mpi
0: # nThread 1 nGpus 1 minBytes 16777216 maxBytes 268435456 step: 4(factor) warmup iters: 5 iters: 20 agg iters: 1 validation: 1 graph: 0
0: #
0: # Using devices
0: #  Rank  0 Group  0 Pid 185045 on  nid007133 device  0 [0029:01:00] NVIDIA GH200 120GB
0: #  Rank  1 Group  0 Pid  90656 on  nid007176 device  0 [0019:01:00] NVIDIA GH200 120GB
0: #
0: #                                                              out-of-place                       in-place          
0: #       size         count      type   redop    root     time   algbw   busbw  #wrong     time   algbw   busbw  #wrong 
0: #        (B)    (elements)                               (us)  (GB/s)  (GB/s)             (us)  (GB/s)  (GB/s)         
0:     16777216       4194304     float     sum      -1   786.30   21.34   21.34       0   783.95   21.40   21.40    N/A
0:     67108864      16777216     float     sum      -1  2962.31   22.65   22.65       0  2964.06   22.64   22.64    N/A
0:    268435456      67108864     float     sum      -1  11628.2   23.08   23.08       0  11631.3   23.08   23.08    N/A
0: # Out of bounds values : 0 OK
0: # Avg bus bandwidth    : 22.366 
0: #
0: # Collective test concluded: sendrecv_perf_mpi
0: #
0: 

##### pass 7/8  cross nid007133:g2 <-> nid007176:g2  sendrecv
0: 
0: WARNING: FI_CXI_RDZV_PROTO=alt_read is configured, but the Slurm network is
0: not set to disable rendezvous GET. Performance/stability may be impacted.
0: 
0: Expected Slurm launch:
0:   srun --network=disable_rdzv_get ...
0: or
0:   SLURM_NETWORK=disable_rdzv_get srun ...
0: 
0: Context:
0:   SLURM_NETWORK=<unset>
0:   FI_PROVIDER=cxi
0:   FI_CXI_RDZV_PROTO=alt_read
0: 
0: # nccl-tests version 2.17.8 nccl-headers=22902 nccl-library=22903
0: # Collective test starting: sendrecv_perf_mpi
0: # nThread 1 nGpus 1 minBytes 16777216 maxBytes 268435456 step: 4(factor) warmup iters: 5 iters: 20 agg iters: 1 validation: 1 graph: 0
0: #
0: # Using devices
0: #  Rank  0 Group  0 Pid 186008 on  nid007133 device  0 [0029:01:00] NVIDIA GH200 120GB
0: #  Rank  1 Group  0 Pid  91589 on  nid007176 device  0 [0029:01:00] NVIDIA GH200 120GB
0: #
0: #                                                              out-of-place                       in-place          
0: #       size         count      type   redop    root     time   algbw   busbw  #wrong     time   algbw   busbw  #wrong 
0: #        (B)    (elements)                               (us)  (GB/s)  (GB/s)             (us)  (GB/s)  (GB/s)         
0:     16777216       4194304     float     sum      -1   785.17   21.37   21.37       0   785.66   21.35   21.35    N/A
0:     67108864      16777216     float     sum      -1  2967.12   22.62   22.62       0  2962.79   22.65   22.65    N/A
0:    268435456      67108864     float     sum      -1  11628.9   23.08   23.08       0  11630.7   23.08   23.08    N/A
0: # Out of bounds values : 0 OK
0: # Avg bus bandwidth    : 22.3589 
0: #
0: # Collective test concluded: sendrecv_perf_mpi
0: #
0: 

##### pass 7/8  cross nid007133:g2 <-> nid007176:g3  sendrecv
0: 
0: WARNING: FI_CXI_RDZV_PROTO=alt_read is configured, but the Slurm network is
0: not set to disable rendezvous GET. Performance/stability may be impacted.
0: 
0: Expected Slurm launch:
0:   srun --network=disable_rdzv_get ...
0: or
0:   SLURM_NETWORK=disable_rdzv_get srun ...
0: 
0: Context:
0:   SLURM_NETWORK=<unset>
0:   FI_PROVIDER=cxi
0:   FI_CXI_RDZV_PROTO=alt_read
0: 
0: # nccl-tests version 2.17.8 nccl-headers=22902 nccl-library=22903
0: # Collective test starting: sendrecv_perf_mpi
0: # nThread 1 nGpus 1 minBytes 16777216 maxBytes 268435456 step: 4(factor) warmup iters: 5 iters: 20 agg iters: 1 validation: 1 graph: 0
0: #
0: # Using devices
0: #  Rank  0 Group  0 Pid 186995 on  nid007133 device  0 [0029:01:00] NVIDIA GH200 120GB
0: #  Rank  1 Group  0 Pid  92545 on  nid007176 device  0 [0039:01:00] NVIDIA GH200 120GB
0: #
0: #                                                              out-of-place                       in-place          
0: #       size         count      type   redop    root     time   algbw   busbw  #wrong     time   algbw   busbw  #wrong 
0: #        (B)    (elements)                               (us)  (GB/s)  (GB/s)             (us)  (GB/s)  (GB/s)         
0:     16777216       4194304     float     sum      -1   788.29   21.28   21.28       0   785.82   21.35   21.35    N/A
0:     67108864      16777216     float     sum      -1  2968.83   22.60   22.60       0  2964.08   22.64   22.64    N/A
0:    268435456      67108864     float     sum      -1  11626.9   23.09   23.09       0  11635.7   23.07   23.07    N/A
0: # Out of bounds values : 0 OK
0: # Avg bus bandwidth    : 22.3393 
0: #
0: # Collective test concluded: sendrecv_perf_mpi
0: #
0: 

##### pass 7/8  cross nid007133:g3 <-> nid007176:g0  sendrecv
0: 
0: WARNING: FI_CXI_RDZV_PROTO=alt_read is configured, but the Slurm network is
0: not set to disable rendezvous GET. Performance/stability may be impacted.
0: 
0: Expected Slurm launch:
0:   srun --network=disable_rdzv_get ...
0: or
0:   SLURM_NETWORK=disable_rdzv_get srun ...
0: 
0: Context:
0:   SLURM_NETWORK=<unset>
0:   FI_PROVIDER=cxi
0:   FI_CXI_RDZV_PROTO=alt_read
0: 
0: # nccl-tests version 2.17.8 nccl-headers=22902 nccl-library=22903
0: # Collective test starting: sendrecv_perf_mpi
0: # nThread 1 nGpus 1 minBytes 16777216 maxBytes 268435456 step: 4(factor) warmup iters: 5 iters: 20 agg iters: 1 validation: 1 graph: 0
0: #
0: # Using devices
0: #  Rank  0 Group  0 Pid 187963 on  nid007133 device  0 [0039:01:00] NVIDIA GH200 120GB
0: #  Rank  1 Group  0 Pid  93483 on  nid007176 device  0 [0009:01:00] NVIDIA GH200 120GB
0: #
0: #                                                              out-of-place                       in-place          
0: #       size         count      type   redop    root     time   algbw   busbw  #wrong     time   algbw   busbw  #wrong 
0: #        (B)    (elements)                               (us)  (GB/s)  (GB/s)             (us)  (GB/s)  (GB/s)         
0:     16777216       4194304     float     sum      -1   777.12   21.59   21.59       0   774.52   21.66   21.66    N/A
0:     67108864      16777216     float     sum      -1  2949.59   22.75   22.75       0  2949.19   22.76   22.76    N/A
0:    268435456      67108864     float     sum      -1  11611.4   23.12   23.12       0  11604.5   23.13   23.13    N/A
0: # Out of bounds values : 0 OK
0: # Avg bus bandwidth    : 22.5013 
0: #
0: # Collective test concluded: sendrecv_perf_mpi
0: #
0: 

##### pass 7/8  cross nid007133:g3 <-> nid007176:g1  sendrecv
0: 
0: WARNING: FI_CXI_RDZV_PROTO=alt_read is configured, but the Slurm network is
0: not set to disable rendezvous GET. Performance/stability may be impacted.
0: 
0: Expected Slurm launch:
0:   srun --network=disable_rdzv_get ...
0: or
0:   SLURM_NETWORK=disable_rdzv_get srun ...
0: 
0: Context:
0:   SLURM_NETWORK=<unset>
0:   FI_PROVIDER=cxi
0:   FI_CXI_RDZV_PROTO=alt_read
0: 
0: # nccl-tests version 2.17.8 nccl-headers=22902 nccl-library=22903
0: # Collective test starting: sendrecv_perf_mpi
0: # nThread 1 nGpus 1 minBytes 16777216 maxBytes 268435456 step: 4(factor) warmup iters: 5 iters: 20 agg iters: 1 validation: 1 graph: 0
0: #
0: # Using devices
0: #  Rank  0 Group  0 Pid 188951 on  nid007133 device  0 [0039:01:00] NVIDIA GH200 120GB
0: #  Rank  1 Group  0 Pid  94423 on  nid007176 device  0 [0019:01:00] NVIDIA GH200 120GB
0: #
0: #                                                              out-of-place                       in-place          
0: #       size         count      type   redop    root     time   algbw   busbw  #wrong     time   algbw   busbw  #wrong 
0: #        (B)    (elements)                               (us)  (GB/s)  (GB/s)             (us)  (GB/s)  (GB/s)         
0:     16777216       4194304     float     sum      -1   784.17   21.39   21.39       0   785.78   21.35   21.35    N/A
0:     67108864      16777216     float     sum      -1  2967.79   22.61   22.61       0  2972.68   22.58   22.58    N/A
0:    268435456      67108864     float     sum      -1  11638.2   23.07   23.07       0  11635.6   23.07   23.07    N/A
0: # Out of bounds values : 0 OK
0: # Avg bus bandwidth    : 22.3448 
0: #
0: # Collective test concluded: sendrecv_perf_mpi
0: #
0: 

##### pass 7/8  cross nid007133:g3 <-> nid007176:g2  sendrecv
0: 
0: WARNING: FI_CXI_RDZV_PROTO=alt_read is configured, but the Slurm network is
0: not set to disable rendezvous GET. Performance/stability may be impacted.
0: 
0: Expected Slurm launch:
0:   srun --network=disable_rdzv_get ...
0: or
0:   SLURM_NETWORK=disable_rdzv_get srun ...
0: 
0: Context:
0:   SLURM_NETWORK=<unset>
0:   FI_PROVIDER=cxi
0:   FI_CXI_RDZV_PROTO=alt_read
0: 
0: # nccl-tests version 2.17.8 nccl-headers=22902 nccl-library=22903
0: # Collective test starting: sendrecv_perf_mpi
0: # nThread 1 nGpus 1 minBytes 16777216 maxBytes 268435456 step: 4(factor) warmup iters: 5 iters: 20 agg iters: 1 validation: 1 graph: 0
0: #
0: # Using devices
0: #  Rank  0 Group  0 Pid 189916 on  nid007133 device  0 [0039:01:00] NVIDIA GH200 120GB
0: #  Rank  1 Group  0 Pid  95377 on  nid007176 device  0 [0029:01:00] NVIDIA GH200 120GB
0: #
0: #                                                              out-of-place                       in-place          
0: #       size         count      type   redop    root     time   algbw   busbw  #wrong     time   algbw   busbw  #wrong 
0: #        (B)    (elements)                               (us)  (GB/s)  (GB/s)             (us)  (GB/s)  (GB/s)         
0:     16777216       4194304     float     sum      -1   786.72   21.33   21.33       0   785.21   21.37   21.37    N/A
0:     67108864      16777216     float     sum      -1  3015.55   22.25   22.25       0  2974.54   22.56   22.56    N/A
0:    268435456      67108864     float     sum      -1  11628.3   23.08   23.08       0  11620.9   23.10   23.10    N/A
0: # Out of bounds values : 0 OK
0: # Avg bus bandwidth    : 22.2819 
0: #
0: # Collective test concluded: sendrecv_perf_mpi
0: #
0: 

##### pass 7/8  cross nid007133:g3 <-> nid007176:g3  sendrecv
0: 
0: WARNING: FI_CXI_RDZV_PROTO=alt_read is configured, but the Slurm network is
0: not set to disable rendezvous GET. Performance/stability may be impacted.
0: 
0: Expected Slurm launch:
0:   srun --network=disable_rdzv_get ...
0: or
0:   SLURM_NETWORK=disable_rdzv_get srun ...
0: 
0: Context:
0:   SLURM_NETWORK=<unset>
0:   FI_PROVIDER=cxi
0:   FI_CXI_RDZV_PROTO=alt_read
0: 
0: # nccl-tests version 2.17.8 nccl-headers=22902 nccl-library=22903
0: # Collective test starting: sendrecv_perf_mpi
0: # nThread 1 nGpus 1 minBytes 16777216 maxBytes 268435456 step: 4(factor) warmup iters: 5 iters: 20 agg iters: 1 validation: 1 graph: 0
0: #
0: # Using devices
0: #  Rank  0 Group  0 Pid 190888 on  nid007133 device  0 [0039:01:00] NVIDIA GH200 120GB
0: #  Rank  1 Group  0 Pid  96317 on  nid007176 device  0 [0039:01:00] NVIDIA GH200 120GB
0: #
0: #                                                              out-of-place                       in-place          
0: #       size         count      type   redop    root     time   algbw   busbw  #wrong     time   algbw   busbw  #wrong 
0: #        (B)    (elements)                               (us)  (GB/s)  (GB/s)             (us)  (GB/s)  (GB/s)         
0:     16777216       4194304     float     sum      -1   783.85   21.40   21.40       0   784.79   21.38   21.38    N/A
0:     67108864      16777216     float     sum      -1  2969.07   22.60   22.60       0  2971.41   22.58   22.58    N/A
0:    268435456      67108864     float     sum      -1  11633.7   23.07   23.07       0  11634.6   23.07   23.07    N/A
0: # Out of bounds values : 0 OK
0: # Avg bus bandwidth    : 22.3525 
0: #
0: # Collective test concluded: sendrecv_perf_mpi
0: #
0: 

##### pass 8/8  cross nid007133:g0 <-> nid007176:g0  sendrecv
0: 
0: WARNING: FI_CXI_RDZV_PROTO=alt_read is configured, but the Slurm network is
0: not set to disable rendezvous GET. Performance/stability may be impacted.
0: 
0: Expected Slurm launch:
0:   srun --network=disable_rdzv_get ...
0: or
0:   SLURM_NETWORK=disable_rdzv_get srun ...
0: 
0: Context:
0:   SLURM_NETWORK=<unset>
0:   FI_PROVIDER=cxi
0:   FI_CXI_RDZV_PROTO=alt_read
0: 
0: # nccl-tests version 2.17.8 nccl-headers=22902 nccl-library=22903
0: # Collective test starting: sendrecv_perf_mpi
0: # nThread 1 nGpus 1 minBytes 16777216 maxBytes 268435456 step: 4(factor) warmup iters: 5 iters: 20 agg iters: 1 validation: 1 graph: 0
0: #
0: # Using devices
0: #  Rank  0 Group  0 Pid 191872 on  nid007133 device  0 [0009:01:00] NVIDIA GH200 120GB
0: #  Rank  1 Group  0 Pid  97248 on  nid007176 device  0 [0009:01:00] NVIDIA GH200 120GB
0: #
0: #                                                              out-of-place                       in-place          
0: #       size         count      type   redop    root     time   algbw   busbw  #wrong     time   algbw   busbw  #wrong 
0: #        (B)    (elements)                               (us)  (GB/s)  (GB/s)             (us)  (GB/s)  (GB/s)         
0:     16777216       4194304     float     sum      -1   761.14   22.04   22.04       0   760.62   22.06   22.06    N/A
0:     67108864      16777216     float     sum      -1  2923.55   22.95   22.95       0  2925.56   22.94   22.94    N/A
0:    268435456      67108864     float     sum      -1  11567.6   23.21   23.21       0  11587.3   23.17   23.17    N/A
0: # Out of bounds values : 0 OK
0: # Avg bus bandwidth    : 22.7275 
0: #
0: # Collective test concluded: sendrecv_perf_mpi
0: #
0: 

##### pass 8/8  cross nid007133:g0 <-> nid007176:g1  sendrecv
0: 
0: WARNING: FI_CXI_RDZV_PROTO=alt_read is configured, but the Slurm network is
0: not set to disable rendezvous GET. Performance/stability may be impacted.
0: 
0: Expected Slurm launch:
0:   srun --network=disable_rdzv_get ...
0: or
0:   SLURM_NETWORK=disable_rdzv_get srun ...
0: 
0: Context:
0:   SLURM_NETWORK=<unset>
0:   FI_PROVIDER=cxi
0:   FI_CXI_RDZV_PROTO=alt_read
0: 
0: # nccl-tests version 2.17.8 nccl-headers=22902 nccl-library=22903
0: # Collective test starting: sendrecv_perf_mpi
0: # nThread 1 nGpus 1 minBytes 16777216 maxBytes 268435456 step: 4(factor) warmup iters: 5 iters: 20 agg iters: 1 validation: 1 graph: 0
0: #
0: # Using devices
0: #  Rank  0 Group  0 Pid 192836 on  nid007133 device  0 [0009:01:00] NVIDIA GH200 120GB
0: #  Rank  1 Group  0 Pid  98202 on  nid007176 device  0 [0019:01:00] NVIDIA GH200 120GB
0: #
0: #                                                              out-of-place                       in-place          
0: #       size         count      type   redop    root     time   algbw   busbw  #wrong     time   algbw   busbw  #wrong 
0: #        (B)    (elements)                               (us)  (GB/s)  (GB/s)             (us)  (GB/s)  (GB/s)         
0:     16777216       4194304     float     sum      -1   776.85   21.60   21.60       0   775.77   21.63   21.63    N/A
0:     67108864      16777216     float     sum      -1  2952.40   22.73   22.73       0  2948.11   22.76   22.76    N/A
0:    268435456      67108864     float     sum      -1  11608.0   23.13   23.13       0  11608.1   23.12   23.12    N/A
0: # Out of bounds values : 0 OK
0: # Avg bus bandwidth    : 22.4945 
0: #
0: # Collective test concluded: sendrecv_perf_mpi
0: #
0: 

##### pass 8/8  cross nid007133:g0 <-> nid007176:g2  sendrecv
0: 
0: WARNING: FI_CXI_RDZV_PROTO=alt_read is configured, but the Slurm network is
0: not set to disable rendezvous GET. Performance/stability may be impacted.
0: 
0: Expected Slurm launch:
0:   srun --network=disable_rdzv_get ...
0: or
0:   SLURM_NETWORK=disable_rdzv_get srun ...
0: 
0: Context:
0:   SLURM_NETWORK=<unset>
0:   FI_PROVIDER=cxi
0:   FI_CXI_RDZV_PROTO=alt_read
0: 
0: # nccl-tests version 2.17.8 nccl-headers=22902 nccl-library=22903
0: # Collective test starting: sendrecv_perf_mpi
0: # nThread 1 nGpus 1 minBytes 16777216 maxBytes 268435456 step: 4(factor) warmup iters: 5 iters: 20 agg iters: 1 validation: 1 graph: 0
0: #
0: # Using devices
0: #  Rank  0 Group  0 Pid 193804 on  nid007133 device  0 [0009:01:00] NVIDIA GH200 120GB
0: #  Rank  1 Group  0 Pid  99142 on  nid007176 device  0 [0029:01:00] NVIDIA GH200 120GB
0: #
0: #                                                              out-of-place                       in-place          
0: #       size         count      type   redop    root     time   algbw   busbw  #wrong     time   algbw   busbw  #wrong 
0: #        (B)    (elements)                               (us)  (GB/s)  (GB/s)             (us)  (GB/s)  (GB/s)         
0:     16777216       4194304     float     sum      -1   775.33   21.64   21.64       0   776.39   21.61   21.61    N/A
0:     67108864      16777216     float     sum      -1  2947.92   22.76   22.76       0  2952.38   22.73   22.73    N/A
0:    268435456      67108864     float     sum      -1  11608.7   23.12   23.12       0  11612.5   23.12   23.12    N/A
0: # Out of bounds values : 0 OK
0: # Avg bus bandwidth    : 22.4972 
0: #
0: # Collective test concluded: sendrecv_perf_mpi
0: #
0: 

##### pass 8/8  cross nid007133:g0 <-> nid007176:g3  sendrecv
0: 
0: WARNING: FI_CXI_RDZV_PROTO=alt_read is configured, but the Slurm network is
0: not set to disable rendezvous GET. Performance/stability may be impacted.
0: 
0: Expected Slurm launch:
0:   srun --network=disable_rdzv_get ...
0: or
0:   SLURM_NETWORK=disable_rdzv_get srun ...
0: 
0: Context:
0:   SLURM_NETWORK=<unset>
0:   FI_PROVIDER=cxi
0:   FI_CXI_RDZV_PROTO=alt_read
0: 
0: # nccl-tests version 2.17.8 nccl-headers=22902 nccl-library=22903
0: # Collective test starting: sendrecv_perf_mpi
0: # nThread 1 nGpus 1 minBytes 16777216 maxBytes 268435456 step: 4(factor) warmup iters: 5 iters: 20 agg iters: 1 validation: 1 graph: 0
0: #
0: # Using devices
0: #  Rank  0 Group  0 Pid 194791 on  nid007133 device  0 [0009:01:00] NVIDIA GH200 120GB
0: #  Rank  1 Group  0 Pid 100097 on  nid007176 device  0 [0039:01:00] NVIDIA GH200 120GB
0: #
0: #                                                              out-of-place                       in-place          
0: #       size         count      type   redop    root     time   algbw   busbw  #wrong     time   algbw   busbw  #wrong 
0: #        (B)    (elements)                               (us)  (GB/s)  (GB/s)             (us)  (GB/s)  (GB/s)         
0:     16777216       4194304     float     sum      -1   778.03   21.56   21.56       0   777.53   21.58   21.58    N/A
0:     67108864      16777216     float     sum      -1  2950.48   22.75   22.75       0  2950.08   22.75   22.75    N/A
0:    268435456      67108864     float     sum      -1  11604.8   23.13   23.13       0  11612.3   23.12   23.12    N/A
0: # Out of bounds values : 0 OK
0: # Avg bus bandwidth    : 22.4804 
0: #
0: # Collective test concluded: sendrecv_perf_mpi
0: #
0: 

##### pass 8/8  cross nid007133:g1 <-> nid007176:g0  sendrecv
0: 
0: WARNING: FI_CXI_RDZV_PROTO=alt_read is configured, but the Slurm network is
0: not set to disable rendezvous GET. Performance/stability may be impacted.
0: 
0: Expected Slurm launch:
0:   srun --network=disable_rdzv_get ...
0: or
0:   SLURM_NETWORK=disable_rdzv_get srun ...
0: 
0: Context:
0:   SLURM_NETWORK=<unset>
0:   FI_PROVIDER=cxi
0:   FI_CXI_RDZV_PROTO=alt_read
0: 
0: # nccl-tests version 2.17.8 nccl-headers=22902 nccl-library=22903
0: # Collective test starting: sendrecv_perf_mpi
0: # nThread 1 nGpus 1 minBytes 16777216 maxBytes 268435456 step: 4(factor) warmup iters: 5 iters: 20 agg iters: 1 validation: 1 graph: 0
0: #
0: # Using devices
0: #  Rank  0 Group  0 Pid 195755 on  nid007133 device  0 [0019:01:00] NVIDIA GH200 120GB
0: #  Rank  1 Group  0 Pid 101031 on  nid007176 device  0 [0009:01:00] NVIDIA GH200 120GB
0: #
0: #                                                              out-of-place                       in-place          
0: #       size         count      type   redop    root     time   algbw   busbw  #wrong     time   algbw   busbw  #wrong 
0: #        (B)    (elements)                               (us)  (GB/s)  (GB/s)             (us)  (GB/s)  (GB/s)         
0:     16777216       4194304     float     sum      -1   777.63   21.57   21.57       0   777.02   21.59   21.59    N/A
0:     67108864      16777216     float     sum      -1  2952.25   22.73   22.73       0  2947.79   22.77   22.77    N/A
0:    268435456      67108864     float     sum      -1  11616.3   23.11   23.11       0  11614.4   23.11   23.11    N/A
0: # Out of bounds values : 0 OK
0: # Avg bus bandwidth    : 22.4808 
0: #
0: # Collective test concluded: sendrecv_perf_mpi
0: #
0: 

##### pass 8/8  cross nid007133:g1 <-> nid007176:g1  sendrecv
0: 
0: WARNING: FI_CXI_RDZV_PROTO=alt_read is configured, but the Slurm network is
0: not set to disable rendezvous GET. Performance/stability may be impacted.
0: 
0: Expected Slurm launch:
0:   srun --network=disable_rdzv_get ...
0: or
0:   SLURM_NETWORK=disable_rdzv_get srun ...
0: 
0: Context:
0:   SLURM_NETWORK=<unset>
0:   FI_PROVIDER=cxi
0:   FI_CXI_RDZV_PROTO=alt_read
0: 
0: # nccl-tests version 2.17.8 nccl-headers=22902 nccl-library=22903
0: # Collective test starting: sendrecv_perf_mpi
0: # nThread 1 nGpus 1 minBytes 16777216 maxBytes 268435456 step: 4(factor) warmup iters: 5 iters: 20 agg iters: 1 validation: 1 graph: 0
0: #
0: # Using devices
0: #  Rank  0 Group  0 Pid 196742 on  nid007133 device  0 [0019:01:00] NVIDIA GH200 120GB
0: #  Rank  1 Group  0 Pid 101963 on  nid007176 device  0 [0019:01:00] NVIDIA GH200 120GB
0: #
0: #                                                              out-of-place                       in-place          
0: #       size         count      type   redop    root     time   algbw   busbw  #wrong     time   algbw   busbw  #wrong 
0: #        (B)    (elements)                               (us)  (GB/s)  (GB/s)             (us)  (GB/s)  (GB/s)         
0:     16777216       4194304     float     sum      -1   784.88   21.38   21.38       0   785.36   21.36   21.36    N/A
0:     67108864      16777216     float     sum      -1  2966.14   22.62   22.62       0  2971.28   22.59   22.59    N/A
0:    268435456      67108864     float     sum      -1  11633.7   23.07   23.07       0  11635.2   23.07   23.07    N/A
0: # Out of bounds values : 0 OK
0: # Avg bus bandwidth    : 22.3489 
0: #
0: # Collective test concluded: sendrecv_perf_mpi
0: #
0: 

##### pass 8/8  cross nid007133:g1 <-> nid007176:g2  sendrecv
0: 
0: WARNING: FI_CXI_RDZV_PROTO=alt_read is configured, but the Slurm network is
0: not set to disable rendezvous GET. Performance/stability may be impacted.
0: 
0: Expected Slurm launch:
0:   srun --network=disable_rdzv_get ...
0: or
0:   SLURM_NETWORK=disable_rdzv_get srun ...
0: 
0: Context:
0:   SLURM_NETWORK=<unset>
0:   FI_PROVIDER=cxi
0:   FI_CXI_RDZV_PROTO=alt_read
0: 
0: # nccl-tests version 2.17.8 nccl-headers=22902 nccl-library=22903
0: # Collective test starting: sendrecv_perf_mpi
0: # nThread 1 nGpus 1 minBytes 16777216 maxBytes 268435456 step: 4(factor) warmup iters: 5 iters: 20 agg iters: 1 validation: 1 graph: 0
0: #
0: # Using devices
0: #  Rank  0 Group  0 Pid 197747 on  nid007133 device  0 [0019:01:00] NVIDIA GH200 120GB
0: #  Rank  1 Group  0 Pid 102922 on  nid007176 device  0 [0029:01:00] NVIDIA GH200 120GB
0: #
0: #                                                              out-of-place                       in-place          
0: #       size         count      type   redop    root     time   algbw   busbw  #wrong     time   algbw   busbw  #wrong 
0: #        (B)    (elements)                               (us)  (GB/s)  (GB/s)             (us)  (GB/s)  (GB/s)         
0:     16777216       4194304     float     sum      -1   784.54   21.38   21.38       0   786.05   21.34   21.34    N/A
0:     67108864      16777216     float     sum      -1  2969.63   22.60   22.60       0  2973.55   22.57   22.57    N/A
0:    268435456      67108864     float     sum      -1  11642.3   23.06   23.06       0  11640.6   23.06   23.06    N/A
0: # Out of bounds values : 0 OK
0: # Avg bus bandwidth    : 22.3355 
0: #
0: # Collective test concluded: sendrecv_perf_mpi
0: #
0: 

##### pass 8/8  cross nid007133:g1 <-> nid007176:g3  sendrecv
0: 
0: WARNING: FI_CXI_RDZV_PROTO=alt_read is configured, but the Slurm network is
0: not set to disable rendezvous GET. Performance/stability may be impacted.
0: 
0: Expected Slurm launch:
0:   srun --network=disable_rdzv_get ...
0: or
0:   SLURM_NETWORK=disable_rdzv_get srun ...
0: 
0: Context:
0:   SLURM_NETWORK=<unset>
0:   FI_PROVIDER=cxi
0:   FI_CXI_RDZV_PROTO=alt_read
0: 
0: # nccl-tests version 2.17.8 nccl-headers=22902 nccl-library=22903
0: # Collective test starting: sendrecv_perf_mpi
0: # nThread 1 nGpus 1 minBytes 16777216 maxBytes 268435456 step: 4(factor) warmup iters: 5 iters: 20 agg iters: 1 validation: 1 graph: 0
0: #
0: # Using devices
0: #  Rank  0 Group  0 Pid 198719 on  nid007133 device  0 [0019:01:00] NVIDIA GH200 120GB
0: #  Rank  1 Group  0 Pid 103911 on  nid007176 device  0 [0039:01:00] NVIDIA GH200 120GB
0: #
0: #                                                              out-of-place                       in-place          
0: #       size         count      type   redop    root     time   algbw   busbw  #wrong     time   algbw   busbw  #wrong 
0: #        (B)    (elements)                               (us)  (GB/s)  (GB/s)             (us)  (GB/s)  (GB/s)         
0:     16777216       4194304     float     sum      -1   785.36   21.36   21.36       0   786.40   21.33   21.33    N/A
0:     67108864      16777216     float     sum      -1  2964.23   22.64   22.64       0  2964.93   22.63   22.63    N/A
0:    268435456      67108864     float     sum      -1  11624.4   23.09   23.09       0  11644.5   23.05   23.05    N/A
0: # Out of bounds values : 0 OK
0: # Avg bus bandwidth    : 22.3526 
0: #
0: # Collective test concluded: sendrecv_perf_mpi
0: #
0: 

##### pass 8/8  cross nid007133:g2 <-> nid007176:g0  sendrecv
0: 
0: WARNING: FI_CXI_RDZV_PROTO=alt_read is configured, but the Slurm network is
0: not set to disable rendezvous GET. Performance/stability may be impacted.
0: 
0: Expected Slurm launch:
0:   srun --network=disable_rdzv_get ...
0: or
0:   SLURM_NETWORK=disable_rdzv_get srun ...
0: 
0: Context:
0:   SLURM_NETWORK=<unset>
0:   FI_PROVIDER=cxi
0:   FI_CXI_RDZV_PROTO=alt_read
0: 
0: # nccl-tests version 2.17.8 nccl-headers=22902 nccl-library=22903
0: # Collective test starting: sendrecv_perf_mpi
0: # nThread 1 nGpus 1 minBytes 16777216 maxBytes 268435456 step: 4(factor) warmup iters: 5 iters: 20 agg iters: 1 validation: 1 graph: 0
0: #
0: # Using devices
0: #  Rank  0 Group  0 Pid 199733 on  nid007133 device  0 [0029:01:00] NVIDIA GH200 120GB
0: #  Rank  1 Group  0 Pid 104850 on  nid007176 device  0 [0009:01:00] NVIDIA GH200 120GB
0: #
0: #                                                              out-of-place                       in-place          
0: #       size         count      type   redop    root     time   algbw   busbw  #wrong     time   algbw   busbw  #wrong 
0: #        (B)    (elements)                               (us)  (GB/s)  (GB/s)             (us)  (GB/s)  (GB/s)         
0:     16777216       4194304     float     sum      -1   777.05   21.59   21.59       0   776.96   21.59   21.59    N/A
0:     67108864      16777216     float     sum      -1  2954.00   22.72   22.72       0  2947.84   22.77   22.77    N/A
0:    268435456      67108864     float     sum      -1  11611.2   23.12   23.12       0  11607.6   23.13   23.13    N/A
0: # Out of bounds values : 0 OK
0: # Avg bus bandwidth    : 22.4854 
0: #
0: # Collective test concluded: sendrecv_perf_mpi
0: #
0: 

##### pass 8/8  cross nid007133:g2 <-> nid007176:g1  sendrecv
0: 
0: WARNING: FI_CXI_RDZV_PROTO=alt_read is configured, but the Slurm network is
0: not set to disable rendezvous GET. Performance/stability may be impacted.
0: 
0: Expected Slurm launch:
0:   srun --network=disable_rdzv_get ...
0: or
0:   SLURM_NETWORK=disable_rdzv_get srun ...
0: 
0: Context:
0:   SLURM_NETWORK=<unset>
0:   FI_PROVIDER=cxi
0:   FI_CXI_RDZV_PROTO=alt_read
0: 
0: # nccl-tests version 2.17.8 nccl-headers=22902 nccl-library=22903
0: # Collective test starting: sendrecv_perf_mpi
0: # nThread 1 nGpus 1 minBytes 16777216 maxBytes 268435456 step: 4(factor) warmup iters: 5 iters: 20 agg iters: 1 validation: 1 graph: 0
0: #
0: # Using devices
0: #  Rank  0 Group  0 Pid 200703 on  nid007133 device  0 [0029:01:00] NVIDIA GH200 120GB
0: #  Rank  1 Group  0 Pid 105805 on  nid007176 device  0 [0019:01:00] NVIDIA GH200 120GB
0: #
0: #                                                              out-of-place                       in-place          
0: #       size         count      type   redop    root     time   algbw   busbw  #wrong     time   algbw   busbw  #wrong 
0: #        (B)    (elements)                               (us)  (GB/s)  (GB/s)             (us)  (GB/s)  (GB/s)         
0:     16777216       4194304     float     sum      -1   786.51   21.33   21.33       0   785.27   21.36   21.36    N/A
0:     67108864      16777216     float     sum      -1  2960.36   22.67   22.67       0  2961.21   22.66   22.66    N/A
0:    268435456      67108864     float     sum      -1  11632.8   23.08   23.08       0  11624.7   23.09   23.09    N/A
0: # Out of bounds values : 0 OK
0: # Avg bus bandwidth    : 22.3659 
0: #
0: # Collective test concluded: sendrecv_perf_mpi
0: #
0: 

##### pass 8/8  cross nid007133:g2 <-> nid007176:g2  sendrecv
0: 
0: WARNING: FI_CXI_RDZV_PROTO=alt_read is configured, but the Slurm network is
0: not set to disable rendezvous GET. Performance/stability may be impacted.
0: 
0: Expected Slurm launch:
0:   srun --network=disable_rdzv_get ...
0: or
0:   SLURM_NETWORK=disable_rdzv_get srun ...
0: 
0: Context:
0:   SLURM_NETWORK=<unset>
0:   FI_PROVIDER=cxi
0:   FI_CXI_RDZV_PROTO=alt_read
0: 
0: # nccl-tests version 2.17.8 nccl-headers=22902 nccl-library=22903
0: # Collective test starting: sendrecv_perf_mpi
0: # nThread 1 nGpus 1 minBytes 16777216 maxBytes 268435456 step: 4(factor) warmup iters: 5 iters: 20 agg iters: 1 validation: 1 graph: 0
0: #
0: # Using devices
0: #  Rank  0 Group  0 Pid 201778 on  nid007133 device  0 [0029:01:00] NVIDIA GH200 120GB
0: #  Rank  1 Group  0 Pid 106747 on  nid007176 device  0 [0029:01:00] NVIDIA GH200 120GB
0: #
0: #                                                              out-of-place                       in-place          
0: #       size         count      type   redop    root     time   algbw   busbw  #wrong     time   algbw   busbw  #wrong 
0: #        (B)    (elements)                               (us)  (GB/s)  (GB/s)             (us)  (GB/s)  (GB/s)         
0:     16777216       4194304     float     sum      -1   787.65   21.30   21.30       0   787.50   21.30   21.30    N/A
0:     67108864      16777216     float     sum      -1  2966.84   22.62   22.62       0  2964.01   22.64   22.64    N/A
0:    268435456      67108864     float     sum      -1  11623.8   23.09   23.09       0  11635.5   23.07   23.07    N/A
0: # Out of bounds values : 0 OK
0: # Avg bus bandwidth    : 22.3383 
0: #
0: # Collective test concluded: sendrecv_perf_mpi
0: #
0: 

##### pass 8/8  cross nid007133:g2 <-> nid007176:g3  sendrecv
0: 
0: WARNING: FI_CXI_RDZV_PROTO=alt_read is configured, but the Slurm network is
0: not set to disable rendezvous GET. Performance/stability may be impacted.
0: 
0: Expected Slurm launch:
0:   srun --network=disable_rdzv_get ...
0: or
0:   SLURM_NETWORK=disable_rdzv_get srun ...
0: 
0: Context:
0:   SLURM_NETWORK=<unset>
0:   FI_PROVIDER=cxi
0:   FI_CXI_RDZV_PROTO=alt_read
0: 
0: # nccl-tests version 2.17.8 nccl-headers=22902 nccl-library=22903
0: # Collective test starting: sendrecv_perf_mpi
0: # nThread 1 nGpus 1 minBytes 16777216 maxBytes 268435456 step: 4(factor) warmup iters: 5 iters: 20 agg iters: 1 validation: 1 graph: 0
0: #
0: # Using devices
0: #  Rank  0 Group  0 Pid 202757 on  nid007133 device  0 [0029:01:00] NVIDIA GH200 120GB
0: #  Rank  1 Group  0 Pid 107700 on  nid007176 device  0 [0039:01:00] NVIDIA GH200 120GB
0: #
0: #                                                              out-of-place                       in-place          
0: #       size         count      type   redop    root     time   algbw   busbw  #wrong     time   algbw   busbw  #wrong 
0: #        (B)    (elements)                               (us)  (GB/s)  (GB/s)             (us)  (GB/s)  (GB/s)         
0:     16777216       4194304     float     sum      -1   785.72   21.35   21.35       0   785.94   21.35   21.35    N/A
0:     67108864      16777216     float     sum      -1  2968.94   22.60   22.60       0  2966.60   22.62   22.62    N/A
0:    268435456      67108864     float     sum      -1  11620.5   23.10   23.10       0  11632.3   23.08   23.08    N/A
0: # Out of bounds values : 0 OK
0: # Avg bus bandwidth    : 22.3503 
0: #
0: # Collective test concluded: sendrecv_perf_mpi
0: #
0: 

##### pass 8/8  cross nid007133:g3 <-> nid007176:g0  sendrecv
0: 
0: WARNING: FI_CXI_RDZV_PROTO=alt_read is configured, but the Slurm network is
0: not set to disable rendezvous GET. Performance/stability may be impacted.
0: 
0: Expected Slurm launch:
0:   srun --network=disable_rdzv_get ...
0: or
0:   SLURM_NETWORK=disable_rdzv_get srun ...
0: 
0: Context:
0:   SLURM_NETWORK=<unset>
0:   FI_PROVIDER=cxi
0:   FI_CXI_RDZV_PROTO=alt_read
0: 
0: # nccl-tests version 2.17.8 nccl-headers=22902 nccl-library=22903
0: # Collective test starting: sendrecv_perf_mpi
0: # nThread 1 nGpus 1 minBytes 16777216 maxBytes 268435456 step: 4(factor) warmup iters: 5 iters: 20 agg iters: 1 validation: 1 graph: 0
0: #
0: # Using devices
0: #  Rank  0 Group  0 Pid 203728 on  nid007133 device  0 [0039:01:00] NVIDIA GH200 120GB
0: #  Rank  1 Group  0 Pid 108636 on  nid007176 device  0 [0009:01:00] NVIDIA GH200 120GB
0: #
0: #                                                              out-of-place                       in-place          
0: #       size         count      type   redop    root     time   algbw   busbw  #wrong     time   algbw   busbw  #wrong 
0: #        (B)    (elements)                               (us)  (GB/s)  (GB/s)             (us)  (GB/s)  (GB/s)         
0:     16777216       4194304     float     sum      -1   780.49   21.50   21.50       0   779.23   21.53   21.53    N/A
0:     67108864      16777216     float     sum      -1  2956.80   22.70   22.70       0  2951.75   22.74   22.74    N/A
0:    268435456      67108864     float     sum      -1  11613.4   23.11   23.11       0  11614.9   23.11   23.11    N/A
0: # Out of bounds values : 0 OK
0: # Avg bus bandwidth    : 22.4473 
0: #
0: # Collective test concluded: sendrecv_perf_mpi
0: #
0: 

##### pass 8/8  cross nid007133:g3 <-> nid007176:g1  sendrecv
0: 
0: WARNING: FI_CXI_RDZV_PROTO=alt_read is configured, but the Slurm network is
0: not set to disable rendezvous GET. Performance/stability may be impacted.
0: 
0: Expected Slurm launch:
0:   srun --network=disable_rdzv_get ...
0: or
0:   SLURM_NETWORK=disable_rdzv_get srun ...
0: 
0: Context:
0:   SLURM_NETWORK=<unset>
0:   FI_PROVIDER=cxi
0:   FI_CXI_RDZV_PROTO=alt_read
0: 
0: # nccl-tests version 2.17.8 nccl-headers=22902 nccl-library=22903
0: # Collective test starting: sendrecv_perf_mpi
0: # nThread 1 nGpus 1 minBytes 16777216 maxBytes 268435456 step: 4(factor) warmup iters: 5 iters: 20 agg iters: 1 validation: 1 graph: 0
0: #
0: # Using devices
0: #  Rank  0 Group  0 Pid 204714 on  nid007133 device  0 [0039:01:00] NVIDIA GH200 120GB
0: #  Rank  1 Group  0 Pid 109572 on  nid007176 device  0 [0019:01:00] NVIDIA GH200 120GB
0: #
0: #                                                              out-of-place                       in-place          
0: #       size         count      type   redop    root     time   algbw   busbw  #wrong     time   algbw   busbw  #wrong 
0: #        (B)    (elements)                               (us)  (GB/s)  (GB/s)             (us)  (GB/s)  (GB/s)         
0:     16777216       4194304     float     sum      -1   784.41   21.39   21.39       0   785.68   21.35   21.35    N/A
0:     67108864      16777216     float     sum      -1  2962.16   22.66   22.66       0  2967.93   22.61   22.61    N/A
0:    268435456      67108864     float     sum      -1  11628.6   23.08   23.08       0  11622.7   23.10   23.10    N/A
0: # Out of bounds values : 0 OK
0: # Avg bus bandwidth    : 22.3648 
0: #
0: # Collective test concluded: sendrecv_perf_mpi
0: #
0: 

##### pass 8/8  cross nid007133:g3 <-> nid007176:g2  sendrecv
0: 
0: WARNING: FI_CXI_RDZV_PROTO=alt_read is configured, but the Slurm network is
0: not set to disable rendezvous GET. Performance/stability may be impacted.
0: 
0: Expected Slurm launch:
0:   srun --network=disable_rdzv_get ...
0: or
0:   SLURM_NETWORK=disable_rdzv_get srun ...
0: 
0: Context:
0:   SLURM_NETWORK=<unset>
0:   FI_PROVIDER=cxi
0:   FI_CXI_RDZV_PROTO=alt_read
0: 
0: # nccl-tests version 2.17.8 nccl-headers=22902 nccl-library=22903
0: # Collective test starting: sendrecv_perf_mpi
0: # nThread 1 nGpus 1 minBytes 16777216 maxBytes 268435456 step: 4(factor) warmup iters: 5 iters: 20 agg iters: 1 validation: 1 graph: 0
0: #
0: # Using devices
0: #  Rank  0 Group  0 Pid 205702 on  nid007133 device  0 [0039:01:00] NVIDIA GH200 120GB
0: #  Rank  1 Group  0 Pid 110543 on  nid007176 device  0 [0029:01:00] NVIDIA GH200 120GB
0: #
0: #                                                              out-of-place                       in-place          
0: #       size         count      type   redop    root     time   algbw   busbw  #wrong     time   algbw   busbw  #wrong 
0: #        (B)    (elements)                               (us)  (GB/s)  (GB/s)             (us)  (GB/s)  (GB/s)         
0:     16777216       4194304     float     sum      -1   785.70   21.35   21.35       0   782.35   21.44   21.44    N/A
0:     67108864      16777216     float     sum      -1  2962.80   22.65   22.65       0  2970.23   22.59   22.59    N/A
0:    268435456      67108864     float     sum      -1  11624.6   23.09   23.09       0  11620.7   23.10   23.10    N/A
0: # Out of bounds values : 0 OK
0: # Avg bus bandwidth    : 22.3723 
0: #
0: # Collective test concluded: sendrecv_perf_mpi
0: #
0: 

##### pass 8/8  cross nid007133:g3 <-> nid007176:g3  sendrecv
0: 
0: WARNING: FI_CXI_RDZV_PROTO=alt_read is configured, but the Slurm network is
0: not set to disable rendezvous GET. Performance/stability may be impacted.
0: 
0: Expected Slurm launch:
0:   srun --network=disable_rdzv_get ...
0: or
0:   SLURM_NETWORK=disable_rdzv_get srun ...
0: 
0: Context:
0:   SLURM_NETWORK=<unset>
0:   FI_PROVIDER=cxi
0:   FI_CXI_RDZV_PROTO=alt_read
0: 
0: # nccl-tests version 2.17.8 nccl-headers=22902 nccl-library=22903
0: # Collective test starting: sendrecv_perf_mpi
0: # nThread 1 nGpus 1 minBytes 16777216 maxBytes 268435456 step: 4(factor) warmup iters: 5 iters: 20 agg iters: 1 validation: 1 graph: 0
0: #
0: # Using devices
0: #  Rank  0 Group  0 Pid 207261 on  nid007133 device  0 [0039:01:00] NVIDIA GH200 120GB
0: #  Rank  1 Group  0 Pid 111478 on  nid007176 device  0 [0039:01:00] NVIDIA GH200 120GB
0: #
0: #                                                              out-of-place                       in-place          
0: #       size         count      type   redop    root     time   algbw   busbw  #wrong     time   algbw   busbw  #wrong 
0: #        (B)    (elements)                               (us)  (GB/s)  (GB/s)             (us)  (GB/s)  (GB/s)         
0:     16777216       4194304     float     sum      -1   783.99   21.40   21.40       0   783.45   21.41   21.41    N/A
0:     67108864      16777216     float     sum      -1  2963.54   22.64   22.64       0  2963.41   22.65   22.65    N/A
0:    268435456      67108864     float     sum      -1  11633.5   23.07   23.07       0  11632.5   23.08   23.08    N/A
0: # Out of bounds values : 0 OK
0: # Avg bus bandwidth    : 22.3759 
0: #
0: # Collective test concluded: sendrecv_perf_mpi
0: #
0: 

NCCL_TESTS_CROSS_COMPLETE nid[007133,007176]
