=== node: nid007195  EDF: /iopsstor/scratch/cscs/mvasilev/vllm-play/megatron-v2601-multinode.toml  passes: 20 ===
0: 
0: WARNING: FI_CXI_RDZV_PROTO=alt_read is configured, but the Slurm network is
0: not set to disable rendezvous GET. Performance/stability may be impacted.
0: 
0: Expected Slurm launch:
0:   srun --network=disable_rdzv_get ...
0: or
0:   SLURM_NETWORK=disable_rdzv_get srun ...
0: 
0: Context:
0:   SLURM_NETWORK=<unset>
0:   FI_PROVIDER=cxi
0:   FI_CXI_RDZV_PROTO=alt_read
0: 
0: === nvlink status ===
0: GPU 0: NVIDIA GH200 120GB (UUID: GPU-1576f3c3-8372-7d6b-decd-052c8b7157a8)
0: 	 Link 0: 26.562 GB/s
0: 	 Link 1: 26.562 GB/s
0: 	 Link 2: 26.562 GB/s
0: 	 Link 3: 26.562 GB/s
0: 	 Link 4: 26.562 GB/s
0: 	 Link 5: 26.562 GB/s
0: 	 Link 6: 26.562 GB/s
0: 	 Link 7: 26.562 GB/s
0: 	 Link 8: 26.562 GB/s
0: 	 Link 9: 26.562 GB/s
0: 	 Link 10: 26.562 GB/s
0: 	 Link 11: 26.562 GB/s
0: 	 Link 12: 26.562 GB/s
0: 	 Link 13: 26.562 GB/s
0: 	 Link 14: 26.562 GB/s
0: 	 Link 15: 26.562 GB/s
0: 	 Link 16: 26.562 GB/s
0: 	 Link 17: 26.562 GB/s
0: GPU 1: NVIDIA GH200 120GB (UUID: GPU-94511c6c-0551-6ee2-2bc7-8743d6a340da)
0: 	 Link 0: 26.562 GB/s
0: 	 Link 1: 26.562 GB/s
0: 	 Link 2: 26.562 GB/s
0: 	 Link 3: 26.562 GB/s
0: 	 Link 4: 26.562 GB/s
0: 	 Link 5: 26.562 GB/s
0: 	 Link 6: 26.562 GB/s
0: 	 Link 7: 26.562 GB/s
0: 	 Link 8: 26.562 GB/s
0: 	 Link 9: 26.562 GB/s
0: 	 Link 10: 26.562 GB/s
0: 	 Link 11: 26.562 GB/s
0: 	 Link 12: 26.562 GB/s
0: 	 Link 13: 26.562 GB/s
0: 	 Link 14: 26.562 GB/s
0: 	 Link 15: 26.562 GB/s
0: 	 Link 16: 26.562 GB/s
0: 	 Link 17: 26.562 GB/s
0: GPU 2: NVIDIA GH200 120GB (UUID: GPU-130de23c-305e-cf7a-0b35-a92c7bcd7abc)
0: 	 Link 0: 26.562 GB/s
0: 	 Link 1: 26.562 GB/s
0: 	 Link 2: 26.562 GB/s
0: 	 Link 3: 26.562 GB/s
0: 	 Link 4: 26.562 GB/s
0: 	 Link 5: 26.562 GB/s
0: 	 Link 6: 26.562 GB/s
0: 	 Link 7: 26.562 GB/s
0: 	 Link 8: 26.562 GB/s
0: 	 Link 9: 26.562 GB/s
0: 	 Link 10: 26.562 GB/s
0: 	 Link 11: 26.562 GB/s
0: 	 Link 12: 26.562 GB/s
0: 	 Link 13: 26.562 GB/s
0: 	 Link 14: 26.562 GB/s
0: 	 Link 15: 26.562 GB/s
0: 	 Link 16: 26.562 GB/s
0: 	 Link 17: 26.562 GB/s
0: GPU 3: NVIDIA GH200 120GB (UUID: GPU-e4064920-aa88-c6bc-19ec-f05dcbeaa486)
0: 	 Link 0: 26.562 GB/s
0: 	 Link 1: 26.562 GB/s
0: 	 Link 2: 26.562 GB/s
0: 	 Link 3: 26.562 GB/s
0: 	 Link 4: 26.562 GB/s
0: 	 Link 5: 26.562 GB/s
0: 	 Link 6: 26.562 GB/s
0: 	 Link 7: 26.562 GB/s
0: 	 Link 8: 26.562 GB/s
0: 	 Link 9: 26.562 GB/s
0: 	 Link 10: 26.562 GB/s
0: 	 Link 11: 26.562 GB/s
0: 	 Link 12: 26.562 GB/s
0: 	 Link 13: 26.562 GB/s
0: 	 Link 14: 26.562 GB/s
0: 	 Link 15: 26.562 GB/s
0: 	 Link 16: 26.562 GB/s
0: 	 Link 17: 26.562 GB/s
0: === nvlink error counters BEFORE ===
0: GPU 0: NVIDIA GH200 120GB (UUID: GPU-1576f3c3-8372-7d6b-decd-052c8b7157a8)
0: 	 Link 0: Replay Errors: 0
0: 	 Link 0: Recovery Errors: 0
0: 	 Link 0: CRC Errors: 0
0: 
0: 	 Link 1: Replay Errors: 0
0: 	 Link 1: Recovery Errors: 0
0: 	 Link 1: CRC Errors: 0
0: 
0: 	 Link 2: Replay Errors: 0
0: 	 Link 2: Recovery Errors: 0
0: 	 Link 2: CRC Errors: 0
0: 
0: 	 Link 3: Replay Errors: 0
0: 	 Link 3: Recovery Errors: 0
0: 	 Link 3: CRC Errors: 0
0: 
0: 	 Link 4: Replay Errors: 0
0: 	 Link 4: Recovery Errors: 0
0: 	 Link 4: CRC Errors: 0
0: 
0: 	 Link 5: Replay Errors: 0
0: 	 Link 5: Recovery Errors: 0
0: 	 Link 5: CRC Errors: 0
0: 
0: 	 Link 6: Replay Errors: 0
0: 	 Link 6: Recovery Errors: 0
0: 	 Link 6: CRC Errors: 0
0: 
0: 	 Link 7: Replay Errors: 0
0: 	 Link 7: Recovery Errors: 0
0: 	 Link 7: CRC Errors: 0
0: 
0: 	 Link 8: Replay Errors: 0
0: 	 Link 8: Recovery Errors: 0
0: 	 Link 8: CRC Errors: 0
0: 
0: 	 Link 9: Replay Errors: 0
0: 	 Link 9: Recovery Errors: 0
0: 	 Link 9: CRC Errors: 0
0: 
0: 	 Link 10: Replay Errors: 0
0: 	 Link 10: Recovery Errors: 0
0: 	 Link 10: CRC Errors: 0
0: 
0: 	 Link 11: Replay Errors: 0
0: 	 Link 11: Recovery Errors: 0
0: 	 Link 11: CRC Errors: 0
0: 
0: 	 Link 12: Replay Errors: 0
0: 	 Link 12: Recover
0: y Errors: 0
0: 	 Link 12: CRC Errors: 0
0: 
0: 	 Link 13: Replay Errors: 0
0: 	 Link 13: Recovery Errors: 0
0: 	 Link 13: CRC Errors: 0
0: 
0: 	 Link 14: Replay Errors: 0
0: 	 Link 14: Recovery Errors: 0
0: 	 Link 14: CRC Errors: 0
0: 
0: 	 Link 15: Replay Errors: 0
0: 	 Link 15: Recovery Errors: 0
0: 	 Link 15: CRC Errors: 0
0: 
0: 	 Link 16: Replay Errors: 0
0: 	 Link 16: Recovery Errors: 0
0: 	 Link 16: CRC Errors: 0
0: 
0: 	 Link 17: Replay Errors: 0
0: 	 Link 17: Recovery Errors: 0
0: 	 Link 17: CRC Errors: 0
0: 
0: GPU 1: NVIDIA GH200 120GB (UUID: GPU-94511c6c-0551-6ee2-2bc7-8743d6a340da)
0: 	 Link 0: Replay Errors: 0
0: 	 Link 0: Recovery Errors: 0
0: 	 Link 0: CRC Errors: 0
0: 
0: 	 Link 1: Replay Errors: 0
0: 	 Link 1: Recovery Errors: 0
0: 	 Link 1: CRC Errors: 0
0: 
0: 	 Link 2: Replay Errors: 0
0: 	 Link 2: Recovery Errors: 0
0: 	 Link 2: CRC Errors: 0
0: 
0: 	 Link 3: Replay Errors: 0
0: 	 Link 3: Recovery Errors: 0
0: 	 Link 3: CRC Errors: 0
0: 
0: 	 Link 4: Replay Errors: 0
0: 	 Link 4: Recovery Errors: 0
0: 	 Link 4: CRC Errors: 0
0: 
0: 	 Link 5: Replay Errors: 0
0: 	 Link 5: Recovery Errors: 0
0: 	 Link 5: CRC Errors: 0
0: 
0: 	 Link 6: Replay Errors: 0
0: 	 Link 6: Recovery Errors: 0
0: 	 Link 6: CRC Errors: 0
0: 
0: 	 Link 7: Replay Errors: 0
0: 	 Link 7: Recovery Errors: 0
0: 	 Link 7: CRC Errors: 0
0: 
0: 	 Link 8: Replay Errors: 0
0: 	 Link 8: Recovery Errors: 0
0: 	 Link 8: CRC Errors: 0
0: 
0: 	 Link 9: Replay Errors: 0
0: 	 Link 9: Recovery Errors: 0
0: 	 Link 9: CRC Errors: 0
0: 
0: 	 Link 10: Replay Errors: 0
0: 	 Link 10: Recovery Errors: 0
0: 	 Link 10: CRC Errors: 0
0: 
0: 	 Link 11: Replay Errors: 0
0: 	 Link 11: Recovery Errors: 0
0: 	 Link 11: CRC Errors: 0
0: 
0: 	 Link 12: Replay Errors: 0
0: 	 Link 12: Recover
0: y Errors: 0
0: 	 Link 12: CRC Errors: 0
0: 
0: 	 Link 13: Replay Errors: 0
0: 	 Link 13: Recovery Errors: 0
0: 	 Link 13: CRC Errors: 0
0: 
0: 	 Link 14: Replay Errors: 0
0: 	 Link 14: Recovery Errors: 0
0: 	 Link 14: CRC Errors: 0
0: 
0: 	 Link 15: Replay Errors: 0
0: 	 Link 15: Recovery Errors: 0
0: 	 Link 15: CRC Errors: 0
0: 
0: 	 Link 16: Replay Errors: 0
0: 	 Link 16: Recovery Errors: 0
0: 	 Link 16: CRC Errors: 0
0: 
0: 	 Link 17: Replay Errors: 0
0: 	 Link 17: Recovery Errors: 0
0: 	 Link 17: CRC Errors: 0
0: 
0: GPU 2: NVIDIA GH200 120GB (UUID: GPU-130de23c-305e-cf7a-0b35-a92c7bcd7abc)
0: 	 Link 0: Replay Errors: 0
0: 	 Link 0: Recovery Errors: 0
0: 	 Link 0: CRC Errors: 0
0: 
0: 	 Link 1: Replay Errors: 0
0: 	 Link 1: Recovery Errors: 0
0: 	 Link 1: CRC Errors: 0
0: 
0: 	 Link 2: Replay Errors: 0
0: 	 Link 2: Recovery Errors: 0
0: 	 Link 2: CRC Errors: 0
0: 
0: 	 Link 3: Replay Errors: 0
0: 	 Link 3: Recovery Errors: 0
0: 	 Link 3: CRC Errors: 0
0: 
0: 	 Link 4: Replay Errors: 0
0: 	 Link 4: Recovery Errors: 0
0: 	 Link 4: CRC Errors: 0
0: 
0: 	 Link 5: Replay Errors: 0
0: 	 Link 5: Recovery Errors: 0
0: 	 Link 5: CRC Errors: 0
0: 
0: 	 Link 6: Replay Errors: 0
0: 	 Link 6: Recovery Errors: 0
0: 	 Link 6: CRC Errors: 0
0: 
0: 	 Link 7: Replay Errors: 0
0: 	 Link 7: Recovery Errors: 0
0: 	 Link 7: CRC Errors: 0
0: 
0: 	 Link 8: Replay Errors: 0
0: 	 Link 8: Recovery Errors: 0
0: 	 Link 8: CRC Errors: 0
0: 
0: 	 Link 9: Replay Errors: 0
0: 	 Link 9: Recovery Errors: 0
0: 	 Link 9: CRC Errors: 0
0: 
0: 	 Link 10: Replay Errors: 0
0: 	 Link 10: Recovery Errors: 0
0: 	 Link 10: CRC Errors: 0
0: 
0: 	 Link 11: Replay Errors: 0
0: 	 Link 11: Recovery Errors: 0
0: 	 Link 11: CRC Errors: 0
0: 
0: 	 Link 12: Replay Errors: 0
0: 	 Link 12: Recover
0: y Errors: 0
0: 	 Link 12: CRC Errors: 0
0: 
0: 	 Link 13: Replay Errors: 0
0: 	 Link 13: Recovery Errors: 0
0: 	 Link 13: CRC Errors: 0
0: 
0: 	 Link 14: Replay Errors: 0
0: 	 Link 14: Recovery Errors: 0
0: 	 Link 14: CRC Errors: 0
0: 
0: 	 Link 15: Replay Errors: 0
0: 	 Link 15: Recovery Errors: 0
0: 	 Link 15: CRC Errors: 0
0: 
0: 	 Link 16: Replay Errors: 0
0: 	 Link 16: Recovery Errors: 0
0: 	 Link 16: CRC Errors: 0
0: 
0: 	 Link 17: Replay Errors: 0
0: 	 Link 17: Recovery Errors: 0
0: 	 Link 17: CRC Errors: 0
0: 
0: GPU 3: NVIDIA GH200 120GB (UUID: GPU-e4064920-aa88-c6bc-19ec-f05dcbeaa486)
0: 	 Link 0: Replay Errors: 0
0: 	 Link 0: Recovery Errors: 0
0: 	 Link 0: CRC Errors: 0
0: 
0: 	 Link 1: Replay Errors: 0
0: 	 Link 1: Recovery Errors: 0
0: 	 Link 1: CRC Errors: 0
0: 
0: 	 Link 2: Replay Errors: 0
0: 	 Link 2: Recovery Errors: 0
0: 	 Link 2: CRC Errors: 0
0: 
0: 	 Link 3: Replay Errors: 0
0: 	 Link 3: Recovery Errors: 0
0: 	 Link 3: CRC Errors: 0
0: 
0: 	 Link 4: Replay Errors: 0
0: 	 Link 4: Recovery Errors: 0
0: 	 Link 4: CRC Errors: 0
0: 
0: 	 Link 5: Replay Errors: 0
0: 	 Link 5: Recovery Errors: 0
0: 	 Link 5: CRC Errors: 0
0: 
0: 	 Link 6: Replay Errors: 0
0: 	 Link 6: Recovery Errors: 0
0: 	 Link 6: CRC Errors: 0
0: 
0: 	 Link 7: Replay Errors: 0
0: 	 Link 7: Recovery Errors: 0
0: 	 Link 7: CRC Errors: 0
0: 
0: 	 Link 8: Replay Errors: 0
0: 	 Link 8: Recovery Errors: 0
0: 	 Link 8: CRC Errors: 0
0: 
0: 	 Link 9: Replay Errors: 0
0: 	 Link 9: Recovery Errors: 0
0: 	 Link 9: CRC Errors: 0
0: 
0: 	 Link 10: Replay Errors: 0
0: 	 Link 10: Recovery Errors: 0
0: 	 Link 10: CRC Errors: 0
0: 
0: 	 Link 11: Replay Errors: 0
0: 	 Link 11: Recovery Errors: 0
0: 	 Link 11: CRC Errors: 0
0: 
0: 	 Link 12: Replay Errors: 0
0: 	 Link 12: Recover
0: y Errors: 0
0: 	 Link 12: CRC Errors: 0
0: 
0: 	 Link 13: Replay Errors: 0
0: 	 Link 13: Recovery Errors: 0
0: 	 Link 13: CRC Errors: 0
0: 
0: 	 Link 14: Replay Errors: 0
0: 	 Link 14: Recovery Errors: 0
0: 	 Link 14: CRC Errors: 0
0: 
0: 	 Link 15: Replay Errors: 0
0: 	 Link 15: Recovery Errors: 0
0: 	 Link 15: CRC Errors: 0
0: 
0: 	 Link 16: Replay Errors: 0
0: 	 Link 16: Recovery Errors: 0
0: 	 Link 16: CRC Errors: 0
0: 
0: 	 Link 17: Replay Errors: 0
0: 	 Link 17: Recovery Errors: 0
0: 	 Link 17: CRC Errors: 0
0: 
0: 
0: ##### pass 1/20  pair g0-g1  sendrecv_perf
0: # nccl-tests version 2.17.8 nccl-headers=22903 nccl-library=22903
0: # Collective test starting: sendrecv_perf
0: # nThread 1 nGpus 2 minBytes 8388608 maxBytes 268435456 step: 2(factor) warmup iters: 5 iters: 20 agg iters: 1 validation: 1 graph: 0
0: #
0: # Using devices
0: #  Rank  0 Group  0 Pid 113373 on  nid007195 device  0 [0009:01:00] NVIDIA GH200 120GB
0: #  Rank  1 Group  0 Pid 113373 on  nid007195 device  1 [0019:01:00] NVIDIA GH200 120GB
0: #
0: #                                                              out-of-place                       in-place          
0: #       size         count      type   redop    root     time   algbw   busbw  #wrong     time   algbw   busbw  #wrong 
0: #        (B)    (elements)                               (us)  (GB/s)  (GB/s)             (us)  (GB/s)  (GB/s)         
0:      8388608       2097152     float     sum      -1   115.95   72.35   72.35       0   117.08   71.65   71.65    N/A
0:     16777216       4194304     float     sum      -1   221.82   75.63   75.63       0   221.82   75.63   75.63    N/A
0:     33554432       8388608     float     sum      -1   425.05   78.94   78.94       0   423.65   79.20   79.20    N/A
0:     67108864      16777216     float     sum      -1   814.49   82.39   82.39       0   820.82   81.76   81.76    N/A
0:    134217728      33554432     float     sum      -1  1125.52  119.25  119.25       0  1125.90  119.21  119.21    N/A
0:    268435456      67108864     float     sum      -1  2210.99  121.41  121.41       0  2206.22  121.67  121.67    N/A
0: # Out of bounds values : 0 OK
0: # Avg bus bandwidth    : 91.592 
0: #
0: # Collective test concluded: sendrecv_perf
0: #
0: 
0: 
0: ##### pass 1/20  pair g0-g2  sendrecv_perf
0: # nccl-tests version 2.17.8 nccl-headers=22903 nccl-library=22903
0: # Collective test starting: sendrecv_perf
0: # nThread 1 nGpus 2 minBytes 8388608 maxBytes 268435456 step: 2(factor) warmup iters: 5 iters: 20 agg iters: 1 validation: 1 graph: 0
0: #
0: # Using devices
0: #  Rank  0 Group  0 Pid 113419 on  nid007195 device  0 [0009:01:00] NVIDIA GH200 120GB
0: #  Rank  1 Group  0 Pid 113419 on  nid007195 device  1 [0029:01:00] NVIDIA GH200 120GB
0: #
0: #                                                              out-of-place                       in-place          
0: #       size         count      type   redop    root     time   algbw   busbw  #wrong     time   algbw   busbw  #wrong 
0: #        (B)    (elements)                               (us)  (GB/s)  (GB/s)             (us)  (GB/s)  (GB/s)         
0:      8388608       2097152     float     sum      -1   115.70   72.50   72.50       0   115.23   72.80   72.80    N/A
0:     16777216       4194304     float     sum      -1   220.44   76.11   76.11       0   223.17   75.18   75.18    N/A
0:     33554432       8388608     float     sum      -1   422.21   79.47   79.47       0   422.14   79.49   79.49    N/A
0:     67108864      16777216     float     sum      -1   816.01   82.24   82.24       0   819.22   81.92   81.92    N/A
0:    134217728      33554432     float     sum      -1  1117.60  120.09  120.09       0  1126.05  119.19  119.19    N/A
0:    268435456      67108864     float     sum      -1  2196.06  122.23  122.23       0  2208.28  121.56  121.56    N/A
0: # Out of bounds values : 0 OK
0: # Avg bus bandwidth    : 91.899 
0: #
0: # Collective test concluded: sendrecv_perf
0: #
0: 
0: 
0: ##### pass 1/20  pair g0-g3  sendrecv_perf
0: # nccl-tests version 2.17.8 nccl-headers=22903 nccl-library=22903
0: # Collective test starting: sendrecv_perf
0: # nThread 1 nGpus 2 minBytes 8388608 maxBytes 268435456 step: 2(factor) warmup iters: 5 iters: 20 agg iters: 1 validation: 1 graph: 0
0: #
0: # Using devices
0: #  Rank  0 Group  0 Pid 113458 on  nid007195 device  0 [0009:01:00] NVIDIA GH200 120GB
0: #  Rank  1 Group  0 Pid 113458 on  nid007195 device  1 [0039:01:00] NVIDIA GH200 120GB
0: #
0: #                                                              out-of-place                       in-place          
0: #       size         count      type   redop    root     time   algbw   busbw  #wrong     time   algbw   busbw  #wrong 
0: #        (B)    (elements)                               (us)  (GB/s)  (GB/s)             (us)  (GB/s)  (GB/s)         
0:      8388608       2097152     float     sum      -1   118.54   70.76   70.76       0   118.74   70.65   70.65    N/A
0:     16777216       4194304     float     sum      -1   221.71   75.67   75.67       0   221.10   75.88   75.88    N/A
0:     33554432       8388608     float     sum      -1   422.63   79.40   79.40       0   422.92   79.34   79.34    N/A
0:     67108864      16777216     float     sum      -1   816.98   82.14   82.14       0   814.23   82.42   82.42    N/A
0:    134217728      33554432     float     sum      -1  1127.69  119.02  119.02       0  1127.14  119.08  119.08    N/A
0:    268435456      67108864     float     sum      -1  2207.92  121.58  121.58       0  2204.48  121.77  121.77    N/A
0: # Out of bounds values : 0 OK
0: # Avg bus bandwidth    : 91.4756 
0: #
0: # Collective test concluded: sendrecv_perf
0: #
0: 
0: 
0: ##### pass 1/20  pair g1-g2  sendrecv_perf
0: # nccl-tests version 2.17.8 nccl-headers=22903 nccl-library=22903
0: # Collective test starting: sendrecv_perf
0: # nThread 1 nGpus 2 minBytes 8388608 maxBytes 268435456 step: 2(factor) warmup iters: 5 iters: 20 agg iters: 1 validation: 1 graph: 0
0: #
0: # Using devices
0: #  Rank  0 Group  0 Pid 113512 on  nid007195 device  0 [0019:01:00] NVIDIA GH200 120GB
0: #  Rank  1 Group  0 Pid 113512 on  nid007195 device  1 [0029:01:00] NVIDIA GH200 120GB
0: #
0: #                                                              out-of-place                       in-place          
0: #       size         count      type   redop    root     time   algbw   busbw  #wrong     time   algbw   busbw  #wrong 
0: #        (B)    (elements)                               (us)  (GB/s)  (GB/s)             (us)  (GB/s)  (GB/s)         
0:      8388608       2097152     float     sum      -1   120.05   69.88   69.88       0   117.12   71.62   71.62    N/A
0:     16777216       4194304     float     sum      -1   219.71   76.36   76.36       0   219.63   76.39   76.39    N/A
0:     33554432       8388608     float     sum      -1   423.86   79.16   79.16       0   424.92   78.97   78.97    N/A
0:     67108864      16777216     float     sum      -1   819.48   81.89   81.89       0   824.11   81.43   81.43    N/A
0:    134217728      33554432     float     sum      -1  1121.73  119.65  119.65       0  1124.01  119.41  119.41    N/A
0:    268435456      67108864     float     sum      -1  2207.17  121.62  121.62       0  2208.53  121.54  121.54    N/A
0: # Out of bounds values : 0 OK
0: # Avg bus bandwidth    : 91.4947 
0: #
0: # Collective test concluded: sendrecv_perf
0: #
0: 
0: 
0: ##### pass 1/20  pair g1-g3  sendrecv_perf
0: # nccl-tests version 2.17.8 nccl-headers=22903 nccl-library=22903
0: # Collective test starting: sendrecv_perf
0: # nThread 1 nGpus 2 minBytes 8388608 maxBytes 268435456 step: 2(factor) warmup iters: 5 iters: 20 agg iters: 1 validation: 1 graph: 0
0: #
0: # Using devices
0: #  Rank  0 Group  0 Pid 113551 on  nid007195 device  0 [0019:01:00] NVIDIA GH200 120GB
0: #  Rank  1 Group  0 Pid 113551 on  nid007195 device  1 [0039:01:00] NVIDIA GH200 120GB
0: #
0: #                                                              out-of-place                       in-place          
0: #       size         count      type   redop    root     time   algbw   busbw  #wrong     time   algbw   busbw  #wrong 
0: #        (B)    (elements)                               (us)  (GB/s)  (GB/s)             (us)  (GB/s)  (GB/s)         
0:      8388608       2097152     float     sum      -1   116.55   71.97   71.97       0   117.55   71.36   71.36    N/A
0:     16777216       4194304     float     sum      -1   223.83   74.96   74.96       0   221.95   75.59   75.59    N/A
0:     33554432       8388608     float     sum      -1   422.95   79.33   79.33       0   425.68   78.83   78.83    N/A
0:     67108864      16777216     float     sum      -1   815.32   82.31   82.31       0   823.95   81.45   81.45    N/A
0:    134217728      33554432     float     sum      -1  1125.60  119.24  119.24       0  1119.81  119.86  119.86    N/A
0:    268435456      67108864     float     sum      -1  2201.45  121.94  121.94       0  2209.27  121.50  121.50    N/A
0: # Out of bounds values : 0 OK
0: # Avg bus bandwidth    : 91.5278 
0: #
0: # Collective test concluded: sendrecv_perf
0: #
0: 
0: 
0: ##### pass 1/20  pair g2-g3  sendrecv_perf
0: # nccl-tests version 2.17.8 nccl-headers=22903 nccl-library=22903
0: # Collective test starting: sendrecv_perf
0: # nThread 1 nGpus 2 minBytes 8388608 maxBytes 268435456 step: 2(factor) warmup iters: 5 iters: 20 agg iters: 1 validation: 1 graph: 0
0: #
0: # Using devices
0: #  Rank  0 Group  0 Pid 113588 on  nid007195 device  0 [0029:01:00] NVIDIA GH200 120GB
0: #  Rank  1 Group  0 Pid 113588 on  nid007195 device  1 [0039:01:00] NVIDIA GH200 120GB
0: #
0: #                                                              out-of-place                       in-place          
0: #       size         count      type   redop    root     time   algbw   busbw  #wrong     time   algbw   busbw  #wrong 
0: #        (B)    (elements)                               (us)  (GB/s)  (GB/s)             (us)  (GB/s)  (GB/s)         
0:      8388608       2097152     float     sum      -1   116.16   72.22   72.22       0   115.82   72.43   72.43    N/A
0:     16777216       4194304     float     sum      -1   221.80   75.64   75.64       0   220.44   76.11   76.11    N/A
0:     33554432       8388608     float     sum      -1   421.03   79.70   79.70       0   423.57   79.22   79.22    N/A
0:     67108864      16777216     float     sum      -1   813.33   82.51   82.51       0   823.15   81.53   81.53    N/A
0:    134217728      33554432     float     sum      -1  1120.03  119.83  119.83       0  1125.01  119.30  119.30    N/A
0:    268435456      67108864     float     sum      -1  2208.44  121.55  121.55       0  2208.00  121.57  121.57    N/A
0: # Out of bounds values : 0 OK
0: # Avg bus bandwidth    : 91.8008 
0: #
0: # Collective test concluded: sendrecv_perf
0: #
0: 
0: 
0: ##### pass 2/20  pair g0-g1  sendrecv_perf
0: # nccl-tests version 2.17.8 nccl-headers=22903 nccl-library=22903
0: # Collective test starting: sendrecv_perf
0: # nThread 1 nGpus 2 minBytes 8388608 maxBytes 268435456 step: 2(factor) warmup iters: 5 iters: 20 agg iters: 1 validation: 1 graph: 0
0: #
0: # Using devices
0: #  Rank  0 Group  0 Pid 113627 on  nid007195 device  0 [0009:01:00] NVIDIA GH200 120GB
0: #  Rank  1 Group  0 Pid 113627 on  nid007195 device  1 [0019:01:00] NVIDIA GH200 120GB
0: #
0: #                                                              out-of-place                       in-place          
0: #       size         count      type   redop    root     time   algbw   busbw  #wrong     time   algbw   busbw  #wrong 
0: #        (B)    (elements)                               (us)  (GB/s)  (GB/s)             (us)  (GB/s)  (GB/s)         
0:      8388608       2097152     float     sum      -1   117.46   71.42   71.42       0   115.35   72.72   72.72    N/A
0:     16777216       4194304     float     sum      -1   217.56   77.12   77.12       0   221.57   75.72   75.72    N/A
0:     33554432       8388608     float     sum      -1   422.75   79.37   79.37       0   424.09   79.12   79.12    N/A
0:     67108864      16777216     float     sum      -1   815.36   82.31   82.31       0   815.26   82.32   82.32    N/A
0:    134217728      33554432     float     sum      -1  1122.93  119.52  119.52       0  1118.48  120.00  120.00    N/A
0:    268435456      67108864     float     sum      -1  2210.30  121.45  121.45       0  2205.08  121.73  121.73    N/A
0: # Out of bounds values : 0 OK
0: # Avg bus bandwidth    : 91.8999 
0: #
0: # Collective test concluded: sendrecv_perf
0: #
0: 
0: 
0: ##### pass 2/20  pair g0-g2  sendrecv_perf
0: # nccl-tests version 2.17.8 nccl-headers=22903 nccl-library=22903
0: # Collective test starting: sendrecv_perf
0: # nThread 1 nGpus 2 minBytes 8388608 maxBytes 268435456 step: 2(factor) warmup iters: 5 iters: 20 agg iters: 1 validation: 1 graph: 0
0: #
0: # Using devices
0: #  Rank  0 Group  0 Pid 113663 on  nid007195 device  0 [0009:01:00] NVIDIA GH200 120GB
0: #  Rank  1 Group  0 Pid 113663 on  nid007195 device  1 [0029:01:00] NVIDIA GH200 120GB
0: #
0: #                                                              out-of-place                       in-place          
0: #       size         count      type   redop    root     time   algbw   busbw  #wrong     time   algbw   busbw  #wrong 
0: #        (B)    (elements)                               (us)  (GB/s)  (GB/s)             (us)  (GB/s)  (GB/s)         
0:      8388608       2097152     float     sum      -1   116.71   71.88   71.88       0   119.37   70.27   70.27    N/A
0:     16777216       4194304     float     sum      -1   219.76   76.34   76.34       0   219.82   76.32   76.32    N/A
0:     33554432       8388608     float     sum      -1   419.57   79.97   79.97       0   421.47   79.61   79.61    N/A
0:     67108864      16777216     float     sum      -1   812.33   82.61   82.61       0   815.33   82.31   82.31    N/A
0:    134217728      33554432     float     sum      -1  1124.05  119.41  119.41       0  1123.44  119.47  119.47    N/A
0:    268435456      67108864     float     sum      -1  2208.35  121.55  121.55       0  2203.47  121.82  121.82    N/A
0: # Out of bounds values : 0 OK
0: # Avg bus bandwidth    : 91.7983 
0: #
0: # Collective test concluded: sendrecv_perf
0: #
0: 
0: 
0: ##### pass 2/20  pair g0-g3  sendrecv_perf
0: # nccl-tests version 2.17.8 nccl-headers=22903 nccl-library=22903
0: # Collective test starting: sendrecv_perf
0: # nThread 1 nGpus 2 minBytes 8388608 maxBytes 268435456 step: 2(factor) warmup iters: 5 iters: 20 agg iters: 1 validation: 1 graph: 0
0: #
0: # Using devices
0: #  Rank  0 Group  0 Pid 113701 on  nid007195 device  0 [0009:01:00] NVIDIA GH200 120GB
0: #  Rank  1 Group  0 Pid 113701 on  nid007195 device  1 [0039:01:00] NVIDIA GH200 120GB
0: #
0: #                                                              out-of-place                       in-place          
0: #       size         count      type   redop    root     time   algbw   busbw  #wrong     time   algbw   busbw  #wrong 
0: #        (B)    (elements)                               (us)  (GB/s)  (GB/s)             (us)  (GB/s)  (GB/s)         
0:      8388608       2097152     float     sum      -1   115.64   72.54   72.54       0   119.92   69.95   69.95    N/A
0:     16777216       4194304     float     sum      -1   221.48   75.75   75.75       0   221.53   75.73   75.73    N/A
0:     33554432       8388608     float     sum      -1   420.66   79.77   79.77       0   423.13   79.30   79.30    N/A
0:     67108864      16777216     float     sum      -1   815.71   82.27   82.27       0   823.38   81.50   81.50    N/A
0:    134217728      33554432     float     sum      -1  1115.91  120.28  120.28       0  1122.72  119.55  119.55    N/A
0:    268435456      67108864     float     sum      -1  2206.42  121.66  121.66       0  2211.28  121.39  121.39    N/A
0: # Out of bounds values : 0 OK
0: # Avg bus bandwidth    : 91.6417 
0: #
0: # Collective test concluded: sendrecv_perf
0: #
0: 
0: 
0: ##### pass 2/20  pair g1-g2  sendrecv_perf
0: # nccl-tests version 2.17.8 nccl-headers=22903 nccl-library=22903
0: # Collective test starting: sendrecv_perf
0: # nThread 1 nGpus 2 minBytes 8388608 maxBytes 268435456 step: 2(factor) warmup iters: 5 iters: 20 agg iters: 1 validation: 1 graph: 0
0: #
0: # Using devices
0: #  Rank  0 Group  0 Pid 113736 on  nid007195 device  0 [0019:01:00] NVIDIA GH200 120GB
0: #  Rank  1 Group  0 Pid 113736 on  nid007195 device  1 [0029:01:00] NVIDIA GH200 120GB
0: #
0: #                                                              out-of-place                       in-place          
0: #       size         count      type   redop    root     time   algbw   busbw  #wrong     time   algbw   busbw  #wrong 
0: #        (B)    (elements)                               (us)  (GB/s)  (GB/s)             (us)  (GB/s)  (GB/s)         
0:      8388608       2097152     float     sum      -1   119.54   70.18   70.18       0   116.76   71.84   71.84    N/A
0:     16777216       4194304     float     sum      -1   221.35   75.80   75.80       0   220.97   75.93   75.93    N/A
0:     33554432       8388608     float     sum      -1   421.13   79.68   79.68       0   423.22   79.28   79.28    N/A
0:     67108864      16777216     float     sum      -1   815.96   82.25   82.25       0   826.38   81.21   81.21    N/A
0:    134217728      33554432     float     sum      -1  1122.32  119.59  119.59       0  1125.18  119.29  119.29    N/A
0:    268435456      67108864     float     sum      -1  2208.76  121.53  121.53       0  2210.62  121.43  121.43    N/A
0: # Out of bounds values : 0 OK
0: # Avg bus bandwidth    : 91.4993 
0: #
0: # Collective test concluded: sendrecv_perf
0: #
0: 
0: 
0: ##### pass 2/20  pair g1-g3  sendrecv_perf
0: # nccl-tests version 2.17.8 nccl-headers=22903 nccl-library=22903
0: # Collective test starting: sendrecv_perf
0: # nThread 1 nGpus 2 minBytes 8388608 maxBytes 268435456 step: 2(factor) warmup iters: 5 iters: 20 agg iters: 1 validation: 1 graph: 0
0: #
0: # Using devices
0: #  Rank  0 Group  0 Pid 113794 on  nid007195 device  0 [0019:01:00] NVIDIA GH200 120GB
0: #  Rank  1 Group  0 Pid 113794 on  nid007195 device  1 [0039:01:00] NVIDIA GH200 120GB
0: #
0: #                                                              out-of-place                       in-place          
0: #       size         count      type   redop    root     time   algbw   busbw  #wrong     time   algbw   busbw  #wrong 
0: #        (B)    (elements)                               (us)  (GB/s)  (GB/s)             (us)  (GB/s)  (GB/s)         
0:      8388608       2097152     float     sum      -1   116.08   72.27   72.27       0   116.13   72.23   72.23    N/A
0:     16777216       4194304     float     sum      -1   217.82   77.02   77.02       0   222.77   75.31   75.31    N/A
0:     33554432       8388608     float     sum      -1   421.99   79.52   79.52       0   422.38   79.44   79.44    N/A
0:     67108864      16777216     float     sum      -1   813.49   82.50   82.50       0   823.11   81.53   81.53    N/A
0:    134217728      33554432     float     sum      -1  1129.38  118.84  118.84       0  1124.77  119.33  119.33    N/A
0:    268435456      67108864     float     sum      -1  2211.15  121.40  121.40       0  2214.98  121.19  121.19    N/A
0: # Out of bounds values : 0 OK
0: # Avg bus bandwidth    : 91.715 
0: #
0: # Collective test concluded: sendrecv_perf
0: #
0: 
0: 
0: ##### pass 2/20  pair g2-g3  sendrecv_perf
0: # nccl-tests version 2.17.8 nccl-headers=22903 nccl-library=22903
0: # Collective test starting: sendrecv_perf
0: # nThread 1 nGpus 2 minBytes 8388608 maxBytes 268435456 step: 2(factor) warmup iters: 5 iters: 20 agg iters: 1 validation: 1 graph: 0
0: #
0: # Using devices
0: #  Rank  0 Group  0 Pid 113831 on  nid007195 device  0 [0029:01:00] NVIDIA GH200 120GB
0: #  Rank  1 Group  0 Pid 113831 on  nid007195 device  1 [0039:01:00] NVIDIA GH200 120GB
0: #
0: #                                                              out-of-place                       in-place          
0: #       size         count      type   redop    root     time   algbw   busbw  #wrong     time   algbw   busbw  #wrong 
0: #        (B)    (elements)                               (us)  (GB/s)  (GB/s)             (us)  (GB/s)  (GB/s)         
0:      8388608       2097152     float     sum      -1   115.61   72.56   72.56       0   115.70   72.50   72.50    N/A
0:     16777216       4194304     float     sum      -1   219.23   76.53   76.53       0   222.49   75.41   75.41    N/A
0:     33554432       8388608     float     sum      -1   421.27   79.65   79.65       0   422.30   79.46   79.46    N/A
0:     67108864      16777216     float     sum      -1   808.62   82.99   82.99       0   816.99   82.14   82.14    N/A
0:    134217728      33554432     float     sum      -1  1122.08  119.61  119.61       0  1118.12  120.04  120.04    N/A
0:    268435456      67108864     float     sum      -1  2212.14  121.35  121.35       0  2205.51  121.71  121.71    N/A
0: # Out of bounds values : 0 OK
0: # Avg bus bandwidth    : 91.9958 
0: #
0: # Collective test concluded: sendrecv_perf
0: #
0: 
0: 
0: ##### pass 3/20  pair g0-g1  sendrecv_perf
0: # nccl-tests version 2.17.8 nccl-headers=22903 nccl-library=22903
0: # Collective test starting: sendrecv_perf
0: # nThread 1 nGpus 2 minBytes 8388608 maxBytes 268435456 step: 2(factor) warmup iters: 5 iters: 20 agg iters: 1 validation: 1 graph: 0
0: #
0: # Using devices
0: #  Rank  0 Group  0 Pid 113868 on  nid007195 device  0 [0009:01:00] NVIDIA GH200 120GB
0: #  Rank  1 Group  0 Pid 113868 on  nid007195 device  1 [0019:01:00] NVIDIA GH200 120GB
0: #
0: #                                                              out-of-place                       in-place          
0: #       size         count      type   redop    root     time   algbw   busbw  #wrong     time   algbw   busbw  #wrong 
0: #        (B)    (elements)                               (us)  (GB/s)  (GB/s)             (us)  (GB/s)  (GB/s)         
0:      8388608       2097152     float     sum      -1   116.40   72.06   72.06       0   116.06   72.28   72.28    N/A
0:     16777216       4194304     float     sum      -1   220.59   76.05   76.05       0   217.57   77.11   77.11    N/A
0:     33554432       8388608     float     sum      -1   420.64   79.77   79.77       0   422.41   79.43   79.43    N/A
0:     67108864      16777216     float     sum      -1   816.99   82.14   82.14       0   820.76   81.76   81.76    N/A
0:    134217728      33554432     float     sum      -1  1129.95  118.78  118.78       0  1119.55  119.89  119.89    N/A
0:    268435456      67108864     float     sum      -1  2210.45  121.44  121.44       0  2209.81  121.47  121.47    N/A
0: # Out of bounds values : 0 OK
0: # Avg bus bandwidth    : 91.8503 
0: #
0: # Collective test concluded: sendrecv_perf
0: #
0: 
0: 
0: ##### pass 3/20  pair g0-g2  sendrecv_perf
0: # nccl-tests version 2.17.8 nccl-headers=22903 nccl-library=22903
0: # Collective test starting: sendrecv_perf
0: # nThread 1 nGpus 2 minBytes 8388608 maxBytes 268435456 step: 2(factor) warmup iters: 5 iters: 20 agg iters: 1 validation: 1 graph: 0
0: #
0: # Using devices
0: #  Rank  0 Group  0 Pid 113907 on  nid007195 device  0 [0009:01:00] NVIDIA GH200 120GB
0: #  Rank  1 Group  0 Pid 113907 on  nid007195 device  1 [0029:01:00] NVIDIA GH200 120GB
0: #
0: #                                                              out-of-place                       in-place          
0: #       size         count      type   redop    root     time   algbw   busbw  #wrong     time   algbw   busbw  #wrong 
0: #        (B)    (elements)                               (us)  (GB/s)  (GB/s)             (us)  (GB/s)  (GB/s)         
0:      8388608       2097152     float     sum      -1   115.71   72.50   72.50       0   115.65   72.53   72.53    N/A
0:     16777216       4194304     float     sum      -1   222.32   75.46   75.46       0   223.44   75.09   75.09    N/A
0:     33554432       8388608     float     sum      -1   421.11   79.68   79.68       0   423.93   79.15   79.15    N/A
0:     67108864      16777216     float     sum      -1   814.31   82.41   82.41       0   827.75   81.07   81.07    N/A
0:    134217728      33554432     float     sum      -1  1121.58  119.67  119.67       0  1121.77  119.65  119.65    N/A
0:    268435456      67108864     float     sum      -1  2210.56  121.43  121.43       0  2204.03  121.79  121.79    N/A
0: # Out of bounds values : 0 OK
0: # Avg bus bandwidth    : 91.7037 
0: #
0: # Collective test concluded: sendrecv_perf
0: #
0: 
0: 
0: ##### pass 3/20  pair g0-g3  sendrecv_perf
0: # nccl-tests version 2.17.8 nccl-headers=22903 nccl-library=22903
0: # Collective test starting: sendrecv_perf
0: # nThread 1 nGpus 2 minBytes 8388608 maxBytes 268435456 step: 2(factor) warmup iters: 5 iters: 20 agg iters: 1 validation: 1 graph: 0
0: #
0: # Using devices
0: #  Rank  0 Group  0 Pid 113943 on  nid007195 device  0 [0009:01:00] NVIDIA GH200 120GB
0: #  Rank  1 Group  0 Pid 113943 on  nid007195 device  1 [0039:01:00] NVIDIA GH200 120GB
0: #
0: #                                                              out-of-place                       in-place          
0: #       size         count      type   redop    root     time   algbw   busbw  #wrong     time   algbw   busbw  #wrong 
0: #        (B)    (elements)                               (us)  (GB/s)  (GB/s)             (us)  (GB/s)  (GB/s)         
0:      8388608       2097152     float     sum      -1   116.60   71.95   71.95       0   119.12   70.42   70.42    N/A
0:     16777216       4194304     float     sum      -1   217.64   77.09   77.09       0   223.07   75.21   75.21    N/A
0:     33554432       8388608     float     sum      -1   420.69   79.76   79.76       0   422.20   79.48   79.48    N/A
0:     67108864      16777216     float     sum      -1   814.87   82.36   82.36       0   821.49   81.69   81.69    N/A
0:    134217728      33554432     float     sum      -1  1122.77  119.54  119.54       0  1117.67  120.09  120.09    N/A
0:    268435456      67108864     float     sum      -1  2206.76  121.64  121.64       0  2204.82  121.75  121.75    N/A
0: # Out of bounds values : 0 OK
0: # Avg bus bandwidth    : 91.7472 
0: #
0: # Collective test concluded: sendrecv_perf
0: #
0: 
0: 
0: ##### pass 3/20  pair g1-g2  sendrecv_perf
0: # nccl-tests version 2.17.8 nccl-headers=22903 nccl-library=22903
0: # Collective test starting: sendrecv_perf
0: # nThread 1 nGpus 2 minBytes 8388608 maxBytes 268435456 step: 2(factor) warmup iters: 5 iters: 20 agg iters: 1 validation: 1 graph: 0
0: #
0: # Using devices
0: #  Rank  0 Group  0 Pid 113982 on  nid007195 device  0 [0019:01:00] NVIDIA GH200 120GB
0: #  Rank  1 Group  0 Pid 113982 on  nid007195 device  1 [0029:01:00] NVIDIA GH200 120GB
0: #
0: #                                                              out-of-place                       in-place          
0: #       size         count      type   redop    root     time   algbw   busbw  #wrong     time   algbw   busbw  #wrong 
0: #        (B)    (elements)                               (us)  (GB/s)  (GB/s)             (us)  (GB/s)  (GB/s)         
0:      8388608       2097152     float     sum      -1   120.23   69.77   69.77       0   115.59   72.57   72.57    N/A
0:     16777216       4194304     float     sum      -1   222.88   75.28   75.28       0   222.39   75.44   75.44    N/A
0:     33554432       8388608     float     sum      -1   422.56   79.41   79.41       0   422.43   79.43   79.43    N/A
0:     67108864      16777216     float     sum      -1   814.12   82.43   82.43       0   820.39   81.80   81.80    N/A
0:    134217728      33554432     float     sum      -1  1121.32  119.70  119.70       0  1127.03  119.09  119.09    N/A
0:    268435456      67108864     float     sum      -1  2208.75  121.53  121.53       0  2208.52  121.55  121.55    N/A
0: # Out of bounds values : 0 OK
0: # Avg bus bandwidth    : 91.5 
0: #
0: # Collective test concluded: sendrecv_perf
0: #
0: 
0: 
0: ##### pass 3/20  pair g1-g3  sendrecv_perf
0: # nccl-tests version 2.17.8 nccl-headers=22903 nccl-library=22903
0: # Collective test starting: sendrecv_perf
0: # nThread 1 nGpus 2 minBytes 8388608 maxBytes 268435456 step: 2(factor) warmup iters: 5 iters: 20 agg iters: 1 validation: 1 graph: 0
0: #
0: # Using devices
0: #  Rank  0 Group  0 Pid 114045 on  nid007195 device  0 [0019:01:00] NVIDIA GH200 120GB
0: #  Rank  1 Group  0 Pid 114045 on  nid007195 device  1 [0039:01:00] NVIDIA GH200 120GB
0: #
0: #                                                              out-of-place                       in-place          
0: #       size         count      type   redop    root     time   algbw   busbw  #wrong     time   algbw   busbw  #wrong 
0: #        (B)    (elements)                               (us)  (GB/s)  (GB/s)             (us)  (GB/s)  (GB/s)         
0:      8388608       2097152     float     sum      -1   120.54   69.59   69.59       0   116.53   71.99   71.99    N/A
0:     16777216       4194304     float     sum      -1   220.56   76.07   76.07       0   218.35   76.84   76.84    N/A
0:     33554432       8388608     float     sum      -1   421.25   79.65   79.65       0   420.51   79.79   79.79    N/A
0:     67108864      16777216     float     sum      -1   810.85   82.76   82.76       0   818.41   82.00   82.00    N/A
0:    134217728      33554432     float     sum      -1  1119.90  119.85  119.85       0  1121.82  119.64  119.64    N/A
0:    268435456      67108864     float     sum      -1  2209.69  121.48  121.48       0  2203.43  121.83  121.83    N/A
0: # Out of bounds values : 0 OK
0: # Avg bus bandwidth    : 91.7909 
0: #
0: # Collective test concluded: sendrecv_perf
0: #
0: 
0: 
0: ##### pass 3/20  pair g2-g3  sendrecv_perf
0: # nccl-tests version 2.17.8 nccl-headers=22903 nccl-library=22903
0: # Collective test starting: sendrecv_perf
0: # nThread 1 nGpus 2 minBytes 8388608 maxBytes 268435456 step: 2(factor) warmup iters: 5 iters: 20 agg iters: 1 validation: 1 graph: 0
0: #
0: # Using devices
0: #  Rank  0 Group  0 Pid 114081 on  nid007195 device  0 [0029:01:00] NVIDIA GH200 120GB
0: #  Rank  1 Group  0 Pid 114081 on  nid007195 device  1 [0039:01:00] NVIDIA GH200 120GB
0: #
0: #                                                              out-of-place                       in-place          
0: #       size         count      type   redop    root     time   algbw   busbw  #wrong     time   algbw   busbw  #wrong 
0: #        (B)    (elements)                               (us)  (GB/s)  (GB/s)             (us)  (GB/s)  (GB/s)         
0:      8388608       2097152     float     sum      -1   115.74   72.48   72.48       0   115.22   72.80   72.80    N/A
0:     16777216       4194304     float     sum      -1   217.24   77.23   77.23       0   218.60   76.75   76.75    N/A
0:     33554432       8388608     float     sum      -1   420.28   79.84   79.84       0   420.64   79.77   79.77    N/A
0:     67108864      16777216     float     sum      -1   808.41   83.01   83.01       0   819.26   81.91   81.91    N/A
0:    134217728      33554432     float     sum      -1  1118.82  119.96  119.96       0  1120.85  119.75  119.75    N/A
0:    268435456      67108864     float     sum      -1  2210.72  121.42  121.42       0  2207.46  121.60  121.60    N/A
0: # Out of bounds values : 0 OK
0: # Avg bus bandwidth    : 92.2113 
0: #
0: # Collective test concluded: sendrecv_perf
0: #
0: 
0: 
0: ##### pass 4/20  pair g0-g1  sendrecv_perf
0: # nccl-tests version 2.17.8 nccl-headers=22903 nccl-library=22903
0: # Collective test starting: sendrecv_perf
0: # nThread 1 nGpus 2 minBytes 8388608 maxBytes 268435456 step: 2(factor) warmup iters: 5 iters: 20 agg iters: 1 validation: 1 graph: 0
0: #
0: # Using devices
0: #  Rank  0 Group  0 Pid 114141 on  nid007195 device  0 [0009:01:00] NVIDIA GH200 120GB
0: #  Rank  1 Group  0 Pid 114141 on  nid007195 device  1 [0019:01:00] NVIDIA GH200 120GB
0: #
0: #                                                              out-of-place                       in-place          
0: #       size         count      type   redop    root     time   algbw   busbw  #wrong     time   algbw   busbw  #wrong 
0: #        (B)    (elements)                               (us)  (GB/s)  (GB/s)             (us)  (GB/s)  (GB/s)         
0:      8388608       2097152     float     sum      -1   116.52   71.99   71.99       0   115.80   72.44   72.44    N/A
0:     16777216       4194304     float     sum      -1   222.85   75.29   75.29       0   221.92   75.60   75.60    N/A
0:     33554432       8388608     float     sum      -1   422.66   79.39   79.39       0   423.41   79.25   79.25    N/A
0:     67108864      16777216     float     sum      -1   815.10   82.33   82.33       0   826.97   81.15   81.15    N/A
0:    134217728      33554432     float     sum      -1  1124.45  119.36  119.36       0  1127.03  119.09  119.09    N/A
0:    268435456      67108864     float     sum      -1  2212.66  121.32  121.32       0  2205.18  121.73  121.73    N/A
0: # Out of bounds values : 0 OK
0: # Avg bus bandwidth    : 91.5782 
0: #
0: # Collective test concluded: sendrecv_perf
0: #
0: 
0: 
0: ##### pass 4/20  pair g0-g2  sendrecv_perf
0: # nccl-tests version 2.17.8 nccl-headers=22903 nccl-library=22903
0: # Collective test starting: sendrecv_perf
0: # nThread 1 nGpus 2 minBytes 8388608 maxBytes 268435456 step: 2(factor) warmup iters: 5 iters: 20 agg iters: 1 validation: 1 graph: 0
0: #
0: # Using devices
0: #  Rank  0 Group  0 Pid 114179 on  nid007195 device  0 [0009:01:00] NVIDIA GH200 120GB
0: #  Rank  1 Group  0 Pid 114179 on  nid007195 device  1 [0029:01:00] NVIDIA GH200 120GB
0: #
0: #                                                              out-of-place                       in-place          
0: #       size         count      type   redop    root     time   algbw   busbw  #wrong     time   algbw   busbw  #wrong 
0: #        (B)    (elements)                               (us)  (GB/s)  (GB/s)             (us)  (GB/s)  (GB/s)         
0:      8388608       2097152     float     sum      -1   115.75   72.47   72.47       0   115.63   72.55   72.55    N/A
0:     16777216       4194304     float     sum      -1   221.43   75.77   75.77       0   218.06   76.94   76.94    N/A
0:     33554432       8388608     float     sum      -1   422.93   79.34   79.34       0   422.69   79.38   79.38    N/A
0:     67108864      16777216     float     sum      -1   817.57   82.08   82.08       0   826.32   81.21   81.21    N/A
0:    134217728      33554432     float     sum      -1  1128.35  118.95  118.95       0  1129.23  118.86  118.86    N/A
0:    268435456      67108864     float     sum      -1  2203.11  121.84  121.84       0  2212.36  121.33  121.33    N/A
0: # Out of bounds values : 0 OK
0: # Avg bus bandwidth    : 91.7271 
0: #
0: # Collective test concluded: sendrecv_perf
0: #
0: 
0: 
0: ##### pass 4/20  pair g0-g3  sendrecv_perf
0: # nccl-tests version 2.17.8 nccl-headers=22903 nccl-library=22903
0: # Collective test starting: sendrecv_perf
0: # nThread 1 nGpus 2 minBytes 8388608 maxBytes 268435456 step: 2(factor) warmup iters: 5 iters: 20 agg iters: 1 validation: 1 graph: 0
0: #
0: # Using devices
0: #  Rank  0 Group  0 Pid 114215 on  nid007195 device  0 [0009:01:00] NVIDIA GH200 120GB
0: #  Rank  1 Group  0 Pid 114215 on  nid007195 device  1 [0039:01:00] NVIDIA GH200 120GB
0: #
0: #                                                              out-of-place                       in-place          
0: #       size         count      type   redop    root     time   algbw   busbw  #wrong     time   algbw   busbw  #wrong 
0: #        (B)    (elements)                               (us)  (GB/s)  (GB/s)             (us)  (GB/s)  (GB/s)         
0:      8388608       2097152     float     sum      -1   116.29   72.13   72.13       0   116.24   72.17   72.17    N/A
0:     16777216       4194304     float     sum      -1   218.47   76.79   76.79       0   219.86   76.31   76.31    N/A
0:     33554432       8388608     float     sum      -1   424.77   78.99   78.99       0   424.65   79.02   79.02    N/A
0:     67108864      16777216     float     sum      -1   814.66   82.38   82.38       0   824.68   81.38   81.38    N/A
0:    134217728      33554432     float     sum      -1  1119.15  119.93  119.93       0  1127.22  119.07  119.07    N/A
0:    268435456      67108864     float     sum      -1  2203.69  121.81  121.81       0  2212.75  121.31  121.31    N/A
0: # Out of bounds values : 0 OK
0: # Avg bus bandwidth    : 91.774 
0: #
0: # Collective test concluded: sendrecv_perf
0: #
0: 
0: 
0: ##### pass 4/20  pair g1-g2  sendrecv_perf
0: # nccl-tests version 2.17.8 nccl-headers=22903 nccl-library=22903
0: # Collective test starting: sendrecv_perf
0: # nThread 1 nGpus 2 minBytes 8388608 maxBytes 268435456 step: 2(factor) warmup iters: 5 iters: 20 agg iters: 1 validation: 1 graph: 0
0: #
0: # Using devices
0: #  Rank  0 Group  0 Pid 114253 on  nid007195 device  0 [0019:01:00] NVIDIA GH200 120GB
0: #  Rank  1 Group  0 Pid 114253 on  nid007195 device  1 [0029:01:00] NVIDIA GH200 120GB
0: #
0: #                                                              out-of-place                       in-place          
0: #       size         count      type   redop    root     time   algbw   busbw  #wrong     time   algbw   busbw  #wrong 
0: #        (B)    (elements)                               (us)  (GB/s)  (GB/s)             (us)  (GB/s)  (GB/s)         
0:      8388608       2097152     float     sum      -1   115.98   72.33   72.33       0   115.76   72.47   72.47    N/A
0:     16777216       4194304     float     sum      -1   222.21   75.50   75.50       0   219.85   76.31   76.31    N/A
0:     33554432       8388608     float     sum      -1   424.45   79.05   79.05       0   423.33   79.26   79.26    N/A
0:     67108864      16777216     float     sum      -1   817.65   82.08   82.08       0   815.93   82.25   82.25    N/A
0:    134217728      33554432     float     sum      -1  1121.46  119.68  119.68       0  1115.80  120.29  120.29    N/A
0:    268435456      67108864     float     sum      -1  2206.27  121.67  121.67       0  2205.66  121.70  121.70    N/A
0: # Out of bounds values : 0 OK
0: # Avg bus bandwidth    : 91.8823 
0: #
0: # Collective test concluded: sendrecv_perf
0: #
0: 
0: 
0: ##### pass 4/20  pair g1-g3  sendrecv_perf
0: # nccl-tests version 2.17.8 nccl-headers=22903 nccl-library=22903
0: # Collective test starting: sendrecv_perf
0: # nThread 1 nGpus 2 minBytes 8388608 maxBytes 268435456 step: 2(factor) warmup iters: 5 iters: 20 agg iters: 1 validation: 1 graph: 0
0: #
0: # Using devices
0: #  Rank  0 Group  0 Pid 114294 on  nid007195 device  0 [0019:01:00] NVIDIA GH200 120GB
0: #  Rank  1 Group  0 Pid 114294 on  nid007195 device  1 [0039:01:00] NVIDIA GH200 120GB
0: #
0: #                                                              out-of-place                       in-place          
0: #       size         count      type   redop    root     time   algbw   busbw  #wrong     time   algbw   busbw  #wrong 
0: #        (B)    (elements)                               (us)  (GB/s)  (GB/s)             (us)  (GB/s)  (GB/s)         
0:      8388608       2097152     float     sum      -1   116.14   72.23   72.23       0   115.67   72.52   72.52    N/A
0:     16777216       4194304     float     sum      -1   222.53   75.39   75.39       0   219.25   76.52   76.52    N/A
0:     33554432       8388608     float     sum      -1   421.21   79.66   79.66       0   423.26   79.28   79.28    N/A
0:     67108864      16777216     float     sum      -1   813.73   82.47   82.47       0   817.48   82.09   82.09    N/A
0:    134217728      33554432     float     sum      -1  1125.32  119.27  119.27       0  1117.73  120.08  120.08    N/A
0:    268435456      67108864     float     sum      -1  2211.33  121.39  121.39       0  2210.66  121.43  121.43    N/A
0: # Out of bounds values : 0 OK
0: # Avg bus bandwidth    : 91.8616 
0: #
0: # Collective test concluded: sendrecv_perf
0: #
0: 
0: 
0: ##### pass 4/20  pair g2-g3  sendrecv_perf
0: # nccl-tests version 2.17.8 nccl-headers=22903 nccl-library=22903
0: # Collective test starting: sendrecv_perf
0: # nThread 1 nGpus 2 minBytes 8388608 maxBytes 268435456 step: 2(factor) warmup iters: 5 iters: 20 agg iters: 1 validation: 1 graph: 0
0: #
0: # Using devices
0: #  Rank  0 Group  0 Pid 114359 on  nid007195 device  0 [0029:01:00] NVIDIA GH200 120GB
0: #  Rank  1 Group  0 Pid 114359 on  nid007195 device  1 [0039:01:00] NVIDIA GH200 120GB
0: #
0: #                                                              out-of-place                       in-place          
0: #       size         count      type   redop    root     time   algbw   busbw  #wrong     time   algbw   busbw  #wrong 
0: #        (B)    (elements)                               (us)  (GB/s)  (GB/s)             (us)  (GB/s)  (GB/s)         
0:      8388608       2097152     float     sum      -1   116.29   72.13   72.13       0   118.04   71.07   71.07    N/A
0:     16777216       4194304     float     sum      -1   223.05   75.22   75.22       0   223.78   74.97   74.97    N/A
0:     33554432       8388608     float     sum      -1   424.20   79.10   79.10       0   425.25   78.91   78.91    N/A
0:     67108864      16777216     float     sum      -1   816.11   82.23   82.23       0   821.43   81.70   81.70    N/A
0:    134217728      33554432     float     sum      -1  1123.84  119.43  119.43       0  1124.24  119.39  119.39    N/A
0:    268435456      67108864     float     sum      -1  2200.78  121.97  121.97       0  2210.90  121.41  121.41    N/A
0: # Out of bounds values : 0 OK
0: # Avg bus bandwidth    : 91.46 
0: #
0: # Collective test concluded: sendrecv_perf
0: #
0: 
0: 
0: ##### pass 5/20  pair g0-g1  sendrecv_perf
0: # nccl-tests version 2.17.8 nccl-headers=22903 nccl-library=22903
0: # Collective test starting: sendrecv_perf
0: # nThread 1 nGpus 2 minBytes 8388608 maxBytes 268435456 step: 2(factor) warmup iters: 5 iters: 20 agg iters: 1 validation: 1 graph: 0
0: #
0: # Using devices
0: #  Rank  0 Group  0 Pid 114398 on  nid007195 device  0 [0009:01:00] NVIDIA GH200 120GB
0: #  Rank  1 Group  0 Pid 114398 on  nid007195 device  1 [0019:01:00] NVIDIA GH200 120GB
0: #
0: #                                                              out-of-place                       in-place          
0: #       size         count      type   redop    root     time   algbw   busbw  #wrong     time   algbw   busbw  #wrong 
0: #        (B)    (elements)                               (us)  (GB/s)  (GB/s)             (us)  (GB/s)  (GB/s)         
0:      8388608       2097152     float     sum      -1   115.57   72.58   72.58       0   115.23   72.80   72.80    N/A
0:     16777216       4194304     float     sum      -1   219.24   76.52   76.52       0   217.08   77.28   77.28    N/A
0:     33554432       8388608     float     sum      -1   423.30   79.27   79.27       0   421.95   79.52   79.52    N/A
0:     67108864      16777216     float     sum      -1   814.65   82.38   82.38       0   823.94   81.45   81.45    N/A
0:    134217728      33554432     float     sum      -1  1122.96  119.52  119.52       0  1117.43  120.11  120.11    N/A
0:    268435456      67108864     float     sum      -1  2209.10  121.51  121.51       0  2208.65  121.54  121.54    N/A
0: # Out of bounds values : 0 OK
0: # Avg bus bandwidth    : 92.0414 
0: #
0: # Collective test concluded: sendrecv_perf
0: #
0: 
0: 
0: ##### pass 5/20  pair g0-g2  sendrecv_perf
0: # nccl-tests version 2.17.8 nccl-headers=22903 nccl-library=22903
0: # Collective test starting: sendrecv_perf
0: # nThread 1 nGpus 2 minBytes 8388608 maxBytes 268435456 step: 2(factor) warmup iters: 5 iters: 20 agg iters: 1 validation: 1 graph: 0
0: #
0: # Using devices
0: #  Rank  0 Group  0 Pid 114435 on  nid007195 device  0 [0009:01:00] NVIDIA GH200 120GB
0: #  Rank  1 Group  0 Pid 114435 on  nid007195 device  1 [0029:01:00] NVIDIA GH200 120GB
0: #
0: #                                                              out-of-place                       in-place          
0: #       size         count      type   redop    root     time   algbw   busbw  #wrong     time   algbw   busbw  #wrong 
0: #        (B)    (elements)                               (us)  (GB/s)  (GB/s)             (us)  (GB/s)  (GB/s)         
0:      8388608       2097152     float     sum      -1   116.40   72.06   72.06       0   116.04   72.29   72.29    N/A
0:     16777216       4194304     float     sum      -1   219.87   76.30   76.30       0   228.99   73.27   73.27    N/A
0:     33554432       8388608     float     sum      -1   424.37   79.07   79.07       0   426.96   78.59   78.59    N/A
0:     67108864      16777216     float     sum      -1   816.22   82.22   82.22       0   827.55   81.09   81.09    N/A
0:    134217728      33554432     float     sum      -1  1130.16  118.76  118.76       0  1121.16  119.71  119.71    N/A
0:    268435456      67108864     float     sum      -1  2217.78  121.04  121.04       0  2209.64  121.48  121.48    N/A
0: # Out of bounds values : 0 OK
0: # Avg bus bandwidth    : 91.3239 
0: #
0: # Collective test concluded: sendrecv_perf
0: #
0: 
0: 
0: ##### pass 5/20  pair g0-g3  sendrecv_perf
0: # nccl-tests version 2.17.8 nccl-headers=22903 nccl-library=22903
0: # Collective test starting: sendrecv_perf
0: # nThread 1 nGpus 2 minBytes 8388608 maxBytes 268435456 step: 2(factor) warmup iters: 5 iters: 20 agg iters: 1 validation: 1 graph: 0
0: #
0: # Using devices
0: #  Rank  0 Group  0 Pid 114473 on  nid007195 device  0 [0009:01:00] NVIDIA GH200 120GB
0: #  Rank  1 Group  0 Pid 114473 on  nid007195 device  1 [0039:01:00] NVIDIA GH200 120GB
0: #
0: #                                                              out-of-place                       in-place          
0: #       size         count      type   redop    root     time   algbw   busbw  #wrong     time   algbw   busbw  #wrong 
0: #        (B)    (elements)                               (us)  (GB/s)  (GB/s)             (us)  (GB/s)  (GB/s)         
0:      8388608       2097152     float     sum      -1   116.16   72.22   72.22       0   116.04   72.29   72.29    N/A
0:     16777216       4194304     float     sum      -1   217.88   77.00   77.00       0   220.55   76.07   76.07    N/A
0:     33554432       8388608     float     sum      -1   422.83   79.36   79.36       0   424.10   79.12   79.12    N/A
0:     67108864      16777216     float     sum      -1   815.31   82.31   82.31       0   821.99   81.64   81.64    N/A
0:    134217728      33554432     float     sum      -1  1130.62  118.71  118.71       0  1118.84  119.96  119.96    N/A
0:    268435456      67108864     float     sum      -1  2202.63  121.87  121.87       0  2210.75  121.42  121.42    N/A
0: # Out of bounds values : 0 OK
0: # Avg bus bandwidth    : 91.8315 
0: #
0: # Collective test concluded: sendrecv_perf
0: #
0: 
0: 
0: ##### pass 5/20  pair g1-g2  sendrecv_perf
0: # nccl-tests version 2.17.8 nccl-headers=22903 nccl-library=22903
0: # Collective test starting: sendrecv_perf
0: # nThread 1 nGpus 2 minBytes 8388608 maxBytes 268435456 step: 2(factor) warmup iters: 5 iters: 20 agg iters: 1 validation: 1 graph: 0
0: #
0: # Using devices
0: #  Rank  0 Group  0 Pid 114510 on  nid007195 device  0 [0019:01:00] NVIDIA GH200 120GB
0: #  Rank  1 Group  0 Pid 114510 on  nid007195 device  1 [0029:01:00] NVIDIA GH200 120GB
0: #
0: #                                                              out-of-place                       in-place          
0: #       size         count      type   redop    root     time   algbw   busbw  #wrong     time   algbw   busbw  #wrong 
0: #        (B)    (elements)                               (us)  (GB/s)  (GB/s)             (us)  (GB/s)  (GB/s)         
0:      8388608       2097152     float     sum      -1   121.84   68.85   68.85       0   117.10   71.64   71.64    N/A
0:     16777216       4194304     float     sum      -1   220.05   76.24   76.24       0   217.82   77.02   77.02    N/A
0:     33554432       8388608     float     sum      -1   421.79   79.55   79.55       0   423.37   79.26   79.26    N/A
0:     67108864      16777216     float     sum      -1   816.90   82.15   82.15       0   823.78   81.47   81.47    N/A
0:    134217728      33554432     float     sum      -1  1122.38  119.58  119.58       0  1120.60  119.77  119.77    N/A
0:    268435456      67108864     float     sum      -1  2211.50  121.38  121.38       0  2203.43  121.83  121.83    N/A
0: # Out of bounds values : 0 OK
0: # Avg bus bandwidth    : 91.5619 
0: #
0: # Collective test concluded: sendrecv_perf
0: #
0: 
0: 
0: ##### pass 5/20  pair g1-g3  sendrecv_perf
0: # nccl-tests version 2.17.8 nccl-headers=22903 nccl-library=22903
0: # Collective test starting: sendrecv_perf
0: # nThread 1 nGpus 2 minBytes 8388608 maxBytes 268435456 step: 2(factor) warmup iters: 5 iters: 20 agg iters: 1 validation: 1 graph: 0
0: #
0: # Using devices
0: #  Rank  0 Group  0 Pid 114550 on  nid007195 device  0 [0019:01:00] NVIDIA GH200 120GB
0: #  Rank  1 Group  0 Pid 114550 on  nid007195 device  1 [0039:01:00] NVIDIA GH200 120GB
0: #
0: #                                                              out-of-place                       in-place          
0: #       size         count      type   redop    root     time   algbw   busbw  #wrong     time   algbw   busbw  #wrong 
0: #        (B)    (elements)                               (us)  (GB/s)  (GB/s)             (us)  (GB/s)  (GB/s)         
0:      8388608       2097152     float     sum      -1   116.23   72.17   72.17       0   119.44   70.23   70.23    N/A
0:     16777216       4194304     float     sum      -1   221.99   75.58   75.58       0   218.06   76.94   76.94    N/A
0:     33554432       8388608     float     sum      -1   420.18   79.86   79.86       0   421.69   79.57   79.57    N/A
0:     67108864      16777216     float     sum      -1   816.68   82.17   82.17       0   823.74   81.47   81.47    N/A
0:    134217728      33554432     float     sum      -1  1124.90  119.32  119.32       0  1128.33  118.95  118.95    N/A
0:    268435456      67108864     float     sum      -1  2219.87  120.92  120.92       0  2206.22  121.67  121.67    N/A
0: # Out of bounds values : 0 OK
0: # Avg bus bandwidth    : 91.571 
0: #
0: # Collective test concluded: sendrecv_perf
0: #
0: 
0: 
0: ##### pass 5/20  pair g2-g3  sendrecv_perf
0: # nccl-tests version 2.17.8 nccl-headers=22903 nccl-library=22903
0: # Collective test starting: sendrecv_perf
0: # nThread 1 nGpus 2 minBytes 8388608 maxBytes 268435456 step: 2(factor) warmup iters: 5 iters: 20 agg iters: 1 validation: 1 graph: 0
0: #
0: # Using devices
0: #  Rank  0 Group  0 Pid 114605 on  nid007195 device  0 [0029:01:00] NVIDIA GH200 120GB
0: #  Rank  1 Group  0 Pid 114605 on  nid007195 device  1 [0039:01:00] NVIDIA GH200 120GB
0: #
0: #                                                              out-of-place                       in-place          
0: #       size         count      type   redop    root     time   algbw   busbw  #wrong     time   algbw   busbw  #wrong 
0: #        (B)    (elements)                               (us)  (GB/s)  (GB/s)             (us)  (GB/s)  (GB/s)         
0:      8388608       2097152     float     sum      -1   121.28   69.17   69.17       0   115.91   72.37   72.37    N/A
0:     16777216       4194304     float     sum      -1   219.93   76.28   76.28       0   221.31   75.81   75.81    N/A
0:     33554432       8388608     float     sum      -1   421.85   79.54   79.54       0   422.91   79.34   79.34    N/A
0:     67108864      16777216     float     sum      -1   816.62   82.18   82.18       0   829.12   80.94   80.94    N/A
0:    134217728      33554432     float     sum      -1  1125.54  119.25  119.25       0  1118.12  120.04  120.04    N/A
0:    268435456      67108864     float     sum      -1  2214.10  121.24  121.24       0  2207.44  121.61  121.61    N/A
0: # Out of bounds values : 0 OK
0: # Avg bus bandwidth    : 91.4802 
0: #
0: # Collective test concluded: sendrecv_perf
0: #
0: 
0: 
0: ##### pass 6/20  pair g0-g1  sendrecv_perf
0: # nccl-tests version 2.17.8 nccl-headers=22903 nccl-library=22903
0: # Collective test starting: sendrecv_perf
0: # nThread 1 nGpus 2 minBytes 8388608 maxBytes 268435456 step: 2(factor) warmup iters: 5 iters: 20 agg iters: 1 validation: 1 graph: 0
0: #
0: # Using devices
0: #  Rank  0 Group  0 Pid 114645 on  nid007195 device  0 [0009:01:00] NVIDIA GH200 120GB
0: #  Rank  1 Group  0 Pid 114645 on  nid007195 device  1 [0019:01:00] NVIDIA GH200 120GB
0: #
0: #                                                              out-of-place                       in-place          
0: #       size         count      type   redop    root     time   algbw   busbw  #wrong     time   algbw   busbw  #wrong 
0: #        (B)    (elements)                               (us)  (GB/s)  (GB/s)             (us)  (GB/s)  (GB/s)         
0:      8388608       2097152     float     sum      -1   116.15   72.22   72.22       0   116.14   72.23   72.23    N/A
0:     16777216       4194304     float     sum      -1   218.46   76.80   76.80       0   221.00   75.92   75.92    N/A
0:     33554432       8388608     float     sum      -1   422.14   79.49   79.49       0   422.61   79.40   79.40    N/A
0:     67108864      16777216     float     sum      -1   812.08   82.64   82.64       0   821.71   81.67   81.67    N/A
0:    134217728      33554432     float     sum      -1  1119.94  119.84  119.84       0  1116.28  120.24  120.24    N/A
0:    268435456      67108864     float     sum      -1  2209.31  121.50  121.50       0  2208.66  121.54  121.54    N/A
0: # Out of bounds values : 0 OK
0: # Avg bus bandwidth    : 91.9566 
0: #
0: # Collective test concluded: sendrecv_perf
0: #
0: 
0: 
0: ##### pass 6/20  pair g0-g2  sendrecv_perf
0: # nccl-tests version 2.17.8 nccl-headers=22903 nccl-library=22903
0: # Collective test starting: sendrecv_perf
0: # nThread 1 nGpus 2 minBytes 8388608 maxBytes 268435456 step: 2(factor) warmup iters: 5 iters: 20 agg iters: 1 validation: 1 graph: 0
0: #
0: # Using devices
0: #  Rank  0 Group  0 Pid 114681 on  nid007195 device  0 [0009:01:00] NVIDIA GH200 120GB
0: #  Rank  1 Group  0 Pid 114681 on  nid007195 device  1 [0029:01:00] NVIDIA GH200 120GB
0: #
0: #                                                              out-of-place                       in-place          
0: #       size         count      type   redop    root     time   algbw   busbw  #wrong     time   algbw   busbw  #wrong 
0: #        (B)    (elements)                               (us)  (GB/s)  (GB/s)             (us)  (GB/s)  (GB/s)         
0:      8388608       2097152     float     sum      -1   119.21   70.37   70.37       0   115.96   72.34   72.34    N/A
0:     16777216       4194304     float     sum      -1   218.51   76.78   76.78       0   217.80   77.03   77.03    N/A
0:     33554432       8388608     float     sum      -1   423.03   79.32   79.32       0   424.30   79.08   79.08    N/A
0:     67108864      16777216     float     sum      -1   813.79   82.46   82.46       0   827.65   81.08   81.08    N/A
0:    134217728      33554432     float     sum      -1  1123.74  119.44  119.44       0  1118.18  120.03  120.03    N/A
0:    268435456      67108864     float     sum      -1  2215.99  121.14  121.14       0  2205.61  121.71  121.71    N/A
0: # Out of bounds values : 0 OK
0: # Avg bus bandwidth    : 91.7315 
0: #
0: # Collective test concluded: sendrecv_perf
0: #
0: 
0: 
0: ##### pass 6/20  pair g0-g3  sendrecv_perf
0: # nccl-tests version 2.17.8 nccl-headers=22903 nccl-library=22903
0: # Collective test starting: sendrecv_perf
0: # nThread 1 nGpus 2 minBytes 8388608 maxBytes 268435456 step: 2(factor) warmup iters: 5 iters: 20 agg iters: 1 validation: 1 graph: 0
0: #
0: # Using devices
0: #  Rank  0 Group  0 Pid 114723 on  nid007195 device  0 [0009:01:00] NVIDIA GH200 120GB
0: #  Rank  1 Group  0 Pid 114723 on  nid007195 device  1 [0039:01:00] NVIDIA GH200 120GB
0: #
0: #                                                              out-of-place                       in-place          
0: #       size         count      type   redop    root     time   algbw   busbw  #wrong     time   algbw   busbw  #wrong 
0: #        (B)    (elements)                               (us)  (GB/s)  (GB/s)             (us)  (GB/s)  (GB/s)         
0:      8388608       2097152     float     sum      -1   116.71   71.87   71.87       0   118.29   70.91   70.91    N/A
0:     16777216       4194304     float     sum      -1   223.29   75.14   75.14       0   220.99   75.92   75.92    N/A
0:     33554432       8388608     float     sum      -1   423.51   79.23   79.23       0   423.93   79.15   79.15    N/A
0:     67108864      16777216     float     sum      -1   818.67   81.97   81.97       0   829.52   80.90   80.90    N/A
0:    134217728      33554432     float     sum      -1  1122.48  119.57  119.57       0  1120.25  119.81  119.81    N/A
0:    268435456      67108864     float     sum      -1  2205.39  121.72  121.72       0  2217.29  121.06  121.06    N/A
0: # Out of bounds values : 0 OK
0: # Avg bus bandwidth    : 91.4384 
0: #
0: # Collective test concluded: sendrecv_perf
0: #
0: 
0: 
0: ##### pass 6/20  pair g1-g2  sendrecv_perf
0: # nccl-tests version 2.17.8 nccl-headers=22903 nccl-library=22903
0: # Collective test starting: sendrecv_perf
0: # nThread 1 nGpus 2 minBytes 8388608 maxBytes 268435456 step: 2(factor) warmup iters: 5 iters: 20 agg iters: 1 validation: 1 graph: 0
0: #
0: # Using devices
0: #  Rank  0 Group  0 Pid 114761 on  nid007195 device  0 [0019:01:00] NVIDIA GH200 120GB
0: #  Rank  1 Group  0 Pid 114761 on  nid007195 device  1 [0029:01:00] NVIDIA GH200 120GB
0: #
0: #                                                              out-of-place                       in-place          
0: #       size         count      type   redop    root     time   algbw   busbw  #wrong     time   algbw   busbw  #wrong 
0: #        (B)    (elements)                               (us)  (GB/s)  (GB/s)             (us)  (GB/s)  (GB/s)         
0:      8388608       2097152     float     sum      -1   115.66   72.53   72.53       0   117.59   71.34   71.34    N/A
0:     16777216       4194304     float     sum      -1   216.79   77.39   77.39       0   217.26   77.22   77.22    N/A
0:     33554432       8388608     float     sum      -1   420.86   79.73   79.73       0   422.41   79.44   79.44    N/A
0:     67108864      16777216     float     sum      -1   816.04   82.24   82.24       0   818.63   81.98   81.98    N/A
0:    134217728      33554432     float     sum      -1  1120.47  119.79  119.79       0  1118.76  119.97  119.97    N/A
0:    268435456      67108864     float     sum      -1  2207.37  121.61  121.61       0  2207.61  121.60  121.60    N/A
0: # Out of bounds values : 0 OK
0: # Avg bus bandwidth    : 92.0684 
0: #
0: # Collective test concluded: sendrecv_perf
0: #
0: 
0: 
0: ##### pass 6/20  pair g1-g3  sendrecv_perf
0: # nccl-tests version 2.17.8 nccl-headers=22903 nccl-library=22903
0: # Collective test starting: sendrecv_perf
0: # nThread 1 nGpus 2 minBytes 8388608 maxBytes 268435456 step: 2(factor) warmup iters: 5 iters: 20 agg iters: 1 validation: 1 graph: 0
0: #
0: # Using devices
0: #  Rank  0 Group  0 Pid 114799 on  nid007195 device  0 [0019:01:00] NVIDIA GH200 120GB
0: #  Rank  1 Group  0 Pid 114799 on  nid007195 device  1 [0039:01:00] NVIDIA GH200 120GB
0: #
0: #                                                              out-of-place                       in-place          
0: #       size         count      type   redop    root     time   algbw   busbw  #wrong     time   algbw   busbw  #wrong 
0: #        (B)    (elements)                               (us)  (GB/s)  (GB/s)             (us)  (GB/s)  (GB/s)         
0:      8388608       2097152     float     sum      -1   115.75   72.47   72.47       0   115.47   72.65   72.65    N/A
0:     16777216       4194304     float     sum      -1   220.78   75.99   75.99       0   217.13   77.27   77.27    N/A
0:     33554432       8388608     float     sum      -1   420.66   79.77   79.77       0   423.90   79.16   79.16    N/A
0:     67108864      16777216     float     sum      -1   814.56   82.39   82.39       0   820.86   81.75   81.75    N/A
0:    134217728      33554432     float     sum      -1  1119.24  119.92  119.92       0  1122.35  119.59  119.59    N/A
0:    268435456      67108864     float     sum      -1  2208.95  121.52  121.52       0  2210.73  121.42  121.42    N/A
0: # Out of bounds values : 0 OK
0: # Avg bus bandwidth    : 91.9909 
0: #
0: # Collective test concluded: sendrecv_perf
0: #
0: 
0: 
0: ##### pass 6/20  pair g2-g3  sendrecv_perf
0: # nccl-tests version 2.17.8 nccl-headers=22903 nccl-library=22903
0: # Collective test starting: sendrecv_perf
0: # nThread 1 nGpus 2 minBytes 8388608 maxBytes 268435456 step: 2(factor) warmup iters: 5 iters: 20 agg iters: 1 validation: 1 graph: 0
0: #
0: # Using devices
0: #  Rank  0 Group  0 Pid 114837 on  nid007195 device  0 [0029:01:00] NVIDIA GH200 120GB
0: #  Rank  1 Group  0 Pid 114837 on  nid007195 device  1 [0039:01:00] NVIDIA GH200 120GB
0: #
0: #                                                              out-of-place                       in-place          
0: #       size         count      type   redop    root     time   algbw   busbw  #wrong     time   algbw   busbw  #wrong 
0: #        (B)    (elements)                               (us)  (GB/s)  (GB/s)             (us)  (GB/s)  (GB/s)         
0:      8388608       2097152     float     sum      -1   116.11   72.25   72.25       0   116.56   71.97   71.97    N/A
0:     16777216       4194304     float     sum      -1   219.97   76.27   76.27       0   220.36   76.13   76.13    N/A
0:     33554432       8388608     float     sum      -1   422.75   79.37   79.37       0   421.90   79.53   79.53    N/A
0:     67108864      16777216     float     sum      -1   813.55   82.49   82.49       0   823.89   81.45   81.45    N/A
0:    134217728      33554432     float     sum      -1  1123.81  119.43  119.43       0  1131.71  118.60  118.60    N/A
0:    268435456      67108864     float     sum      -1  2202.49  121.88  121.88       0  2211.54  121.38  121.38    N/A
0: # Out of bounds values : 0 OK
0: # Avg bus bandwidth    : 91.7293 
0: #
0: # Collective test concluded: sendrecv_perf
0: #
0: 
0: 
0: ##### pass 7/20  pair g0-g1  sendrecv_perf
0: # nccl-tests version 2.17.8 nccl-headers=22903 nccl-library=22903
0: # Collective test starting: sendrecv_perf
0: # nThread 1 nGpus 2 minBytes 8388608 maxBytes 268435456 step: 2(factor) warmup iters: 5 iters: 20 agg iters: 1 validation: 1 graph: 0
0: #
0: # Using devices
0: #  Rank  0 Group  0 Pid 114902 on  nid007195 device  0 [0009:01:00] NVIDIA GH200 120GB
0: #  Rank  1 Group  0 Pid 114902 on  nid007195 device  1 [0019:01:00] NVIDIA GH200 120GB
0: #
0: #                                                              out-of-place                       in-place          
0: #       size         count      type   redop    root     time   algbw   busbw  #wrong     time   algbw   busbw  #wrong 
0: #        (B)    (elements)                               (us)  (GB/s)  (GB/s)             (us)  (GB/s)  (GB/s)         
0:      8388608       2097152     float     sum      -1   115.80   72.44   72.44       0   115.26   72.78   72.78    N/A
0:     16777216       4194304     float     sum      -1   217.88   77.00   77.00       0   218.37   76.83   76.83    N/A
0:     33554432       8388608     float     sum      -1   421.15   79.67   79.67       0   424.02   79.13   79.13    N/A
0:     67108864      16777216     float     sum      -1   812.94   82.55   82.55       0   817.96   82.04   82.04    N/A
0:    134217728      33554432     float     sum      -1  1126.41  119.16  119.16       0  1118.77  119.97  119.97    N/A
0:    268435456      67108864     float     sum      -1  2211.88  121.36  121.36       0  2215.72  121.15  121.15    N/A
0: # Out of bounds values : 0 OK
0: # Avg bus bandwidth    : 92.0073 
0: #
0: # Collective test concluded: sendrecv_perf
0: #
0: 
0: 
0: ##### pass 7/20  pair g0-g2  sendrecv_perf
0: # nccl-tests version 2.17.8 nccl-headers=22903 nccl-library=22903
0: # Collective test starting: sendrecv_perf
0: # nThread 1 nGpus 2 minBytes 8388608 maxBytes 268435456 step: 2(factor) warmup iters: 5 iters: 20 agg iters: 1 validation: 1 graph: 0
0: #
0: # Using devices
0: #  Rank  0 Group  0 Pid 114940 on  nid007195 device  0 [0009:01:00] NVIDIA GH200 120GB
0: #  Rank  1 Group  0 Pid 114940 on  nid007195 device  1 [0029:01:00] NVIDIA GH200 120GB
0: #
0: #                                                              out-of-place                       in-place          
0: #       size         count      type   redop    root     time   algbw   busbw  #wrong     time   algbw   busbw  #wrong 
0: #        (B)    (elements)                               (us)  (GB/s)  (GB/s)             (us)  (GB/s)  (GB/s)         
0:      8388608       2097152     float     sum      -1   118.72   70.66   70.66       0   115.48   72.64   72.64    N/A
0:     16777216       4194304     float     sum      -1   222.97   75.24   75.24       0   217.96   76.97   76.97    N/A
0:     33554432       8388608     float     sum      -1   419.11   80.06   80.06       0   422.48   79.42   79.42    N/A
0:     67108864      16777216     float     sum      -1   813.33   82.51   82.51       0   824.79   81.36   81.36    N/A
0:    134217728      33554432     float     sum      -1  1119.99  119.84  119.84       0  1118.84  119.96  119.96    N/A
0:    268435456      67108864     float     sum      -1  2204.42  121.77  121.77       0  2213.17  121.29  121.29    N/A
0: # Out of bounds values : 0 OK
0: # Avg bus bandwidth    : 91.8116 
0: #
0: # Collective test concluded: sendrecv_perf
0: #
0: 
0: 
0: ##### pass 7/20  pair g0-g3  sendrecv_perf
0: # nccl-tests version 2.17.8 nccl-headers=22903 nccl-library=22903
0: # Collective test starting: sendrecv_perf
0: # nThread 1 nGpus 2 minBytes 8388608 maxBytes 268435456 step: 2(factor) warmup iters: 5 iters: 20 agg iters: 1 validation: 1 graph: 0
0: #
0: # Using devices
0: #  Rank  0 Group  0 Pid 114977 on  nid007195 device  0 [0009:01:00] NVIDIA GH200 120GB
0: #  Rank  1 Group  0 Pid 114977 on  nid007195 device  1 [0039:01:00] NVIDIA GH200 120GB
0: #
0: #                                                              out-of-place                       in-place          
0: #       size         count      type   redop    root     time   algbw   busbw  #wrong     time   algbw   busbw  #wrong 
0: #        (B)    (elements)                               (us)  (GB/s)  (GB/s)             (us)  (GB/s)  (GB/s)         
0:      8388608       2097152     float     sum      -1   118.35   70.88   70.88       0   116.13   72.24   72.24    N/A
0:     16777216       4194304     float     sum      -1   222.62   75.36   75.36       0   221.62   75.70   75.70    N/A
0:     33554432       8388608     float     sum      -1   422.16   79.48   79.48       0   419.37   80.01   80.01    N/A
0:     67108864      16777216     float     sum      -1   812.85   82.56   82.56       0   826.69   81.18   81.18    N/A
0:    134217728      33554432     float     sum      -1  1129.97  118.78  118.78       0  1128.97  118.89  118.89    N/A
0:    268435456      67108864     float     sum      -1  2216.46  121.11  121.11       0  2208.74  121.53  121.53    N/A
0: # Out of bounds values : 0 OK
0: # Avg bus bandwidth    : 91.4771 
0: #
0: # Collective test concluded: sendrecv_perf
0: #
0: 
0: 
0: ##### pass 7/20  pair g1-g2  sendrecv_perf
0: # nccl-tests version 2.17.8 nccl-headers=22903 nccl-library=22903
0: # Collective test starting: sendrecv_perf
0: # nThread 1 nGpus 2 minBytes 8388608 maxBytes 268435456 step: 2(factor) warmup iters: 5 iters: 20 agg iters: 1 validation: 1 graph: 0
0: #
0: # Using devices
0: #  Rank  0 Group  0 Pid 115015 on  nid007195 device  0 [0019:01:00] NVIDIA GH200 120GB
0: #  Rank  1 Group  0 Pid 115015 on  nid007195 device  1 [0029:01:00] NVIDIA GH200 120GB
0: #
0: #                                                              out-of-place                       in-place          
0: #       size         count      type   redop    root     time   algbw   busbw  #wrong     time   algbw   busbw  #wrong 
0: #        (B)    (elements)                               (us)  (GB/s)  (GB/s)             (us)  (GB/s)  (GB/s)         
0:      8388608       2097152     float     sum      -1   115.78   72.45   72.45       0   120.21   69.78   69.78    N/A
0:     16777216       4194304     float     sum      -1   217.51   77.13   77.13       0   221.94   75.59   75.59    N/A
0:     33554432       8388608     float     sum      -1   419.33   80.02   80.02       0   419.19   80.05   80.05    N/A
0:     67108864      16777216     float     sum      -1   813.57   82.49   82.49       0   821.69   81.67   81.67    N/A
0:    134217728      33554432     float     sum      -1  1122.17  119.61  119.61       0  1124.65  119.34  119.34    N/A
0:    268435456      67108864     float     sum      -1  2206.17  121.67  121.67       0  2204.67  121.76  121.76    N/A
0: # Out of bounds values : 0 OK
0: # Avg bus bandwidth    : 91.7973 
0: #
0: # Collective test concluded: sendrecv_perf
0: #
0: 
0: 
0: ##### pass 7/20  pair g1-g3  sendrecv_perf
0: # nccl-tests version 2.17.8 nccl-headers=22903 nccl-library=22903
0: # Collective test starting: sendrecv_perf
0: # nThread 1 nGpus 2 minBytes 8388608 maxBytes 268435456 step: 2(factor) warmup iters: 5 iters: 20 agg iters: 1 validation: 1 graph: 0
0: #
0: # Using devices
0: #  Rank  0 Group  0 Pid 115053 on  nid007195 device  0 [0019:01:00] NVIDIA GH200 120GB
0: #  Rank  1 Group  0 Pid 115053 on  nid007195 device  1 [0039:01:00] NVIDIA GH200 120GB
0: #
0: #                                                              out-of-place                       in-place          
0: #       size         count      type   redop    root     time   algbw   busbw  #wrong     time   algbw   busbw  #wrong 
0: #        (B)    (elements)                               (us)  (GB/s)  (GB/s)             (us)  (GB/s)  (GB/s)         
0:      8388608       2097152     float     sum      -1   116.17   72.21   72.21       0   115.33   72.74   72.74    N/A
0:     16777216       4194304     float     sum      -1   220.44   76.11   76.11       0   222.58   75.38   75.38    N/A
0:     33554432       8388608     float     sum      -1   420.07   79.88   79.88       0   423.37   79.26   79.26    N/A
0:     67108864      16777216     float     sum      -1   817.19   82.12   82.12       0   822.16   81.63   81.63    N/A
0:    134217728      33554432     float     sum      -1  1121.75  119.65  119.65       0  1123.92  119.42  119.42    N/A
0:    268435456      67108864     float     sum      -1  2210.57  121.43  121.43       0  2211.90  121.36  121.36    N/A
0: # Out of bounds values : 0 OK
0: # Avg bus bandwidth    : 91.7646 
0: #
0: # Collective test concluded: sendrecv_perf
0: #
0: 
0: 
0: ##### pass 7/20  pair g2-g3  sendrecv_perf
0: # nccl-tests version 2.17.8 nccl-headers=22903 nccl-library=22903
0: # Collective test starting: sendrecv_perf
0: # nThread 1 nGpus 2 minBytes 8388608 maxBytes 268435456 step: 2(factor) warmup iters: 5 iters: 20 agg iters: 1 validation: 1 graph: 0
0: #
0: # Using devices
0: #  Rank  0 Group  0 Pid 115093 on  nid007195 device  0 [0029:01:00] NVIDIA GH200 120GB
0: #  Rank  1 Group  0 Pid 115093 on  nid007195 device  1 [0039:01:00] NVIDIA GH200 120GB
0: #
0: #                                                              out-of-place                       in-place          
0: #       size         count      type   redop    root     time   algbw   busbw  #wrong     time   algbw   busbw  #wrong 
0: #        (B)    (elements)                               (us)  (GB/s)  (GB/s)             (us)  (GB/s)  (GB/s)         
0:      8388608       2097152     float     sum      -1   121.08   69.28   69.28       0   115.31   72.75   72.75    N/A
0:     16777216       4194304     float     sum      -1   222.11   75.54   75.54       0   218.54   76.77   76.77    N/A
0:     33554432       8388608     float     sum      -1   421.47   79.61   79.61       0   423.59   79.22   79.22    N/A
0:     67108864      16777216     float     sum      -1   815.28   82.31   82.31       0   819.68   81.87   81.87    N/A
0:    134217728      33554432     float     sum      -1  1120.63  119.77  119.77       0  1118.68  119.98  119.98    N/A
0:    268435456      67108864     float     sum      -1  2213.20  121.29  121.29       0  2215.62  121.16  121.16    N/A
0: # Out of bounds values : 0 OK
0: # Avg bus bandwidth    : 91.6286 
0: #
0: # Collective test concluded: sendrecv_perf
0: #
0: 
0: 
0: ##### pass 8/20  pair g0-g1  sendrecv_perf
0: # nccl-tests version 2.17.8 nccl-headers=22903 nccl-library=22903
0: # Collective test starting: sendrecv_perf
0: # nThread 1 nGpus 2 minBytes 8388608 maxBytes 268435456 step: 2(factor) warmup iters: 5 iters: 20 agg iters: 1 validation: 1 graph: 0
0: #
0: # Using devices
0: #  Rank  0 Group  0 Pid 115157 on  nid007195 device  0 [0009:01:00] NVIDIA GH200 120GB
0: #  Rank  1 Group  0 Pid 115157 on  nid007195 device  1 [0019:01:00] NVIDIA GH200 120GB
0: #
0: #                                                              out-of-place                       in-place          
0: #       size         count      type   redop    root     time   algbw   busbw  #wrong     time   algbw   busbw  #wrong 
0: #        (B)    (elements)                               (us)  (GB/s)  (GB/s)             (us)  (GB/s)  (GB/s)         
0:      8388608       2097152     float     sum      -1   118.64   70.70   70.70       0   119.30   70.32   70.32    N/A
0:     16777216       4194304     float     sum      -1   221.32   75.81   75.81       0   220.42   76.11   76.11    N/A
0:     33554432       8388608     float     sum      -1   422.44   79.43   79.43       0   424.18   79.10   79.10    N/A
0:     67108864      16777216     float     sum      -1   812.18   82.63   82.63       0   820.93   81.75   81.75    N/A
0:    134217728      33554432     float     sum      -1  1130.84  118.69  118.69       0  1123.04  119.51  119.51    N/A
0:    268435456      67108864     float     sum      -1  2212.19  121.34  121.34       0  2207.41  121.61  121.61    N/A
0: # Out of bounds values : 0 OK
0: # Avg bus bandwidth    : 91.4168 
0: #
0: # Collective test concluded: sendrecv_perf
0: #
0: 
0: 
0: ##### pass 8/20  pair g0-g2  sendrecv_perf
0: # nccl-tests version 2.17.8 nccl-headers=22903 nccl-library=22903
0: # Collective test starting: sendrecv_perf
0: # nThread 1 nGpus 2 minBytes 8388608 maxBytes 268435456 step: 2(factor) warmup iters: 5 iters: 20 agg iters: 1 validation: 1 graph: 0
0: #
0: # Using devices
0: #  Rank  0 Group  0 Pid 115196 on  nid007195 device  0 [0009:01:00] NVIDIA GH200 120GB
0: #  Rank  1 Group  0 Pid 115196 on  nid007195 device  1 [0029:01:00] NVIDIA GH200 120GB
0: #
0: #                                                              out-of-place                       in-place          
0: #       size         count      type   redop    root     time   algbw   busbw  #wrong     time   algbw   busbw  #wrong 
0: #        (B)    (elements)                               (us)  (GB/s)  (GB/s)             (us)  (GB/s)  (GB/s)         
0:      8388608       2097152     float     sum      -1   116.81   71.81   71.81       0   115.57   72.59   72.59    N/A
0:     16777216       4194304     float     sum      -1   222.52   75.40   75.40       0   219.12   76.57   76.57    N/A
0:     33554432       8388608     float     sum      -1   422.83   79.36   79.36       0   423.08   79.31   79.31    N/A
0:     67108864      16777216     float     sum      -1   816.15   82.23   82.23       0   826.56   81.19   81.19    N/A
0:    134217728      33554432     float     sum      -1  1128.14  118.97  118.97       0  1127.31  119.06  119.06    N/A
0:    268435456      67108864     float     sum      -1  2214.03  121.24  121.24       0  2208.45  121.55  121.55    N/A
0: # Out of bounds values : 0 OK
0: # Avg bus bandwidth    : 91.6058 
0: #
0: # Collective test concluded: sendrecv_perf
0: #
0: 
0: 
0: ##### pass 8/20  pair g0-g3  sendrecv_perf
0: # nccl-tests version 2.17.8 nccl-headers=22903 nccl-library=22903
0: # Collective test starting: sendrecv_perf
0: # nThread 1 nGpus 2 minBytes 8388608 maxBytes 268435456 step: 2(factor) warmup iters: 5 iters: 20 agg iters: 1 validation: 1 graph: 0
0: #
0: # Using devices
0: #  Rank  0 Group  0 Pid 115234 on  nid007195 device  0 [0009:01:00] NVIDIA GH200 120GB
0: #  Rank  1 Group  0 Pid 115234 on  nid007195 device  1 [0039:01:00] NVIDIA GH200 120GB
0: #
0: #                                                              out-of-place                       in-place          
0: #       size         count      type   redop    root     time   algbw   busbw  #wrong     time   algbw   busbw  #wrong 
0: #        (B)    (elements)                               (us)  (GB/s)  (GB/s)             (us)  (GB/s)  (GB/s)         
0:      8388608       2097152     float     sum      -1   116.68   71.90   71.90       0   120.37   69.69   69.69    N/A
0:     16777216       4194304     float     sum      -1   221.29   75.82   75.82       0   217.74   77.05   77.05    N/A
0:     33554432       8388608     float     sum      -1   422.53   79.41   79.41       0   423.80   79.18   79.18    N/A
0:     67108864      16777216     float     sum      -1   817.15   82.13   82.13       0   825.14   81.33   81.33    N/A
0:    134217728      33554432     float     sum      -1  1124.77  119.33  119.33       0  1128.70  118.91  118.91    N/A
0:    268435456      67108864     float     sum      -1  2207.34  121.61  121.61       0  2210.15  121.46  121.46    N/A
0: # Out of bounds values : 0 OK
0: # Avg bus bandwidth    : 91.4842 
0: #
0: # Collective test concluded: sendrecv_perf
0: #
0: 
0: 
0: ##### pass 8/20  pair g1-g2  sendrecv_perf
0: # nccl-tests version 2.17.8 nccl-headers=22903 nccl-library=22903
0: # Collective test starting: sendrecv_perf
0: # nThread 1 nGpus 2 minBytes 8388608 maxBytes 268435456 step: 2(factor) warmup iters: 5 iters: 20 agg iters: 1 validation: 1 graph: 0
0: #
0: # Using devices
0: #  Rank  0 Group  0 Pid 115272 on  nid007195 device  0 [0019:01:00] NVIDIA GH200 120GB
0: #  Rank  1 Group  0 Pid 115272 on  nid007195 device  1 [0029:01:00] NVIDIA GH200 120GB
0: #
0: #                                                              out-of-place                       in-place          
0: #       size         count      type   redop    root     time   algbw   busbw  #wrong     time   algbw   busbw  #wrong 
0: #        (B)    (elements)                               (us)  (GB/s)  (GB/s)             (us)  (GB/s)  (GB/s)         
0:      8388608       2097152     float     sum      -1   119.85   69.99   69.99       0   115.59   72.57   72.57    N/A
0:     16777216       4194304     float     sum      -1   219.58   76.41   76.41       0   218.98   76.61   76.61    N/A
0:     33554432       8388608     float     sum      -1   423.12   79.30   79.30       0   422.63   79.39   79.39    N/A
0:     67108864      16777216     float     sum      -1   817.24   82.12   82.12       0   823.51   81.49   81.49    N/A
0:    134217728      33554432     float     sum      -1  1126.21  119.18  119.18       0  1121.37  119.69  119.69    N/A
0:    268435456      67108864     float     sum      -1  2205.90  121.69  121.69       0  2210.66  121.43  121.43    N/A
0: # Out of bounds values : 0 OK
0: # Avg bus bandwidth    : 91.656 
0: #
0: # Collective test concluded: sendrecv_perf
0: #
0: 
0: 
0: ##### pass 8/20  pair g1-g3  sendrecv_perf
0: # nccl-tests version 2.17.8 nccl-headers=22903 nccl-library=22903
0: # Collective test starting: sendrecv_perf
0: # nThread 1 nGpus 2 minBytes 8388608 maxBytes 268435456 step: 2(factor) warmup iters: 5 iters: 20 agg iters: 1 validation: 1 graph: 0
0: #
0: # Using devices
0: #  Rank  0 Group  0 Pid 115312 on  nid007195 device  0 [0019:01:00] NVIDIA GH200 120GB
0: #  Rank  1 Group  0 Pid 115312 on  nid007195 device  1 [0039:01:00] NVIDIA GH200 120GB
0: #
0: #                                                              out-of-place                       in-place          
0: #       size         count      type   redop    root     time   algbw   busbw  #wrong     time   algbw   busbw  #wrong 
0: #        (B)    (elements)                               (us)  (GB/s)  (GB/s)             (us)  (GB/s)  (GB/s)         
0:      8388608       2097152     float     sum      -1   119.91   69.96   69.96       0   119.54   70.18   70.18    N/A
0:     16777216       4194304     float     sum      -1   217.27   77.22   77.22       0   219.99   76.26   76.26    N/A
0:     33554432       8388608     float     sum      -1   422.10   79.49   79.49       0   421.28   79.65   79.65    N/A
0:     67108864      16777216     float     sum      -1   812.44   82.60   82.60       0   818.92   81.95   81.95    N/A
0:    134217728      33554432     float     sum      -1  1123.91  119.42  119.42       0  1122.72  119.55  119.55    N/A
0:    268435456      67108864     float     sum      -1  2203.97  121.80  121.80       0  2207.88  121.58  121.58    N/A
0: # Out of bounds values : 0 OK
0: # Avg bus bandwidth    : 91.6378 
0: #
0: # Collective test concluded: sendrecv_perf
0: #
0: 
0: 
0: ##### pass 8/20  pair g2-g3  sendrecv_perf
0: # nccl-tests version 2.17.8 nccl-headers=22903 nccl-library=22903
0: # Collective test starting: sendrecv_perf
0: # nThread 1 nGpus 2 minBytes 8388608 maxBytes 268435456 step: 2(factor) warmup iters: 5 iters: 20 agg iters: 1 validation: 1 graph: 0
0: #
0: # Using devices
0: #  Rank  0 Group  0 Pid 115350 on  nid007195 device  0 [0029:01:00] NVIDIA GH200 120GB
0: #  Rank  1 Group  0 Pid 115350 on  nid007195 device  1 [0039:01:00] NVIDIA GH200 120GB
0: #
0: #                                                              out-of-place                       in-place          
0: #       size         count      type   redop    root     time   algbw   busbw  #wrong     time   algbw   busbw  #wrong 
0: #        (B)    (elements)                               (us)  (GB/s)  (GB/s)             (us)  (GB/s)  (GB/s)         
0:      8388608       2097152     float     sum      -1   116.69   71.89   71.89       0   115.94   72.35   72.35    N/A
0:     16777216       4194304     float     sum      -1   220.29   76.16   76.16       0   220.94   75.94   75.94    N/A
0:     33554432       8388608     float     sum      -1   422.50   79.42   79.42       0   420.46   79.80   79.80    N/A
0:     67108864      16777216     float     sum      -1   812.53   82.59   82.59       0   825.21   81.32   81.32    N/A
0:    134217728      33554432     float     sum      -1  1125.65  119.24  119.24       0  1119.97  119.84  119.84    N/A
0:    268435456      67108864     float     sum      -1  2217.30  121.06  121.06       0  2206.24  121.67  121.67    N/A
0: # Out of bounds values : 0 OK
0: # Avg bus bandwidth    : 91.7737 
0: #
0: # Collective test concluded: sendrecv_perf
0: #
0: 
0: 
0: ##### pass 9/20  pair g0-g1  sendrecv_perf
0: # nccl-tests version 2.17.8 nccl-headers=22903 nccl-library=22903
0: # Collective test starting: sendrecv_perf
0: # nThread 1 nGpus 2 minBytes 8388608 maxBytes 268435456 step: 2(factor) warmup iters: 5 iters: 20 agg iters: 1 validation: 1 graph: 0
0: #
0: # Using devices
0: #  Rank  0 Group  0 Pid 115388 on  nid007195 device  0 [0009:01:00] NVIDIA GH200 120GB
0: #  Rank  1 Group  0 Pid 115388 on  nid007195 device  1 [0019:01:00] NVIDIA GH200 120GB
0: #
0: #                                                              out-of-place                       in-place          
0: #       size         count      type   redop    root     time   algbw   busbw  #wrong     time   algbw   busbw  #wrong 
0: #        (B)    (elements)                               (us)  (GB/s)  (GB/s)             (us)  (GB/s)  (GB/s)         
0:      8388608       2097152     float     sum      -1   115.75   72.47   72.47       0   115.24   72.79   72.79    N/A
0:     16777216       4194304     float     sum      -1   218.87   76.65   76.65       0   222.00   75.57   75.57    N/A
0:     33554432       8388608     float     sum      -1   421.94   79.52   79.52       0   422.38   79.44   79.44    N/A
0:     67108864      16777216     float     sum      -1   817.33   82.11   82.11       0   820.63   81.78   81.78    N/A
0:    134217728      33554432     float     sum      -1  1126.36  119.16  119.16       0  1123.63  119.45  119.45    N/A
0:    268435456      67108864     float     sum      -1  2209.84  121.47  121.47       0  2205.84  121.69  121.69    N/A
0: # Out of bounds values : 0 OK
0: # Avg bus bandwidth    : 91.8431 
0: #
0: # Collective test concluded: sendrecv_perf
0: #
0: 
0: 
0: ##### pass 9/20  pair g0-g2  sendrecv_perf
0: # nccl-tests version 2.17.8 nccl-headers=22903 nccl-library=22903
0: # Collective test starting: sendrecv_perf
0: # nThread 1 nGpus 2 minBytes 8388608 maxBytes 268435456 step: 2(factor) warmup iters: 5 iters: 20 agg iters: 1 validation: 1 graph: 0
0: #
0: # Using devices
0: #  Rank  0 Group  0 Pid 115450 on  nid007195 device  0 [0009:01:00] NVIDIA GH200 120GB
0: #  Rank  1 Group  0 Pid 115450 on  nid007195 device  1 [0029:01:00] NVIDIA GH200 120GB
0: #
0: #                                                              out-of-place                       in-place          
0: #       size         count      type   redop    root     time   algbw   busbw  #wrong     time   algbw   busbw  #wrong 
0: #        (B)    (elements)                               (us)  (GB/s)  (GB/s)             (us)  (GB/s)  (GB/s)         
0:      8388608       2097152     float     sum      -1   120.95   69.36   69.36       0   118.20   70.97   70.97    N/A
0:     16777216       4194304     float     sum      -1   219.96   76.27   76.27       0   222.26   75.49   75.49    N/A
0:     33554432       8388608     float     sum      -1   422.63   79.39   79.39       0   419.35   80.02   80.02    N/A
0:     67108864      16777216     float     sum      -1   817.77   82.06   82.06       0   822.37   81.60   81.60    N/A
0:    134217728      33554432     float     sum      -1  1128.10  118.98  118.98       0  1127.13  119.08  119.08    N/A
0:    268435456      67108864     float     sum      -1  2210.48  121.44  121.44       0  2212.91  121.30  121.30    N/A
0: # Out of bounds values : 0 OK
0: # Avg bus bandwidth    : 91.33 
0: #
0: # Collective test concluded: sendrecv_perf
0: #
0: 
0: 
0: ##### pass 9/20  pair g0-g3  sendrecv_perf
0: # nccl-tests version 2.17.8 nccl-headers=22903 nccl-library=22903
0: # Collective test starting: sendrecv_perf
0: # nThread 1 nGpus 2 minBytes 8388608 maxBytes 268435456 step: 2(factor) warmup iters: 5 iters: 20 agg iters: 1 validation: 1 graph: 0
0: #
0: # Using devices
0: #  Rank  0 Group  0 Pid 115488 on  nid007195 device  0 [0009:01:00] NVIDIA GH200 120GB
0: #  Rank  1 Group  0 Pid 115488 on  nid007195 device  1 [0039:01:00] NVIDIA GH200 120GB
0: #
0: #                                                              out-of-place                       in-place          
0: #       size         count      type   redop    root     time   algbw   busbw  #wrong     time   algbw   busbw  #wrong 
0: #        (B)    (elements)                               (us)  (GB/s)  (GB/s)             (us)  (GB/s)  (GB/s)         
0:      8388608       2097152     float     sum      -1   116.08   72.27   72.27       0   115.77   72.46   72.46    N/A
0:     16777216       4194304     float     sum      -1   221.08   75.89   75.89       0   217.32   77.20   77.20    N/A
0:     33554432       8388608     float     sum      -1   421.94   79.52   79.52       0   423.54   79.22   79.22    N/A
0:     67108864      16777216     float     sum      -1   813.16   82.53   82.53       0   826.74   81.17   81.17    N/A
0:    134217728      33554432     float     sum      -1  1123.94  119.42  119.42       0  1122.38  119.58  119.58    N/A
0:    268435456      67108864     float     sum      -1  2205.81  121.69  121.69       0  2206.59  121.65  121.65    N/A
0: # Out of bounds values : 0 OK
0: # Avg bus bandwidth    : 91.8838 
0: #
0: # Collective test concluded: sendrecv_perf
0: #
0: 
0: 
0: ##### pass 9/20  pair g1-g2  sendrecv_perf
0: # nccl-tests version 2.17.8 nccl-headers=22903 nccl-library=22903
0: # Collective test starting: sendrecv_perf
0: # nThread 1 nGpus 2 minBytes 8388608 maxBytes 268435456 step: 2(factor) warmup iters: 5 iters: 20 agg iters: 1 validation: 1 graph: 0
0: #
0: # Using devices
0: #  Rank  0 Group  0 Pid 115527 on  nid007195 device  0 [0019:01:00] NVIDIA GH200 120GB
0: #  Rank  1 Group  0 Pid 115527 on  nid007195 device  1 [0029:01:00] NVIDIA GH200 120GB
0: #
0: #                                                              out-of-place                       in-place          
0: #       size         count      type   redop    root     time   algbw   busbw  #wrong     time   algbw   busbw  #wrong 
0: #        (B)    (elements)                               (us)  (GB/s)  (GB/s)             (us)  (GB/s)  (GB/s)         
0:      8388608       2097152     float     sum      -1   115.95   72.34   72.34       0   115.57   72.58   72.58    N/A
0:     16777216       4194304     float     sum      -1   221.70   75.68   75.68       0   221.90   75.61   75.61    N/A
0:     33554432       8388608     float     sum      -1   422.01   79.51   79.51       0   423.47   79.24   79.24    N/A
0:     67108864      16777216     float     sum      -1   816.09   82.23   82.23       0   823.58   81.48   81.48    N/A
0:    134217728      33554432     float     sum      -1  1124.77  119.33  119.33       0  1123.75  119.44  119.44    N/A
0:    268435456      67108864     float     sum      -1  2210.82  121.42  121.42       0  2209.32  121.50  121.50    N/A
0: # Out of bounds values : 0 OK
0: # Avg bus bandwidth    : 91.6967 
0: #
0: # Collective test concluded: sendrecv_perf
0: #
0: 
0: 
0: ##### pass 9/20  pair g1-g3  sendrecv_perf
0: # nccl-tests version 2.17.8 nccl-headers=22903 nccl-library=22903
0: # Collective test starting: sendrecv_perf
0: # nThread 1 nGpus 2 minBytes 8388608 maxBytes 268435456 step: 2(factor) warmup iters: 5 iters: 20 agg iters: 1 validation: 1 graph: 0
0: #
0: # Using devices
0: #  Rank  0 Group  0 Pid 115565 on  nid007195 device  0 [0019:01:00] NVIDIA GH200 120GB
0: #  Rank  1 Group  0 Pid 115565 on  nid007195 device  1 [0039:01:00] NVIDIA GH200 120GB
0: #
0: #                                                              out-of-place                       in-place          
0: #       size         count      type   redop    root     time   algbw   busbw  #wrong     time   algbw   busbw  #wrong 
0: #        (B)    (elements)                               (us)  (GB/s)  (GB/s)             (us)  (GB/s)  (GB/s)         
0:      8388608       2097152     float     sum      -1   116.83   71.80   71.80       0   115.39   72.70   72.70    N/A
0:     16777216       4194304     float     sum      -1   218.32   76.85   76.85       0   223.62   75.03   75.03    N/A
0:     33554432       8388608     float     sum      -1   418.84   80.11   80.11       0   424.69   79.01   79.01    N/A
0:     67108864      16777216     float     sum      -1   813.34   82.51   82.51       0   827.09   81.14   81.14    N/A
0:    134217728      33554432     float     sum      -1  1120.48  119.79  119.79       0  1124.04  119.41  119.41    N/A
0:    268435456      67108864     float     sum      -1  2207.76  121.59  121.59       0  2203.29  121.83  121.83    N/A
0: # Out of bounds values : 0 OK
0: # Avg bus bandwidth    : 91.8133 
0: #
0: # Collective test concluded: sendrecv_perf
0: #
0: 
0: 
0: ##### pass 9/20  pair g2-g3  sendrecv_perf
0: # nccl-tests version 2.17.8 nccl-headers=22903 nccl-library=22903
0: # Collective test starting: sendrecv_perf
0: # nThread 1 nGpus 2 minBytes 8388608 maxBytes 268435456 step: 2(factor) warmup iters: 5 iters: 20 agg iters: 1 validation: 1 graph: 0
0: #
0: # Using devices
0: #  Rank  0 Group  0 Pid 115603 on  nid007195 device  0 [0029:01:00] NVIDIA GH200 120GB
0: #  Rank  1 Group  0 Pid 115603 on  nid007195 device  1 [0039:01:00] NVIDIA GH200 120GB
0: #
0: #                                                              out-of-place                       in-place          
0: #       size         count      type   redop    root     time   algbw   busbw  #wrong     time   algbw   busbw  #wrong 
0: #        (B)    (elements)                               (us)  (GB/s)  (GB/s)             (us)  (GB/s)  (GB/s)         
0:      8388608       2097152     float     sum      -1   116.27   72.15   72.15       0   116.38   72.08   72.08    N/A
0:     16777216       4194304     float     sum      -1   222.31   75.47   75.47       0   221.94   75.59   75.59    N/A
0:     33554432       8388608     float     sum      -1   423.64   79.20   79.20       0   424.01   79.14   79.14    N/A
0:     67108864      16777216     float     sum      -1   815.14   82.33   82.33       0   826.29   81.22   81.22    N/A
0:    134217728      33554432     float     sum      -1  1122.46  119.57  119.57       0  1123.97  119.41  119.41    N/A
0:    268435456      67108864     float     sum      -1  2206.75  121.64  121.64       0  2207.83  121.58  121.58    N/A
0: # Out of bounds values : 0 OK
0: # Avg bus bandwidth    : 91.6158 
0: #
0: # Collective test concluded: sendrecv_perf
0: #
0: 
0: 
0: ##### pass 10/20  pair g0-g1  sendrecv_perf
0: # nccl-tests version 2.17.8 nccl-headers=22903 nccl-library=22903
0: # Collective test starting: sendrecv_perf
0: # nThread 1 nGpus 2 minBytes 8388608 maxBytes 268435456 step: 2(factor) warmup iters: 5 iters: 20 agg iters: 1 validation: 1 graph: 0
0: #
0: # Using devices
0: #  Rank  0 Group  0 Pid 115644 on  nid007195 device  0 [0009:01:00] NVIDIA GH200 120GB
0: #  Rank  1 Group  0 Pid 115644 on  nid007195 device  1 [0019:01:00] NVIDIA GH200 120GB
0: #
0: #                                                              out-of-place                       in-place          
0: #       size         count      type   redop    root     time   algbw   busbw  #wrong     time   algbw   busbw  #wrong 
0: #        (B)    (elements)                               (us)  (GB/s)  (GB/s)             (us)  (GB/s)  (GB/s)         
0:      8388608       2097152     float     sum      -1   116.06   72.28   72.28       0   116.41   72.06   72.06    N/A
0:     16777216       4194304     float     sum      -1   222.33   75.46   75.46       0   218.60   76.75   76.75    N/A
0:     33554432       8388608     float     sum      -1   422.23   79.47   79.47       0   422.77   79.37   79.37    N/A
0:     67108864      16777216     float     sum      -1   822.18   81.62   81.62       0   823.90   81.45   81.45    N/A
0:    134217728      33554432     float     sum      -1  1123.56  119.46  119.46       0  1122.25  119.60  119.60    N/A
0:    268435456      67108864     float     sum      -1  2201.43  121.94  121.94       0  2199.69  122.03  122.03    N/A
0: # Out of bounds values : 0 OK
0: # Avg bus bandwidth    : 91.7905 
0: #
0: # Collective test concluded: sendrecv_perf
0: #
0: 
0: 
0: ##### pass 10/20  pair g0-g2  sendrecv_perf
0: # nccl-tests version 2.17.8 nccl-headers=22903 nccl-library=22903
0: # Collective test starting: sendrecv_perf
0: # nThread 1 nGpus 2 minBytes 8388608 maxBytes 268435456 step: 2(factor) warmup iters: 5 iters: 20 agg iters: 1 validation: 1 graph: 0
0: #
0: # Using devices
0: #  Rank  0 Group  0 Pid 115707 on  nid007195 device  0 [0009:01:00] NVIDIA GH200 120GB
0: #  Rank  1 Group  0 Pid 115707 on  nid007195 device  1 [0029:01:00] NVIDIA GH200 120GB
0: #
0: #                                                              out-of-place                       in-place          
0: #       size         count      type   redop    root     time   algbw   busbw  #wrong     time   algbw   busbw  #wrong 
0: #        (B)    (elements)                               (us)  (GB/s)  (GB/s)             (us)  (GB/s)  (GB/s)         
0:      8388608       2097152     float     sum      -1   115.97   72.34   72.34       0   118.86   70.58   70.58    N/A
0:     16777216       4194304     float     sum      -1   223.23   75.16   75.16       0   222.04   75.56   75.56    N/A
0:     33554432       8388608     float     sum      -1   422.31   79.46   79.46       0   423.78   79.18   79.18    N/A
0:     67108864      16777216     float     sum      -1   816.85   82.16   82.16       0   821.67   81.67   81.67    N/A
0:    134217728      33554432     float     sum      -1  1124.07  119.40  119.40       0  1118.84  119.96  119.96    N/A
0:    268435456      67108864     float     sum      -1  2213.82  121.25  121.25       0  2211.49  121.38  121.38    N/A
0: # Out of bounds values : 0 OK
0: # Avg bus bandwidth    : 91.508 
0: #
0: # Collective test concluded: sendrecv_perf
0: #
0: 
0: 
0: ##### pass 10/20  pair g0-g3  sendrecv_perf
0: # nccl-tests version 2.17.8 nccl-headers=22903 nccl-library=22903
0: # Collective test starting: sendrecv_perf
0: # nThread 1 nGpus 2 minBytes 8388608 maxBytes 268435456 step: 2(factor) warmup iters: 5 iters: 20 agg iters: 1 validation: 1 graph: 0
0: #
0: # Using devices
0: #  Rank  0 Group  0 Pid 115743 on  nid007195 device  0 [0009:01:00] NVIDIA GH200 120GB
0: #  Rank  1 Group  0 Pid 115743 on  nid007195 device  1 [0039:01:00] NVIDIA GH200 120GB
0: #
0: #                                                              out-of-place                       in-place          
0: #       size         count      type   redop    root     time   algbw   busbw  #wrong     time   algbw   busbw  #wrong 
0: #        (B)    (elements)                               (us)  (GB/s)  (GB/s)             (us)  (GB/s)  (GB/s)         
0:      8388608       2097152     float     sum      -1   115.87   72.39   72.39       0   115.67   72.52   72.52    N/A
0:     16777216       4194304     float     sum      -1   222.43   75.43   75.43       0   221.55   75.73   75.73    N/A
0:     33554432       8388608     float     sum      -1   421.02   79.70   79.70       0   422.00   79.51   79.51    N/A
0:     67108864      16777216     float     sum      -1   816.32   82.21   82.21       0   824.48   81.40   81.40    N/A
0:    134217728      33554432     float     sum      -1  1122.78  119.54  119.54       0  1121.81  119.64  119.64    N/A
0:    268435456      67108864     float     sum      -1  2206.91  121.63  121.63       0  2206.17  121.68  121.68    N/A
0: # Out of bounds values : 0 OK
0: # Avg bus bandwidth    : 91.7818 
0: #
0: # Collective test concluded: sendrecv_perf
0: #
0: 
0: 
0: ##### pass 10/20  pair g1-g2  sendrecv_perf
0: # nccl-tests version 2.17.8 nccl-headers=22903 nccl-library=22903
0: # Collective test starting: sendrecv_perf
0: # nThread 1 nGpus 2 minBytes 8388608 maxBytes 268435456 step: 2(factor) warmup iters: 5 iters: 20 agg iters: 1 validation: 1 graph: 0
0: #
0: # Using devices
0: #  Rank  0 Group  0 Pid 115782 on  nid007195 device  0 [0019:01:00] NVIDIA GH200 120GB
0: #  Rank  1 Group  0 Pid 115782 on  nid007195 device  1 [0029:01:00] NVIDIA GH200 120GB
0: #
0: #                                                              out-of-place                       in-place          
0: #       size         count      type   redop    root     time   algbw   busbw  #wrong     time   algbw   busbw  #wrong 
0: #        (B)    (elements)                               (us)  (GB/s)  (GB/s)             (us)  (GB/s)  (GB/s)         
0:      8388608       2097152     float     sum      -1   119.54   70.17   70.17       0   115.26   72.78   72.78    N/A
0:     16777216       4194304     float     sum      -1   220.01   76.26   76.26       0   217.37   77.18   77.18    N/A
0:     33554432       8388608     float     sum      -1   420.48   79.80   79.80       0   422.97   79.33   79.33    N/A
0:     67108864      16777216     float     sum      -1   808.83   82.97   82.97       0   817.00   82.14   82.14    N/A
0:    134217728      33554432     float     sum      -1  1122.25  119.60  119.60       0  1125.05  119.30  119.30    N/A
0:    268435456      67108864     float     sum      -1  2213.39  121.28  121.28       0  2207.05  121.63  121.63    N/A
0: # Out of bounds values : 0 OK
0: # Avg bus bandwidth    : 91.8695 
0: #
0: # Collective test concluded: sendrecv_perf
0: #
0: 
0: 
0: ##### pass 10/20  pair g1-g3  sendrecv_perf
0: # nccl-tests version 2.17.8 nccl-headers=22903 nccl-library=22903
0: # Collective test starting: sendrecv_perf
0: # nThread 1 nGpus 2 minBytes 8388608 maxBytes 268435456 step: 2(factor) warmup iters: 5 iters: 20 agg iters: 1 validation: 1 graph: 0
0: #
0: # Using devices
0: #  Rank  0 Group  0 Pid 115822 on  nid007195 device  0 [0019:01:00] NVIDIA GH200 120GB
0: #  Rank  1 Group  0 Pid 115822 on  nid007195 device  1 [0039:01:00] NVIDIA GH200 120GB
0: #
0: #                                                              out-of-place                       in-place          
0: #       size         count      type   redop    root     time   algbw   busbw  #wrong     time   algbw   busbw  #wrong 
0: #        (B)    (elements)                               (us)  (GB/s)  (GB/s)             (us)  (GB/s)  (GB/s)         
0:      8388608       2097152     float     sum      -1   116.28   72.14   72.14       0   120.48   69.63   69.63    N/A
0:     16777216       4194304     float     sum      -1   218.99   76.61   76.61       0   220.87   75.96   75.96    N/A
0:     33554432       8388608     float     sum      -1   417.83   80.31   80.31       0   420.47   79.80   79.80    N/A
0:     67108864      16777216     float     sum      -1   809.93   82.86   82.86       0   815.75   82.27   82.27    N/A
0:    134217728      33554432     float     sum      -1  1124.51  119.36  119.36       0  1120.24  119.81  119.81    N/A
0:    268435456      67108864     float     sum      -1  2207.27  121.61  121.61       0  2203.17  121.84  121.84    N/A
0: # Out of bounds values : 0 OK
0: # Avg bus bandwidth    : 91.8491 
0: #
0: # Collective test concluded: sendrecv_perf
0: #
0: 
0: 
0: ##### pass 10/20  pair g2-g3  sendrecv_perf
0: # nccl-tests version 2.17.8 nccl-headers=22903 nccl-library=22903
0: # Collective test starting: sendrecv_perf
0: # nThread 1 nGpus 2 minBytes 8388608 maxBytes 268435456 step: 2(factor) warmup iters: 5 iters: 20 agg iters: 1 validation: 1 graph: 0
0: #
0: # Using devices
0: #  Rank  0 Group  0 Pid 115862 on  nid007195 device  0 [0029:01:00] NVIDIA GH200 120GB
0: #  Rank  1 Group  0 Pid 115862 on  nid007195 device  1 [0039:01:00] NVIDIA GH200 120GB
0: #
0: #                                                              out-of-place                       in-place          
0: #       size         count      type   redop    root     time   algbw   busbw  #wrong     time   algbw   busbw  #wrong 
0: #        (B)    (elements)                               (us)  (GB/s)  (GB/s)             (us)  (GB/s)  (GB/s)         
0:      8388608       2097152     float     sum      -1   118.39   70.85   70.85       0   115.16   72.84   72.84    N/A
0:     16777216       4194304     float     sum      -1   221.75   75.66   75.66       0   220.03   76.25   76.25    N/A
0:     33554432       8388608     float     sum      -1   419.08   80.07   80.07       0   421.35   79.64   79.64    N/A
0:     67108864      16777216     float     sum      -1   814.04   82.44   82.44       0   819.15   81.92   81.92    N/A
0:    134217728      33554432     float     sum      -1  1118.38  120.01  120.01       0  1118.33  120.02  120.02    N/A
0:    268435456      67108864     float     sum      -1  2209.23  121.51  121.51       0  2206.42  121.66  121.66    N/A
0: # Out of bounds values : 0 OK
0: # Avg bus bandwidth    : 91.9055 
0: #
0: # Collective test concluded: sendrecv_perf
0: #
0: 
0: 
0: ##### pass 11/20  pair g0-g1  sendrecv_perf
0: # nccl-tests version 2.17.8 nccl-headers=22903 nccl-library=22903
0: # Collective test starting: sendrecv_perf
0: # nThread 1 nGpus 2 minBytes 8388608 maxBytes 268435456 step: 2(factor) warmup iters: 5 iters: 20 agg iters: 1 validation: 1 graph: 0
0: #
0: # Using devices
0: #  Rank  0 Group  0 Pid 115899 on  nid007195 device  0 [0009:01:00] NVIDIA GH200 120GB
0: #  Rank  1 Group  0 Pid 115899 on  nid007195 device  1 [0019:01:00] NVIDIA GH200 120GB
0: #
0: #                                                              out-of-place                       in-place          
0: #       size         count      type   redop    root     time   algbw   busbw  #wrong     time   algbw   busbw  #wrong 
0: #        (B)    (elements)                               (us)  (GB/s)  (GB/s)             (us)  (GB/s)  (GB/s)         
0:      8388608       2097152     float     sum      -1   116.30   72.13   72.13       0   115.54   72.60   72.60    N/A
0:     16777216       4194304     float     sum      -1   222.27   75.48   75.48       0   222.58   75.38   75.38    N/A
0:     33554432       8388608     float     sum      -1   422.53   79.41   79.41       0   421.39   79.63   79.63    N/A
0:     67108864      16777216     float     sum      -1   817.17   82.12   82.12       0   823.48   81.49   81.49    N/A
0:    134217728      33554432     float     sum      -1  1121.03  119.73  119.73       0  1116.53  120.21  120.21    N/A
0:    268435456      67108864     float     sum      -1  2203.52  121.82  121.82       0  2209.66  121.48  121.48    N/A
0: # Out of bounds values : 0 OK
0: # Avg bus bandwidth    : 91.7903 
0: #
0: # Collective test concluded: sendrecv_perf
0: #
0: 
0: 
0: ##### pass 11/20  pair g0-g2  sendrecv_perf
0: # nccl-tests version 2.17.8 nccl-headers=22903 nccl-library=22903
0: # Collective test starting: sendrecv_perf
0: # nThread 1 nGpus 2 minBytes 8388608 maxBytes 268435456 step: 2(factor) warmup iters: 5 iters: 20 agg iters: 1 validation: 1 graph: 0
0: #
0: # Using devices
0: #  Rank  0 Group  0 Pid 115963 on  nid007195 device  0 [0009:01:00] NVIDIA GH200 120GB
0: #  Rank  1 Group  0 Pid 115963 on  nid007195 device  1 [0029:01:00] NVIDIA GH200 120GB
0: #
0: #                                                              out-of-place                       in-place          
0: #       size         count      type   redop    root     time   algbw   busbw  #wrong     time   algbw   busbw  #wrong 
0: #        (B)    (elements)                               (us)  (GB/s)  (GB/s)             (us)  (GB/s)  (GB/s)         
0:      8388608       2097152     float     sum      -1   119.30   70.32   70.32       0   115.29   72.76   72.76    N/A
0:     16777216       4194304     float     sum      -1   220.89   75.95   75.95       0   217.11   77.27   77.27    N/A
0:     33554432       8388608     float     sum      -1   423.02   79.32   79.32       0   421.11   79.68   79.68    N/A
0:     67108864      16777216     float     sum      -1   819.43   81.90   81.90       0   819.43   81.90   81.90    N/A
0:    134217728      33554432     float     sum      -1  1120.81  119.75  119.75       0  1122.76  119.54  119.54    N/A
0:    268435456      67108864     float     sum      -1  2207.45  121.60  121.60       0  2213.27  121.28  121.28    N/A
0: # Out of bounds values : 0 OK
0: # Avg bus bandwidth    : 91.7736 
0: #
0: # Collective test concluded: sendrecv_perf
0: #
0: 
0: 
0: ##### pass 11/20  pair g0-g3  sendrecv_perf
0: # nccl-tests version 2.17.8 nccl-headers=22903 nccl-library=22903
0: # Collective test starting: sendrecv_perf
0: # nThread 1 nGpus 2 minBytes 8388608 maxBytes 268435456 step: 2(factor) warmup iters: 5 iters: 20 agg iters: 1 validation: 1 graph: 0
0: #
0: # Using devices
0: #  Rank  0 Group  0 Pid 116003 on  nid007195 device  0 [0009:01:00] NVIDIA GH200 120GB
0: #  Rank  1 Group  0 Pid 116003 on  nid007195 device  1 [0039:01:00] NVIDIA GH200 120GB
0: #
0: #                                                              out-of-place                       in-place          
0: #       size         count      type   redop    root     time   algbw   busbw  #wrong     time   algbw   busbw  #wrong 
0: #        (B)    (elements)                               (us)  (GB/s)  (GB/s)             (us)  (GB/s)  (GB/s)         
0:      8388608       2097152     float     sum      -1   117.19   71.58   71.58       0   118.78   70.62   70.62    N/A
0:     16777216       4194304     float     sum      -1   220.26   76.17   76.17       0   222.18   75.51   75.51    N/A
0:     33554432       8388608     float     sum      -1   420.84   79.73   79.73       0   423.07   79.31   79.31    N/A
0:     67108864      16777216     float     sum      -1   820.17   81.82   81.82       0   825.22   81.32   81.32    N/A
0:    134217728      33554432     float     sum      -1  1123.55  119.46  119.46       0  1122.87  119.53  119.53    N/A
0:    268435456      67108864     float     sum      -1  2205.97  121.69  121.69       0  2213.72  121.26  121.26    N/A
0: # Out of bounds values : 0 OK
0: # Avg bus bandwidth    : 91.5006 
0: #
0: # Collective test concluded: sendrecv_perf
0: #
0: 
0: 
0: ##### pass 11/20  pair g1-g2  sendrecv_perf
0: # nccl-tests version 2.17.8 nccl-headers=22903 nccl-library=22903
0: # Collective test starting: sendrecv_perf
0: # nThread 1 nGpus 2 minBytes 8388608 maxBytes 268435456 step: 2(factor) warmup iters: 5 iters: 20 agg iters: 1 validation: 1 graph: 0
0: #
0: # Using devices
0: #  Rank  0 Group  0 Pid 116040 on  nid007195 device  0 [0019:01:00] NVIDIA GH200 120GB
0: #  Rank  1 Group  0 Pid 116040 on  nid007195 device  1 [0029:01:00] NVIDIA GH200 120GB
0: #
0: #                                                              out-of-place                       in-place          
0: #       size         count      type   redop    root     time   algbw   busbw  #wrong     time   algbw   busbw  #wrong 
0: #        (B)    (elements)                               (us)  (GB/s)  (GB/s)             (us)  (GB/s)  (GB/s)         
0:      8388608       2097152     float     sum      -1   118.32   70.90   70.90       0   119.45   70.23   70.23    N/A
0:     16777216       4194304     float     sum      -1   217.52   77.13   77.13       0   221.06   75.90   75.90    N/A
0:     33554432       8388608     float     sum      -1   418.99   80.08   80.08       0   422.21   79.47   79.47    N/A
0:     67108864      16777216     float     sum      -1   810.18   82.83   82.83       0   823.98   81.44   81.44    N/A
0:    134217728      33554432     float     sum      -1  1128.86  118.90  118.90       0  1122.82  119.54  119.54    N/A
0:    268435456      67108864     float     sum      -1  2210.00  121.46  121.46       0  2210.79  121.42  121.42    N/A
0: # Out of bounds values : 0 OK
0: # Avg bus bandwidth    : 91.6081 
0: #
0: # Collective test concluded: sendrecv_perf
0: #
0: 
0: 
0: ##### pass 11/20  pair g1-g3  sendrecv_perf
0: # nccl-tests version 2.17.8 nccl-headers=22903 nccl-library=22903
0: # Collective test starting: sendrecv_perf
0: # nThread 1 nGpus 2 minBytes 8388608 maxBytes 268435456 step: 2(factor) warmup iters: 5 iters: 20 agg iters: 1 validation: 1 graph: 0
0: #
0: # Using devices
0: #  Rank  0 Group  0 Pid 116087 on  nid007195 device  0 [0019:01:00] NVIDIA GH200 120GB
0: #  Rank  1 Group  0 Pid 116087 on  nid007195 device  1 [0039:01:00] NVIDIA GH200 120GB
0: #
0: #                                                              out-of-place                       in-place          
0: #       size         count      type   redop    root     time   algbw   busbw  #wrong     time   algbw   busbw  #wrong 
0: #        (B)    (elements)                               (us)  (GB/s)  (GB/s)             (us)  (GB/s)  (GB/s)         
0:      8388608       2097152     float     sum      -1   115.80   72.44   72.44       0   119.28   70.33   70.33    N/A
0:     16777216       4194304     float     sum      -1   217.47   77.15   77.15       0   218.29   76.86   76.86    N/A
0:     33554432       8388608     float     sum      -1   421.41   79.62   79.62       0   420.96   79.71   79.71    N/A
0:     67108864      16777216     float     sum      -1   807.88   83.07   83.07       0   813.64   82.48   82.48    N/A
0:    134217728      33554432     float     sum      -1  1124.34  119.38  119.38       0  1125.14  119.29  119.29    N/A
0:    268435456      67108864     float     sum      -1  2210.63  121.43  121.43       0  2209.79  121.48  121.48    N/A
0: # Out of bounds values : 0 OK
0: # Avg bus bandwidth    : 91.9353 
0: #
0: # Collective test concluded: sendrecv_perf
0: #
0: 
0: 
0: ##### pass 11/20  pair g2-g3  sendrecv_perf
0: # nccl-tests version 2.17.8 nccl-headers=22903 nccl-library=22903
0: # Collective test starting: sendrecv_perf
0: # nThread 1 nGpus 2 minBytes 8388608 maxBytes 268435456 step: 2(factor) warmup iters: 5 iters: 20 agg iters: 1 validation: 1 graph: 0
0: #
0: # Using devices
0: #  Rank  0 Group  0 Pid 116123 on  nid007195 device  0 [0029:01:00] NVIDIA GH200 120GB
0: #  Rank  1 Group  0 Pid 116123 on  nid007195 device  1 [0039:01:00] NVIDIA GH200 120GB
0: #
0: #                                                              out-of-place                       in-place          
0: #       size         count      type   redop    root     time   algbw   busbw  #wrong     time   algbw   busbw  #wrong 
0: #        (B)    (elements)                               (us)  (GB/s)  (GB/s)             (us)  (GB/s)  (GB/s)         
0:      8388608       2097152     float     sum      -1   115.83   72.42   72.42       0   115.55   72.60   72.60    N/A
0:     16777216       4194304     float     sum      -1   222.78   75.31   75.31       0   220.88   75.96   75.96    N/A
0:     33554432       8388608     float     sum      -1   421.13   79.68   79.68       0   420.30   79.84   79.84    N/A
0:     67108864      16777216     float     sum      -1   812.16   82.63   82.63       0   824.85   81.36   81.36    N/A
0:    134217728      33554432     float     sum      -1  1124.51  119.36  119.36       0  1121.52  119.68  119.68    N/A
0:    268435456      67108864     float     sum      -1  2215.46  121.16  121.16       0  2213.86  121.25  121.25    N/A
0: # Out of bounds values : 0 OK
0: # Avg bus bandwidth    : 91.7699 
0: #
0: # Collective test concluded: sendrecv_perf
0: #
0: 
0: 
0: ##### pass 12/20  pair g0-g1  sendrecv_perf
0: # nccl-tests version 2.17.8 nccl-headers=22903 nccl-library=22903
0: # Collective test starting: sendrecv_perf
0: # nThread 1 nGpus 2 minBytes 8388608 maxBytes 268435456 step: 2(factor) warmup iters: 5 iters: 20 agg iters: 1 validation: 1 graph: 0
0: #
0: # Using devices
0: #  Rank  0 Group  0 Pid 116163 on  nid007195 device  0 [0009:01:00] NVIDIA GH200 120GB
0: #  Rank  1 Group  0 Pid 116163 on  nid007195 device  1 [0019:01:00] NVIDIA GH200 120GB
0: #
0: #                                                              out-of-place                       in-place          
0: #       size         count      type   redop    root     time   algbw   busbw  #wrong     time   algbw   busbw  #wrong 
0: #        (B)    (elements)                               (us)  (GB/s)  (GB/s)             (us)  (GB/s)  (GB/s)         
0:      8388608       2097152     float     sum      -1   118.32   70.90   70.90       0   118.52   70.78   70.78    N/A
0:     16777216       4194304     float     sum      -1   219.14   76.56   76.56       0   217.43   77.16   77.16    N/A
0:     33554432       8388608     float     sum      -1   423.49   79.23   79.23       0   422.84   79.36   79.36    N/A
0:     67108864      16777216     float     sum      -1   816.08   82.23   82.23       0   823.36   81.51   81.51    N/A
0:    134217728      33554432     float     sum      -1  1120.86  119.75  119.75       0  1120.43  119.79  119.79    N/A
0:    268435456      67108864     float     sum      -1  2202.01  121.90  121.90       0  2211.19  121.40  121.40    N/A
0: # Out of bounds values : 0 OK
0: # Avg bus bandwidth    : 91.7135 
0: #
0: # Collective test concluded: sendrecv_perf
0: #
0: 
0: 
0: ##### pass 12/20  pair g0-g2  sendrecv_perf
0: # nccl-tests version 2.17.8 nccl-headers=22903 nccl-library=22903
0: # Collective test starting: sendrecv_perf
0: # nThread 1 nGpus 2 minBytes 8388608 maxBytes 268435456 step: 2(factor) warmup iters: 5 iters: 20 agg iters: 1 validation: 1 graph: 0
0: #
0: # Using devices
0: #  Rank  0 Group  0 Pid 116201 on  nid007195 device  0 [0009:01:00] NVIDIA GH200 120GB
0: #  Rank  1 Group  0 Pid 116201 on  nid007195 device  1 [0029:01:00] NVIDIA GH200 120GB
0: #
0: #                                                              out-of-place                       in-place          
0: #       size         count      type   redop    root     time   algbw   busbw  #wrong     time   algbw   busbw  #wrong 
0: #        (B)    (elements)                               (us)  (GB/s)  (GB/s)             (us)  (GB/s)  (GB/s)         
0:      8388608       2097152     float     sum      -1   115.85   72.41   72.41       0   115.84   72.42   72.42    N/A
0:     16777216       4194304     float     sum      -1   221.43   75.77   75.77       0   218.13   76.92   76.92    N/A
0:     33554432       8388608     float     sum      -1   422.94   79.34   79.34       0   422.76   79.37   79.37    N/A
0:     67108864      16777216     float     sum      -1   817.70   82.07   82.07       0   818.41   82.00   82.00    N/A
0:    134217728      33554432     float     sum      -1  1120.33  119.80  119.80       0  1120.10  119.83  119.83    N/A
0:    268435456      67108864     float     sum      -1  2216.15  121.13  121.13       0  2215.95  121.14  121.14    N/A
0: # Out of bounds values : 0 OK
0: # Avg bus bandwidth    : 91.8482 
0: #
0: # Collective test concluded: sendrecv_perf
0: #
0: 
0: 
0: ##### pass 12/20  pair g0-g3  sendrecv_perf
0: # nccl-tests version 2.17.8 nccl-headers=22903 nccl-library=22903
0: # Collective test starting: sendrecv_perf
0: # nThread 1 nGpus 2 minBytes 8388608 maxBytes 268435456 step: 2(factor) warmup iters: 5 iters: 20 agg iters: 1 validation: 1 graph: 0
0: #
0: # Using devices
0: #  Rank  0 Group  0 Pid 116261 on  nid007195 device  0 [0009:01:00] NVIDIA GH200 120GB
0: #  Rank  1 Group  0 Pid 116261 on  nid007195 device  1 [0039:01:00] NVIDIA GH200 120GB
0: #
0: #                                                              out-of-place                       in-place          
0: #       size         count      type   redop    root     time   algbw   busbw  #wrong     time   algbw   busbw  #wrong 
0: #        (B)    (elements)                               (us)  (GB/s)  (GB/s)             (us)  (GB/s)  (GB/s)         
0:      8388608       2097152     float     sum      -1   115.88   72.39   72.39       0   120.11   69.84   69.84    N/A
0:     16777216       4194304     float     sum      -1   218.62   76.74   76.74       0   223.04   75.22   75.22    N/A
0:     33554432       8388608     float     sum      -1   423.38   79.25   79.25       0   423.58   79.22   79.22    N/A
0:     67108864      16777216     float     sum      -1   815.65   82.28   82.28       0   829.02   80.95   80.95    N/A
0:    134217728      33554432     float     sum      -1  1119.29  119.91  119.91       0  1123.60  119.45  119.45    N/A
0:    268435456      67108864     float     sum      -1  2205.11  121.73  121.73       0  2204.16  121.79  121.79    N/A
0: # Out of bounds values : 0 OK
0: # Avg bus bandwidth    : 91.5646 
0: #
0: # Collective test concluded: sendrecv_perf
0: #
0: 
0: 
0: ##### pass 12/20  pair g1-g2  sendrecv_perf
0: # nccl-tests version 2.17.8 nccl-headers=22903 nccl-library=22903
0: # Collective test starting: sendrecv_perf
0: # nThread 1 nGpus 2 minBytes 8388608 maxBytes 268435456 step: 2(factor) warmup iters: 5 iters: 20 agg iters: 1 validation: 1 graph: 0
0: #
0: # Using devices
0: #  Rank  0 Group  0 Pid 116300 on  nid007195 device  0 [0019:01:00] NVIDIA GH200 120GB
0: #  Rank  1 Group  0 Pid 116300 on  nid007195 device  1 [0029:01:00] NVIDIA GH200 120GB
0: #
0: #                                                              out-of-place                       in-place          
0: #       size         count      type   redop    root     time   algbw   busbw  #wrong     time   algbw   busbw  #wrong 
0: #        (B)    (elements)                               (us)  (GB/s)  (GB/s)             (us)  (GB/s)  (GB/s)         
0:      8388608       2097152     float     sum      -1   115.67   72.52   72.52       0   116.72   71.87   71.87    N/A
0:     16777216       4194304     float     sum      -1   222.16   75.52   75.52       0   221.60   75.71   75.71    N/A
0:     33554432       8388608     float     sum      -1   420.29   79.84   79.84       0   424.08   79.12   79.12    N/A
0:     67108864      16777216     float     sum      -1   818.20   82.02   82.02       0   826.78   81.17   81.17    N/A
0:    134217728      33554432     float     sum      -1  1122.38  119.58  119.58       0  1121.51  119.68  119.68    N/A
0:    268435456      67108864     float     sum      -1  2211.15  121.40  121.40       0  2204.82  121.75  121.75    N/A
0: # Out of bounds values : 0 OK
0: # Avg bus bandwidth    : 91.6815 
0: #
0: # Collective test concluded: sendrecv_perf
0: #
0: 
0: 
0: ##### pass 12/20  pair g1-g3  sendrecv_perf
0: # nccl-tests version 2.17.8 nccl-headers=22903 nccl-library=22903
0: # Collective test starting: sendrecv_perf
0: # nThread 1 nGpus 2 minBytes 8388608 maxBytes 268435456 step: 2(factor) warmup iters: 5 iters: 20 agg iters: 1 validation: 1 graph: 0
0: #
0: # Using devices
0: #  Rank  0 Group  0 Pid 116348 on  nid007195 device  0 [0019:01:00] NVIDIA GH200 120GB
0: #  Rank  1 Group  0 Pid 116348 on  nid007195 device  1 [0039:01:00] NVIDIA GH200 120GB
0: #
0: #                                                              out-of-place                       in-place          
0: #       size         count      type   redop    root     time   algbw   busbw  #wrong     time   algbw   busbw  #wrong 
0: #        (B)    (elements)                               (us)  (GB/s)  (GB/s)             (us)  (GB/s)  (GB/s)         
0:      8388608       2097152     float     sum      -1   115.70   72.50   72.50       0   114.73   73.12   73.12    N/A
0:     16777216       4194304     float     sum      -1   218.14   76.91   76.91       0   216.79   77.39   77.39    N/A
0:     33554432       8388608     float     sum      -1   422.27   79.46   79.46       0   420.26   79.84   79.84    N/A
0:     67108864      16777216     float     sum      -1   813.20   82.52   82.52       0   821.81   81.66   81.66    N/A
0:    134217728      33554432     float     sum      -1  1121.52  119.68  119.68       0  1117.78  120.08  120.08    N/A
0:    268435456      67108864     float     sum      -1  2212.65  121.32  121.32       0  2205.27  121.72  121.72    N/A
0: # Out of bounds values : 0 OK
0: # Avg bus bandwidth    : 92.1834 
0: #
0: # Collective test concluded: sendrecv_perf
0: #
0: 
0: 
0: ##### pass 12/20  pair g2-g3  sendrecv_perf
0: # nccl-tests version 2.17.8 nccl-headers=22903 nccl-library=22903
0: # Collective test starting: sendrecv_perf
0: # nThread 1 nGpus 2 minBytes 8388608 maxBytes 268435456 step: 2(factor) warmup iters: 5 iters: 20 agg iters: 1 validation: 1 graph: 0
0: #
0: # Using devices
0: #  Rank  0 Group  0 Pid 116387 on  nid007195 device  0 [0029:01:00] NVIDIA GH200 120GB
0: #  Rank  1 Group  0 Pid 116387 on  nid007195 device  1 [0039:01:00] NVIDIA GH200 120GB
0: #
0: #                                                              out-of-place                       in-place          
0: #       size         count      type   redop    root     time   algbw   busbw  #wrong     time   algbw   busbw  #wrong 
0: #        (B)    (elements)                               (us)  (GB/s)  (GB/s)             (us)  (GB/s)  (GB/s)         
0:      8388608       2097152     float     sum      -1   121.45   69.07   69.07       0   115.87   72.39   72.39    N/A
0:     16777216       4194304     float     sum      -1   219.68   76.37   76.37       0   223.78   74.97   74.97    N/A
0:     33554432       8388608     float     sum      -1   422.36   79.44   79.44       0   421.69   79.57   79.57    N/A
0:     67108864      16777216     float     sum      -1   815.24   82.32   82.32       0   823.16   81.53   81.53    N/A
0:    134217728      33554432     float     sum      -1  1120.54  119.78  119.78       0  1121.99  119.63  119.63    N/A
0:    268435456      67108864     float     sum      -1  2217.36  121.06  121.06       0  2218.99  120.97  120.97    N/A
0: # Out of bounds values : 0 OK
0: # Avg bus bandwidth    : 91.4256 
0: #
0: # Collective test concluded: sendrecv_perf
0: #
0: 
0: 
0: ##### pass 13/20  pair g0-g1  sendrecv_perf
0: # nccl-tests version 2.17.8 nccl-headers=22903 nccl-library=22903
0: # Collective test starting: sendrecv_perf
0: # nThread 1 nGpus 2 minBytes 8388608 maxBytes 268435456 step: 2(factor) warmup iters: 5 iters: 20 agg iters: 1 validation: 1 graph: 0
0: #
0: # Using devices
0: #  Rank  0 Group  0 Pid 116426 on  nid007195 device  0 [0009:01:00] NVIDIA GH200 120GB
0: #  Rank  1 Group  0 Pid 116426 on  nid007195 device  1 [0019:01:00] NVIDIA GH200 120GB
0: #
0: #                                                              out-of-place                       in-place          
0: #       size         count      type   redop    root     time   algbw   busbw  #wrong     time   algbw   busbw  #wrong 
0: #        (B)    (elements)                               (us)  (GB/s)  (GB/s)             (us)  (GB/s)  (GB/s)         
0:      8388608       2097152     float     sum      -1   115.42   72.68   72.68       0   114.93   72.99   72.99    N/A
0:     16777216       4194304     float     sum      -1   220.98   75.92   75.92       0   220.88   75.96   75.96    N/A
0:     33554432       8388608     float     sum      -1   418.69   80.14   80.14       0   423.17   79.29   79.29    N/A
0:     67108864      16777216     float     sum      -1   811.45   82.70   82.70       0   818.45   82.00   82.00    N/A
0:    134217728      33554432     float     sum      -1  1118.54  119.99  119.99       0  1115.76  120.29  120.29    N/A
0:    268435456      67108864     float     sum      -1  2207.05  121.63  121.63       0  2213.95  121.25  121.25    N/A
0: # Out of bounds values : 0 OK
0: # Avg bus bandwidth    : 92.0704 
0: #
0: # Collective test concluded: sendrecv_perf
0: #
0: 
0: 
0: ##### pass 13/20  pair g0-g2  sendrecv_perf
0: # nccl-tests version 2.17.8 nccl-headers=22903 nccl-library=22903
0: # Collective test starting: sendrecv_perf
0: # nThread 1 nGpus 2 minBytes 8388608 maxBytes 268435456 step: 2(factor) warmup iters: 5 iters: 20 agg iters: 1 validation: 1 graph: 0
0: #
0: # Using devices
0: #  Rank  0 Group  0 Pid 116464 on  nid007195 device  0 [0009:01:00] NVIDIA GH200 120GB
0: #  Rank  1 Group  0 Pid 116464 on  nid007195 device  1 [0029:01:00] NVIDIA GH200 120GB
0: #
0: #                                                              out-of-place                       in-place          
0: #       size         count      type   redop    root     time   algbw   busbw  #wrong     time   algbw   busbw  #wrong 
0: #        (B)    (elements)                               (us)  (GB/s)  (GB/s)             (us)  (GB/s)  (GB/s)         
0:      8388608       2097152     float     sum      -1   115.79   72.44   72.44       0   117.79   71.22   71.22    N/A
0:     16777216       4194304     float     sum      -1   221.64   75.70   75.70       0   219.95   76.28   76.28    N/A
0:     33554432       8388608     float     sum      -1   421.97   79.52   79.52       0   423.56   79.22   79.22    N/A
0:     67108864      16777216     float     sum      -1   811.53   82.69   82.69       0   823.71   81.47   81.47    N/A
0:    134217728      33554432     float     sum      -1  1125.90  119.21  119.21       0  1120.37  119.80  119.80    N/A
0:    268435456      67108864     float     sum      -1  2207.85  121.58  121.58       0  2205.22  121.73  121.73    N/A
0: # Out of bounds values : 0 OK
0: # Avg bus bandwidth    : 91.7381 
0: #
0: # Collective test concluded: sendrecv_perf
0: #
0: 
0: 
0: ##### pass 13/20  pair g0-g3  sendrecv_perf
0: # nccl-tests version 2.17.8 nccl-headers=22903 nccl-library=22903
0: # Collective test starting: sendrecv_perf
0: # nThread 1 nGpus 2 minBytes 8388608 maxBytes 268435456 step: 2(factor) warmup iters: 5 iters: 20 agg iters: 1 validation: 1 graph: 0
0: #
0: # Using devices
0: #  Rank  0 Group  0 Pid 116530 on  nid007195 device  0 [0009:01:00] NVIDIA GH200 120GB
0: #  Rank  1 Group  0 Pid 116530 on  nid007195 device  1 [0039:01:00] NVIDIA GH200 120GB
0: #
0: #                                                              out-of-place                       in-place          
0: #       size         count      type   redop    root     time   algbw   busbw  #wrong     time   algbw   busbw  #wrong 
0: #        (B)    (elements)                               (us)  (GB/s)  (GB/s)             (us)  (GB/s)  (GB/s)         
0:      8388608       2097152     float     sum      -1   115.41   72.69   72.69       0   115.09   72.89   72.89    N/A
0:     16777216       4194304     float     sum      -1   217.48   77.14   77.14       0   222.06   75.55   75.55    N/A
0:     33554432       8388608     float     sum      -1   419.79   79.93   79.93       0   420.68   79.76   79.76    N/A
0:     67108864      16777216     float     sum      -1   811.55   82.69   82.69       0   819.68   81.87   81.87    N/A
0:    134217728      33554432     float     sum      -1  1123.61  119.45  119.45       0  1126.83  119.11  119.11    N/A
0:    268435456      67108864     float     sum      -1  2207.00  121.63  121.63       0  2206.94  121.63  121.63    N/A
0: # Out of bounds values : 0 OK
0: # Avg bus bandwidth    : 92.0296 
0: #
0: # Collective test concluded: sendrecv_perf
0: #
0: 
0: 
0: ##### pass 13/20  pair g1-g2  sendrecv_perf
0: # nccl-tests version 2.17.8 nccl-headers=22903 nccl-library=22903
0: # Collective test starting: sendrecv_perf
0: # nThread 1 nGpus 2 minBytes 8388608 maxBytes 268435456 step: 2(factor) warmup iters: 5 iters: 20 agg iters: 1 validation: 1 graph: 0
0: #
0: # Using devices
0: #  Rank  0 Group  0 Pid 116565 on  nid007195 device  0 [0019:01:00] NVIDIA GH200 120GB
0: #  Rank  1 Group  0 Pid 116565 on  nid007195 device  1 [0029:01:00] NVIDIA GH200 120GB
0: #
0: #                                                              out-of-place                       in-place          
0: #       size         count      type   redop    root     time   algbw   busbw  #wrong     time   algbw   busbw  #wrong 
0: #        (B)    (elements)                               (us)  (GB/s)  (GB/s)             (us)  (GB/s)  (GB/s)         
0:      8388608       2097152     float     sum      -1   116.13   72.23   72.23       0   121.13   69.25   69.25    N/A
0:     16777216       4194304     float     sum      -1   222.51   75.40   75.40       0   222.81   75.30   75.30    N/A
0:     33554432       8388608     float     sum      -1   421.66   79.58   79.58       0   419.81   79.93   79.93    N/A
0:     67108864      16777216     float     sum      -1   817.62   82.08   82.08       0   827.72   81.08   81.08    N/A
0:    134217728      33554432     float     sum      -1  1125.64  119.24  119.24       0  1124.27  119.38  119.38    N/A
0:    268435456      67108864     float     sum      -1  2208.97  121.52  121.52       0  2204.42  121.77  121.77    N/A
0: # Out of bounds values : 0 OK
0: # Avg bus bandwidth    : 91.3962 
0: #
0: # Collective test concluded: sendrecv_perf
0: #
0: 
0: 
0: ##### pass 13/20  pair g1-g3  sendrecv_perf
0: # nccl-tests version 2.17.8 nccl-headers=22903 nccl-library=22903
0: # Collective test starting: sendrecv_perf
0: # nThread 1 nGpus 2 minBytes 8388608 maxBytes 268435456 step: 2(factor) warmup iters: 5 iters: 20 agg iters: 1 validation: 1 graph: 0
0: #
0: # Using devices
0: #  Rank  0 Group  0 Pid 116605 on  nid007195 device  0 [0019:01:00] NVIDIA GH200 120GB
0: #  Rank  1 Group  0 Pid 116605 on  nid007195 device  1 [0039:01:00] NVIDIA GH200 120GB
0: #
0: #                                                              out-of-place                       in-place          
0: #       size         count      type   redop    root     time   algbw   busbw  #wrong     time   algbw   busbw  #wrong 
0: #        (B)    (elements)                               (us)  (GB/s)  (GB/s)             (us)  (GB/s)  (GB/s)         
0:      8388608       2097152     float     sum      -1   117.64   71.31   71.31       0   114.82   73.06   73.06    N/A
0:     16777216       4194304     float     sum      -1   217.46   77.15   77.15       0   222.50   75.40   75.40    N/A
0:     33554432       8388608     float     sum      -1   420.81   79.74   79.74       0   420.55   79.79   79.79    N/A
0:     67108864      16777216     float     sum      -1   809.74   82.88   82.88       0   819.18   81.92   81.92    N/A
0:    134217728      33554432     float     sum      -1  1120.03  119.83  119.83       0  1123.84  119.43  119.43    N/A
0:    268435456      67108864     float     sum      -1  2209.88  121.47  121.47       0  2205.85  121.69  121.69    N/A
0: # Out of bounds values : 0 OK
0: # Avg bus bandwidth    : 91.9722 
0: #
0: # Collective test concluded: sendrecv_perf
0: #
0: 
0: 
0: ##### pass 13/20  pair g2-g3  sendrecv_perf
0: # nccl-tests version 2.17.8 nccl-headers=22903 nccl-library=22903
0: # Collective test starting: sendrecv_perf
0: # nThread 1 nGpus 2 minBytes 8388608 maxBytes 268435456 step: 2(factor) warmup iters: 5 iters: 20 agg iters: 1 validation: 1 graph: 0
0: #
0: # Using devices
0: #  Rank  0 Group  0 Pid 116642 on  nid007195 device  0 [0029:01:00] NVIDIA GH200 120GB
0: #  Rank  1 Group  0 Pid 116642 on  nid007195 device  1 [0039:01:00] NVIDIA GH200 120GB
0: #
0: #                                                              out-of-place                       in-place          
0: #       size         count      type   redop    root     time   algbw   busbw  #wrong     time   algbw   busbw  #wrong 
0: #        (B)    (elements)                               (us)  (GB/s)  (GB/s)             (us)  (GB/s)  (GB/s)         
0:      8388608       2097152     float     sum      -1   119.87   69.98   69.98       0   120.06   69.87   69.87    N/A
0:     16777216       4194304     float     sum      -1   220.89   75.95   75.95       0   222.69   75.34   75.34    N/A
0:     33554432       8388608     float     sum      -1   423.49   79.23   79.23       0   421.59   79.59   79.59    N/A
0:     67108864      16777216     float     sum      -1   814.86   82.36   82.36       0   827.00   81.15   81.15    N/A
0:    134217728      33554432     float     sum      -1  1119.48  119.89  119.89       0  1122.10  119.61  119.61    N/A
0:    268435456      67108864     float     sum      -1  2210.87  121.42  121.42       0  2212.84  121.31  121.31    N/A
0: # Out of bounds values : 0 OK
0: # Avg bus bandwidth    : 91.3079 
0: #
0: # Collective test concluded: sendrecv_perf
0: #
0: 
0: 
0: ##### pass 14/20  pair g0-g1  sendrecv_perf
0: # nccl-tests version 2.17.8 nccl-headers=22903 nccl-library=22903
0: # Collective test starting: sendrecv_perf
0: # nThread 1 nGpus 2 minBytes 8388608 maxBytes 268435456 step: 2(factor) warmup iters: 5 iters: 20 agg iters: 1 validation: 1 graph: 0
0: #
0: # Using devices
0: #  Rank  0 Group  0 Pid 116680 on  nid007195 device  0 [0009:01:00] NVIDIA GH200 120GB
0: #  Rank  1 Group  0 Pid 116680 on  nid007195 device  1 [0019:01:00] NVIDIA GH200 120GB
0: #
0: #                                                              out-of-place                       in-place          
0: #       size         count      type   redop    root     time   algbw   busbw  #wrong     time   algbw   busbw  #wrong 
0: #        (B)    (elements)                               (us)  (GB/s)  (GB/s)             (us)  (GB/s)  (GB/s)         
0:      8388608       2097152     float     sum      -1   118.53   70.77   70.77       0   120.22   69.78   69.78    N/A
0:     16777216       4194304     float     sum      -1   222.24   75.49   75.49       0   220.09   76.23   76.23    N/A
0:     33554432       8388608     float     sum      -1   420.52   79.79   79.79       0   423.46   79.24   79.24    N/A
0:     67108864      16777216     float     sum      -1   812.13   82.63   82.63       0   821.86   81.66   81.66    N/A
0:    134217728      33554432     float     sum      -1  1129.63  118.82  118.82       0  1119.32  119.91  119.91    N/A
0:    268435456      67108864     float     sum      -1  2206.24  121.67  121.67       0  2209.03  121.52  121.52    N/A
0: # Out of bounds values : 0 OK
0: # Avg bus bandwidth    : 91.4584 
0: #
0: # Collective test concluded: sendrecv_perf
0: #
0: 
0: 
0: ##### pass 14/20  pair g0-g2  sendrecv_perf
0: # nccl-tests version 2.17.8 nccl-headers=22903 nccl-library=22903
0: # Collective test starting: sendrecv_perf
0: # nThread 1 nGpus 2 minBytes 8388608 maxBytes 268435456 step: 2(factor) warmup iters: 5 iters: 20 agg iters: 1 validation: 1 graph: 0
0: #
0: # Using devices
0: #  Rank  0 Group  0 Pid 116715 on  nid007195 device  0 [0009:01:00] NVIDIA GH200 120GB
0: #  Rank  1 Group  0 Pid 116715 on  nid007195 device  1 [0029:01:00] NVIDIA GH200 120GB
0: #
0: #                                                              out-of-place                       in-place          
0: #       size         count      type   redop    root     time   algbw   busbw  #wrong     time   algbw   busbw  #wrong 
0: #        (B)    (elements)                               (us)  (GB/s)  (GB/s)             (us)  (GB/s)  (GB/s)         
0:      8388608       2097152     float     sum      -1   116.01   72.31   72.31       0   120.74   69.48   69.48    N/A
0:     16777216       4194304     float     sum      -1   220.97   75.93   75.93       0   217.78   77.04   77.04    N/A
0:     33554432       8388608     float     sum      -1   422.55   79.41   79.41       0   423.34   79.26   79.26    N/A
0:     67108864      16777216     float     sum      -1   812.86   82.56   82.56       0   822.89   81.55   81.55    N/A
0:    134217728      33554432     float     sum      -1  1126.45  119.15  119.15       0  1125.86  119.21  119.21    N/A
0:    268435456      67108864     float     sum      -1  2214.20  121.23  121.23       0  2215.21  121.18  121.18    N/A
0: # Out of bounds values : 0 OK
0: # Avg bus bandwidth    : 91.5256 
0: #
0: # Collective test concluded: sendrecv_perf
0: #
0: 
0: 
0: ##### pass 14/20  pair g0-g3  sendrecv_perf
0: # nccl-tests version 2.17.8 nccl-headers=22903 nccl-library=22903
0: # Collective test starting: sendrecv_perf
0: # nThread 1 nGpus 2 minBytes 8388608 maxBytes 268435456 step: 2(factor) warmup iters: 5 iters: 20 agg iters: 1 validation: 1 graph: 0
0: #
0: # Using devices
0: #  Rank  0 Group  0 Pid 116772 on  nid007195 device  0 [0009:01:00] NVIDIA GH200 120GB
0: #  Rank  1 Group  0 Pid 116772 on  nid007195 device  1 [0039:01:00] NVIDIA GH200 120GB
0: #
0: #                                                              out-of-place                       in-place          
0: #       size         count      type   redop    root     time   algbw   busbw  #wrong     time   algbw   busbw  #wrong 
0: #        (B)    (elements)                               (us)  (GB/s)  (GB/s)             (us)  (GB/s)  (GB/s)         
0:      8388608       2097152     float     sum      -1   115.54   72.60   72.60       0   118.93   70.53   70.53    N/A
0:     16777216       4194304     float     sum      -1   221.92   75.60   75.60       0   217.75   77.05   77.05    N/A
0:     33554432       8388608     float     sum      -1   421.11   79.68   79.68       0   422.24   79.47   79.47    N/A
0:     67108864      16777216     float     sum      -1   808.22   83.03   83.03       0   823.05   81.54   81.54    N/A
0:    134217728      33554432     float     sum      -1  1121.47  119.68  119.68       0  1117.86  120.07  120.07    N/A
0:    268435456      67108864     float     sum      -1  2201.04  121.96  121.96       0  2203.17  121.84  121.84    N/A
0: # Out of bounds values : 0 OK
0: # Avg bus bandwidth    : 91.9207 
0: #
0: # Collective test concluded: sendrecv_perf
0: #
0: 
0: 
0: ##### pass 14/20  pair g1-g2  sendrecv_perf
0: # nccl-tests version 2.17.8 nccl-headers=22903 nccl-library=22903
0: # Collective test starting: sendrecv_perf
0: # nThread 1 nGpus 2 minBytes 8388608 maxBytes 268435456 step: 2(factor) warmup iters: 5 iters: 20 agg iters: 1 validation: 1 graph: 0
0: #
0: # Using devices
0: #  Rank  0 Group  0 Pid 116837 on  nid007195 device  0 [0019:01:00] NVIDIA GH200 120GB
0: #  Rank  1 Group  0 Pid 116837 on  nid007195 device  1 [0029:01:00] NVIDIA GH200 120GB
0: #
0: #                                                              out-of-place                       in-place          
0: #       size         count      type   redop    root     time   algbw   busbw  #wrong     time   algbw   busbw  #wrong 
0: #        (B)    (elements)                               (us)  (GB/s)  (GB/s)             (us)  (GB/s)  (GB/s)         
0:      8388608       2097152     float     sum      -1   115.52   72.62   72.62       0   117.99   71.09   71.09    N/A
0:     16777216       4194304     float     sum      -1   221.49   75.75   75.75       0   220.99   75.92   75.92    N/A
0:     33554432       8388608     float     sum      -1   422.25   79.47   79.47       0   422.77   79.37   79.37    N/A
0:     67108864      16777216     float     sum      -1   820.47   81.79   81.79       0   826.63   81.18   81.18    N/A
0:    134217728      33554432     float     sum      -1  1126.40  119.16  119.16       0  1122.93  119.52  119.52    N/A
0:    268435456      67108864     float     sum      -1  2215.64  121.15  121.15       0  2206.36  121.66  121.66    N/A
0: # Out of bounds values : 0 OK
0: # Avg bus bandwidth    : 91.5572 
0: #
0: # Collective test concluded: sendrecv_perf
0: #
0: 
0: 
0: ##### pass 14/20  pair g1-g3  sendrecv_perf
0: # nccl-tests version 2.17.8 nccl-headers=22903 nccl-library=22903
0: # Collective test starting: sendrecv_perf
0: # nThread 1 nGpus 2 minBytes 8388608 maxBytes 268435456 step: 2(factor) warmup iters: 5 iters: 20 agg iters: 1 validation: 1 graph: 0
0: #
0: # Using devices
0: #  Rank  0 Group  0 Pid 116874 on  nid007195 device  0 [0019:01:00] NVIDIA GH200 120GB
0: #  Rank  1 Group  0 Pid 116874 on  nid007195 device  1 [0039:01:00] NVIDIA GH200 120GB
0: #
0: #                                                              out-of-place                       in-place          
0: #       size         count      type   redop    root     time   algbw   busbw  #wrong     time   algbw   busbw  #wrong 
0: #        (B)    (elements)                               (us)  (GB/s)  (GB/s)             (us)  (GB/s)  (GB/s)         
0:      8388608       2097152     float     sum      -1   117.89   71.16   71.16       0   115.27   72.77   72.77    N/A
0:     16777216       4194304     float     sum      -1   219.52   76.43   76.43       0   217.22   77.24   77.24    N/A
0:     33554432       8388608     float     sum      -1   420.24   79.85   79.85       0   421.32   79.64   79.64    N/A
0:     67108864      16777216     float     sum      -1   809.48   82.90   82.90       0   810.68   82.78   82.78    N/A
0:    134217728      33554432     float     sum      -1  1119.37  119.90  119.90       0  1121.41  119.69  119.69    N/A
0:    268435456      67108864     float     sum      -1  2207.25  121.62  121.62       0  2207.06  121.63  121.63    N/A
0: # Out of bounds values : 0 OK
0: # Avg bus bandwidth    : 92.1331 
0: #
0: # Collective test concluded: sendrecv_perf
0: #
0: 
0: 
0: ##### pass 14/20  pair g2-g3  sendrecv_perf
0: # nccl-tests version 2.17.8 nccl-headers=22903 nccl-library=22903
0: # Collective test starting: sendrecv_perf
0: # nThread 1 nGpus 2 minBytes 8388608 maxBytes 268435456 step: 2(factor) warmup iters: 5 iters: 20 agg iters: 1 validation: 1 graph: 0
0: #
0: # Using devices
0: #  Rank  0 Group  0 Pid 116914 on  nid007195 device  0 [0029:01:00] NVIDIA GH200 120GB
0: #  Rank  1 Group  0 Pid 116914 on  nid007195 device  1 [0039:01:00] NVIDIA GH200 120GB
0: #
0: #                                                              out-of-place                       in-place          
0: #       size         count      type   redop    root     time   algbw   busbw  #wrong     time   algbw   busbw  #wrong 
0: #        (B)    (elements)                               (us)  (GB/s)  (GB/s)             (us)  (GB/s)  (GB/s)         
0:      8388608       2097152     float     sum      -1   120.59   69.56   69.56       0   118.71   70.67   70.67    N/A
0:     16777216       4194304     float     sum      -1   220.86   75.96   75.96       0   222.83   75.29   75.29    N/A
0:     33554432       8388608     float     sum      -1   423.33   79.26   79.26       0   421.86   79.54   79.54    N/A
0:     67108864      16777216     float     sum      -1   816.64   82.18   82.18       0   821.45   81.70   81.70    N/A
0:    134217728      33554432     float     sum      -1  1122.42  119.58  119.58       0  1122.91  119.53  119.53    N/A
0:    268435456      67108864     float     sum      -1  2217.96  121.03  121.03       0  2211.26  121.39  121.39    N/A
0: # Out of bounds values : 0 OK
0: # Avg bus bandwidth    : 91.3074 
0: #
0: # Collective test concluded: sendrecv_perf
0: #
0: 
0: 
0: ##### pass 15/20  pair g0-g1  sendrecv_perf
0: # nccl-tests version 2.17.8 nccl-headers=22903 nccl-library=22903
0: # Collective test starting: sendrecv_perf
0: # nThread 1 nGpus 2 minBytes 8388608 maxBytes 268435456 step: 2(factor) warmup iters: 5 iters: 20 agg iters: 1 validation: 1 graph: 0
0: #
0: # Using devices
0: #  Rank  0 Group  0 Pid 116951 on  nid007195 device  0 [0009:01:00] NVIDIA GH200 120GB
0: #  Rank  1 Group  0 Pid 116951 on  nid007195 device  1 [0019:01:00] NVIDIA GH200 120GB
0: #
0: #                                                              out-of-place                       in-place          
0: #       size         count      type   redop    root     time   algbw   busbw  #wrong     time   algbw   busbw  #wrong 
0: #        (B)    (elements)                               (us)  (GB/s)  (GB/s)             (us)  (GB/s)  (GB/s)         
0:      8388608       2097152     float     sum      -1   119.33   70.30   70.30       0   115.13   72.86   72.86    N/A
0:     16777216       4194304     float     sum      -1   220.71   76.01   76.01       0   222.23   75.50   75.50    N/A
0:     33554432       8388608     float     sum      -1   420.86   79.73   79.73       0   421.43   79.62   79.62    N/A
0:     67108864      16777216     float     sum      -1   814.24   82.42   82.42       0   817.37   82.10   82.10    N/A
0:    134217728      33554432     float     sum      -1  1115.74  120.30  120.30       0  1119.13  119.93  119.93    N/A
0:    268435456      67108864     float     sum      -1  2198.81  122.08  122.08       0  2216.37  121.11  121.11    N/A
0: # Out of bounds values : 0 OK
0: # Avg bus bandwidth    : 91.8302 
0: #
0: # Collective test concluded: sendrecv_perf
0: #
0: 
0: 
0: ##### pass 15/20  pair g0-g2  sendrecv_perf
0: # nccl-tests version 2.17.8 nccl-headers=22903 nccl-library=22903
0: # Collective test starting: sendrecv_perf
0: # nThread 1 nGpus 2 minBytes 8388608 maxBytes 268435456 step: 2(factor) warmup iters: 5 iters: 20 agg iters: 1 validation: 1 graph: 0
0: #
0: # Using devices
0: #  Rank  0 Group  0 Pid 116991 on  nid007195 device  0 [0009:01:00] NVIDIA GH200 120GB
0: #  Rank  1 Group  0 Pid 116991 on  nid007195 device  1 [0029:01:00] NVIDIA GH200 120GB
0: #
0: #                                                              out-of-place                       in-place          
0: #       size         count      type   redop    root     time   algbw   busbw  #wrong     time   algbw   busbw  #wrong 
0: #        (B)    (elements)                               (us)  (GB/s)  (GB/s)             (us)  (GB/s)  (GB/s)         
0:      8388608       2097152     float     sum      -1   116.05   72.29   72.29       0   118.71   70.66   70.66    N/A
0:     16777216       4194304     float     sum      -1   221.56   75.72   75.72       0   221.14   75.87   75.87    N/A
0:     33554432       8388608     float     sum      -1   423.68   79.20   79.20       0   422.99   79.33   79.33    N/A
0:     67108864      16777216     float     sum      -1   817.34   82.11   82.11       0   819.31   81.91   81.91    N/A
0:    134217728      33554432     float     sum      -1  1130.51  118.72  118.72       0  1120.54  119.78  119.78    N/A
0:    268435456      67108864     float     sum      -1  2203.26  121.84  121.84       0  2210.33  121.45  121.45    N/A
0: # Out of bounds values : 0 OK
0: # Avg bus bandwidth    : 91.5719 
0: #
0: # Collective test concluded: sendrecv_perf
0: #
0: 
0: 
0: ##### pass 15/20  pair g0-g3  sendrecv_perf
0: # nccl-tests version 2.17.8 nccl-headers=22903 nccl-library=22903
0: # Collective test starting: sendrecv_perf
0: # nThread 1 nGpus 2 minBytes 8388608 maxBytes 268435456 step: 2(factor) warmup iters: 5 iters: 20 agg iters: 1 validation: 1 graph: 0
0: #
0: # Using devices
0: #  Rank  0 Group  0 Pid 117028 on  nid007195 device  0 [0009:01:00] NVIDIA GH200 120GB
0: #  Rank  1 Group  0 Pid 117028 on  nid007195 device  1 [0039:01:00] NVIDIA GH200 120GB
0: #
0: #                                                              out-of-place                       in-place          
0: #       size         count      type   redop    root     time   algbw   busbw  #wrong     time   algbw   busbw  #wrong 
0: #        (B)    (elements)                               (us)  (GB/s)  (GB/s)             (us)  (GB/s)  (GB/s)         
0:      8388608       2097152     float     sum      -1   115.33   72.74   72.74       0   115.10   72.88   72.88    N/A
0:     16777216       4194304     float     sum      -1   221.88   75.61   75.61       0   221.43   75.77   75.77    N/A
0:     33554432       8388608     float     sum      -1   422.21   79.47   79.47       0   421.67   79.57   79.57    N/A
0:     67108864      16777216     float     sum      -1   815.08   82.33   82.33       0   814.70   82.37   82.37    N/A
0:    134217728      33554432     float     sum      -1  1126.55  119.14  119.14       0  1119.73  119.87  119.87    N/A
0:    268435456      67108864     float     sum      -1  2208.55  121.54  121.54       0  2208.25  121.56  121.56    N/A
0: # Out of bounds values : 0 OK
0: # Avg bus bandwidth    : 91.9052 
0: #
0: # Collective test concluded: sendrecv_perf
0: #
0: 
0: 
0: ##### pass 15/20  pair g1-g2  sendrecv_perf
0: # nccl-tests version 2.17.8 nccl-headers=22903 nccl-library=22903
0: # Collective test starting: sendrecv_perf
0: # nThread 1 nGpus 2 minBytes 8388608 maxBytes 268435456 step: 2(factor) warmup iters: 5 iters: 20 agg iters: 1 validation: 1 graph: 0
0: #
0: # Using devices
0: #  Rank  0 Group  0 Pid 117085 on  nid007195 device  0 [0019:01:00] NVIDIA GH200 120GB
0: #  Rank  1 Group  0 Pid 117085 on  nid007195 device  1 [0029:01:00] NVIDIA GH200 120GB
0: #
0: #                                                              out-of-place                       in-place          
0: #       size         count      type   redop    root     time   algbw   busbw  #wrong     time   algbw   busbw  #wrong 
0: #        (B)    (elements)                               (us)  (GB/s)  (GB/s)             (us)  (GB/s)  (GB/s)         
0:      8388608       2097152     float     sum      -1   115.92   72.37   72.37       0   115.47   72.65   72.65    N/A
0:     16777216       4194304     float     sum      -1   223.17   75.18   75.18       0   217.22   77.24   77.24    N/A
0:     33554432       8388608     float     sum      -1   420.83   79.73   79.73       0   423.37   79.25   79.25    N/A
0:     67108864      16777216     float     sum      -1   814.85   82.36   82.36       0   822.66   81.58   81.58    N/A
0:    134217728      33554432     float     sum      -1  1121.75  119.65  119.65       0  1121.93  119.63  119.63    N/A
0:    268435456      67108864     float     sum      -1  2198.04  122.12  122.12       0  2210.69  121.43  121.43    N/A
0: # Out of bounds values : 0 OK
0: # Avg bus bandwidth    : 91.9321 
0: #
0: # Collective test concluded: sendrecv_perf
0: #
0: 
0: 
0: ##### pass 15/20  pair g1-g3  sendrecv_perf
0: # nccl-tests version 2.17.8 nccl-headers=22903 nccl-library=22903
0: # Collective test starting: sendrecv_perf
0: # nThread 1 nGpus 2 minBytes 8388608 maxBytes 268435456 step: 2(factor) warmup iters: 5 iters: 20 agg iters: 1 validation: 1 graph: 0
0: #
0: # Using devices
0: #  Rank  0 Group  0 Pid 117121 on  nid007195 device  0 [0019:01:00] NVIDIA GH200 120GB
0: #  Rank  1 Group  0 Pid 117121 on  nid007195 device  1 [0039:01:00] NVIDIA GH200 120GB
0: #
0: #                                                              out-of-place                       in-place          
0: #       size         count      type   redop    root     time   algbw   busbw  #wrong     time   algbw   busbw  #wrong 
0: #        (B)    (elements)                               (us)  (GB/s)  (GB/s)             (us)  (GB/s)  (GB/s)         
0:      8388608       2097152     float     sum      -1   115.96   72.34   72.34       0   119.85   69.99   69.99    N/A
0:     16777216       4194304     float     sum      -1   218.24   76.87   76.87       0   219.94   76.28   76.28    N/A
0:     33554432       8388608     float     sum      -1   417.99   80.28   80.28       0   422.75   79.37   79.37    N/A
0:     67108864      16777216     float     sum      -1   808.82   82.97   82.97       0   815.20   82.32   82.32    N/A
0:    134217728      33554432     float     sum      -1  1119.51  119.89  119.89       0  1118.13  120.04  120.04    N/A
0:    268435456      67108864     float     sum      -1  2208.89  121.53  121.53       0  2209.12  121.51  121.51    N/A
0: # Out of bounds values : 0 OK
0: # Avg bus bandwidth    : 91.9498 
0: #
0: # Collective test concluded: sendrecv_perf
0: #
0: 
0: 
0: ##### pass 15/20  pair g2-g3  sendrecv_perf
0: # nccl-tests version 2.17.8 nccl-headers=22903 nccl-library=22903
0: # Collective test starting: sendrecv_perf
0: # nThread 1 nGpus 2 minBytes 8388608 maxBytes 268435456 step: 2(factor) warmup iters: 5 iters: 20 agg iters: 1 validation: 1 graph: 0
0: #
0: # Using devices
0: #  Rank  0 Group  0 Pid 117159 on  nid007195 device  0 [0029:01:00] NVIDIA GH200 120GB
0: #  Rank  1 Group  0 Pid 117159 on  nid007195 device  1 [0039:01:00] NVIDIA GH200 120GB
0: #
0: #                                                              out-of-place                       in-place          
0: #       size         count      type   redop    root     time   algbw   busbw  #wrong     time   algbw   busbw  #wrong 
0: #        (B)    (elements)                               (us)  (GB/s)  (GB/s)             (us)  (GB/s)  (GB/s)         
0:      8388608       2097152     float     sum      -1   119.31   70.31   70.31       0   115.78   72.45   72.45    N/A
0:     16777216       4194304     float     sum      -1   217.35   77.19   77.19       0   222.32   75.46   75.46    N/A
0:     33554432       8388608     float     sum      -1   421.64   79.58   79.58       0   423.11   79.30   79.30    N/A
0:     67108864      16777216     float     sum      -1   819.08   81.93   81.93       0   819.07   81.93   81.93    N/A
0:    134217728      33554432     float     sum      -1  1125.31  119.27  119.27       0  1126.67  119.13  119.13    N/A
0:    268435456      67108864     float     sum      -1  2209.59  121.49  121.49       0  2209.82  121.47  121.47    N/A
0: # Out of bounds values : 0 OK
0: # Avg bus bandwidth    : 91.6269 
0: #
0: # Collective test concluded: sendrecv_perf
0: #
0: 
0: 
0: ##### pass 16/20  pair g0-g1  sendrecv_perf
0: # nccl-tests version 2.17.8 nccl-headers=22903 nccl-library=22903
0: # Collective test starting: sendrecv_perf
0: # nThread 1 nGpus 2 minBytes 8388608 maxBytes 268435456 step: 2(factor) warmup iters: 5 iters: 20 agg iters: 1 validation: 1 graph: 0
0: #
0: # Using devices
0: #  Rank  0 Group  0 Pid 117197 on  nid007195 device  0 [0009:01:00] NVIDIA GH200 120GB
0: #  Rank  1 Group  0 Pid 117197 on  nid007195 device  1 [0019:01:00] NVIDIA GH200 120GB
0: #
0: #                                                              out-of-place                       in-place          
0: #       size         count      type   redop    root     time   algbw   busbw  #wrong     time   algbw   busbw  #wrong 
0: #        (B)    (elements)                               (us)  (GB/s)  (GB/s)             (us)  (GB/s)  (GB/s)         
0:      8388608       2097152     float     sum      -1   115.22   72.80   72.80       0   115.09   72.89   72.89    N/A
0:     16777216       4194304     float     sum      -1   220.28   76.16   76.16       0   218.15   76.91   76.91    N/A
0:     33554432       8388608     float     sum      -1   419.43   80.00   80.00       0   419.74   79.94   79.94    N/A
0:     67108864      16777216     float     sum      -1   810.63   82.79   82.79       0   815.50   82.29   82.29    N/A
0:    134217728      33554432     float     sum      -1  1120.40  119.79  119.79       0  1121.34  119.69  119.69    N/A
0:    268435456      67108864     float     sum      -1  2205.36  121.72  121.72       0  2207.98  121.58  121.58    N/A
0: # Out of bounds values : 0 OK
0: # Avg bus bandwidth    : 92.2138 
0: #
0: # Collective test concluded: sendrecv_perf
0: #
0: 
0: 
0: ##### pass 16/20  pair g0-g2  sendrecv_perf
0: # nccl-tests version 2.17.8 nccl-headers=22903 nccl-library=22903
0: # Collective test starting: sendrecv_perf
0: # nThread 1 nGpus 2 minBytes 8388608 maxBytes 268435456 step: 2(factor) warmup iters: 5 iters: 20 agg iters: 1 validation: 1 graph: 0
0: #
0: # Using devices
0: #  Rank  0 Group  0 Pid 117236 on  nid007195 device  0 [0009:01:00] NVIDIA GH200 120GB
0: #  Rank  1 Group  0 Pid 117236 on  nid007195 device  1 [0029:01:00] NVIDIA GH200 120GB
0: #
0: #                                                              out-of-place                       in-place          
0: #       size         count      type   redop    root     time   algbw   busbw  #wrong     time   algbw   busbw  #wrong 
0: #        (B)    (elements)                               (us)  (GB/s)  (GB/s)             (us)  (GB/s)  (GB/s)         
0:      8388608       2097152     float     sum      -1   119.37   70.28   70.28       0   115.35   72.72   72.72    N/A
0:     16777216       4194304     float     sum      -1   220.66   76.03   76.03       0   217.15   77.26   77.26    N/A
0:     33554432       8388608     float     sum      -1   422.99   79.33   79.33       0   422.57   79.41   79.41    N/A
0:     67108864      16777216     float     sum      -1   818.87   81.95   81.95       0   820.31   81.81   81.81    N/A
0:    134217728      33554432     float     sum      -1  1119.05  119.94  119.94       0  1121.39  119.69  119.69    N/A
0:    268435456      67108864     float     sum      -1  2206.74  121.64  121.64       0  2209.64  121.48  121.48    N/A
0: # Out of bounds values : 0 OK
0: # Avg bus bandwidth    : 91.795 
0: #
0: # Collective test concluded: sendrecv_perf
0: #
0: 
0: 
0: ##### pass 16/20  pair g0-g3  sendrecv_perf
0: # nccl-tests version 2.17.8 nccl-headers=22903 nccl-library=22903
0: # Collective test starting: sendrecv_perf
0: # nThread 1 nGpus 2 minBytes 8388608 maxBytes 268435456 step: 2(factor) warmup iters: 5 iters: 20 agg iters: 1 validation: 1 graph: 0
0: #
0: # Using devices
0: #  Rank  0 Group  0 Pid 117273 on  nid007195 device  0 [0009:01:00] NVIDIA GH200 120GB
0: #  Rank  1 Group  0 Pid 117273 on  nid007195 device  1 [0039:01:00] NVIDIA GH200 120GB
0: #
0: #                                                              out-of-place                       in-place          
0: #       size         count      type   redop    root     time   algbw   busbw  #wrong     time   algbw   busbw  #wrong 
0: #        (B)    (elements)                               (us)  (GB/s)  (GB/s)             (us)  (GB/s)  (GB/s)         
0:      8388608       2097152     float     sum      -1   117.94   71.12   71.12       0   115.44   72.66   72.66    N/A
0:     16777216       4194304     float     sum      -1   217.83   77.02   77.02       0   217.39   77.18   77.18    N/A
0:     33554432       8388608     float     sum      -1   420.90   79.72   79.72       0   422.14   79.49   79.49    N/A
0:     67108864      16777216     float     sum      -1   806.61   83.20   83.20       0   820.87   81.75   81.75    N/A
0:    134217728      33554432     float     sum      -1  1120.79  119.75  119.75       0  1117.19  120.14  120.14    N/A
0:    268435456      67108864     float     sum      -1  2210.00  121.46  121.46       0  2209.36  121.50  121.50    N/A
0: # Out of bounds values : 0 OK
0: # Avg bus bandwidth    : 92.083 
0: #
0: # Collective test concluded: sendrecv_perf
0: #
0: 
0: 
0: ##### pass 16/20  pair g1-g2  sendrecv_perf
0: # nccl-tests version 2.17.8 nccl-headers=22903 nccl-library=22903
0: # Collective test starting: sendrecv_perf
0: # nThread 1 nGpus 2 minBytes 8388608 maxBytes 268435456 step: 2(factor) warmup iters: 5 iters: 20 agg iters: 1 validation: 1 graph: 0
0: #
0: # Using devices
0: #  Rank  0 Group  0 Pid 117311 on  nid007195 device  0 [0019:01:00] NVIDIA GH200 120GB
0: #  Rank  1 Group  0 Pid 117311 on  nid007195 device  1 [0029:01:00] NVIDIA GH200 120GB
0: #
0: #                                                              out-of-place                       in-place          
0: #       size         count      type   redop    root     time   algbw   busbw  #wrong     time   algbw   busbw  #wrong 
0: #        (B)    (elements)                               (us)  (GB/s)  (GB/s)             (us)  (GB/s)  (GB/s)         
0:      8388608       2097152     float     sum      -1   115.95   72.34   72.34       0   115.55   72.60   72.60    N/A
0:     16777216       4194304     float     sum      -1   222.39   75.44   75.44       0   220.44   76.11   76.11    N/A
0:     33554432       8388608     float     sum      -1   424.25   79.09   79.09       0   422.93   79.34   79.34    N/A
0:     67108864      16777216     float     sum      -1   815.78   82.26   82.26       0   822.38   81.60   81.60    N/A
0:    134217728      33554432     float     sum      -1  1123.79  119.43  119.43       0  1120.35  119.80  119.80    N/A
0:    268435456      67108864     float     sum      -1  2210.16  121.46  121.46       0  2207.87  121.58  121.58    N/A
0: # Out of bounds values : 0 OK
0: # Avg bus bandwidth    : 91.7547 
0: #
0: # Collective test concluded: sendrecv_perf
0: #
0: 
0: 
0: ##### pass 16/20  pair g1-g3  sendrecv_perf
0: # nccl-tests version 2.17.8 nccl-headers=22903 nccl-library=22903
0: # Collective test starting: sendrecv_perf
0: # nThread 1 nGpus 2 minBytes 8388608 maxBytes 268435456 step: 2(factor) warmup iters: 5 iters: 20 agg iters: 1 validation: 1 graph: 0
0: #
0: # Using devices
0: #  Rank  0 Group  0 Pid 117373 on  nid007195 device  0 [0019:01:00] NVIDIA GH200 120GB
0: #  Rank  1 Group  0 Pid 117373 on  nid007195 device  1 [0039:01:00] NVIDIA GH200 120GB
0: #
0: #                                                              out-of-place                       in-place          
0: #       size         count      type   redop    root     time   algbw   busbw  #wrong     time   algbw   busbw  #wrong 
0: #        (B)    (elements)                               (us)  (GB/s)  (GB/s)             (us)  (GB/s)  (GB/s)         
0:      8388608       2097152     float     sum      -1   116.55   71.97   71.97       0   115.51   72.62   72.62    N/A
0:     16777216       4194304     float     sum      -1   217.65   77.08   77.08       0   219.20   76.54   76.54    N/A
0:     33554432       8388608     float     sum      -1   421.30   79.64   79.64       0   421.21   79.66   79.66    N/A
0:     67108864      16777216     float     sum      -1   809.80   82.87   82.87       0   824.84   81.36   81.36    N/A
0:    134217728      33554432     float     sum      -1  1122.43  119.58  119.58       0  1124.73  119.33  119.33    N/A
0:    268435456      67108864     float     sum      -1  2207.00  121.63  121.63       0  2208.20  121.56  121.56    N/A
0: # Out of bounds values : 0 OK
0: # Avg bus bandwidth    : 91.9883 
0: #
0: # Collective test concluded: sendrecv_perf
0: #
0: 
0: 
0: ##### pass 16/20  pair g2-g3  sendrecv_perf
0: # nccl-tests version 2.17.8 nccl-headers=22903 nccl-library=22903
0: # Collective test starting: sendrecv_perf
0: # nThread 1 nGpus 2 minBytes 8388608 maxBytes 268435456 step: 2(factor) warmup iters: 5 iters: 20 agg iters: 1 validation: 1 graph: 0
0: #
0: # Using devices
0: #  Rank  0 Group  0 Pid 117412 on  nid007195 device  0 [0029:01:00] NVIDIA GH200 120GB
0: #  Rank  1 Group  0 Pid 117412 on  nid007195 device  1 [0039:01:00] NVIDIA GH200 120GB
0: #
0: #                                                              out-of-place                       in-place          
0: #       size         count      type   redop    root     time   algbw   busbw  #wrong     time   algbw   busbw  #wrong 
0: #        (B)    (elements)                               (us)  (GB/s)  (GB/s)             (us)  (GB/s)  (GB/s)         
0:      8388608       2097152     float     sum      -1   116.52   71.99   71.99       0   115.67   72.52   72.52    N/A
0:     16777216       4194304     float     sum      -1   222.32   75.46   75.46       0   220.79   75.99   75.99    N/A
0:     33554432       8388608     float     sum      -1   422.96   79.33   79.33       0   423.10   79.31   79.31    N/A
0:     67108864      16777216     float     sum      -1   815.83   82.26   82.26       0   820.79   81.76   81.76    N/A
0:    134217728      33554432     float     sum      -1  1125.30  119.27  119.27       0  1119.10  119.93  119.93    N/A
0:    268435456      67108864     float     sum      -1  2209.74  121.48  121.48       0  2215.36  121.17  121.17    N/A
0: # Out of bounds values : 0 OK
0: # Avg bus bandwidth    : 91.7062 
0: #
0: # Collective test concluded: sendrecv_perf
0: #
0: 
0: 
0: ##### pass 17/20  pair g0-g1  sendrecv_perf
0: # nccl-tests version 2.17.8 nccl-headers=22903 nccl-library=22903
0: # Collective test starting: sendrecv_perf
0: # nThread 1 nGpus 2 minBytes 8388608 maxBytes 268435456 step: 2(factor) warmup iters: 5 iters: 20 agg iters: 1 validation: 1 graph: 0
0: #
0: # Using devices
0: #  Rank  0 Group  0 Pid 117450 on  nid007195 device  0 [0009:01:00] NVIDIA GH200 120GB
0: #  Rank  1 Group  0 Pid 117450 on  nid007195 device  1 [0019:01:00] NVIDIA GH200 120GB
0: #
0: #                                                              out-of-place                       in-place          
0: #       size         count      type   redop    root     time   algbw   busbw  #wrong     time   algbw   busbw  #wrong 
0: #        (B)    (elements)                               (us)  (GB/s)  (GB/s)             (us)  (GB/s)  (GB/s)         
0:      8388608       2097152     float     sum      -1   117.77   71.23   71.23       0   114.61   73.20   73.20    N/A
0:     16777216       4194304     float     sum      -1   220.51   76.08   76.08       0   217.19   77.25   77.25    N/A
0:     33554432       8388608     float     sum      -1   422.09   79.50   79.50       0   420.22   79.85   79.85    N/A
0:     67108864      16777216     float     sum      -1   814.97   82.35   82.35       0   813.96   82.45   82.45    N/A
0:    134217728      33554432     float     sum      -1  1122.25  119.60  119.60       0  1115.54  120.32  120.32    N/A
0:    268435456      67108864     float     sum      -1  2203.18  121.84  121.84       0  2200.39  121.99  121.99    N/A
0: # Out of bounds values : 0 OK
0: # Avg bus bandwidth    : 92.1367 
0: #
0: # Collective test concluded: sendrecv_perf
0: #
0: 
0: 
0: ##### pass 17/20  pair g0-g2  sendrecv_perf
0: # nccl-tests version 2.17.8 nccl-headers=22903 nccl-library=22903
0: # Collective test starting: sendrecv_perf
0: # nThread 1 nGpus 2 minBytes 8388608 maxBytes 268435456 step: 2(factor) warmup iters: 5 iters: 20 agg iters: 1 validation: 1 graph: 0
0: #
0: # Using devices
0: #  Rank  0 Group  0 Pid 117485 on  nid007195 device  0 [0009:01:00] NVIDIA GH200 120GB
0: #  Rank  1 Group  0 Pid 117485 on  nid007195 device  1 [0029:01:00] NVIDIA GH200 120GB
0: #
0: #                                                              out-of-place                       in-place          
0: #       size         count      type   redop    root     time   algbw   busbw  #wrong     time   algbw   busbw  #wrong 
0: #        (B)    (elements)                               (us)  (GB/s)  (GB/s)             (us)  (GB/s)  (GB/s)         
0:      8388608       2097152     float     sum      -1   116.24   72.17   72.17       0   115.71   72.49   72.49    N/A
0:     16777216       4194304     float     sum      -1   221.59   75.71   75.71       0   220.00   76.26   76.26    N/A
0:     33554432       8388608     float     sum      -1   423.78   79.18   79.18       0   422.91   79.34   79.34    N/A
0:     67108864      16777216     float     sum      -1   815.69   82.27   82.27       0   824.42   81.40   81.40    N/A
0:    134217728      33554432     float     sum      -1  1129.05  118.88  118.88       0  1128.91  118.89  118.89    N/A
0:    268435456      67108864     float     sum      -1  2213.80  121.26  121.26       0  2205.43  121.72  121.72    N/A
0: # Out of bounds values : 0 OK
0: # Avg bus bandwidth    : 91.6305 
0: #
0: # Collective test concluded: sendrecv_perf
0: #
0: 
0: 
0: ##### pass 17/20  pair g0-g3  sendrecv_perf
0: # nccl-tests version 2.17.8 nccl-headers=22903 nccl-library=22903
0: # Collective test starting: sendrecv_perf
0: # nThread 1 nGpus 2 minBytes 8388608 maxBytes 268435456 step: 2(factor) warmup iters: 5 iters: 20 agg iters: 1 validation: 1 graph: 0
0: #
0: # Using devices
0: #  Rank  0 Group  0 Pid 117521 on  nid007195 device  0 [0009:01:00] NVIDIA GH200 120GB
0: #  Rank  1 Group  0 Pid 117521 on  nid007195 device  1 [0039:01:00] NVIDIA GH200 120GB
0: #
0: #                                                              out-of-place                       in-place          
0: #       size         count      type   redop    root     time   algbw   busbw  #wrong     time   algbw   busbw  #wrong 
0: #        (B)    (elements)                               (us)  (GB/s)  (GB/s)             (us)  (GB/s)  (GB/s)         
0:      8388608       2097152     float     sum      -1   118.32   70.90   70.90       0   118.97   70.51   70.51    N/A
0:     16777216       4194304     float     sum      -1   221.26   75.83   75.83       0   216.86   77.36   77.36    N/A
0:     33554432       8388608     float     sum      -1   420.69   79.76   79.76       0   423.27   79.27   79.27    N/A
0:     67108864      16777216     float     sum      -1   818.34   82.01   82.01       0   822.86   81.56   81.56    N/A
0:    134217728      33554432     float     sum      -1  1120.15  119.82  119.82       0  1116.66  120.20  120.20    N/A
0:    268435456      67108864     float     sum      -1  2212.94  121.30  121.30       0  2208.68  121.54  121.54    N/A
0: # Out of bounds values : 0 OK
0: # Avg bus bandwidth    : 91.671 
0: #
0: # Collective test concluded: sendrecv_perf
0: #
0: 
0: 
0: ##### pass 17/20  pair g1-g2  sendrecv_perf
0: # nccl-tests version 2.17.8 nccl-headers=22903 nccl-library=22903
0: # Collective test starting: sendrecv_perf
0: # nThread 1 nGpus 2 minBytes 8388608 maxBytes 268435456 step: 2(factor) warmup iters: 5 iters: 20 agg iters: 1 validation: 1 graph: 0
0: #
0: # Using devices
0: #  Rank  0 Group  0 Pid 117559 on  nid007195 device  0 [0019:01:00] NVIDIA GH200 120GB
0: #  Rank  1 Group  0 Pid 117559 on  nid007195 device  1 [0029:01:00] NVIDIA GH200 120GB
0: #
0: #                                                              out-of-place                       in-place          
0: #       size         count      type   redop    root     time   algbw   busbw  #wrong     time   algbw   busbw  #wrong 
0: #        (B)    (elements)                               (us)  (GB/s)  (GB/s)             (us)  (GB/s)  (GB/s)         
0:      8388608       2097152     float     sum      -1   116.42   72.06   72.06       0   116.37   72.09   72.09    N/A
0:     16777216       4194304     float     sum      -1   221.55   75.73   75.73       0   220.85   75.97   75.97    N/A
0:     33554432       8388608     float     sum      -1   422.36   79.44   79.44       0   424.71   79.00   79.00    N/A
0:     67108864      16777216     float     sum      -1   816.95   82.15   82.15       0   823.57   81.49   81.49    N/A
0:    134217728      33554432     float     sum      -1  1125.11  119.29  119.29       0  1124.80  119.33  119.33    N/A
0:    268435456      67108864     float     sum      -1  2201.85  121.91  121.91       0  2211.32  121.39  121.39    N/A
0: # Out of bounds values : 0 OK
0: # Avg bus bandwidth    : 91.6533 
0: #
0: # Collective test concluded: sendrecv_perf
0: #
0: 
0: 
0: ##### pass 17/20  pair g1-g3  sendrecv_perf
0: # nccl-tests version 2.17.8 nccl-headers=22903 nccl-library=22903
0: # Collective test starting: sendrecv_perf
0: # nThread 1 nGpus 2 minBytes 8388608 maxBytes 268435456 step: 2(factor) warmup iters: 5 iters: 20 agg iters: 1 validation: 1 graph: 0
0: #
0: # Using devices
0: #  Rank  0 Group  0 Pid 117626 on  nid007195 device  0 [0019:01:00] NVIDIA GH200 120GB
0: #  Rank  1 Group  0 Pid 117626 on  nid007195 device  1 [0039:01:00] NVIDIA GH200 120GB
0: #
0: #                                                              out-of-place                       in-place          
0: #       size         count      type   redop    root     time   algbw   busbw  #wrong     time   algbw   busbw  #wrong 
0: #        (B)    (elements)                               (us)  (GB/s)  (GB/s)             (us)  (GB/s)  (GB/s)         
0:      8388608       2097152     float     sum      -1   116.35   72.10   72.10       0   118.57   70.75   70.75    N/A
0:     16777216       4194304     float     sum      -1   220.43   76.11   76.11       0   219.06   76.59   76.59    N/A
0:     33554432       8388608     float     sum      -1   421.48   79.61   79.61       0   423.96   79.15   79.15    N/A
0:     67108864      16777216     float     sum      -1   813.24   82.52   82.52       0   817.53   82.09   82.09    N/A
0:    134217728      33554432     float     sum      -1  1123.23  119.49  119.49       0  1117.41  120.12  120.12    N/A
0:    268435456      67108864     float     sum      -1  2211.23  121.40  121.40       0  2211.56  121.38  121.38    N/A
0: # Out of bounds values : 0 OK
0: # Avg bus bandwidth    : 91.7742 
0: #
0: # Collective test concluded: sendrecv_perf
0: #
0: 
0: 
0: ##### pass 17/20  pair g2-g3  sendrecv_perf
0: # nccl-tests version 2.17.8 nccl-headers=22903 nccl-library=22903
0: # Collective test starting: sendrecv_perf
0: # nThread 1 nGpus 2 minBytes 8388608 maxBytes 268435456 step: 2(factor) warmup iters: 5 iters: 20 agg iters: 1 validation: 1 graph: 0
0: #
0: # Using devices
0: #  Rank  0 Group  0 Pid 117664 on  nid007195 device  0 [0029:01:00] NVIDIA GH200 120GB
0: #  Rank  1 Group  0 Pid 117664 on  nid007195 device  1 [0039:01:00] NVIDIA GH200 120GB
0: #
0: #                                                              out-of-place                       in-place          
0: #       size         count      type   redop    root     time   algbw   busbw  #wrong     time   algbw   busbw  #wrong 
0: #        (B)    (elements)                               (us)  (GB/s)  (GB/s)             (us)  (GB/s)  (GB/s)         
0:      8388608       2097152     float     sum      -1   117.92   71.14   71.14       0   115.51   72.62   72.62    N/A
0:     16777216       4194304     float     sum      -1   217.81   77.03   77.03       0   219.71   76.36   76.36    N/A
0:     33554432       8388608     float     sum      -1   419.27   80.03   80.03       0   417.93   80.29   80.29    N/A
0:     67108864      16777216     float     sum      -1   813.15   82.53   82.53       0   814.79   82.36   82.36    N/A
0:    134217728      33554432     float     sum      -1  1118.20  120.03  120.03       0  1125.60  119.24  119.24    N/A
0:    268435456      67108864     float     sum      -1  2212.89  121.31  121.31       0  2205.87  121.69  121.69    N/A
0: # Out of bounds values : 0 OK
0: # Avg bus bandwidth    : 92.0522 
0: #
0: # Collective test concluded: sendrecv_perf
0: #
0: 
0: 
0: ##### pass 18/20  pair g0-g1  sendrecv_perf
0: # nccl-tests version 2.17.8 nccl-headers=22903 nccl-library=22903
0: # Collective test starting: sendrecv_perf
0: # nThread 1 nGpus 2 minBytes 8388608 maxBytes 268435456 step: 2(factor) warmup iters: 5 iters: 20 agg iters: 1 validation: 1 graph: 0
0: #
0: # Using devices
0: #  Rank  0 Group  0 Pid 117699 on  nid007195 device  0 [0009:01:00] NVIDIA GH200 120GB
0: #  Rank  1 Group  0 Pid 117699 on  nid007195 device  1 [0019:01:00] NVIDIA GH200 120GB
0: #
0: #                                                              out-of-place                       in-place          
0: #       size         count      type   redop    root     time   algbw   busbw  #wrong     time   algbw   busbw  #wrong 
0: #        (B)    (elements)                               (us)  (GB/s)  (GB/s)             (us)  (GB/s)  (GB/s)         
0:      8388608       2097152     float     sum      -1   115.53   72.61   72.61       0   118.33   70.89   70.89    N/A
0:     16777216       4194304     float     sum      -1   221.45   75.76   75.76       0   222.01   75.57   75.57    N/A
0:     33554432       8388608     float     sum      -1   422.36   79.45   79.45       0   419.38   80.01   80.01    N/A
0:     67108864      16777216     float     sum      -1   811.72   82.67   82.67       0   821.11   81.73   81.73    N/A
0:    134217728      33554432     float     sum      -1  1122.57  119.56  119.56       0  1118.59  119.99  119.99    N/A
0:    268435456      67108864     float     sum      -1  2214.25  121.23  121.23       0  2204.82  121.75  121.75    N/A
0: # Out of bounds values : 0 OK
0: # Avg bus bandwidth    : 91.769 
0: #
0: # Collective test concluded: sendrecv_perf
0: #
0: 
0: 
0: ##### pass 18/20  pair g0-g2  sendrecv_perf
0: # nccl-tests version 2.17.8 nccl-headers=22903 nccl-library=22903
0: # Collective test starting: sendrecv_perf
0: # nThread 1 nGpus 2 minBytes 8388608 maxBytes 268435456 step: 2(factor) warmup iters: 5 iters: 20 agg iters: 1 validation: 1 graph: 0
0: #
0: # Using devices
0: #  Rank  0 Group  0 Pid 117739 on  nid007195 device  0 [0009:01:00] NVIDIA GH200 120GB
0: #  Rank  1 Group  0 Pid 117739 on  nid007195 device  1 [0029:01:00] NVIDIA GH200 120GB
0: #
0: #                                                              out-of-place                       in-place          
0: #       size         count      type   redop    root     time   algbw   busbw  #wrong     time   algbw   busbw  #wrong 
0: #        (B)    (elements)                               (us)  (GB/s)  (GB/s)             (us)  (GB/s)  (GB/s)         
0:      8388608       2097152     float     sum      -1   115.63   72.55   72.55       0   115.57   72.58   72.58    N/A
0:     16777216       4194304     float     sum      -1   221.94   75.60   75.60       0   222.09   75.54   75.54    N/A
0:     33554432       8388608     float     sum      -1   421.45   79.62   79.62       0   423.22   79.28   79.28    N/A
0:     67108864      16777216     float     sum      -1   811.27   82.72   82.72       0   816.89   82.15   82.15    N/A
0:    134217728      33554432     float     sum      -1  1123.66  119.45  119.45       0  1123.97  119.41  119.41    N/A
0:    268435456      67108864     float     sum      -1  2208.15  121.57  121.57       0  2211.69  121.37  121.37    N/A
0: # Out of bounds values : 0 OK
0: # Avg bus bandwidth    : 91.82 
0: #
0: # Collective test concluded: sendrecv_perf
0: #
0: 
0: 
0: ##### pass 18/20  pair g0-g3  sendrecv_perf
0: # nccl-tests version 2.17.8 nccl-headers=22903 nccl-library=22903
0: # Collective test starting: sendrecv_perf
0: # nThread 1 nGpus 2 minBytes 8388608 maxBytes 268435456 step: 2(factor) warmup iters: 5 iters: 20 agg iters: 1 validation: 1 graph: 0
0: #
0: # Using devices
0: #  Rank  0 Group  0 Pid 117774 on  nid007195 device  0 [0009:01:00] NVIDIA GH200 120GB
0: #  Rank  1 Group  0 Pid 117774 on  nid007195 device  1 [0039:01:00] NVIDIA GH200 120GB
0: #
0: #                                                              out-of-place                       in-place          
0: #       size         count      type   redop    root     time   algbw   busbw  #wrong     time   algbw   busbw  #wrong 
0: #        (B)    (elements)                               (us)  (GB/s)  (GB/s)             (us)  (GB/s)  (GB/s)         
0:      8388608       2097152     float     sum      -1   115.59   72.57   72.57       0   115.40   72.69   72.69    N/A
0:     16777216       4194304     float     sum      -1   220.10   76.23   76.23       0   221.60   75.71   75.71    N/A
0:     33554432       8388608     float     sum      -1   417.51   80.37   80.37       0   422.73   79.38   79.38    N/A
0:     67108864      16777216     float     sum      -1   811.69   82.68   82.68       0   821.79   81.66   81.66    N/A
0:    134217728      33554432     float     sum      -1  1123.03  119.51  119.51       0  1118.56  119.99  119.99    N/A
0:    268435456      67108864     float     sum      -1  2213.97  121.25  121.25       0  2210.14  121.46  121.46    N/A
0: # Out of bounds values : 0 OK
0: # Avg bus bandwidth    : 91.9576 
0: #
0: # Collective test concluded: sendrecv_perf
0: #
0: 
0: 
0: ##### pass 18/20  pair g1-g2  sendrecv_perf
0: # nccl-tests version 2.17.8 nccl-headers=22903 nccl-library=22903
0: # Collective test starting: sendrecv_perf
0: # nThread 1 nGpus 2 minBytes 8388608 maxBytes 268435456 step: 2(factor) warmup iters: 5 iters: 20 agg iters: 1 validation: 1 graph: 0
0: #
0: # Using devices
0: #  Rank  0 Group  0 Pid 117814 on  nid007195 device  0 [0019:01:00] NVIDIA GH200 120GB
0: #  Rank  1 Group  0 Pid 117814 on  nid007195 device  1 [0029:01:00] NVIDIA GH200 120GB
0: #
0: #                                                              out-of-place                       in-place          
0: #       size         count      type   redop    root     time   algbw   busbw  #wrong     time   algbw   busbw  #wrong 
0: #        (B)    (elements)                               (us)  (GB/s)  (GB/s)             (us)  (GB/s)  (GB/s)         
0:      8388608       2097152     float     sum      -1   115.50   72.63   72.63       0   115.34   72.73   72.73    N/A
0:     16777216       4194304     float     sum      -1   219.57   76.41   76.41       0   221.72   75.67   75.67    N/A
0:     33554432       8388608     float     sum      -1   420.49   79.80   79.80       0   420.00   79.89   79.89    N/A
0:     67108864      16777216     float     sum      -1   809.37   82.92   82.92       0   816.77   82.16   82.16    N/A
0:    134217728      33554432     float     sum      -1  1119.07  119.94  119.94       0  1125.90  119.21  119.21    N/A
0:    268435456      67108864     float     sum      -1  2210.06  121.46  121.46       0  2208.00  121.57  121.57    N/A
0: # Out of bounds values : 0 OK
0: # Avg bus bandwidth    : 92.0318 
0: #
0: # Collective test concluded: sendrecv_perf
0: #
0: 
0: 
0: ##### pass 18/20  pair g1-g3  sendrecv_perf
0: # nccl-tests version 2.17.8 nccl-headers=22903 nccl-library=22903
0: # Collective test starting: sendrecv_perf
0: # nThread 1 nGpus 2 minBytes 8388608 maxBytes 268435456 step: 2(factor) warmup iters: 5 iters: 20 agg iters: 1 validation: 1 graph: 0
0: #
0: # Using devices
0: #  Rank  0 Group  0 Pid 117867 on  nid007195 device  0 [0019:01:00] NVIDIA GH200 120GB
0: #  Rank  1 Group  0 Pid 117867 on  nid007195 device  1 [0039:01:00] NVIDIA GH200 120GB
0: #
0: #                                                              out-of-place                       in-place          
0: #       size         count      type   redop    root     time   algbw   busbw  #wrong     time   algbw   busbw  #wrong 
0: #        (B)    (elements)                               (us)  (GB/s)  (GB/s)             (us)  (GB/s)  (GB/s)         
0:      8388608       2097152     float     sum      -1   120.82   69.43   69.43       0   118.63   70.71   70.71    N/A
0:     16777216       4194304     float     sum      -1   218.03   76.95   76.95       0   222.60   75.37   75.37    N/A
0:     33554432       8388608     float     sum      -1   420.78   79.74   79.74       0   420.20   79.85   79.85    N/A
0:     67108864      16777216     float     sum      -1   813.12   82.53   82.53       0   818.23   82.02   82.02    N/A
0:    134217728      33554432     float     sum      -1  1129.79  118.80  118.80       0  1119.14  119.93  119.93    N/A
0:    268435456      67108864     float     sum      -1  2210.10  121.46  121.46       0  2208.82  121.53  121.53    N/A
0: # Out of bounds values : 0 OK
0: # Avg bus bandwidth    : 91.527 
0: #
0: # Collective test concluded: sendrecv_perf
0: #
0: 
0: 
0: ##### pass 18/20  pair g2-g3  sendrecv_perf
0: # nccl-tests version 2.17.8 nccl-headers=22903 nccl-library=22903
0: # Collective test starting: sendrecv_perf
0: # nThread 1 nGpus 2 minBytes 8388608 maxBytes 268435456 step: 2(factor) warmup iters: 5 iters: 20 agg iters: 1 validation: 1 graph: 0
0: #
0: # Using devices
0: #  Rank  0 Group  0 Pid 117908 on  nid007195 device  0 [0029:01:00] NVIDIA GH200 120GB
0: #  Rank  1 Group  0 Pid 117908 on  nid007195 device  1 [0039:01:00] NVIDIA GH200 120GB
0: #
0: #                                                              out-of-place                       in-place          
0: #       size         count      type   redop    root     time   algbw   busbw  #wrong     time   algbw   busbw  #wrong 
0: #        (B)    (elements)                               (us)  (GB/s)  (GB/s)             (us)  (GB/s)  (GB/s)         
0:      8388608       2097152     float     sum      -1   115.81   72.43   72.43       0   115.51   72.62   72.62    N/A
0:     16777216       4194304     float     sum      -1   222.82   75.29   75.29       0   221.77   75.65   75.65    N/A
0:     33554432       8388608     float     sum      -1   424.40   79.06   79.06       0   421.19   79.67   79.67    N/A
0:     67108864      16777216     float     sum      -1   817.06   82.13   82.13       0   821.28   81.71   81.71    N/A
0:    134217728      33554432     float     sum      -1  1122.14  119.61  119.61       0  1118.87  119.96  119.96    N/A
0:    268435456      67108864     float     sum      -1  2211.13  121.40  121.40       0  2205.98  121.69  121.69    N/A
0: # Out of bounds values : 0 OK
0: # Avg bus bandwidth    : 91.7692 
0: #
0: # Collective test concluded: sendrecv_perf
0: #
0: 
0: 
0: ##### pass 19/20  pair g0-g1  sendrecv_perf
0: # nccl-tests version 2.17.8 nccl-headers=22903 nccl-library=22903
0: # Collective test starting: sendrecv_perf
0: # nThread 1 nGpus 2 minBytes 8388608 maxBytes 268435456 step: 2(factor) warmup iters: 5 iters: 20 agg iters: 1 validation: 1 graph: 0
0: #
0: # Using devices
0: #  Rank  0 Group  0 Pid 117949 on  nid007195 device  0 [0009:01:00] NVIDIA GH200 120GB
0: #  Rank  1 Group  0 Pid 117949 on  nid007195 device  1 [0019:01:00] NVIDIA GH200 120GB
0: #
0: #                                                              out-of-place                       in-place          
0: #       size         count      type   redop    root     time   algbw   busbw  #wrong     time   algbw   busbw  #wrong 
0: #        (B)    (elements)                               (us)  (GB/s)  (GB/s)             (us)  (GB/s)  (GB/s)         
0:      8388608       2097152     float     sum      -1   118.83   70.59   70.59       0   116.36   72.09   72.09    N/A
0:     16777216       4194304     float     sum      -1   221.15   75.86   75.86       0   223.11   75.20   75.20    N/A
0:     33554432       8388608     float     sum      -1   421.35   79.64   79.64       0   422.06   79.50   79.50    N/A
0:     67108864      16777216     float     sum      -1   807.40   83.12   83.12       0   812.98   82.55   82.55    N/A
0:    134217728      33554432     float     sum      -1  1125.15  119.29  119.29       0  1117.15  120.14  120.14    N/A
0:    268435456      67108864     float     sum      -1  2203.87  121.80  121.80       0  2210.24  121.45  121.45    N/A
0: # Out of bounds values : 0 OK
0: # Avg bus bandwidth    : 91.7692 
0: #
0: # Collective test concluded: sendrecv_perf
0: #
0: 
0: 
0: ##### pass 19/20  pair g0-g2  sendrecv_perf
0: # nccl-tests version 2.17.8 nccl-headers=22903 nccl-library=22903
0: # Collective test starting: sendrecv_perf
0: # nThread 1 nGpus 2 minBytes 8388608 maxBytes 268435456 step: 2(factor) warmup iters: 5 iters: 20 agg iters: 1 validation: 1 graph: 0
0: #
0: # Using devices
0: #  Rank  0 Group  0 Pid 117984 on  nid007195 device  0 [0009:01:00] NVIDIA GH200 120GB
0: #  Rank  1 Group  0 Pid 117984 on  nid007195 device  1 [0029:01:00] NVIDIA GH200 120GB
0: #
0: #                                                              out-of-place                       in-place          
0: #       size         count      type   redop    root     time   algbw   busbw  #wrong     time   algbw   busbw  #wrong 
0: #        (B)    (elements)                               (us)  (GB/s)  (GB/s)             (us)  (GB/s)  (GB/s)         
0:      8388608       2097152     float     sum      -1   118.44   70.82   70.82       0   114.76   73.10   73.10    N/A
0:     16777216       4194304     float     sum      -1   217.25   77.23   77.23       0   220.21   76.19   76.19    N/A
0:     33554432       8388608     float     sum      -1   420.83   79.73   79.73       0   421.58   79.59   79.59    N/A
0:     67108864      16777216     float     sum      -1   812.87   82.56   82.56       0   822.13   81.63   81.63    N/A
0:    134217728      33554432     float     sum      -1  1128.89  118.89  118.89       0  1126.26  119.17  119.17    N/A
0:    268435456      67108864     float     sum      -1  2209.97  121.47  121.47       0  2212.66  121.32  121.32    N/A
0: # Out of bounds values : 0 OK
0: # Avg bus bandwidth    : 91.8082 
0: #
0: # Collective test concluded: sendrecv_perf
0: #
0: 
0: 
0: ##### pass 19/20  pair g0-g3  sendrecv_perf
0: # nccl-tests version 2.17.8 nccl-headers=22903 nccl-library=22903
0: # Collective test starting: sendrecv_perf
0: # nThread 1 nGpus 2 minBytes 8388608 maxBytes 268435456 step: 2(factor) warmup iters: 5 iters: 20 agg iters: 1 validation: 1 graph: 0
0: #
0: # Using devices
0: #  Rank  0 Group  0 Pid 118022 on  nid007195 device  0 [0009:01:00] NVIDIA GH200 120GB
0: #  Rank  1 Group  0 Pid 118022 on  nid007195 device  1 [0039:01:00] NVIDIA GH200 120GB
0: #
0: #                                                              out-of-place                       in-place          
0: #       size         count      type   redop    root     time   algbw   busbw  #wrong     time   algbw   busbw  #wrong 
0: #        (B)    (elements)                               (us)  (GB/s)  (GB/s)             (us)  (GB/s)  (GB/s)         
0:      8388608       2097152     float     sum      -1   120.35   69.70   69.70       0   115.41   72.69   72.69    N/A
0:     16777216       4194304     float     sum      -1   219.48   76.44   76.44       0   222.90   75.27   75.27    N/A
0:     33554432       8388608     float     sum      -1   420.03   79.89   79.89       0   422.95   79.33   79.33    N/A
0:     67108864      16777216     float     sum      -1   817.30   82.11   82.11       0   823.11   81.53   81.53    N/A
0:    134217728      33554432     float     sum      -1  1122.68  119.55  119.55       0  1118.01  120.05  120.05    N/A
0:    268435456      67108864     float     sum      -1  2206.68  121.65  121.65       0  2204.78  121.75  121.75    N/A
0: # Out of bounds values : 0 OK
0: # Avg bus bandwidth    : 91.6632 
0: #
0: # Collective test concluded: sendrecv_perf
0: #
0: 
0: 
0: ##### pass 19/20  pair g1-g2  sendrecv_perf
0: # nccl-tests version 2.17.8 nccl-headers=22903 nccl-library=22903
0: # Collective test starting: sendrecv_perf
0: # nThread 1 nGpus 2 minBytes 8388608 maxBytes 268435456 step: 2(factor) warmup iters: 5 iters: 20 agg iters: 1 validation: 1 graph: 0
0: #
0: # Using devices
0: #  Rank  0 Group  0 Pid 118060 on  nid007195 device  0 [0019:01:00] NVIDIA GH200 120GB
0: #  Rank  1 Group  0 Pid 118060 on  nid007195 device  1 [0029:01:00] NVIDIA GH200 120GB
0: #
0: #                                                              out-of-place                       in-place          
0: #       size         count      type   redop    root     time   algbw   busbw  #wrong     time   algbw   busbw  #wrong 
0: #        (B)    (elements)                               (us)  (GB/s)  (GB/s)             (us)  (GB/s)  (GB/s)         
0:      8388608       2097152     float     sum      -1   115.24   72.79   72.79       0   119.21   70.37   70.37    N/A
0:     16777216       4194304     float     sum      -1   219.39   76.47   76.47       0   221.50   75.74   75.74    N/A
0:     33554432       8388608     float     sum      -1   420.39   79.82   79.82       0   420.87   79.73   79.73    N/A
0:     67108864      16777216     float     sum      -1   811.01   82.75   82.75       0   817.10   82.13   82.13    N/A
0:    134217728      33554432     float     sum      -1  1119.24  119.92  119.92       0  1117.63  120.09  120.09    N/A
0:    268435456      67108864     float     sum      -1  2204.78  121.75  121.75       0  2212.13  121.35  121.35    N/A
0: # Out of bounds values : 0 OK
0: # Avg bus bandwidth    : 91.9091 
0: #
0: # Collective test concluded: sendrecv_perf
0: #
0: 
0: 
0: ##### pass 19/20  pair g1-g3  sendrecv_perf
0: # nccl-tests version 2.17.8 nccl-headers=22903 nccl-library=22903
0: # Collective test starting: sendrecv_perf
0: # nThread 1 nGpus 2 minBytes 8388608 maxBytes 268435456 step: 2(factor) warmup iters: 5 iters: 20 agg iters: 1 validation: 1 graph: 0
0: #
0: # Using devices
0: #  Rank  0 Group  0 Pid 118095 on  nid007195 device  0 [0019:01:00] NVIDIA GH200 120GB
0: #  Rank  1 Group  0 Pid 118095 on  nid007195 device  1 [0039:01:00] NVIDIA GH200 120GB
0: #
0: #                                                              out-of-place                       in-place          
0: #       size         count      type   redop    root     time   algbw   busbw  #wrong     time   algbw   busbw  #wrong 
0: #        (B)    (elements)                               (us)  (GB/s)  (GB/s)             (us)  (GB/s)  (GB/s)         
0:      8388608       2097152     float     sum      -1   118.82   70.60   70.60       0   115.62   72.55   72.55    N/A
0:     16777216       4194304     float     sum      -1   221.09   75.88   75.88       0   222.15   75.52   75.52    N/A
0:     33554432       8388608     float     sum      -1   420.64   79.77   79.77       0   421.86   79.54   79.54    N/A
0:     67108864      16777216     float     sum      -1   814.45   82.40   82.40       0   819.32   81.91   81.91    N/A
0:    134217728      33554432     float     sum      -1  1121.80  119.64  119.64       0  1123.94  119.42  119.42    N/A
0:    268435456      67108864     float     sum      -1  2213.38  121.28  121.28       0  2211.12  121.40  121.40    N/A
0: # Out of bounds values : 0 OK
0: # Avg bus bandwidth    : 91.6595 
0: #
0: # Collective test concluded: sendrecv_perf
0: #
0: 
0: 
0: ##### pass 19/20  pair g2-g3  sendrecv_perf
0: # nccl-tests version 2.17.8 nccl-headers=22903 nccl-library=22903
0: # Collective test starting: sendrecv_perf
0: # nThread 1 nGpus 2 minBytes 8388608 maxBytes 268435456 step: 2(factor) warmup iters: 5 iters: 20 agg iters: 1 validation: 1 graph: 0
0: #
0: # Using devices
0: #  Rank  0 Group  0 Pid 118162 on  nid007195 device  0 [0029:01:00] NVIDIA GH200 120GB
0: #  Rank  1 Group  0 Pid 118162 on  nid007195 device  1 [0039:01:00] NVIDIA GH200 120GB
0: #
0: #                                                              out-of-place                       in-place          
0: #       size         count      type   redop    root     time   algbw   busbw  #wrong     time   algbw   busbw  #wrong 
0: #        (B)    (elements)                               (us)  (GB/s)  (GB/s)             (us)  (GB/s)  (GB/s)         
0:      8388608       2097152     float     sum      -1   115.95   72.35   72.35       0   117.15   71.60   71.60    N/A
0:     16777216       4194304     float     sum      -1   222.47   75.41   75.41       0   220.69   76.02   76.02    N/A
0:     33554432       8388608     float     sum      -1   424.62   79.02   79.02       0   423.52   79.23   79.23    N/A
0:     67108864      16777216     float     sum      -1   820.37   81.80   81.80       0   821.49   81.69   81.69    N/A
0:    134217728      33554432     float     sum      -1  1117.49  120.11  120.11       0  1122.28  119.59  119.59    N/A
0:    268435456      67108864     float     sum      -1  2211.88  121.36  121.36       0  2209.31  121.50  121.50    N/A
0: # Out of bounds values : 0 OK
0: # Avg bus bandwidth    : 91.6412 
0: #
0: # Collective test concluded: sendrecv_perf
0: #
0: 
0: 
0: ##### pass 20/20  pair g0-g1  sendrecv_perf
0: # nccl-tests version 2.17.8 nccl-headers=22903 nccl-library=22903
0: # Collective test starting: sendrecv_perf
0: # nThread 1 nGpus 2 minBytes 8388608 maxBytes 268435456 step: 2(factor) warmup iters: 5 iters: 20 agg iters: 1 validation: 1 graph: 0
0: #
0: # Using devices
0: #  Rank  0 Group  0 Pid 118202 on  nid007195 device  0 [0009:01:00] NVIDIA GH200 120GB
0: #  Rank  1 Group  0 Pid 118202 on  nid007195 device  1 [0019:01:00] NVIDIA GH200 120GB
0: #
0: #                                                              out-of-place                       in-place          
0: #       size         count      type   redop    root     time   algbw   busbw  #wrong     time   algbw   busbw  #wrong 
0: #        (B)    (elements)                               (us)  (GB/s)  (GB/s)             (us)  (GB/s)  (GB/s)         
0:      8388608       2097152     float     sum      -1   115.11   72.87   72.87       0   120.43   69.65   69.65    N/A
0:     16777216       4194304     float     sum      -1   217.94   76.98   76.98       0   219.82   76.32   76.32    N/A
0:     33554432       8388608     float     sum      -1   420.59   79.78   79.78       0   421.34   79.64   79.64    N/A
0:     67108864      16777216     float     sum      -1   812.36   82.61   82.61       0   818.69   81.97   81.97    N/A
0:    134217728      33554432     float     sum      -1  1118.22  120.03  120.03       0  1124.02  119.41  119.41    N/A
0:    268435456      67108864     float     sum      -1  2203.33  121.83  121.83       0  2203.86  121.80  121.80    N/A
0: # Out of bounds values : 0 OK
0: # Avg bus bandwidth    : 91.9081 
0: #
0: # Collective test concluded: sendrecv_perf
0: #
0: 
0: 
0: ##### pass 20/20  pair g0-g2  sendrecv_perf
0: # nccl-tests version 2.17.8 nccl-headers=22903 nccl-library=22903
0: # Collective test starting: sendrecv_perf
0: # nThread 1 nGpus 2 minBytes 8388608 maxBytes 268435456 step: 2(factor) warmup iters: 5 iters: 20 agg iters: 1 validation: 1 graph: 0
0: #
0: # Using devices
0: #  Rank  0 Group  0 Pid 118237 on  nid007195 device  0 [0009:01:00] NVIDIA GH200 120GB
0: #  Rank  1 Group  0 Pid 118237 on  nid007195 device  1 [0029:01:00] NVIDIA GH200 120GB
0: #
0: #                                                              out-of-place                       in-place          
0: #       size         count      type   redop    root     time   algbw   busbw  #wrong     time   algbw   busbw  #wrong 
0: #        (B)    (elements)                               (us)  (GB/s)  (GB/s)             (us)  (GB/s)  (GB/s)         
0:      8388608       2097152     float     sum      -1   118.90   70.55   70.55       0   117.70   71.27   71.27    N/A
0:     16777216       4194304     float     sum      -1   221.33   75.80   75.80       0   217.49   77.14   77.14    N/A
0:     33554432       8388608     float     sum      -1   422.36   79.45   79.45       0   420.02   79.89   79.89    N/A
0:     67108864      16777216     float     sum      -1   812.05   82.64   82.64       0   819.64   81.88   81.88    N/A
0:    134217728      33554432     float     sum      -1  1121.50  119.68  119.68       0  1122.32  119.59  119.59    N/A
0:    268435456      67108864     float     sum      -1  2202.68  121.87  121.87       0  2212.31  121.34  121.34    N/A
0: # Out of bounds values : 0 OK
0: # Avg bus bandwidth    : 91.7573 
0: #
0: # Collective test concluded: sendrecv_perf
0: #
0: 
0: 
0: ##### pass 20/20  pair g0-g3  sendrecv_perf
0: # nccl-tests version 2.17.8 nccl-headers=22903 nccl-library=22903
0: # Collective test starting: sendrecv_perf
0: # nThread 1 nGpus 2 minBytes 8388608 maxBytes 268435456 step: 2(factor) warmup iters: 5 iters: 20 agg iters: 1 validation: 1 graph: 0
0: #
0: # Using devices
0: #  Rank  0 Group  0 Pid 118277 on  nid007195 device  0 [0009:01:00] NVIDIA GH200 120GB
0: #  Rank  1 Group  0 Pid 118277 on  nid007195 device  1 [0039:01:00] NVIDIA GH200 120GB
0: #
0: #                                                              out-of-place                       in-place          
0: #       size         count      type   redop    root     time   algbw   busbw  #wrong     time   algbw   busbw  #wrong 
0: #        (B)    (elements)                               (us)  (GB/s)  (GB/s)             (us)  (GB/s)  (GB/s)         
0:      8388608       2097152     float     sum      -1   120.07   69.86   69.86       0   115.47   72.65   72.65    N/A
0:     16777216       4194304     float     sum      -1   219.78   76.34   76.34       0   222.03   75.56   75.56    N/A
0:     33554432       8388608     float     sum      -1   422.47   79.43   79.43       0   421.22   79.66   79.66    N/A
0:     67108864      16777216     float     sum      -1   816.38   82.20   82.20       0   820.60   81.78   81.78    N/A
0:    134217728      33554432     float     sum      -1  1130.02  118.77  118.77       0  1122.06  119.62  119.62    N/A
0:    268435456      67108864     float     sum      -1  2200.20  122.01  122.01       0  2211.50  121.38  121.38    N/A
0: # Out of bounds values : 0 OK
0: # Avg bus bandwidth    : 91.605 
0: #
0: # Collective test concluded: sendrecv_perf
0: #
0: 
0: 
0: ##### pass 20/20  pair g1-g2  sendrecv_perf
0: # nccl-tests version 2.17.8 nccl-headers=22903 nccl-library=22903
0: # Collective test starting: sendrecv_perf
0: # nThread 1 nGpus 2 minBytes 8388608 maxBytes 268435456 step: 2(factor) warmup iters: 5 iters: 20 agg iters: 1 validation: 1 graph: 0
0: #
0: # Using devices
0: #  Rank  0 Group  0 Pid 118313 on  nid007195 device  0 [0019:01:00] NVIDIA GH200 120GB
0: #  Rank  1 Group  0 Pid 118313 on  nid007195 device  1 [0029:01:00] NVIDIA GH200 120GB
0: #
0: #                                                              out-of-place                       in-place          
0: #       size         count      type   redop    root     time   algbw   busbw  #wrong     time   algbw   busbw  #wrong 
0: #        (B)    (elements)                               (us)  (GB/s)  (GB/s)             (us)  (GB/s)  (GB/s)         
0:      8388608       2097152     float     sum      -1   120.73   69.48   69.48       0   115.40   72.69   72.69    N/A
0:     16777216       4194304     float     sum      -1   216.76   77.40   77.40       0   222.26   75.49   75.49    N/A
0:     33554432       8388608     float     sum      -1   419.86   79.92   79.92       0   419.34   80.02   80.02    N/A
0:     67108864      16777216     float     sum      -1   809.10   82.94   82.94       0   818.02   82.04   82.04    N/A
0:    134217728      33554432     float     sum      -1  1131.97  118.57  118.57       0  1119.84  119.85  119.85    N/A
0:    268435456      67108864     float     sum      -1  2202.06  121.90  121.90       0  2209.41  121.50  121.50    N/A
0: # Out of bounds values : 0 OK
0: # Avg bus bandwidth    : 91.8164 
0: #
0: # Collective test concluded: sendrecv_perf
0: #
0: 
0: 
0: ##### pass 20/20  pair g1-g3  sendrecv_perf
0: # nccl-tests version 2.17.8 nccl-headers=22903 nccl-library=22903
0: # Collective test starting: sendrecv_perf
0: # nThread 1 nGpus 2 minBytes 8388608 maxBytes 268435456 step: 2(factor) warmup iters: 5 iters: 20 agg iters: 1 validation: 1 graph: 0
0: #
0: # Using devices
0: #  Rank  0 Group  0 Pid 118352 on  nid007195 device  0 [0019:01:00] NVIDIA GH200 120GB
0: #  Rank  1 Group  0 Pid 118352 on  nid007195 device  1 [0039:01:00] NVIDIA GH200 120GB
0: #
0: #                                                              out-of-place                       in-place          
0: #       size         count      type   redop    root     time   algbw   busbw  #wrong     time   algbw   busbw  #wrong 
0: #        (B)    (elements)                               (us)  (GB/s)  (GB/s)             (us)  (GB/s)  (GB/s)         
0:      8388608       2097152     float     sum      -1   117.73   71.25   71.25       0   115.63   72.55   72.55    N/A
0:     16777216       4194304     float     sum      -1   221.36   75.79   75.79       0   217.53   77.13   77.13    N/A
0:     33554432       8388608     float     sum      -1   420.00   79.89   79.89       0   423.36   79.26   79.26    N/A
0:     67108864      16777216     float     sum      -1   815.43   82.30   82.30       0   827.29   81.12   81.12    N/A
0:    134217728      33554432     float     sum      -1  1124.46  119.36  119.36       0  1124.36  119.37  119.37    N/A
0:    268435456      67108864     float     sum      -1  2203.99  121.80  121.80       0  2206.12  121.68  121.68    N/A
0: # Out of bounds values : 0 OK
0: # Avg bus bandwidth    : 91.7909 
0: #
0: # Collective test concluded: sendrecv_perf
0: #
0: 
0: 
0: ##### pass 20/20  pair g2-g3  sendrecv_perf
0: # nccl-tests version 2.17.8 nccl-headers=22903 nccl-library=22903
0: # Collective test starting: sendrecv_perf
0: # nThread 1 nGpus 2 minBytes 8388608 maxBytes 268435456 step: 2(factor) warmup iters: 5 iters: 20 agg iters: 1 validation: 1 graph: 0
0: #
0: # Using devices
0: #  Rank  0 Group  0 Pid 118414 on  nid007195 device  0 [0029:01:00] NVIDIA GH200 120GB
0: #  Rank  1 Group  0 Pid 118414 on  nid007195 device  1 [0039:01:00] NVIDIA GH200 120GB
0: #
0: #                                                              out-of-place                       in-place          
0: #       size         count      type   redop    root     time   algbw   busbw  #wrong     time   algbw   busbw  #wrong 
0: #        (B)    (elements)                               (us)  (GB/s)  (GB/s)             (us)  (GB/s)  (GB/s)         
0:      8388608       2097152     float     sum      -1   116.54   71.98   71.98       0   116.18   72.20   72.20    N/A
0:     16777216       4194304     float     sum      -1   223.18   75.17   75.17       0   222.96   75.25   75.25    N/A
0:     33554432       8388608     float     sum      -1   421.36   79.63   79.63       0   423.07   79.31   79.31    N/A
0:     67108864      16777216     float     sum      -1   818.60   81.98   81.98       0   820.16   81.82   81.82    N/A
0:    134217728      33554432     float     sum      -1  1122.79  119.54  119.54       0  1123.32  119.48  119.48    N/A
0:    268435456      67108864     float     sum      -1  2208.20  121.56  121.56       0  2211.76  121.37  121.37    N/A
0: # Out of bounds values : 0 OK
0: # Avg bus bandwidth    : 91.6089 
0: #
0: # Collective test concluded: sendrecv_perf
0: #
0: 
0: === nvlink error counters AFTER ===
0: GPU 0: NVIDIA GH200 120GB (UUID: GPU-1576f3c3-8372-7d6b-decd-052c8b7157a8)
0: 	 Link 0: Replay Errors: 0
0: 	 Link 0: Recovery Errors: 0
0: 	 Link 0: CRC Errors: 0
0: 
0: 	 Link 1: Replay Errors: 0
0: 	 Link 1: Recovery Errors: 0
0: 	 Link 1: CRC Errors: 0
0: 
0: 	 Link 2: Replay Errors: 0
0: 	 Link 2: Recovery Errors: 0
0: 	 Link 2: CRC Errors: 0
0: 
0: 	 Link 3: Replay Errors: 0
0: 	 Link 3: Recovery Errors: 0
0: 	 Link 3: CRC Errors: 0
0: 
0: 	 Link 4: Replay Errors: 0
0: 	 Link 4: Recovery Errors: 0
0: 	 Link 4: CRC Errors: 0
0: 
0: 	 Link 5: Replay Errors: 0
0: 	 Link 5: Recovery Errors: 0
0: 	 Link 5: CRC Errors: 0
0: 
0: 	 Link 6: Replay Errors: 0
0: 	 Link 6: Recovery Errors: 0
0: 	 Link 6: CRC Errors: 0
0: 
0: 	 Link 7: Replay Errors: 0
0: 	 Link 7: Recovery Errors: 0
0: 	 Link 7: CRC Errors: 0
0: 
0: 	 Link 8: Replay Errors: 0
0: 	 Link 8: Recovery Errors: 0
0: 	 Link 8: CRC Errors: 0
0: 
0: 	 Link 9: Replay Errors: 0
0: 	 Link 9: Recovery Errors: 0
0: 	 Link 9: CRC Errors: 0
0: 
0: 	 Link 10: Replay Errors: 0
0: 	 Link 10: Recovery Errors: 0
0: 	 Link 10: CRC Errors: 0
0: 
0: 	 Link 11: Replay Errors: 0
0: 	 Link 11: Recovery Errors: 0
0: 	 Link 11: CRC Errors: 0
0: 
0: 	 Link 12: Replay Errors: 0
0: 	 Link 12: Recover
0: y Errors: 0
0: 	 Link 12: CRC Errors: 0
0: 
0: 	 Link 13: Replay Errors: 0
0: 	 Link 13: Recovery Errors: 0
0: 	 Link 13: CRC Errors: 0
0: 
0: 	 Link 14: Replay Errors: 0
0: 	 Link 14: Recovery Errors: 0
0: 	 Link 14: CRC Errors: 0
0: 
0: 	 Link 15: Replay Errors: 0
0: 	 Link 15: Recovery Errors: 0
0: 	 Link 15: CRC Errors: 0
0: 
0: 	 Link 16: Replay Errors: 0
0: 	 Link 16: Recovery Errors: 0
0: 	 Link 16: CRC Errors: 0
0: 
0: 	 Link 17: Replay Errors: 0
0: 	 Link 17: Recovery Errors: 0
0: 	 Link 17: CRC Errors: 0
0: 
0: GPU 1: NVIDIA GH200 120GB (UUID: GPU-94511c6c-0551-6ee2-2bc7-8743d6a340da)
0: 	 Link 0: Replay Errors: 0
0: 	 Link 0: Recovery Errors: 0
0: 	 Link 0: CRC Errors: 0
0: 
0: 	 Link 1: Replay Errors: 0
0: 	 Link 1: Recovery Errors: 0
0: 	 Link 1: CRC Errors: 0
0: 
0: 	 Link 2: Replay Errors: 0
0: 	 Link 2: Recovery Errors: 0
0: 	 Link 2: CRC Errors: 0
0: 
0: 	 Link 3: Replay Errors: 0
0: 	 Link 3: Recovery Errors: 0
0: 	 Link 3: CRC Errors: 0
0: 
0: 	 Link 4: Replay Errors: 0
0: 	 Link 4: Recovery Errors: 0
0: 	 Link 4: CRC Errors: 0
0: 
0: 	 Link 5: Replay Errors: 0
0: 	 Link 5: Recovery Errors: 0
0: 	 Link 5: CRC Errors: 0
0: 
0: 	 Link 6: Replay Errors: 0
0: 	 Link 6: Recovery Errors: 0
0: 	 Link 6: CRC Errors: 0
0: 
0: 	 Link 7: Replay Errors: 0
0: 	 Link 7: Recovery Errors: 0
0: 	 Link 7: CRC Errors: 0
0: 
0: 	 Link 8: Replay Errors: 0
0: 	 Link 8: Recovery Errors: 0
0: 	 Link 8: CRC Errors: 0
0: 
0: 	 Link 9: Replay Errors: 0
0: 	 Link 9: Recovery Errors: 0
0: 	 Link 9: CRC Errors: 0
0: 
0: 	 Link 10: Replay Errors: 0
0: 	 Link 10: Recovery Errors: 0
0: 	 Link 10: CRC Errors: 0
0: 
0: 	 Link 11: Replay Errors: 0
0: 	 Link 11: Recovery Errors: 0
0: 	 Link 11: CRC Errors: 0
0: 
0: 	 Link 12: Replay Errors: 0
0: 	 Link 12: Recover
0: y Errors: 0
0: 	 Link 12: CRC Errors: 0
0: 
0: 	 Link 13: Replay Errors: 0
0: 	 Link 13: Recovery Errors: 0
0: 	 Link 13: CRC Errors: 0
0: 
0: 	 Link 14: Replay Errors: 0
0: 	 Link 14: Recovery Errors: 0
0: 	 Link 14: CRC Errors: 0
0: 
0: 	 Link 15: Replay Errors: 0
0: 	 Link 15: Recovery Errors: 0
0: 	 Link 15: CRC Errors: 0
0: 
0: 	 Link 16: Replay Errors: 0
0: 	 Link 16: Recovery Errors: 0
0: 	 Link 16: CRC Errors: 0
0: 
0: 	 Link 17: Replay Errors: 0
0: 	 Link 17: Recovery Errors: 0
0: 	 Link 17: CRC Errors: 0
0: 
0: GPU 2: NVIDIA GH200 120GB (UUID: GPU-130de23c-305e-cf7a-0b35-a92c7bcd7abc)
0: 	 Link 0: Replay Errors: 0
0: 	 Link 0: Recovery Errors: 0
0: 	 Link 0: CRC Errors: 0
0: 
0: 	 Link 1: Replay Errors: 0
0: 	 Link 1: Recovery Errors: 0
0: 	 Link 1: CRC Errors: 0
0: 
0: 	 Link 2: Replay Errors: 0
0: 	 Link 2: Recovery Errors: 0
0: 	 Link 2: CRC Errors: 0
0: 
0: 	 Link 3: Replay Errors: 0
0: 	 Link 3: Recovery Errors: 0
0: 	 Link 3: CRC Errors: 0
0: 
0: 	 Link 4: Replay Errors: 0
0: 	 Link 4: Recovery Errors: 0
0: 	 Link 4: CRC Errors: 0
0: 
0: 	 Link 5: Replay Errors: 0
0: 	 Link 5: Recovery Errors: 0
0: 	 Link 5: CRC Errors: 0
0: 
0: 	 Link 6: Replay Errors: 0
0: 	 Link 6: Recovery Errors: 0
0: 	 Link 6: CRC Errors: 0
0: 
0: 	 Link 7: Replay Errors: 0
0: 	 Link 7: Recovery Errors: 0
0: 	 Link 7: CRC Errors: 0
0: 
0: 	 Link 8: Replay Errors: 0
0: 	 Link 8: Recovery Errors: 0
0: 	 Link 8: CRC Errors: 0
0: 
0: 	 Link 9: Replay Errors: 0
0: 	 Link 9: Recovery Errors: 0
0: 	 Link 9: CRC Errors: 0
0: 
0: 	 Link 10: Replay Errors: 0
0: 	 Link 10: Recovery Errors: 0
0: 	 Link 10: CRC Errors: 0
0: 
0: 	 Link 11: Replay Errors: 0
0: 	 Link 11: Recovery Errors: 0
0: 	 Link 11: CRC Errors: 0
0: 
0: 	 Link 12: Replay Errors: 0
0: 	 Link 12: Recover
0: y Errors: 0
0: 	 Link 12: CRC Errors: 0
0: 
0: 	 Link 13: Replay Errors: 0
0: 	 Link 13: Recovery Errors: 0
0: 	 Link 13: CRC Errors: 0
0: 
0: 	 Link 14: Replay Errors: 0
0: 	 Link 14: Recovery Errors: 0
0: 	 Link 14: CRC Errors: 0
0: 
0: 	 Link 15: Replay Errors: 0
0: 	 Link 15: Recovery Errors: 0
0: 	 Link 15: CRC Errors: 0
0: 
0: 	 Link 16: Replay Errors: 0
0: 	 Link 16: Recovery Errors: 0
0: 	 Link 16: CRC Errors: 0
0: 
0: 	 Link 17: Replay Errors: 0
0: 	 Link 17: Recovery Errors: 0
0: 	 Link 17: CRC Errors: 0
0: 
0: GPU 3: NVIDIA GH200 120GB (UUID: GPU-e4064920-aa88-c6bc-19ec-f05dcbeaa486)
0: 	 Link 0: Replay Errors: 0
0: 	 Link 0: Recovery Errors: 0
0: 	 Link 0: CRC Errors: 0
0: 
0: 	 Link 1: Replay Errors: 0
0: 	 Link 1: Recovery Errors: 0
0: 	 Link 1: CRC Errors: 0
0: 
0: 	 Link 2: Replay Errors: 0
0: 	 Link 2: Recovery Errors: 0
0: 	 Link 2: CRC Errors: 0
0: 
0: 	 Link 3: Replay Errors: 0
0: 	 Link 3: Recovery Errors: 0
0: 	 Link 3: CRC Errors: 0
0: 
0: 	 Link 4: Replay Errors: 0
0: 	 Link 4: Recovery Errors: 0
0: 	 Link 4: CRC Errors: 0
0: 
0: 	 Link 5: Replay Errors: 0
0: 	 Link 5: Recovery Errors: 0
0: 	 Link 5: CRC Errors: 0
0: 
0: 	 Link 6: Replay Errors: 0
0: 	 Link 6: Recovery Errors: 0
0: 	 Link 6: CRC Errors: 0
0: 
0: 	 Link 7: Replay Errors: 0
0: 	 Link 7: Recovery Errors: 0
0: 	 Link 7: CRC Errors: 0
0: 
0: 	 Link 8: Replay Errors: 0
0: 	 Link 8: Recovery Errors: 0
0: 	 Link 8: CRC Errors: 0
0: 
0: 	 Link 9: Replay Errors: 0
0: 	 Link 9: Recovery Errors: 0
0: 	 Link 9: CRC Errors: 0
0: 
0: 	 Link 10: Replay Errors: 0
0: 	 Link 10: Recovery Errors: 0
0: 	 Link 10: CRC Errors: 0
0: 
0: 	 Link 11: Replay Errors: 0
0: 	 Link 11: Recovery Errors: 0
0: 	 Link 11: CRC Errors: 0
0: 
0: 	 Link 12: Replay Errors: 0
0: 	 Link 12: Recover
0: y Errors: 0
0: 	 Link 12: CRC Errors: 0
0: 
0: 	 Link 13: Replay Errors: 0
0: 	 Link 13: Recovery Errors: 0
0: 	 Link 13: CRC Errors: 0
0: 
0: 	 Link 14: Replay Errors: 0
0: 	 Link 14: Recovery Errors: 0
0: 	 Link 14: CRC Errors: 0
0: 
0: 	 Link 15: Replay Errors: 0
0: 	 Link 15: Recovery Errors: 0
0: 	 Link 15: CRC Errors: 0
0: 
0: 	 Link 16: Replay Errors: 0
0: 	 Link 16: Recovery Errors: 0
0: 	 Link 16: CRC Errors: 0
0: 
0: 	 Link 17: Replay Errors: 0
0: 	 Link 17: Recovery Errors: 0
0: 	 Link 17: CRC Errors: 0
0: 

NCCL_TESTS_INTRA_COMPLETE nid007195
