=== nodes: A=nid007133 B=nid007195  EDF: /iopsstor/scratch/cscs/mvasilev/vllm-play/megatron-v2601-multinode.toml  passes: 8 ===

##### pass 1/8  cross nid007133:g0 <-> nid007195:g0  sendrecv
0: 
0: WARNING: FI_CXI_RDZV_PROTO=alt_read is configured, but the Slurm network is
0: not set to disable rendezvous GET. Performance/stability may be impacted.
0: 
0: Expected Slurm launch:
0:   srun --network=disable_rdzv_get ...
0: or
0:   SLURM_NETWORK=disable_rdzv_get srun ...
0: 
0: Context:
0:   SLURM_NETWORK=<unset>
0:   FI_PROVIDER=cxi
0:   FI_CXI_RDZV_PROTO=alt_read
0: 
0: # nccl-tests version 2.17.8 nccl-headers=22902 nccl-library=22903
0: # Collective test starting: sendrecv_perf_mpi
0: # nThread 1 nGpus 1 minBytes 16777216 maxBytes 268435456 step: 4(factor) warmup iters: 5 iters: 20 agg iters: 1 validation: 1 graph: 0
0: #
0: # Using devices
0: #  Rank  0 Group  0 Pid 209266 on  nid007133 device  0 [0009:01:00] NVIDIA GH200 120GB
0: #  Rank  1 Group  0 Pid  38628 on  nid007195 device  0 [0009:01:00] NVIDIA GH200 120GB
0: #
0: #                                                              out-of-place                       in-place          
0: #       size         count      type   redop    root     time   algbw   busbw  #wrong     time   algbw   busbw  #wrong 
0: #        (B)    (elements)                               (us)  (GB/s)  (GB/s)             (us)  (GB/s)  (GB/s)         
0:     16777216       4194304     float     sum      -1   948.02   17.70   17.70       0   770.71   21.77   21.77    N/A
0:     67108864      16777216     float     sum      -1  2937.43   22.85   22.85       0  2944.79   22.79   22.79    N/A
0:    268435456      67108864     float     sum      -1  11596.1   23.15   23.15       0  11596.8   23.15   23.15    N/A
0: # Out of bounds values : 0 OK
0: # Avg bus bandwidth    : 21.8995 
0: #
0: # Collective test concluded: sendrecv_perf_mpi
0: #
0: 

##### pass 1/8  cross nid007133:g0 <-> nid007195:g1  sendrecv
0: 
0: WARNING: FI_CXI_RDZV_PROTO=alt_read is configured, but the Slurm network is
0: not set to disable rendezvous GET. Performance/stability may be impacted.
0: 
0: Expected Slurm launch:
0:   srun --network=disable_rdzv_get ...
0: or
0:   SLURM_NETWORK=disable_rdzv_get srun ...
0: 
0: Context:
0:   SLURM_NETWORK=<unset>
0:   FI_PROVIDER=cxi
0:   FI_CXI_RDZV_PROTO=alt_read
0: 
0: # nccl-tests version 2.17.8 nccl-headers=22902 nccl-library=22903
0: # Collective test starting: sendrecv_perf_mpi
0: # nThread 1 nGpus 1 minBytes 16777216 maxBytes 268435456 step: 4(factor) warmup iters: 5 iters: 20 agg iters: 1 validation: 1 graph: 0
0: #
0: # Using devices
0: #  Rank  0 Group  0 Pid 210402 on  nid007133 device  0 [0009:01:00] NVIDIA GH200 120GB
0: #  Rank  1 Group  0 Pid  39633 on  nid007195 device  0 [0019:01:00] NVIDIA GH200 120GB
0: #
0: #                                                              out-of-place                       in-place          
0: #       size         count      type   redop    root     time   algbw   busbw  #wrong     time   algbw   busbw  #wrong 
0: #        (B)    (elements)                               (us)  (GB/s)  (GB/s)             (us)  (GB/s)  (GB/s)         
0:     16777216       4194304     float     sum      -1   863.71   19.42   19.42       0   780.83   21.49   21.49    N/A
0:     67108864      16777216     float     sum      -1  2960.34   22.67   22.67       0  2960.53   22.67   22.67    N/A
0:    268435456      67108864     float     sum      -1  11721.4   22.90   22.90       0  11647.7   23.05   23.05    N/A
0: # Out of bounds values : 0 OK
0: # Avg bus bandwidth    : 22.0326 
0: #
0: # Collective test concluded: sendrecv_perf_mpi
0: #
0: 

##### pass 1/8  cross nid007133:g0 <-> nid007195:g2  sendrecv
0: 
0: WARNING: FI_CXI_RDZV_PROTO=alt_read is configured, but the Slurm network is
0: not set to disable rendezvous GET. Performance/stability may be impacted.
0: 
0: Expected Slurm launch:
0:   srun --network=disable_rdzv_get ...
0: or
0:   SLURM_NETWORK=disable_rdzv_get srun ...
0: 
0: Context:
0:   SLURM_NETWORK=<unset>
0:   FI_PROVIDER=cxi
0:   FI_CXI_RDZV_PROTO=alt_read
0: 
0: # nccl-tests version 2.17.8 nccl-headers=22902 nccl-library=22903
0: # Collective test starting: sendrecv_perf_mpi
0: # nThread 1 nGpus 1 minBytes 16777216 maxBytes 268435456 step: 4(factor) warmup iters: 5 iters: 20 agg iters: 1 validation: 1 graph: 0
0: #
0: # Using devices
0: #  Rank  0 Group  0 Pid 211475 on  nid007133 device  0 [0009:01:00] NVIDIA GH200 120GB
0: #  Rank  1 Group  0 Pid  40628 on  nid007195 device  0 [0029:01:00] NVIDIA GH200 120GB
0: #
0: #                                                              out-of-place                       in-place          
0: #       size         count      type   redop    root     time   algbw   busbw  #wrong     time   algbw   busbw  #wrong 
0: #        (B)    (elements)                               (us)  (GB/s)  (GB/s)             (us)  (GB/s)  (GB/s)         
0:     16777216       4194304     float     sum      -1  1252.06   13.40   13.40       0   781.29   21.47   21.47    N/A
0:     67108864      16777216     float     sum      -1  2961.60   22.66   22.66       0  2953.70   22.72   22.72    N/A
0:    268435456      67108864     float     sum      -1  11649.1   23.04   23.04       0  11623.2   23.09   23.09    N/A
0: # Out of bounds values : 0 OK
0: # Avg bus bandwidth    : 21.0653 
0: #
0: # Collective test concluded: sendrecv_perf_mpi
0: #
0: 

##### pass 1/8  cross nid007133:g0 <-> nid007195:g3  sendrecv
0: 
0: WARNING: FI_CXI_RDZV_PROTO=alt_read is configured, but the Slurm network is
0: not set to disable rendezvous GET. Performance/stability may be impacted.
0: 
0: Expected Slurm launch:
0:   srun --network=disable_rdzv_get ...
0: or
0:   SLURM_NETWORK=disable_rdzv_get srun ...
0: 
0: Context:
0:   SLURM_NETWORK=<unset>
0:   FI_PROVIDER=cxi
0:   FI_CXI_RDZV_PROTO=alt_read
0: 
0: # nccl-tests version 2.17.8 nccl-headers=22902 nccl-library=22903
0: # Collective test starting: sendrecv_perf_mpi
0: # nThread 1 nGpus 1 minBytes 16777216 maxBytes 268435456 step: 4(factor) warmup iters: 5 iters: 20 agg iters: 1 validation: 1 graph: 0
0: #
0: # Using devices
0: #  Rank  0 Group  0 Pid 212522 on  nid007133 device  0 [0009:01:00] NVIDIA GH200 120GB
0: #  Rank  1 Group  0 Pid  41608 on  nid007195 device  0 [0039:01:00] NVIDIA GH200 120GB
0: #
0: #                                                              out-of-place                       in-place          
0: #       size         count      type   redop    root     time   algbw   busbw  #wrong     time   algbw   busbw  #wrong 
0: #        (B)    (elements)                               (us)  (GB/s)  (GB/s)             (us)  (GB/s)  (GB/s)         
0:     16777216       4194304     float     sum      -1  1245.06   13.47   13.47       0   778.59   21.55   21.55    N/A
0:     67108864      16777216     float     sum      -1  2952.65   22.73   22.73       0  2961.89   22.66   22.66    N/A
0:    268435456      67108864     float     sum      -1  12235.1   21.94   21.94       0  11628.5   23.08   23.08    N/A
0: # Out of bounds values : 0 OK
0: # Avg bus bandwidth    : 20.9055 
0: #
0: # Collective test concluded: sendrecv_perf_mpi
0: #
0: 

##### pass 1/8  cross nid007133:g1 <-> nid007195:g0  sendrecv
0: 
0: WARNING: FI_CXI_RDZV_PROTO=alt_read is configured, but the Slurm network is
0: not set to disable rendezvous GET. Performance/stability may be impacted.
0: 
0: Expected Slurm launch:
0:   srun --network=disable_rdzv_get ...
0: or
0:   SLURM_NETWORK=disable_rdzv_get srun ...
0: 
0: Context:
0:   SLURM_NETWORK=<unset>
0:   FI_PROVIDER=cxi
0:   FI_CXI_RDZV_PROTO=alt_read
0: 
0: # nccl-tests version 2.17.8 nccl-headers=22902 nccl-library=22903
0: # Collective test starting: sendrecv_perf_mpi
0: # nThread 1 nGpus 1 minBytes 16777216 maxBytes 268435456 step: 4(factor) warmup iters: 5 iters: 20 agg iters: 1 validation: 1 graph: 0
0: #
0: # Using devices
0: #  Rank  0 Group  0 Pid 213541 on  nid007133 device  0 [0019:01:00] NVIDIA GH200 120GB
0: #  Rank  1 Group  0 Pid  42596 on  nid007195 device  0 [0009:01:00] NVIDIA GH200 120GB
0: #
0: #                                                              out-of-place                       in-place          
0: #       size         count      type   redop    root     time   algbw   busbw  #wrong     time   algbw   busbw  #wrong 
0: #        (B)    (elements)                               (us)  (GB/s)  (GB/s)             (us)  (GB/s)  (GB/s)         
0:     16777216       4194304     float     sum      -1   780.67   21.49   21.49       0   778.12   21.56   21.56    N/A
0:     67108864      16777216     float     sum      -1  2953.27   22.72   22.72       0  2959.09   22.68   22.68    N/A
0:    268435456      67108864     float     sum      -1  11618.3   23.10   23.10       0  11609.2   23.12   23.12    N/A
0: # Out of bounds values : 0 OK
0: # Avg bus bandwidth    : 22.4469 
0: #
0: # Collective test concluded: sendrecv_perf_mpi
0: #
0: 

##### pass 1/8  cross nid007133:g1 <-> nid007195:g1  sendrecv
0: 
0: WARNING: FI_CXI_RDZV_PROTO=alt_read is configured, but the Slurm network is
0: not set to disable rendezvous GET. Performance/stability may be impacted.
0: 
0: Expected Slurm launch:
0:   srun --network=disable_rdzv_get ...
0: or
0:   SLURM_NETWORK=disable_rdzv_get srun ...
0: 
0: Context:
0:   SLURM_NETWORK=<unset>
0:   FI_PROVIDER=cxi
0:   FI_CXI_RDZV_PROTO=alt_read
0: 
0: # nccl-tests version 2.17.8 nccl-headers=22902 nccl-library=22903
0: # Collective test starting: sendrecv_perf_mpi
0: # nThread 1 nGpus 1 minBytes 16777216 maxBytes 268435456 step: 4(factor) warmup iters: 5 iters: 20 agg iters: 1 validation: 1 graph: 0
0: #
0: # Using devices
0: #  Rank  0 Group  0 Pid 214562 on  nid007133 device  0 [0019:01:00] NVIDIA GH200 120GB
0: #  Rank  1 Group  0 Pid  43561 on  nid007195 device  0 [0019:01:00] NVIDIA GH200 120GB
0: #
0: #                                                              out-of-place                       in-place          
0: #       size         count      type   redop    root     time   algbw   busbw  #wrong     time   algbw   busbw  #wrong 
0: #        (B)    (elements)                               (us)  (GB/s)  (GB/s)             (us)  (GB/s)  (GB/s)         
0:     16777216       4194304     float     sum      -1  1313.74   12.77   12.77       0   788.15   21.29   21.29    N/A
0:     67108864      16777216     float     sum      -1  2977.96   22.54   22.54       0  2974.60   22.56   22.56    N/A
0:    268435456      67108864     float     sum      -1  11692.4   22.96   22.96       0  11682.5   22.98   22.98    N/A
0: # Out of bounds values : 0 OK
0: # Avg bus bandwidth    : 20.8481 
0: #
0: # Collective test concluded: sendrecv_perf_mpi
0: #
0: 

##### pass 1/8  cross nid007133:g1 <-> nid007195:g2  sendrecv
0: 
0: WARNING: FI_CXI_RDZV_PROTO=alt_read is configured, but the Slurm network is
0: not set to disable rendezvous GET. Performance/stability may be impacted.
0: 
0: Expected Slurm launch:
0:   srun --network=disable_rdzv_get ...
0: or
0:   SLURM_NETWORK=disable_rdzv_get srun ...
0: 
0: Context:
0:   SLURM_NETWORK=<unset>
0:   FI_PROVIDER=cxi
0:   FI_CXI_RDZV_PROTO=alt_read
0: 
0: # nccl-tests version 2.17.8 nccl-headers=22902 nccl-library=22903
0: # Collective test starting: sendrecv_perf_mpi
0: # nThread 1 nGpus 1 minBytes 16777216 maxBytes 268435456 step: 4(factor) warmup iters: 5 iters: 20 agg iters: 1 validation: 1 graph: 0
0: #
0: # Using devices
0: #  Rank  0 Group  0 Pid 215626 on  nid007133 device  0 [0019:01:00] NVIDIA GH200 120GB
0: #  Rank  1 Group  0 Pid  44550 on  nid007195 device  0 [0029:01:00] NVIDIA GH200 120GB
0: #
0: #                                                              out-of-place                       in-place          
0: #       size         count      type   redop    root     time   algbw   busbw  #wrong     time   algbw   busbw  #wrong 
0: #        (B)    (elements)                               (us)  (GB/s)  (GB/s)             (us)  (GB/s)  (GB/s)         
0:     16777216       4194304     float     sum      -1  1188.05   14.12   14.12       0   787.02   21.32   21.32    N/A
0:     67108864      16777216     float     sum      -1  2969.35   22.60   22.60       0  2968.41   22.61   22.61    N/A
0:    268435456      67108864     float     sum      -1  11658.0   23.03   23.03       0  11669.0   23.00   23.00    N/A
0: # Out of bounds values : 0 OK
0: # Avg bus bandwidth    : 21.1129 
0: #
0: # Collective test concluded: sendrecv_perf_mpi
0: #
0: 

##### pass 1/8  cross nid007133:g1 <-> nid007195:g3  sendrecv
0: 
0: WARNING: FI_CXI_RDZV_PROTO=alt_read is configured, but the Slurm network is
0: not set to disable rendezvous GET. Performance/stability may be impacted.
0: 
0: Expected Slurm launch:
0:   srun --network=disable_rdzv_get ...
0: or
0:   SLURM_NETWORK=disable_rdzv_get srun ...
0: 
0: Context:
0:   SLURM_NETWORK=<unset>
0:   FI_PROVIDER=cxi
0:   FI_CXI_RDZV_PROTO=alt_read
0: 
0: # nccl-tests version 2.17.8 nccl-headers=22902 nccl-library=22903
0: # Collective test starting: sendrecv_perf_mpi
0: # nThread 1 nGpus 1 minBytes 16777216 maxBytes 268435456 step: 4(factor) warmup iters: 5 iters: 20 agg iters: 1 validation: 1 graph: 0
0: #
0: # Using devices
0: #  Rank  0 Group  0 Pid 216629 on  nid007133 device  0 [0019:01:00] NVIDIA GH200 120GB
0: #  Rank  1 Group  0 Pid  45539 on  nid007195 device  0 [0039:01:00] NVIDIA GH200 120GB
0: #
0: #                                                              out-of-place                       in-place          
0: #       size         count      type   redop    root     time   algbw   busbw  #wrong     time   algbw   busbw  #wrong 
0: #        (B)    (elements)                               (us)  (GB/s)  (GB/s)             (us)  (GB/s)  (GB/s)         
0:     16777216       4194304     float     sum      -1  1076.62   15.58   15.58       0   786.75   21.32   21.32    N/A
0:     67108864      16777216     float     sum      -1  2970.97   22.59   22.59       0  2970.30   22.59   22.59    N/A
0:    268435456      67108864     float     sum      -1  11657.6   23.03   23.03       0  11652.0   23.04   23.04    N/A
0: # Out of bounds values : 0 OK
0: # Avg bus bandwidth    : 21.3589 
0: #
0: # Collective test concluded: sendrecv_perf_mpi
0: #
0: 

##### pass 1/8  cross nid007133:g2 <-> nid007195:g0  sendrecv
0: 
0: WARNING: FI_CXI_RDZV_PROTO=alt_read is configured, but the Slurm network is
0: not set to disable rendezvous GET. Performance/stability may be impacted.
0: 
0: Expected Slurm launch:
0:   srun --network=disable_rdzv_get ...
0: or
0:   SLURM_NETWORK=disable_rdzv_get srun ...
0: 
0: Context:
0:   SLURM_NETWORK=<unset>
0:   FI_PROVIDER=cxi
0:   FI_CXI_RDZV_PROTO=alt_read
0: 
0: # nccl-tests version 2.17.8 nccl-headers=22902 nccl-library=22903
0: # Collective test starting: sendrecv_perf_mpi
0: # nThread 1 nGpus 1 minBytes 16777216 maxBytes 268435456 step: 4(factor) warmup iters: 5 iters: 20 agg iters: 1 validation: 1 graph: 0
0: #
0: # Using devices
0: #  Rank  0 Group  0 Pid 217702 on  nid007133 device  0 [0029:01:00] NVIDIA GH200 120GB
0: #  Rank  1 Group  0 Pid  46507 on  nid007195 device  0 [0009:01:00] NVIDIA GH200 120GB
0: #
0: #                                                              out-of-place                       in-place          
0: #       size         count      type   redop    root     time   algbw   busbw  #wrong     time   algbw   busbw  #wrong 
0: #        (B)    (elements)                               (us)  (GB/s)  (GB/s)             (us)  (GB/s)  (GB/s)         
0:     16777216       4194304     float     sum      -1   950.60   17.65   17.65       0   774.77   21.65   21.65    N/A
0:     67108864      16777216     float     sum      -1  2955.69   22.70   22.70       0  2958.38   22.68   22.68    N/A
0:    268435456      67108864     float     sum      -1  11606.0   23.13   23.13       0  11616.2   23.11   23.11    N/A
0: # Out of bounds values : 0 OK
0: # Avg bus bandwidth    : 21.8217 
0: #
0: # Collective test concluded: sendrecv_perf_mpi
0: #
0: 

##### pass 1/8  cross nid007133:g2 <-> nid007195:g1  sendrecv
0: 
0: WARNING: FI_CXI_RDZV_PROTO=alt_read is configured, but the Slurm network is
0: not set to disable rendezvous GET. Performance/stability may be impacted.
0: 
0: Expected Slurm launch:
0:   srun --network=disable_rdzv_get ...
0: or
0:   SLURM_NETWORK=disable_rdzv_get srun ...
0: 
0: Context:
0:   SLURM_NETWORK=<unset>
0:   FI_PROVIDER=cxi
0:   FI_CXI_RDZV_PROTO=alt_read
0: 
0: # nccl-tests version 2.17.8 nccl-headers=22902 nccl-library=22903
0: # Collective test starting: sendrecv_perf_mpi
0: # nThread 1 nGpus 1 minBytes 16777216 maxBytes 268435456 step: 4(factor) warmup iters: 5 iters: 20 agg iters: 1 validation: 1 graph: 0
0: #
0: # Using devices
0: #  Rank  0 Group  0 Pid 219514 on  nid007133 device  0 [0029:01:00] NVIDIA GH200 120GB
0: #  Rank  1 Group  0 Pid  47494 on  nid007195 device  0 [0019:01:00] NVIDIA GH200 120GB
0: #
0: #                                                              out-of-place                       in-place          
0: #       size         count      type   redop    root     time   algbw   busbw  #wrong     time   algbw   busbw  #wrong 
0: #        (B)    (elements)                               (us)  (GB/s)  (GB/s)             (us)  (GB/s)  (GB/s)         
0:     16777216       4194304     float     sum      -1   843.31   19.89   19.89       0   784.29   21.39   21.39    N/A
0:     67108864      16777216     float     sum      -1  2980.10   22.52   22.52       0  2973.73   22.57   22.57    N/A
0:    268435456      67108864     float     sum      -1  11666.6   23.01   23.01       0  11670.6   23.00   23.00    N/A
0: # Out of bounds values : 0 OK
0: # Avg bus bandwidth    : 22.0637 
0: #
0: # Collective test concluded: sendrecv_perf_mpi
0: #
0: 

##### pass 1/8  cross nid007133:g2 <-> nid007195:g2  sendrecv
0: 
0: WARNING: FI_CXI_RDZV_PROTO=alt_read is configured, but the Slurm network is
0: not set to disable rendezvous GET. Performance/stability may be impacted.
0: 
0: Expected Slurm launch:
0:   srun --network=disable_rdzv_get ...
0: or
0:   SLURM_NETWORK=disable_rdzv_get srun ...
0: 
0: Context:
0:   SLURM_NETWORK=<unset>
0:   FI_PROVIDER=cxi
0:   FI_CXI_RDZV_PROTO=alt_read
0: 
0: # nccl-tests version 2.17.8 nccl-headers=22902 nccl-library=22903
0: # Collective test starting: sendrecv_perf_mpi
0: # nThread 1 nGpus 1 minBytes 16777216 maxBytes 268435456 step: 4(factor) warmup iters: 5 iters: 20 agg iters: 1 validation: 1 graph: 0
0: #
0: # Using devices
0: #  Rank  0 Group  0 Pid 220637 on  nid007133 device  0 [0029:01:00] NVIDIA GH200 120GB
0: #  Rank  1 Group  0 Pid  48465 on  nid007195 device  0 [0029:01:00] NVIDIA GH200 120GB
0: #
0: #                                                              out-of-place                       in-place          
0: #       size         count      type   redop    root     time   algbw   busbw  #wrong     time   algbw   busbw  #wrong 
0: #        (B)    (elements)                               (us)  (GB/s)  (GB/s)             (us)  (GB/s)  (GB/s)         
0:     16777216       4194304     float     sum      -1  1024.33   16.38   16.38       0   782.17   21.45   21.45    N/A
0:     67108864      16777216     float     sum      -1  2977.09   22.54   22.54       0  2980.57   22.52   22.52    N/A
0:    268435456      67108864     float     sum      -1  11658.8   23.02   23.02       0  11675.8   22.99   22.99    N/A
0: # Out of bounds values : 0 OK
0: # Avg bus bandwidth    : 21.4834 
0: #
0: # Collective test concluded: sendrecv_perf_mpi
0: #
0: 

##### pass 1/8  cross nid007133:g2 <-> nid007195:g3  sendrecv
0: 
0: WARNING: FI_CXI_RDZV_PROTO=alt_read is configured, but the Slurm network is
0: not set to disable rendezvous GET. Performance/stability may be impacted.
0: 
0: Expected Slurm launch:
0:   srun --network=disable_rdzv_get ...
0: or
0:   SLURM_NETWORK=disable_rdzv_get srun ...
0: 
0: Context:
0:   SLURM_NETWORK=<unset>
0:   FI_PROVIDER=cxi
0:   FI_CXI_RDZV_PROTO=alt_read
0: 
0: # nccl-tests version 2.17.8 nccl-headers=22902 nccl-library=22903
0: # Collective test starting: sendrecv_perf_mpi
0: # nThread 1 nGpus 1 minBytes 16777216 maxBytes 268435456 step: 4(factor) warmup iters: 5 iters: 20 agg iters: 1 validation: 1 graph: 0
0: #
0: # Using devices
0: #  Rank  0 Group  0 Pid 221751 on  nid007133 device  0 [0029:01:00] NVIDIA GH200 120GB
0: #  Rank  1 Group  0 Pid  49471 on  nid007195 device  0 [0039:01:00] NVIDIA GH200 120GB
0: #
0: #                                                              out-of-place                       in-place          
0: #       size         count      type   redop    root     time   algbw   busbw  #wrong     time   algbw   busbw  #wrong 
0: #        (B)    (elements)                               (us)  (GB/s)  (GB/s)             (us)  (GB/s)  (GB/s)         
0:     16777216       4194304     float     sum      -1  1604.77   10.45   10.45       0   788.22   21.29   21.29    N/A
0:     67108864      16777216     float     sum      -1  2982.15   22.50   22.50       0  2972.97   22.57   22.57    N/A
0:    268435456      67108864     float     sum      -1  11652.3   23.04   23.04       0  11649.6   23.04   23.04    N/A
0: # Out of bounds values : 0 OK
0: # Avg bus bandwidth    : 20.4826 
0: #
0: # Collective test concluded: sendrecv_perf_mpi
0: #
0: 

##### pass 1/8  cross nid007133:g3 <-> nid007195:g0  sendrecv
0: 
0: WARNING: FI_CXI_RDZV_PROTO=alt_read is configured, but the Slurm network is
0: not set to disable rendezvous GET. Performance/stability may be impacted.
0: 
0: Expected Slurm launch:
0:   srun --network=disable_rdzv_get ...
0: or
0:   SLURM_NETWORK=disable_rdzv_get srun ...
0: 
0: Context:
0:   SLURM_NETWORK=<unset>
0:   FI_PROVIDER=cxi
0:   FI_CXI_RDZV_PROTO=alt_read
0: 
0: # nccl-tests version 2.17.8 nccl-headers=22902 nccl-library=22903
0: # Collective test starting: sendrecv_perf_mpi
0: # nThread 1 nGpus 1 minBytes 16777216 maxBytes 268435456 step: 4(factor) warmup iters: 5 iters: 20 agg iters: 1 validation: 1 graph: 0
0: #
0: # Using devices
0: #  Rank  0 Group  0 Pid 222826 on  nid007133 device  0 [0039:01:00] NVIDIA GH200 120GB
0: #  Rank  1 Group  0 Pid  50436 on  nid007195 device  0 [0009:01:00] NVIDIA GH200 120GB
0: #
0: #                                                              out-of-place                       in-place          
0: #       size         count      type   redop    root     time   algbw   busbw  #wrong     time   algbw   busbw  #wrong 
0: #        (B)    (elements)                               (us)  (GB/s)  (GB/s)             (us)  (GB/s)  (GB/s)         
0:     16777216       4194304     float     sum      -1   990.34   16.94   16.94       0   778.69   21.55   21.55    N/A
0:     67108864      16777216     float     sum      -1  2958.10   22.69   22.69       0  2958.17   22.69   22.69    N/A
0:    268435456      67108864     float     sum      -1  11612.1   23.12   23.12       0  12252.0   21.91   21.91    N/A
0: # Out of bounds values : 0 OK
0: # Avg bus bandwidth    : 21.4808 
0: #
0: # Collective test concluded: sendrecv_perf_mpi
0: #
0: 

##### pass 1/8  cross nid007133:g3 <-> nid007195:g1  sendrecv
0: 
0: WARNING: FI_CXI_RDZV_PROTO=alt_read is configured, but the Slurm network is
0: not set to disable rendezvous GET. Performance/stability may be impacted.
0: 
0: Expected Slurm launch:
0:   srun --network=disable_rdzv_get ...
0: or
0:   SLURM_NETWORK=disable_rdzv_get srun ...
0: 
0: Context:
0:   SLURM_NETWORK=<unset>
0:   FI_PROVIDER=cxi
0:   FI_CXI_RDZV_PROTO=alt_read
0: 
0: # nccl-tests version 2.17.8 nccl-headers=22902 nccl-library=22903
0: # Collective test starting: sendrecv_perf_mpi
0: # nThread 1 nGpus 1 minBytes 16777216 maxBytes 268435456 step: 4(factor) warmup iters: 5 iters: 20 agg iters: 1 validation: 1 graph: 0
0: #
0: # Using devices
0: #  Rank  0 Group  0 Pid 223886 on  nid007133 device  0 [0039:01:00] NVIDIA GH200 120GB
0: #  Rank  1 Group  0 Pid  51426 on  nid007195 device  0 [0019:01:00] NVIDIA GH200 120GB
0: #
0: #                                                              out-of-place                       in-place          
0: #       size         count      type   redop    root     time   algbw   busbw  #wrong     time   algbw   busbw  #wrong 
0: #        (B)    (elements)                               (us)  (GB/s)  (GB/s)             (us)  (GB/s)  (GB/s)         
0:     16777216       4194304     float     sum      -1   792.54   21.17   21.17       0   783.52   21.41   21.41    N/A
0:     67108864      16777216     float     sum      -1  2978.44   22.53   22.53       0  2977.76   22.54   22.54    N/A
0:    268435456      67108864     float     sum      -1  11652.4   23.04   23.04       0  11662.5   23.02   23.02    N/A
0: # Out of bounds values : 0 OK
0: # Avg bus bandwidth    : 22.284 
0: #
0: # Collective test concluded: sendrecv_perf_mpi
0: #
0: 

##### pass 1/8  cross nid007133:g3 <-> nid007195:g2  sendrecv
0: 
0: WARNING: FI_CXI_RDZV_PROTO=alt_read is configured, but the Slurm network is
0: not set to disable rendezvous GET. Performance/stability may be impacted.
0: 
0: Expected Slurm launch:
0:   srun --network=disable_rdzv_get ...
0: or
0:   SLURM_NETWORK=disable_rdzv_get srun ...
0: 
0: Context:
0:   SLURM_NETWORK=<unset>
0:   FI_PROVIDER=cxi
0:   FI_CXI_RDZV_PROTO=alt_read
0: 
0: # nccl-tests version 2.17.8 nccl-headers=22902 nccl-library=22903
0: # Collective test starting: sendrecv_perf_mpi
0: # nThread 1 nGpus 1 minBytes 16777216 maxBytes 268435456 step: 4(factor) warmup iters: 5 iters: 20 agg iters: 1 validation: 1 graph: 0
0: #
0: # Using devices
0: #  Rank  0 Group  0 Pid 224936 on  nid007133 device  0 [0039:01:00] NVIDIA GH200 120GB
0: #  Rank  1 Group  0 Pid  52391 on  nid007195 device  0 [0029:01:00] NVIDIA GH200 120GB
0: #
0: #                                                              out-of-place                       in-place          
0: #       size         count      type   redop    root     time   algbw   busbw  #wrong     time   algbw   busbw  #wrong 
0: #        (B)    (elements)                               (us)  (GB/s)  (GB/s)             (us)  (GB/s)  (GB/s)         
0:     16777216       4194304     float     sum      -1  1817.60    9.23    9.23       0   789.04   21.26   21.26    N/A
0:     67108864      16777216     float     sum      -1  4622.81   14.52   14.52       0  2972.65   22.58   22.58    N/A
0:    268435456      67108864     float     sum      -1  11642.4   23.06   23.06       0  11847.9   22.66   22.66    N/A
0: # Out of bounds values : 0 OK
0: # Avg bus bandwidth    : 18.8832 
0: #
0: # Collective test concluded: sendrecv_perf_mpi
0: #
0: 

##### pass 1/8  cross nid007133:g3 <-> nid007195:g3  sendrecv
0: 
0: WARNING: FI_CXI_RDZV_PROTO=alt_read is configured, but the Slurm network is
0: not set to disable rendezvous GET. Performance/stability may be impacted.
0: 
0: Expected Slurm launch:
0:   srun --network=disable_rdzv_get ...
0: or
0:   SLURM_NETWORK=disable_rdzv_get srun ...
0: 
0: Context:
0:   SLURM_NETWORK=<unset>
0:   FI_PROVIDER=cxi
0:   FI_CXI_RDZV_PROTO=alt_read
0: 
0: # nccl-tests version 2.17.8 nccl-headers=22902 nccl-library=22903
0: # Collective test starting: sendrecv_perf_mpi
0: # nThread 1 nGpus 1 minBytes 16777216 maxBytes 268435456 step: 4(factor) warmup iters: 5 iters: 20 agg iters: 1 validation: 1 graph: 0
0: #
0: # Using devices
0: #  Rank  0 Group  0 Pid 226011 on  nid007133 device  0 [0039:01:00] NVIDIA GH200 120GB
0: #  Rank  1 Group  0 Pid  53385 on  nid007195 device  0 [0039:01:00] NVIDIA GH200 120GB
0: #
0: #                                                              out-of-place                       in-place          
0: #       size         count      type   redop    root     time   algbw   busbw  #wrong     time   algbw   busbw  #wrong 
0: #        (B)    (elements)                               (us)  (GB/s)  (GB/s)             (us)  (GB/s)  (GB/s)         
0:     16777216       4194304     float     sum      -1  1263.39   13.28   13.28       0   791.52   21.20   21.20    N/A
0:     67108864      16777216     float     sum      -1  2980.22   22.52   22.52       0  2972.60   22.58   22.58    N/A
0:    268435456      67108864     float     sum      -1  11653.4   23.03   23.03       0  11654.9   23.03   23.03    N/A
0: # Out of bounds values : 0 OK
0: # Avg bus bandwidth    : 20.9394 
0: #
0: # Collective test concluded: sendrecv_perf_mpi
0: #
0: 

##### pass 2/8  cross nid007133:g0 <-> nid007195:g0  sendrecv
0: 
0: WARNING: FI_CXI_RDZV_PROTO=alt_read is configured, but the Slurm network is
0: not set to disable rendezvous GET. Performance/stability may be impacted.
0: 
0: Expected Slurm launch:
0:   srun --network=disable_rdzv_get ...
0: or
0:   SLURM_NETWORK=disable_rdzv_get srun ...
0: 
0: Context:
0:   SLURM_NETWORK=<unset>
0:   FI_PROVIDER=cxi
0:   FI_CXI_RDZV_PROTO=alt_read
0: 
0: # nccl-tests version 2.17.8 nccl-headers=22902 nccl-library=22903
0: # Collective test starting: sendrecv_perf_mpi
0: # nThread 1 nGpus 1 minBytes 16777216 maxBytes 268435456 step: 4(factor) warmup iters: 5 iters: 20 agg iters: 1 validation: 1 graph: 0
0: #
0: # Using devices
0: #  Rank  0 Group  0 Pid 227066 on  nid007133 device  0 [0009:01:00] NVIDIA GH200 120GB
0: #  Rank  1 Group  0 Pid  54365 on  nid007195 device  0 [0009:01:00] NVIDIA GH200 120GB
0: #
0: #                                                              out-of-place                       in-place          
0: #       size         count      type   redop    root     time   algbw   busbw  #wrong     time   algbw   busbw  #wrong 
0: #        (B)    (elements)                               (us)  (GB/s)  (GB/s)             (us)  (GB/s)  (GB/s)         
0:     16777216       4194304     float     sum      -1  1112.08   15.09   15.09       0   769.97   21.79   21.79    N/A
0:     67108864      16777216     float     sum      -1  2955.53   22.71   22.71       0  2943.13   22.80   22.80    N/A
0:    268435456      67108864     float     sum      -1  11598.5   23.14   23.14       0  11602.6   23.14   23.14    N/A
0: # Out of bounds values : 0 OK
0: # Avg bus bandwidth    : 21.444 
0: #
0: # Collective test concluded: sendrecv_perf_mpi
0: #
0: 

##### pass 2/8  cross nid007133:g0 <-> nid007195:g1  sendrecv
0: 
0: WARNING: FI_CXI_RDZV_PROTO=alt_read is configured, but the Slurm network is
0: not set to disable rendezvous GET. Performance/stability may be impacted.
0: 
0: Expected Slurm launch:
0:   srun --network=disable_rdzv_get ...
0: or
0:   SLURM_NETWORK=disable_rdzv_get srun ...
0: 
0: Context:
0:   SLURM_NETWORK=<unset>
0:   FI_PROVIDER=cxi
0:   FI_CXI_RDZV_PROTO=alt_read
0: 
0: # nccl-tests version 2.17.8 nccl-headers=22902 nccl-library=22903
0: # Collective test starting: sendrecv_perf_mpi
0: # nThread 1 nGpus 1 minBytes 16777216 maxBytes 268435456 step: 4(factor) warmup iters: 5 iters: 20 agg iters: 1 validation: 1 graph: 0
0: #
0: # Using devices
0: #  Rank  0 Group  0 Pid 228096 on  nid007133 device  0 [0009:01:00] NVIDIA GH200 120GB
0: #  Rank  1 Group  0 Pid  55331 on  nid007195 device  0 [0019:01:00] NVIDIA GH200 120GB
0: #
0: #                                                              out-of-place                       in-place          
0: #       size         count      type   redop    root     time   algbw   busbw  #wrong     time   algbw   busbw  #wrong 
0: #        (B)    (elements)                               (us)  (GB/s)  (GB/s)             (us)  (GB/s)  (GB/s)         
0:     16777216       4194304     float     sum      -1   888.48   18.88   18.88       0   777.59   21.58   21.58    N/A
0:     67108864      16777216     float     sum      -1  2964.02   22.64   22.64       0  2962.34   22.65   22.65    N/A
0:    268435456      67108864     float     sum      -1  11632.8   23.08   23.08       0  11665.0   23.01   23.01    N/A
0: # Out of bounds values : 0 OK
0: # Avg bus bandwidth    : 21.9736 
0: #
0: # Collective test concluded: sendrecv_perf_mpi
0: #
0: 

##### pass 2/8  cross nid007133:g0 <-> nid007195:g2  sendrecv
0: 
0: WARNING: FI_CXI_RDZV_PROTO=alt_read is configured, but the Slurm network is
0: not set to disable rendezvous GET. Performance/stability may be impacted.
0: 
0: Expected Slurm launch:
0:   srun --network=disable_rdzv_get ...
0: or
0:   SLURM_NETWORK=disable_rdzv_get srun ...
0: 
0: Context:
0:   SLURM_NETWORK=<unset>
0:   FI_PROVIDER=cxi
0:   FI_CXI_RDZV_PROTO=alt_read
0: 
0: # nccl-tests version 2.17.8 nccl-headers=22902 nccl-library=22903
0: # Collective test starting: sendrecv_perf_mpi
0: # nThread 1 nGpus 1 minBytes 16777216 maxBytes 268435456 step: 4(factor) warmup iters: 5 iters: 20 agg iters: 1 validation: 1 graph: 0
0: #
0: # Using devices
0: #  Rank  0 Group  0 Pid 229140 on  nid007133 device  0 [0009:01:00] NVIDIA GH200 120GB
0: #  Rank  1 Group  0 Pid  56317 on  nid007195 device  0 [0029:01:00] NVIDIA GH200 120GB
0: #
0: #                                                              out-of-place                       in-place          
0: #       size         count      type   redop    root     time   algbw   busbw  #wrong     time   algbw   busbw  #wrong 
0: #        (B)    (elements)                               (us)  (GB/s)  (GB/s)             (us)  (GB/s)  (GB/s)         
0:     16777216       4194304     float     sum      -1  1377.00   12.18   12.18       0   783.99   21.40   21.40    N/A
0:     67108864      16777216     float     sum      -1  2960.23   22.67   22.67       0  2965.89   22.63   22.63    N/A
0:    268435456      67108864     float     sum      -1  11631.5   23.08   23.08       0  11629.2   23.08   23.08    N/A
0: # Out of bounds values : 0 OK
0: # Avg bus bandwidth    : 20.8403 
0: #
0: # Collective test concluded: sendrecv_perf_mpi
0: #
0: 

##### pass 2/8  cross nid007133:g0 <-> nid007195:g3  sendrecv
0: 
0: WARNING: FI_CXI_RDZV_PROTO=alt_read is configured, but the Slurm network is
0: not set to disable rendezvous GET. Performance/stability may be impacted.
0: 
0: Expected Slurm launch:
0:   srun --network=disable_rdzv_get ...
0: or
0:   SLURM_NETWORK=disable_rdzv_get srun ...
0: 
0: Context:
0:   SLURM_NETWORK=<unset>
0:   FI_PROVIDER=cxi
0:   FI_CXI_RDZV_PROTO=alt_read
0: 
0: # nccl-tests version 2.17.8 nccl-headers=22902 nccl-library=22903
0: # Collective test starting: sendrecv_perf_mpi
0: # nThread 1 nGpus 1 minBytes 16777216 maxBytes 268435456 step: 4(factor) warmup iters: 5 iters: 20 agg iters: 1 validation: 1 graph: 0
0: #
0: # Using devices
0: #  Rank  0 Group  0 Pid 230166 on  nid007133 device  0 [0009:01:00] NVIDIA GH200 120GB
0: #  Rank  1 Group  0 Pid  57276 on  nid007195 device  0 [0039:01:00] NVIDIA GH200 120GB
0: #
0: #                                                              out-of-place                       in-place          
0: #       size         count      type   redop    root     time   algbw   busbw  #wrong     time   algbw   busbw  #wrong 
0: #        (B)    (elements)                               (us)  (GB/s)  (GB/s)             (us)  (GB/s)  (GB/s)         
0:     16777216       4194304     float     sum      -1  1529.16   10.97   10.97       0   783.87   21.40   21.40    N/A
0:     67108864      16777216     float     sum      -1  2958.75   22.68   22.68       0  2960.70   22.67   22.67    N/A
0:    268435456      67108864     float     sum      -1  11621.9   23.10   23.10       0  11623.6   23.09   23.09    N/A
0: # Out of bounds values : 0 OK
0: # Avg bus bandwidth    : 20.6523 
0: #
0: # Collective test concluded: sendrecv_perf_mpi
0: #
0: 

##### pass 2/8  cross nid007133:g1 <-> nid007195:g0  sendrecv
0: 
0: WARNING: FI_CXI_RDZV_PROTO=alt_read is configured, but the Slurm network is
0: not set to disable rendezvous GET. Performance/stability may be impacted.
0: 
0: Expected Slurm launch:
0:   srun --network=disable_rdzv_get ...
0: or
0:   SLURM_NETWORK=disable_rdzv_get srun ...
0: 
0: Context:
0:   SLURM_NETWORK=<unset>
0:   FI_PROVIDER=cxi
0:   FI_CXI_RDZV_PROTO=alt_read
0: 
0: # nccl-tests version 2.17.8 nccl-headers=22902 nccl-library=22903
0: # Collective test starting: sendrecv_perf_mpi
0: # nThread 1 nGpus 1 minBytes 16777216 maxBytes 268435456 step: 4(factor) warmup iters: 5 iters: 20 agg iters: 1 validation: 1 graph: 0
0: #
0: # Using devices
0: #  Rank  0 Group  0 Pid 231195 on  nid007133 device  0 [0019:01:00] NVIDIA GH200 120GB
0: #  Rank  1 Group  0 Pid  58262 on  nid007195 device  0 [0009:01:00] NVIDIA GH200 120GB
0: #
0: #                                                              out-of-place                       in-place          
0: #       size         count      type   redop    root     time   algbw   busbw  #wrong     time   algbw   busbw  #wrong 
0: #        (B)    (elements)                               (us)  (GB/s)  (GB/s)             (us)  (GB/s)  (GB/s)         
0:     16777216       4194304     float     sum      -1  1201.44   13.96   13.96       0   779.38   21.53   21.53    N/A
0:     67108864      16777216     float     sum      -1  2955.31   22.71   22.71       0  2959.49   22.68   22.68    N/A
0:    268435456      67108864     float     sum      -1  11620.7   23.10   23.10       0  11619.5   23.10   23.10    N/A
0: # Out of bounds values : 0 OK
0: # Avg bus bandwidth    : 21.1794 
0: #
0: # Collective test concluded: sendrecv_perf_mpi
0: #
0: 

##### pass 2/8  cross nid007133:g1 <-> nid007195:g1  sendrecv
0: 
0: WARNING: FI_CXI_RDZV_PROTO=alt_read is configured, but the Slurm network is
0: not set to disable rendezvous GET. Performance/stability may be impacted.
0: 
0: Expected Slurm launch:
0:   srun --network=disable_rdzv_get ...
0: or
0:   SLURM_NETWORK=disable_rdzv_get srun ...
0: 
0: Context:
0:   SLURM_NETWORK=<unset>
0:   FI_PROVIDER=cxi
0:   FI_CXI_RDZV_PROTO=alt_read
0: 
0: # nccl-tests version 2.17.8 nccl-headers=22902 nccl-library=22903
0: # Collective test starting: sendrecv_perf_mpi
0: # nThread 1 nGpus 1 minBytes 16777216 maxBytes 268435456 step: 4(factor) warmup iters: 5 iters: 20 agg iters: 1 validation: 1 graph: 0
0: #
0: # Using devices
0: #  Rank  0 Group  0 Pid 232207 on  nid007133 device  0 [0019:01:00] NVIDIA GH200 120GB
0: #  Rank  1 Group  0 Pid  59246 on  nid007195 device  0 [0019:01:00] NVIDIA GH200 120GB
0: #
0: #                                                              out-of-place                       in-place          
0: #       size         count      type   redop    root     time   algbw   busbw  #wrong     time   algbw   busbw  #wrong 
0: #        (B)    (elements)                               (us)  (GB/s)  (GB/s)             (us)  (GB/s)  (GB/s)         
0:     16777216       4194304     float     sum      -1  1423.73   11.78   11.78       0   788.85   21.27   21.27    N/A
0:     67108864      16777216     float     sum      -1  2983.33   22.49   22.49       0  2977.90   22.54   22.54    N/A
0:    268435456      67108864     float     sum      -1  11673.4   23.00   23.00       0  11663.0   23.02   23.02    N/A
0: # Out of bounds values : 0 OK
0: # Avg bus bandwidth    : 20.6823 
0: #
0: # Collective test concluded: sendrecv_perf_mpi
0: #
0: 

##### pass 2/8  cross nid007133:g1 <-> nid007195:g2  sendrecv
0: 
0: WARNING: FI_CXI_RDZV_PROTO=alt_read is configured, but the Slurm network is
0: not set to disable rendezvous GET. Performance/stability may be impacted.
0: 
0: Expected Slurm launch:
0:   srun --network=disable_rdzv_get ...
0: or
0:   SLURM_NETWORK=disable_rdzv_get srun ...
0: 
0: Context:
0:   SLURM_NETWORK=<unset>
0:   FI_PROVIDER=cxi
0:   FI_CXI_RDZV_PROTO=alt_read
0: 
0: # nccl-tests version 2.17.8 nccl-headers=22902 nccl-library=22903
0: # Collective test starting: sendrecv_perf_mpi
0: # nThread 1 nGpus 1 minBytes 16777216 maxBytes 268435456 step: 4(factor) warmup iters: 5 iters: 20 agg iters: 1 validation: 1 graph: 0
0: #
0: # Using devices
0: #  Rank  0 Group  0 Pid 233227 on  nid007133 device  0 [0019:01:00] NVIDIA GH200 120GB
0: #  Rank  1 Group  0 Pid  60298 on  nid007195 device  0 [0029:01:00] NVIDIA GH200 120GB
0: #
0: #                                                              out-of-place                       in-place          
0: #       size         count      type   redop    root     time   algbw   busbw  #wrong     time   algbw   busbw  #wrong 
0: #        (B)    (elements)                               (us)  (GB/s)  (GB/s)             (us)  (GB/s)  (GB/s)         
0:     16777216       4194304     float     sum      -1   950.32   17.65   17.65       0   788.77   21.27   21.27    N/A
0:     67108864      16777216     float     sum      -1  2984.75   22.48   22.48       0  2971.40   22.58   22.58    N/A
0:    268435456      67108864     float     sum      -1  11661.2   23.02   23.02       0  11877.7   22.60   22.60    N/A
0: # Out of bounds values : 0 OK
0: # Avg bus bandwidth    : 21.6021 
0: #
0: # Collective test concluded: sendrecv_perf_mpi
0: #
0: 

##### pass 2/8  cross nid007133:g1 <-> nid007195:g3  sendrecv
0: 
0: WARNING: FI_CXI_RDZV_PROTO=alt_read is configured, but the Slurm network is
0: not set to disable rendezvous GET. Performance/stability may be impacted.
0: 
0: Expected Slurm launch:
0:   srun --network=disable_rdzv_get ...
0: or
0:   SLURM_NETWORK=disable_rdzv_get srun ...
0: 
0: Context:
0:   SLURM_NETWORK=<unset>
0:   FI_PROVIDER=cxi
0:   FI_CXI_RDZV_PROTO=alt_read
0: 
0: # nccl-tests version 2.17.8 nccl-headers=22902 nccl-library=22903
0: # Collective test starting: sendrecv_perf_mpi
0: # nThread 1 nGpus 1 minBytes 16777216 maxBytes 268435456 step: 4(factor) warmup iters: 5 iters: 20 agg iters: 1 validation: 1 graph: 0
0: #
0: # Using devices
0: #  Rank  0 Group  0 Pid 234270 on  nid007133 device  0 [0019:01:00] NVIDIA GH200 120GB
0: #  Rank  1 Group  0 Pid  61283 on  nid007195 device  0 [0039:01:00] NVIDIA GH200 120GB
0: #
0: #                                                              out-of-place                       in-place          
0: #       size         count      type   redop    root     time   algbw   busbw  #wrong     time   algbw   busbw  #wrong 
0: #        (B)    (elements)                               (us)  (GB/s)  (GB/s)             (us)  (GB/s)  (GB/s)         
0:     16777216       4194304     float     sum      -1   871.80   19.24   19.24       0   789.93   21.24   21.24    N/A
0:     67108864      16777216     float     sum      -1  2976.00   22.55   22.55       0  2964.17   22.64   22.64    N/A
0:    268435456      67108864     float     sum      -1  11641.0   23.06   23.06       0  11638.4   23.06   23.06    N/A
0: # Out of bounds values : 0 OK
0: # Avg bus bandwidth    : 21.9662 
0: #
0: # Collective test concluded: sendrecv_perf_mpi
0: #
0: 

##### pass 2/8  cross nid007133:g2 <-> nid007195:g0  sendrecv
0: 
0: WARNING: FI_CXI_RDZV_PROTO=alt_read is configured, but the Slurm network is
0: not set to disable rendezvous GET. Performance/stability may be impacted.
0: 
0: Expected Slurm launch:
0:   srun --network=disable_rdzv_get ...
0: or
0:   SLURM_NETWORK=disable_rdzv_get srun ...
0: 
0: Context:
0:   SLURM_NETWORK=<unset>
0:   FI_PROVIDER=cxi
0:   FI_CXI_RDZV_PROTO=alt_read
0: 
0: # nccl-tests version 2.17.8 nccl-headers=22902 nccl-library=22903
0: # Collective test starting: sendrecv_perf_mpi
0: # nThread 1 nGpus 1 minBytes 16777216 maxBytes 268435456 step: 4(factor) warmup iters: 5 iters: 20 agg iters: 1 validation: 1 graph: 0
0: #
0: # Using devices
0: #  Rank  0 Group  0 Pid 235272 on  nid007133 device  0 [0029:01:00] NVIDIA GH200 120GB
0: #  Rank  1 Group  0 Pid  62294 on  nid007195 device  0 [0009:01:00] NVIDIA GH200 120GB
0: #
0: #                                                              out-of-place                       in-place          
0: #       size         count      type   redop    root     time   algbw   busbw  #wrong     time   algbw   busbw  #wrong 
0: #        (B)    (elements)                               (us)  (GB/s)  (GB/s)             (us)  (GB/s)  (GB/s)         
0:     16777216       4194304     float     sum      -1   775.96   21.62   21.62       0   779.34   21.53   21.53    N/A
0:     67108864      16777216     float     sum      -1  2960.53   22.67   22.67       0  2949.22   22.75   22.75    N/A
0:    268435456      67108864     float     sum      -1  11609.5   23.12   23.12       0  11613.5   23.11   23.11    N/A
0: # Out of bounds values : 0 OK
0: # Avg bus bandwidth    : 22.4679 
0: #
0: # Collective test concluded: sendrecv_perf_mpi
0: #
0: 

##### pass 2/8  cross nid007133:g2 <-> nid007195:g1  sendrecv
0: 
0: WARNING: FI_CXI_RDZV_PROTO=alt_read is configured, but the Slurm network is
0: not set to disable rendezvous GET. Performance/stability may be impacted.
0: 
0: Expected Slurm launch:
0:   srun --network=disable_rdzv_get ...
0: or
0:   SLURM_NETWORK=disable_rdzv_get srun ...
0: 
0: Context:
0:   SLURM_NETWORK=<unset>
0:   FI_PROVIDER=cxi
0:   FI_CXI_RDZV_PROTO=alt_read
0: 
0: # nccl-tests version 2.17.8 nccl-headers=22902 nccl-library=22903
0: # Collective test starting: sendrecv_perf_mpi
0: # nThread 1 nGpus 1 minBytes 16777216 maxBytes 268435456 step: 4(factor) warmup iters: 5 iters: 20 agg iters: 1 validation: 1 graph: 0
0: #
0: # Using devices
0: #  Rank  0 Group  0 Pid 236302 on  nid007133 device  0 [0029:01:00] NVIDIA GH200 120GB
0: #  Rank  1 Group  0 Pid  63289 on  nid007195 device  0 [0019:01:00] NVIDIA GH200 120GB
0: #
0: #                                                              out-of-place                       in-place          
0: #       size         count      type   redop    root     time   algbw   busbw  #wrong     time   algbw   busbw  #wrong 
0: #        (B)    (elements)                               (us)  (GB/s)  (GB/s)             (us)  (GB/s)  (GB/s)         
0:     16777216       4194304     float     sum      -1  1331.22   12.60   12.60       0   793.07   21.15   21.15    N/A
0:     67108864      16777216     float     sum      -1  2985.22   22.48   22.48       0  2972.10   22.58   22.58    N/A
0:    268435456      67108864     float     sum      -1  11660.6   23.02   23.02       0  11650.1   23.04   23.04    N/A
0: # Out of bounds values : 0 OK
0: # Avg bus bandwidth    : 20.8133 
0: #
0: # Collective test concluded: sendrecv_perf_mpi
0: #
0: 

##### pass 2/8  cross nid007133:g2 <-> nid007195:g2  sendrecv
0: 
0: WARNING: FI_CXI_RDZV_PROTO=alt_read is configured, but the Slurm network is
0: not set to disable rendezvous GET. Performance/stability may be impacted.
0: 
0: Expected Slurm launch:
0:   srun --network=disable_rdzv_get ...
0: or
0:   SLURM_NETWORK=disable_rdzv_get srun ...
0: 
0: Context:
0:   SLURM_NETWORK=<unset>
0:   FI_PROVIDER=cxi
0:   FI_CXI_RDZV_PROTO=alt_read
0: 
0: # nccl-tests version 2.17.8 nccl-headers=22902 nccl-library=22903
0: # Collective test starting: sendrecv_perf_mpi
0: # nThread 1 nGpus 1 minBytes 16777216 maxBytes 268435456 step: 4(factor) warmup iters: 5 iters: 20 agg iters: 1 validation: 1 graph: 0
0: #
0: # Using devices
0: #  Rank  0 Group  0 Pid 237300 on  nid007133 device  0 [0029:01:00] NVIDIA GH200 120GB
0: #  Rank  1 Group  0 Pid  64261 on  nid007195 device  0 [0029:01:00] NVIDIA GH200 120GB
0: #
0: #                                                              out-of-place                       in-place          
0: #       size         count      type   redop    root     time   algbw   busbw  #wrong     time   algbw   busbw  #wrong 
0: #        (B)    (elements)                               (us)  (GB/s)  (GB/s)             (us)  (GB/s)  (GB/s)         
0:     16777216       4194304     float     sum      -1   968.20   17.33   17.33       0   788.62   21.27   21.27    N/A
0:     67108864      16777216     float     sum      -1  2977.33   22.54   22.54       0  2973.01   22.57   22.57    N/A
0:    268435456      67108864     float     sum      -1  11643.6   23.05   23.05       0  11644.6   23.05   23.05    N/A
0: # Out of bounds values : 0 OK
0: # Avg bus bandwidth    : 21.637 
0: #
0: # Collective test concluded: sendrecv_perf_mpi
0: #
0: 

##### pass 2/8  cross nid007133:g2 <-> nid007195:g3  sendrecv
0: 
0: WARNING: FI_CXI_RDZV_PROTO=alt_read is configured, but the Slurm network is
0: not set to disable rendezvous GET. Performance/stability may be impacted.
0: 
0: Expected Slurm launch:
0:   srun --network=disable_rdzv_get ...
0: or
0:   SLURM_NETWORK=disable_rdzv_get srun ...
0: 
0: Context:
0:   SLURM_NETWORK=<unset>
0:   FI_PROVIDER=cxi
0:   FI_CXI_RDZV_PROTO=alt_read
0: 
0: # nccl-tests version 2.17.8 nccl-headers=22902 nccl-library=22903
0: # Collective test starting: sendrecv_perf_mpi
0: # nThread 1 nGpus 1 minBytes 16777216 maxBytes 268435456 step: 4(factor) warmup iters: 5 iters: 20 agg iters: 1 validation: 1 graph: 0
0: #
0: # Using devices
0: #  Rank  0 Group  0 Pid 238331 on  nid007133 device  0 [0029:01:00] NVIDIA GH200 120GB
0: #  Rank  1 Group  0 Pid  65263 on  nid007195 device  0 [0039:01:00] NVIDIA GH200 120GB
0: #
0: #                                                              out-of-place                       in-place          
0: #       size         count      type   redop    root     time   algbw   busbw  #wrong     time   algbw   busbw  #wrong 
0: #        (B)    (elements)                               (us)  (GB/s)  (GB/s)             (us)  (GB/s)  (GB/s)         
0:     16777216       4194304     float     sum      -1   937.12   17.90   17.90       0   785.44   21.36   21.36    N/A
0:     67108864      16777216     float     sum      -1  2989.20   22.45   22.45       0  2975.72   22.55   22.55    N/A
0:    268435456      67108864     float     sum      -1  11634.0   23.07   23.07       0  11647.2   23.05   23.05    N/A
0: # Out of bounds values : 0 OK
0: # Avg bus bandwidth    : 21.7311 
0: #
0: # Collective test concluded: sendrecv_perf_mpi
0: #
0: 

##### pass 2/8  cross nid007133:g3 <-> nid007195:g0  sendrecv
0: 
0: WARNING: FI_CXI_RDZV_PROTO=alt_read is configured, but the Slurm network is
0: not set to disable rendezvous GET. Performance/stability may be impacted.
0: 
0: Expected Slurm launch:
0:   srun --network=disable_rdzv_get ...
0: or
0:   SLURM_NETWORK=disable_rdzv_get srun ...
0: 
0: Context:
0:   SLURM_NETWORK=<unset>
0:   FI_PROVIDER=cxi
0:   FI_CXI_RDZV_PROTO=alt_read
0: 
0: # nccl-tests version 2.17.8 nccl-headers=22902 nccl-library=22903
0: # Collective test starting: sendrecv_perf_mpi
0: # nThread 1 nGpus 1 minBytes 16777216 maxBytes 268435456 step: 4(factor) warmup iters: 5 iters: 20 agg iters: 1 validation: 1 graph: 0
0: #
0: # Using devices
0: #  Rank  0 Group  0 Pid 239359 on  nid007133 device  0 [0039:01:00] NVIDIA GH200 120GB
0: #  Rank  1 Group  0 Pid  66232 on  nid007195 device  0 [0009:01:00] NVIDIA GH200 120GB
0: #
0: #                                                              out-of-place                       in-place          
0: #       size         count      type   redop    root     time   algbw   busbw  #wrong     time   algbw   busbw  #wrong 
0: #        (B)    (elements)                               (us)  (GB/s)  (GB/s)             (us)  (GB/s)  (GB/s)         
0:     16777216       4194304     float     sum      -1   945.19   17.75   17.75       0   776.66   21.60   21.60    N/A
0:     67108864      16777216     float     sum      -1  2958.47   22.68   22.68       0  2956.10   22.70   22.70    N/A
0:    268435456      67108864     float     sum      -1  11613.6   23.11   23.11       0  11621.6   23.10   23.10    N/A
0: # Out of bounds values : 0 OK
0: # Avg bus bandwidth    : 21.8249 
0: #
0: # Collective test concluded: sendrecv_perf_mpi
0: #
0: 

##### pass 2/8  cross nid007133:g3 <-> nid007195:g1  sendrecv
0: 
0: WARNING: FI_CXI_RDZV_PROTO=alt_read is configured, but the Slurm network is
0: not set to disable rendezvous GET. Performance/stability may be impacted.
0: 
0: Expected Slurm launch:
0:   srun --network=disable_rdzv_get ...
0: or
0:   SLURM_NETWORK=disable_rdzv_get srun ...
0: 
0: Context:
0:   SLURM_NETWORK=<unset>
0:   FI_PROVIDER=cxi
0:   FI_CXI_RDZV_PROTO=alt_read
0: 
0: # nccl-tests version 2.17.8 nccl-headers=22902 nccl-library=22903
0: # Collective test starting: sendrecv_perf_mpi
0: # nThread 1 nGpus 1 minBytes 16777216 maxBytes 268435456 step: 4(factor) warmup iters: 5 iters: 20 agg iters: 1 validation: 1 graph: 0
0: #
0: # Using devices
0: #  Rank  0 Group  0 Pid 240360 on  nid007133 device  0 [0039:01:00] NVIDIA GH200 120GB
0: #  Rank  1 Group  0 Pid  67226 on  nid007195 device  0 [0019:01:00] NVIDIA GH200 120GB
0: #
0: #                                                              out-of-place                       in-place          
0: #       size         count      type   redop    root     time   algbw   busbw  #wrong     time   algbw   busbw  #wrong 
0: #        (B)    (elements)                               (us)  (GB/s)  (GB/s)             (us)  (GB/s)  (GB/s)         
0:     16777216       4194304     float     sum      -1   999.29   16.79   16.79       0   786.74   21.33   21.33    N/A
0:     67108864      16777216     float     sum      -1  2979.66   22.52   22.52       0  2982.50   22.50   22.50    N/A
0:    268435456      67108864     float     sum      -1  11649.8   23.04   23.04       0  11664.6   23.01   23.01    N/A
0: # Out of bounds values : 0 OK
0: # Avg bus bandwidth    : 21.532 
0: #
0: # Collective test concluded: sendrecv_perf_mpi
0: #
0: 

##### pass 2/8  cross nid007133:g3 <-> nid007195:g2  sendrecv
0: 
0: WARNING: FI_CXI_RDZV_PROTO=alt_read is configured, but the Slurm network is
0: not set to disable rendezvous GET. Performance/stability may be impacted.
0: 
0: Expected Slurm launch:
0:   srun --network=disable_rdzv_get ...
0: or
0:   SLURM_NETWORK=disable_rdzv_get srun ...
0: 
0: Context:
0:   SLURM_NETWORK=<unset>
0:   FI_PROVIDER=cxi
0:   FI_CXI_RDZV_PROTO=alt_read
0: 
0: # nccl-tests version 2.17.8 nccl-headers=22902 nccl-library=22903
0: # Collective test starting: sendrecv_perf_mpi
0: # nThread 1 nGpus 1 minBytes 16777216 maxBytes 268435456 step: 4(factor) warmup iters: 5 iters: 20 agg iters: 1 validation: 1 graph: 0
0: #
0: # Using devices
0: #  Rank  0 Group  0 Pid 241378 on  nid007133 device  0 [0039:01:00] NVIDIA GH200 120GB
0: #  Rank  1 Group  0 Pid  68189 on  nid007195 device  0 [0029:01:00] NVIDIA GH200 120GB
0: #
0: #                                                              out-of-place                       in-place          
0: #       size         count      type   redop    root     time   algbw   busbw  #wrong     time   algbw   busbw  #wrong 
0: #        (B)    (elements)                               (us)  (GB/s)  (GB/s)             (us)  (GB/s)  (GB/s)         
0:     16777216       4194304     float     sum      -1  1346.02   12.46   12.46       0   792.06   21.18   21.18    N/A
0:     67108864      16777216     float     sum      -1  2973.52   22.57   22.57       0  2977.48   22.54   22.54    N/A
0:    268435456      67108864     float     sum      -1  11645.5   23.05   23.05       0  11649.9   23.04   23.04    N/A
0: # Out of bounds values : 0 OK
0: # Avg bus bandwidth    : 20.8077 
0: #
0: # Collective test concluded: sendrecv_perf_mpi
0: #
0: 

##### pass 2/8  cross nid007133:g3 <-> nid007195:g3  sendrecv
0: 
0: WARNING: FI_CXI_RDZV_PROTO=alt_read is configured, but the Slurm network is
0: not set to disable rendezvous GET. Performance/stability may be impacted.
0: 
0: Expected Slurm launch:
0:   srun --network=disable_rdzv_get ...
0: or
0:   SLURM_NETWORK=disable_rdzv_get srun ...
0: 
0: Context:
0:   SLURM_NETWORK=<unset>
0:   FI_PROVIDER=cxi
0:   FI_CXI_RDZV_PROTO=alt_read
0: 
0: # nccl-tests version 2.17.8 nccl-headers=22902 nccl-library=22903
0: # Collective test starting: sendrecv_perf_mpi
0: # nThread 1 nGpus 1 minBytes 16777216 maxBytes 268435456 step: 4(factor) warmup iters: 5 iters: 20 agg iters: 1 validation: 1 graph: 0
0: #
0: # Using devices
0: #  Rank  0 Group  0 Pid 242525 on  nid007133 device  0 [0039:01:00] NVIDIA GH200 120GB
0: #  Rank  1 Group  0 Pid  69192 on  nid007195 device  0 [0039:01:00] NVIDIA GH200 120GB
0: #
0: #                                                              out-of-place                       in-place          
0: #       size         count      type   redop    root     time   algbw   busbw  #wrong     time   algbw   busbw  #wrong 
0: #        (B)    (elements)                               (us)  (GB/s)  (GB/s)             (us)  (GB/s)  (GB/s)         
0:     16777216       4194304     float     sum      -1  1190.34   14.09   14.09       0   793.73   21.14   21.14    N/A
0:     67108864      16777216     float     sum      -1  3918.72   17.13   17.13       0  2967.25   22.62   22.62    N/A
0:    268435456      67108864     float     sum      -1  11639.3   23.06   23.06       0  11648.3   23.05   23.05    N/A
0: # Out of bounds values : 0 OK
0: # Avg bus bandwidth    : 20.1802 
0: #
0: # Collective test concluded: sendrecv_perf_mpi
0: #
0: 

##### pass 3/8  cross nid007133:g0 <-> nid007195:g0  sendrecv
0: 
0: WARNING: FI_CXI_RDZV_PROTO=alt_read is configured, but the Slurm network is
0: not set to disable rendezvous GET. Performance/stability may be impacted.
0: 
0: Expected Slurm launch:
0:   srun --network=disable_rdzv_get ...
0: or
0:   SLURM_NETWORK=disable_rdzv_get srun ...
0: 
0: Context:
0:   SLURM_NETWORK=<unset>
0:   FI_PROVIDER=cxi
0:   FI_CXI_RDZV_PROTO=alt_read
0: 
0: # nccl-tests version 2.17.8 nccl-headers=22902 nccl-library=22903
0: # Collective test starting: sendrecv_perf_mpi
0: # nThread 1 nGpus 1 minBytes 16777216 maxBytes 268435456 step: 4(factor) warmup iters: 5 iters: 20 agg iters: 1 validation: 1 graph: 0
0: #
0: # Using devices
0: #  Rank  0 Group  0 Pid 243538 on  nid007133 device  0 [0009:01:00] NVIDIA GH200 120GB
0: #  Rank  1 Group  0 Pid  70191 on  nid007195 device  0 [0009:01:00] NVIDIA GH200 120GB
0: #
0: #                                                              out-of-place                       in-place          
0: #       size         count      type   redop    root     time   algbw   busbw  #wrong     time   algbw   busbw  #wrong 
0: #        (B)    (elements)                               (us)  (GB/s)  (GB/s)             (us)  (GB/s)  (GB/s)         
0:     16777216       4194304     float     sum      -1   928.23   18.07   18.07       0   779.62   21.52   21.52    N/A
0:     67108864      16777216     float     sum      -1  2994.90   22.41   22.41       0  2994.09   22.41   22.41    N/A
0:    268435456      67108864     float     sum      -1  11881.0   22.59   22.59       0  11660.9   23.02   23.02    N/A
0: # Out of bounds values : 0 OK
0: # Avg bus bandwidth    : 21.6716 
0: #
0: # Collective test concluded: sendrecv_perf_mpi
0: #
0: 

##### pass 3/8  cross nid007133:g0 <-> nid007195:g1  sendrecv
0: 
0: WARNING: FI_CXI_RDZV_PROTO=alt_read is configured, but the Slurm network is
0: not set to disable rendezvous GET. Performance/stability may be impacted.
0: 
0: Expected Slurm launch:
0:   srun --network=disable_rdzv_get ...
0: or
0:   SLURM_NETWORK=disable_rdzv_get srun ...
0: 
0: Context:
0:   SLURM_NETWORK=<unset>
0:   FI_PROVIDER=cxi
0:   FI_CXI_RDZV_PROTO=alt_read
0: 
0: # nccl-tests version 2.17.8 nccl-headers=22902 nccl-library=22903
0: # Collective test starting: sendrecv_perf_mpi
0: # nThread 1 nGpus 1 minBytes 16777216 maxBytes 268435456 step: 4(factor) warmup iters: 5 iters: 20 agg iters: 1 validation: 1 graph: 0
0: #
0: # Using devices
0: #  Rank  0 Group  0 Pid 244533 on  nid007133 device  0 [0009:01:00] NVIDIA GH200 120GB
0: #  Rank  1 Group  0 Pid  71165 on  nid007195 device  0 [0019:01:00] NVIDIA GH200 120GB
0: #
0: #                                                              out-of-place                       in-place          
0: #       size         count      type   redop    root     time   algbw   busbw  #wrong     time   algbw   busbw  #wrong 
0: #        (B)    (elements)                               (us)  (GB/s)  (GB/s)             (us)  (GB/s)  (GB/s)         
0:     16777216       4194304     float     sum      -1   939.09   17.87   17.87       0   780.27   21.50   21.50    N/A
0:     67108864      16777216     float     sum      -1  2955.99   22.70   22.70       0  2952.45   22.73   22.73    N/A
0:    268435456      67108864     float     sum      -1  11620.0   23.10   23.10       0  11622.8   23.10   23.10    N/A
0: # Out of bounds values : 0 OK
0: # Avg bus bandwidth    : 21.8328 
0: #
0: # Collective test concluded: sendrecv_perf_mpi
0: #
0: 

##### pass 3/8  cross nid007133:g0 <-> nid007195:g2  sendrecv
0: 
0: WARNING: FI_CXI_RDZV_PROTO=alt_read is configured, but the Slurm network is
0: not set to disable rendezvous GET. Performance/stability may be impacted.
0: 
0: Expected Slurm launch:
0:   srun --network=disable_rdzv_get ...
0: or
0:   SLURM_NETWORK=disable_rdzv_get srun ...
0: 
0: Context:
0:   SLURM_NETWORK=<unset>
0:   FI_PROVIDER=cxi
0:   FI_CXI_RDZV_PROTO=alt_read
0: 
0: # nccl-tests version 2.17.8 nccl-headers=22902 nccl-library=22903
0: # Collective test starting: sendrecv_perf_mpi
0: # nThread 1 nGpus 1 minBytes 16777216 maxBytes 268435456 step: 4(factor) warmup iters: 5 iters: 20 agg iters: 1 validation: 1 graph: 0
0: #
0: # Using devices
0: #  Rank  0 Group  0 Pid 245541 on  nid007133 device  0 [0009:01:00] NVIDIA GH200 120GB
0: #  Rank  1 Group  0 Pid  72163 on  nid007195 device  0 [0029:01:00] NVIDIA GH200 120GB
0: #
0: #                                                              out-of-place                       in-place          
0: #       size         count      type   redop    root     time   algbw   busbw  #wrong     time   algbw   busbw  #wrong 
0: #        (B)    (elements)                               (us)  (GB/s)  (GB/s)             (us)  (GB/s)  (GB/s)         
0:     16777216       4194304     float     sum      -1  1202.41   13.95   13.95       0   780.70   21.49   21.49    N/A
0:     67108864      16777216     float     sum      -1  2961.03   22.66   22.66       0  2956.23   22.70   22.70    N/A
0:    268435456      67108864     float     sum      -1  11644.6   23.05   23.05       0  11666.9   23.01   23.01    N/A
0: # Out of bounds values : 0 OK
0: # Avg bus bandwidth    : 21.1447 
0: #
0: # Collective test concluded: sendrecv_perf_mpi
0: #
0: 

##### pass 3/8  cross nid007133:g0 <-> nid007195:g3  sendrecv
0: 
0: WARNING: FI_CXI_RDZV_PROTO=alt_read is configured, but the Slurm network is
0: not set to disable rendezvous GET. Performance/stability may be impacted.
0: 
0: Expected Slurm launch:
0:   srun --network=disable_rdzv_get ...
0: or
0:   SLURM_NETWORK=disable_rdzv_get srun ...
0: 
0: Context:
0:   SLURM_NETWORK=<unset>
0:   FI_PROVIDER=cxi
0:   FI_CXI_RDZV_PROTO=alt_read
0: 
0: # nccl-tests version 2.17.8 nccl-headers=22902 nccl-library=22903
0: # Collective test starting: sendrecv_perf_mpi
0: # nThread 1 nGpus 1 minBytes 16777216 maxBytes 268435456 step: 4(factor) warmup iters: 5 iters: 20 agg iters: 1 validation: 1 graph: 0
0: #
0: # Using devices
0: #  Rank  0 Group  0 Pid 246549 on  nid007133 device  0 [0009:01:00] NVIDIA GH200 120GB
0: #  Rank  1 Group  0 Pid  73136 on  nid007195 device  0 [0039:01:00] NVIDIA GH200 120GB
0: #
0: #                                                              out-of-place                       in-place          
0: #       size         count      type   redop    root     time   algbw   busbw  #wrong     time   algbw   busbw  #wrong 
0: #        (B)    (elements)                               (us)  (GB/s)  (GB/s)             (us)  (GB/s)  (GB/s)         
0:     16777216       4194304     float     sum      -1  1099.98   15.25   15.25       0   781.24   21.48   21.48    N/A
0:     67108864      16777216     float     sum      -1  2961.69   22.66   22.66       0  2964.00   22.64   22.64    N/A
0:    268435456      67108864     float     sum      -1  11633.1   23.08   23.08       0  11630.6   23.08   23.08    N/A
0: # Out of bounds values : 0 OK
0: # Avg bus bandwidth    : 21.3638 
0: #
0: # Collective test concluded: sendrecv_perf_mpi
0: #
0: 

##### pass 3/8  cross nid007133:g1 <-> nid007195:g0  sendrecv
0: 
0: WARNING: FI_CXI_RDZV_PROTO=alt_read is configured, but the Slurm network is
0: not set to disable rendezvous GET. Performance/stability may be impacted.
0: 
0: Expected Slurm launch:
0:   srun --network=disable_rdzv_get ...
0: or
0:   SLURM_NETWORK=disable_rdzv_get srun ...
0: 
0: Context:
0:   SLURM_NETWORK=<unset>
0:   FI_PROVIDER=cxi
0:   FI_CXI_RDZV_PROTO=alt_read
0: 
0: # nccl-tests version 2.17.8 nccl-headers=22902 nccl-library=22903
0: # Collective test starting: sendrecv_perf_mpi
0: # nThread 1 nGpus 1 minBytes 16777216 maxBytes 268435456 step: 4(factor) warmup iters: 5 iters: 20 agg iters: 1 validation: 1 graph: 0
0: #
0: # Using devices
0: #  Rank  0 Group  0 Pid 247565 on  nid007133 device  0 [0019:01:00] NVIDIA GH200 120GB
0: #  Rank  1 Group  0 Pid  74124 on  nid007195 device  0 [0009:01:00] NVIDIA GH200 120GB
0: #
0: #                                                              out-of-place                       in-place          
0: #       size         count      type   redop    root     time   algbw   busbw  #wrong     time   algbw   busbw  #wrong 
0: #        (B)    (elements)                               (us)  (GB/s)  (GB/s)             (us)  (GB/s)  (GB/s)         
0:     16777216       4194304     float     sum      -1   954.32   17.58   17.58       0   778.50   21.55   21.55    N/A
0:     67108864      16777216     float     sum      -1  2955.71   22.70   22.70       0  2952.03   22.73   22.73    N/A
0:    268435456      67108864     float     sum      -1  11640.1   23.06   23.06       0  11625.5   23.09   23.09    N/A
0: # Out of bounds values : 0 OK
0: # Avg bus bandwidth    : 21.7867 
0: #
0: # Collective test concluded: sendrecv_perf_mpi
0: #
0: 

##### pass 3/8  cross nid007133:g1 <-> nid007195:g1  sendrecv
0: 
0: WARNING: FI_CXI_RDZV_PROTO=alt_read is configured, but the Slurm network is
0: not set to disable rendezvous GET. Performance/stability may be impacted.
0: 
0: Expected Slurm launch:
0:   srun --network=disable_rdzv_get ...
0: or
0:   SLURM_NETWORK=disable_rdzv_get srun ...
0: 
0: Context:
0:   SLURM_NETWORK=<unset>
0:   FI_PROVIDER=cxi
0:   FI_CXI_RDZV_PROTO=alt_read
0: 
0: # nccl-tests version 2.17.8 nccl-headers=22902 nccl-library=22903
0: # Collective test starting: sendrecv_perf_mpi
0: # nThread 1 nGpus 1 minBytes 16777216 maxBytes 268435456 step: 4(factor) warmup iters: 5 iters: 20 agg iters: 1 validation: 1 graph: 0
0: #
0: # Using devices
0: #  Rank  0 Group  0 Pid 248585 on  nid007133 device  0 [0019:01:00] NVIDIA GH200 120GB
0: #  Rank  1 Group  0 Pid  75101 on  nid007195 device  0 [0019:01:00] NVIDIA GH200 120GB
0: #
0: #                                                              out-of-place                       in-place          
0: #       size         count      type   redop    root     time   algbw   busbw  #wrong     time   algbw   busbw  #wrong 
0: #        (B)    (elements)                               (us)  (GB/s)  (GB/s)             (us)  (GB/s)  (GB/s)         
0:     16777216       4194304     float     sum      -1   997.58   16.82   16.82       0   787.25   21.31   21.31    N/A
0:     67108864      16777216     float     sum      -1  2977.44   22.54   22.54       0  3653.51   18.37   18.37    N/A
0:    268435456      67108864     float     sum      -1  11658.9   23.02   23.02       0  11657.3   23.03   23.03    N/A
0: # Out of bounds values : 0 OK
0: # Avg bus bandwidth    : 20.848 
0: #
0: # Collective test concluded: sendrecv_perf_mpi
0: #
0: 

##### pass 3/8  cross nid007133:g1 <-> nid007195:g2  sendrecv
0: 
0: WARNING: FI_CXI_RDZV_PROTO=alt_read is configured, but the Slurm network is
0: not set to disable rendezvous GET. Performance/stability may be impacted.
0: 
0: Expected Slurm launch:
0:   srun --network=disable_rdzv_get ...
0: or
0:   SLURM_NETWORK=disable_rdzv_get srun ...
0: 
0: Context:
0:   SLURM_NETWORK=<unset>
0:   FI_PROVIDER=cxi
0:   FI_CXI_RDZV_PROTO=alt_read
0: 
0: # nccl-tests version 2.17.8 nccl-headers=22902 nccl-library=22903
0: # Collective test starting: sendrecv_perf_mpi
0: # nThread 1 nGpus 1 minBytes 16777216 maxBytes 268435456 step: 4(factor) warmup iters: 5 iters: 20 agg iters: 1 validation: 1 graph: 0
0: #
0: # Using devices
0: #  Rank  0 Group  0 Pid 249575 on  nid007133 device  0 [0019:01:00] NVIDIA GH200 120GB
0: #  Rank  1 Group  0 Pid  76126 on  nid007195 device  0 [0029:01:00] NVIDIA GH200 120GB
0: #
0: #                                                              out-of-place                       in-place          
0: #       size         count      type   redop    root     time   algbw   busbw  #wrong     time   algbw   busbw  #wrong 
0: #        (B)    (elements)                               (us)  (GB/s)  (GB/s)             (us)  (GB/s)  (GB/s)         
0:     16777216       4194304     float     sum      -1  1278.37   13.12   13.12       0   785.30   21.36   21.36    N/A
0:     67108864      16777216     float     sum      -1  2981.86   22.51   22.51       0  2974.40   22.56   22.56    N/A
0:    268435456      67108864     float     sum      -1  11661.3   23.02   23.02       0  11646.4   23.05   23.05    N/A
0: # Out of bounds values : 0 OK
0: # Avg bus bandwidth    : 20.9374 
0: #
0: # Collective test concluded: sendrecv_perf_mpi
0: #
0: 

##### pass 3/8  cross nid007133:g1 <-> nid007195:g3  sendrecv
0: 
0: WARNING: FI_CXI_RDZV_PROTO=alt_read is configured, but the Slurm network is
0: not set to disable rendezvous GET. Performance/stability may be impacted.
0: 
0: Expected Slurm launch:
0:   srun --network=disable_rdzv_get ...
0: or
0:   SLURM_NETWORK=disable_rdzv_get srun ...
0: 
0: Context:
0:   SLURM_NETWORK=<unset>
0:   FI_PROVIDER=cxi
0:   FI_CXI_RDZV_PROTO=alt_read
0: 
0: # nccl-tests version 2.17.8 nccl-headers=22902 nccl-library=22903
0: # Collective test starting: sendrecv_perf_mpi
0: # nThread 1 nGpus 1 minBytes 16777216 maxBytes 268435456 step: 4(factor) warmup iters: 5 iters: 20 agg iters: 1 validation: 1 graph: 0
0: #
0: # Using devices
0: #  Rank  0 Group  0 Pid 250588 on  nid007133 device  0 [0019:01:00] NVIDIA GH200 120GB
0: #  Rank  1 Group  0 Pid  77214 on  nid007195 device  0 [0039:01:00] NVIDIA GH200 120GB
0: #
0: #                                                              out-of-place                       in-place          
0: #       size         count      type   redop    root     time   algbw   busbw  #wrong     time   algbw   busbw  #wrong 
0: #        (B)    (elements)                               (us)  (GB/s)  (GB/s)             (us)  (GB/s)  (GB/s)         
0:     16777216       4194304     float     sum      -1  1060.56   15.82   15.82       0   785.29   21.36   21.36    N/A
0:     67108864      16777216     float     sum      -1  2974.76   22.56   22.56       0  2979.84   22.52   22.52    N/A
0:    268435456      67108864     float     sum      -1  11681.4   22.98   22.98       0  11668.7   23.00   23.00    N/A
0: # Out of bounds values : 0 OK
0: # Avg bus bandwidth    : 21.3747 
0: #
0: # Collective test concluded: sendrecv_perf_mpi
0: #
0: 

##### pass 3/8  cross nid007133:g2 <-> nid007195:g0  sendrecv
0: 
0: WARNING: FI_CXI_RDZV_PROTO=alt_read is configured, but the Slurm network is
0: not set to disable rendezvous GET. Performance/stability may be impacted.
0: 
0: Expected Slurm launch:
0:   srun --network=disable_rdzv_get ...
0: or
0:   SLURM_NETWORK=disable_rdzv_get srun ...
0: 
0: Context:
0:   SLURM_NETWORK=<unset>
0:   FI_PROVIDER=cxi
0:   FI_CXI_RDZV_PROTO=alt_read
0: 
0: # nccl-tests version 2.17.8 nccl-headers=22902 nccl-library=22903
0: # Collective test starting: sendrecv_perf_mpi
0: # nThread 1 nGpus 1 minBytes 16777216 maxBytes 268435456 step: 4(factor) warmup iters: 5 iters: 20 agg iters: 1 validation: 1 graph: 0
0: #
0: # Using devices
0: #  Rank  0 Group  0 Pid 251602 on  nid007133 device  0 [0029:01:00] NVIDIA GH200 120GB
0: #  Rank  1 Group  0 Pid  78186 on  nid007195 device  0 [0009:01:00] NVIDIA GH200 120GB
0: #
0: #                                                              out-of-place                       in-place          
0: #       size         count      type   redop    root     time   algbw   busbw  #wrong     time   algbw   busbw  #wrong 
0: #        (B)    (elements)                               (us)  (GB/s)  (GB/s)             (us)  (GB/s)  (GB/s)         
0:     16777216       4194304     float     sum      -1  1482.72   11.32   11.32       0   788.86   21.27   21.27    N/A
0:     67108864      16777216     float     sum      -1  2958.56   22.68   22.68       0  2955.45   22.71   22.71    N/A
0:    268435456      67108864     float     sum      -1  11615.0   23.11   23.11       0  11617.9   23.11   23.11    N/A
0: # Out of bounds values : 0 OK
0: # Avg bus bandwidth    : 20.6982 
0: #
0: # Collective test concluded: sendrecv_perf_mpi
0: #
0: 

##### pass 3/8  cross nid007133:g2 <-> nid007195:g1  sendrecv
0: 
0: WARNING: FI_CXI_RDZV_PROTO=alt_read is configured, but the Slurm network is
0: not set to disable rendezvous GET. Performance/stability may be impacted.
0: 
0: Expected Slurm launch:
0:   srun --network=disable_rdzv_get ...
0: or
0:   SLURM_NETWORK=disable_rdzv_get srun ...
0: 
0: Context:
0:   SLURM_NETWORK=<unset>
0:   FI_PROVIDER=cxi
0:   FI_CXI_RDZV_PROTO=alt_read
0: 
0: # nccl-tests version 2.17.8 nccl-headers=22902 nccl-library=22903
0: # Collective test starting: sendrecv_perf_mpi
0: # nThread 1 nGpus 1 minBytes 16777216 maxBytes 268435456 step: 4(factor) warmup iters: 5 iters: 20 agg iters: 1 validation: 1 graph: 0
0: #
0: # Using devices
0: #  Rank  0 Group  0 Pid 252611 on  nid007133 device  0 [0029:01:00] NVIDIA GH200 120GB
0: #  Rank  1 Group  0 Pid  79172 on  nid007195 device  0 [0019:01:00] NVIDIA GH200 120GB
0: #
0: #                                                              out-of-place                       in-place          
0: #       size         count      type   redop    root     time   algbw   busbw  #wrong     time   algbw   busbw  #wrong 
0: #        (B)    (elements)                               (us)  (GB/s)  (GB/s)             (us)  (GB/s)  (GB/s)         
0:     16777216       4194304     float     sum      -1  1310.88   12.80   12.80       0   786.80   21.32   21.32    N/A
0:     67108864      16777216     float     sum      -1  2973.75   22.57   22.57       0  2976.41   22.55   22.55    N/A
0:    268435456      67108864     float     sum      -1  11643.5   23.05   23.05       0  11669.3   23.00   23.00    N/A
0: # Out of bounds values : 0 OK
0: # Avg bus bandwidth    : 20.8823 
0: #
0: # Collective test concluded: sendrecv_perf_mpi
0: #
0: 

##### pass 3/8  cross nid007133:g2 <-> nid007195:g2  sendrecv
0: 
0: WARNING: FI_CXI_RDZV_PROTO=alt_read is configured, but the Slurm network is
0: not set to disable rendezvous GET. Performance/stability may be impacted.
0: 
0: Expected Slurm launch:
0:   srun --network=disable_rdzv_get ...
0: or
0:   SLURM_NETWORK=disable_rdzv_get srun ...
0: 
0: Context:
0:   SLURM_NETWORK=<unset>
0:   FI_PROVIDER=cxi
0:   FI_CXI_RDZV_PROTO=alt_read
0: 
0: # nccl-tests version 2.17.8 nccl-headers=22902 nccl-library=22903
0: # Collective test starting: sendrecv_perf_mpi
0: # nThread 1 nGpus 1 minBytes 16777216 maxBytes 268435456 step: 4(factor) warmup iters: 5 iters: 20 agg iters: 1 validation: 1 graph: 0
0: #
0: # Using devices
0: #  Rank  0 Group  0 Pid 253603 on  nid007133 device  0 [0029:01:00] NVIDIA GH200 120GB
0: #  Rank  1 Group  0 Pid  80139 on  nid007195 device  0 [0029:01:00] NVIDIA GH200 120GB
0: #
0: #                                                              out-of-place                       in-place          
0: #       size         count      type   redop    root     time   algbw   busbw  #wrong     time   algbw   busbw  #wrong 
0: #        (B)    (elements)                               (us)  (GB/s)  (GB/s)             (us)  (GB/s)  (GB/s)         
0:     16777216       4194304     float     sum      -1  1034.63   16.22   16.22       0   786.88   21.32   21.32    N/A
0:     67108864      16777216     float     sum      -1  2973.01   22.57   22.57       0  2959.56   22.68   22.68    N/A
0:    268435456      67108864     float     sum      -1  11633.8   23.07   23.07       0  11637.2   23.07   23.07    N/A
0: # Out of bounds values : 0 OK
0: # Avg bus bandwidth    : 21.4876 
0: #
0: # Collective test concluded: sendrecv_perf_mpi
0: #
0: 

##### pass 3/8  cross nid007133:g2 <-> nid007195:g3  sendrecv
0: 
0: WARNING: FI_CXI_RDZV_PROTO=alt_read is configured, but the Slurm network is
0: not set to disable rendezvous GET. Performance/stability may be impacted.
0: 
0: Expected Slurm launch:
0:   srun --network=disable_rdzv_get ...
0: or
0:   SLURM_NETWORK=disable_rdzv_get srun ...
0: 
0: Context:
0:   SLURM_NETWORK=<unset>
0:   FI_PROVIDER=cxi
0:   FI_CXI_RDZV_PROTO=alt_read
0: 
0: # nccl-tests version 2.17.8 nccl-headers=22902 nccl-library=22903
0: # Collective test starting: sendrecv_perf_mpi
0: # nThread 1 nGpus 1 minBytes 16777216 maxBytes 268435456 step: 4(factor) warmup iters: 5 iters: 20 agg iters: 1 validation: 1 graph: 0
0: #
0: # Using devices
0: #  Rank  0 Group  0 Pid 254615 on  nid007133 device  0 [0029:01:00] NVIDIA GH200 120GB
0: #  Rank  1 Group  0 Pid  81128 on  nid007195 device  0 [0039:01:00] NVIDIA GH200 120GB
0: #
0: #                                                              out-of-place                       in-place          
0: #       size         count      type   redop    root     time   algbw   busbw  #wrong     time   algbw   busbw  #wrong 
0: #        (B)    (elements)                               (us)  (GB/s)  (GB/s)             (us)  (GB/s)  (GB/s)         
0:     16777216       4194304     float     sum      -1   951.57   17.63   17.63       0   786.70   21.33   21.33    N/A
0:     67108864      16777216     float     sum      -1  2973.85   22.57   22.57       0  2973.55   22.57   22.57    N/A
0:    268435456      67108864     float     sum      -1  11641.2   23.06   23.06       0  11641.3   23.06   23.06    N/A
0: # Out of bounds values : 0 OK
0: # Avg bus bandwidth    : 21.7017 
0: #
0: # Collective test concluded: sendrecv_perf_mpi
0: #
0: 

##### pass 3/8  cross nid007133:g3 <-> nid007195:g0  sendrecv
0: 
0: WARNING: FI_CXI_RDZV_PROTO=alt_read is configured, but the Slurm network is
0: not set to disable rendezvous GET. Performance/stability may be impacted.
0: 
0: Expected Slurm launch:
0:   srun --network=disable_rdzv_get ...
0: or
0:   SLURM_NETWORK=disable_rdzv_get srun ...
0: 
0: Context:
0:   SLURM_NETWORK=<unset>
0:   FI_PROVIDER=cxi
0:   FI_CXI_RDZV_PROTO=alt_read
0: 
0: # nccl-tests version 2.17.8 nccl-headers=22902 nccl-library=22903
0: # Collective test starting: sendrecv_perf_mpi
0: # nThread 1 nGpus 1 minBytes 16777216 maxBytes 268435456 step: 4(factor) warmup iters: 5 iters: 20 agg iters: 1 validation: 1 graph: 0
0: #
0: # Using devices
0: #  Rank  0 Group  0 Pid 255626 on  nid007133 device  0 [0039:01:00] NVIDIA GH200 120GB
0: #  Rank  1 Group  0 Pid  82097 on  nid007195 device  0 [0009:01:00] NVIDIA GH200 120GB
0: #
0: #                                                              out-of-place                       in-place          
0: #       size         count      type   redop    root     time   algbw   busbw  #wrong     time   algbw   busbw  #wrong 
0: #        (B)    (elements)                               (us)  (GB/s)  (GB/s)             (us)  (GB/s)  (GB/s)         
0:     16777216       4194304     float     sum      -1  1155.41   14.52   14.52       0   776.11   21.62   21.62    N/A
0:     67108864      16777216     float     sum      -1  2960.83   22.67   22.67       0  2955.43   22.71   22.71    N/A
0:    268435456      67108864     float     sum      -1  11617.5   23.11   23.11       0  11607.9   23.13   23.13    N/A
0: # Out of bounds values : 0 OK
0: # Avg bus bandwidth    : 21.2902 
0: #
0: # Collective test concluded: sendrecv_perf_mpi
0: #
0: 

##### pass 3/8  cross nid007133:g3 <-> nid007195:g1  sendrecv
0: 
0: WARNING: FI_CXI_RDZV_PROTO=alt_read is configured, but the Slurm network is
0: not set to disable rendezvous GET. Performance/stability may be impacted.
0: 
0: Expected Slurm launch:
0:   srun --network=disable_rdzv_get ...
0: or
0:   SLURM_NETWORK=disable_rdzv_get srun ...
0: 
0: Context:
0:   SLURM_NETWORK=<unset>
0:   FI_PROVIDER=cxi
0:   FI_CXI_RDZV_PROTO=alt_read
0: 
0: # nccl-tests version 2.17.8 nccl-headers=22902 nccl-library=22903
0: # Collective test starting: sendrecv_perf_mpi
0: # nThread 1 nGpus 1 minBytes 16777216 maxBytes 268435456 step: 4(factor) warmup iters: 5 iters: 20 agg iters: 1 validation: 1 graph: 0
0: #
0: # Using devices
0: #  Rank  0 Group  0 Pid 256618 on  nid007133 device  0 [0039:01:00] NVIDIA GH200 120GB
0: #  Rank  1 Group  0 Pid  83093 on  nid007195 device  0 [0019:01:00] NVIDIA GH200 120GB
0: #
0: #                                                              out-of-place                       in-place          
0: #       size         count      type   redop    root     time   algbw   busbw  #wrong     time   algbw   busbw  #wrong 
0: #        (B)    (elements)                               (us)  (GB/s)  (GB/s)             (us)  (GB/s)  (GB/s)         
0:     16777216       4194304     float     sum      -1  1204.24   13.93   13.93       0   787.91   21.29   21.29    N/A
0:     67108864      16777216     float     sum      -1  2979.63   22.52   22.52       0  2975.41   22.55   22.55    N/A
0:    268435456      67108864     float     sum      -1  11647.7   23.05   23.05       0  11670.1   23.00   23.00    N/A
0: # Out of bounds values : 0 OK
0: # Avg bus bandwidth    : 21.0584 
0: #
0: # Collective test concluded: sendrecv_perf_mpi
0: #
0: 

##### pass 3/8  cross nid007133:g3 <-> nid007195:g2  sendrecv
0: 
0: WARNING: FI_CXI_RDZV_PROTO=alt_read is configured, but the Slurm network is
0: not set to disable rendezvous GET. Performance/stability may be impacted.
0: 
0: Expected Slurm launch:
0:   srun --network=disable_rdzv_get ...
0: or
0:   SLURM_NETWORK=disable_rdzv_get srun ...
0: 
0: Context:
0:   SLURM_NETWORK=<unset>
0:   FI_PROVIDER=cxi
0:   FI_CXI_RDZV_PROTO=alt_read
0: 
0: # nccl-tests version 2.17.8 nccl-headers=22902 nccl-library=22903
0: # Collective test starting: sendrecv_perf_mpi
0: # nThread 1 nGpus 1 minBytes 16777216 maxBytes 268435456 step: 4(factor) warmup iters: 5 iters: 20 agg iters: 1 validation: 1 graph: 0
0: #
0: # Using devices
0: #  Rank  0 Group  0 Pid 257627 on  nid007133 device  0 [0039:01:00] NVIDIA GH200 120GB
0: #  Rank  1 Group  0 Pid  84084 on  nid007195 device  0 [0029:01:00] NVIDIA GH200 120GB
0: #
0: #                                                              out-of-place                       in-place          
0: #       size         count      type   redop    root     time   algbw   busbw  #wrong     time   algbw   busbw  #wrong 
0: #        (B)    (elements)                               (us)  (GB/s)  (GB/s)             (us)  (GB/s)  (GB/s)         
0:     16777216       4194304     float     sum      -1  1094.67   15.33   15.33       0   788.16   21.29   21.29    N/A
0:     67108864      16777216     float     sum      -1  2971.97   22.58   22.58       0  3528.88   19.02   19.02    N/A
0:    268435456      67108864     float     sum      -1  11646.8   23.05   23.05       0  11647.8   23.05   23.05    N/A
0: # Out of bounds values : 0 OK
0: # Avg bus bandwidth    : 20.7174 
0: #
0: # Collective test concluded: sendrecv_perf_mpi
0: #
0: 

##### pass 3/8  cross nid007133:g3 <-> nid007195:g3  sendrecv
0: 
0: WARNING: FI_CXI_RDZV_PROTO=alt_read is configured, but the Slurm network is
0: not set to disable rendezvous GET. Performance/stability may be impacted.
0: 
0: Expected Slurm launch:
0:   srun --network=disable_rdzv_get ...
0: or
0:   SLURM_NETWORK=disable_rdzv_get srun ...
0: 
0: Context:
0:   SLURM_NETWORK=<unset>
0:   FI_PROVIDER=cxi
0:   FI_CXI_RDZV_PROTO=alt_read
0: 
0: # nccl-tests version 2.17.8 nccl-headers=22902 nccl-library=22903
0: # Collective test starting: sendrecv_perf_mpi
0: # nThread 1 nGpus 1 minBytes 16777216 maxBytes 268435456 step: 4(factor) warmup iters: 5 iters: 20 agg iters: 1 validation: 1 graph: 0
0: #
0: # Using devices
0: #  Rank  0 Group  0 Pid 258615 on  nid007133 device  0 [0039:01:00] NVIDIA GH200 120GB
0: #  Rank  1 Group  0 Pid  85044 on  nid007195 device  0 [0039:01:00] NVIDIA GH200 120GB
0: #
0: #                                                              out-of-place                       in-place          
0: #       size         count      type   redop    root     time   algbw   busbw  #wrong     time   algbw   busbw  #wrong 
0: #        (B)    (elements)                               (us)  (GB/s)  (GB/s)             (us)  (GB/s)  (GB/s)         
0:     16777216       4194304     float     sum      -1   993.28   16.89   16.89       0   792.70   21.16   21.16    N/A
0:     67108864      16777216     float     sum      -1  2969.78   22.60   22.60       0  2969.63   22.60   22.60    N/A
0:    268435456      67108864     float     sum      -1  11647.1   23.05   23.05       0  11668.6   23.01   23.01    N/A
0: # Out of bounds values : 0 OK
0: # Avg bus bandwidth    : 21.5506 
0: #
0: # Collective test concluded: sendrecv_perf_mpi
0: #
0: 

##### pass 4/8  cross nid007133:g0 <-> nid007195:g0  sendrecv
0: 
0: WARNING: FI_CXI_RDZV_PROTO=alt_read is configured, but the Slurm network is
0: not set to disable rendezvous GET. Performance/stability may be impacted.
0: 
0: Expected Slurm launch:
0:   srun --network=disable_rdzv_get ...
0: or
0:   SLURM_NETWORK=disable_rdzv_get srun ...
0: 
0: Context:
0:   SLURM_NETWORK=<unset>
0:   FI_PROVIDER=cxi
0:   FI_CXI_RDZV_PROTO=alt_read
0: 
0: # nccl-tests version 2.17.8 nccl-headers=22902 nccl-library=22903
0: # Collective test starting: sendrecv_perf_mpi
0: # nThread 1 nGpus 1 minBytes 16777216 maxBytes 268435456 step: 4(factor) warmup iters: 5 iters: 20 agg iters: 1 validation: 1 graph: 0
0: #
0: # Using devices
0: #  Rank  0 Group  0 Pid 259624 on  nid007133 device  0 [0009:01:00] NVIDIA GH200 120GB
0: #  Rank  1 Group  0 Pid  86036 on  nid007195 device  0 [0009:01:00] NVIDIA GH200 120GB
0: #
0: #                                                              out-of-place                       in-place          
0: #       size         count      type   redop    root     time   algbw   busbw  #wrong     time   algbw   busbw  #wrong 
0: #        (B)    (elements)                               (us)  (GB/s)  (GB/s)             (us)  (GB/s)  (GB/s)         
0:     16777216       4194304     float     sum      -1  1329.41   12.62   12.62       0   778.50   21.55   21.55    N/A
0:     67108864      16777216     float     sum      -1  2939.38   22.83   22.83       0  2943.31   22.80   22.80    N/A
0:    268435456      67108864     float     sum      -1  12462.7   21.54   21.54       0  11599.8   23.14   23.14    N/A
0: # Out of bounds values : 0 OK
0: # Avg bus bandwidth    : 20.7471 
0: #
0: # Collective test concluded: sendrecv_perf_mpi
0: #
0: 

##### pass 4/8  cross nid007133:g0 <-> nid007195:g1  sendrecv
0: 
0: WARNING: FI_CXI_RDZV_PROTO=alt_read is configured, but the Slurm network is
0: not set to disable rendezvous GET. Performance/stability may be impacted.
0: 
0: Expected Slurm launch:
0:   srun --network=disable_rdzv_get ...
0: or
0:   SLURM_NETWORK=disable_rdzv_get srun ...
0: 
0: Context:
0:   SLURM_NETWORK=<unset>
0:   FI_PROVIDER=cxi
0:   FI_CXI_RDZV_PROTO=alt_read
0: 
0: # nccl-tests version 2.17.8 nccl-headers=22902 nccl-library=22903
0: # Collective test starting: sendrecv_perf_mpi
0: # nThread 1 nGpus 1 minBytes 16777216 maxBytes 268435456 step: 4(factor) warmup iters: 5 iters: 20 agg iters: 1 validation: 1 graph: 0
0: #
0: # Using devices
0: #  Rank  0 Group  0 Pid 260610 on  nid007133 device  0 [0009:01:00] NVIDIA GH200 120GB
0: #  Rank  1 Group  0 Pid  87002 on  nid007195 device  0 [0019:01:00] NVIDIA GH200 120GB
0: #
0: #                                                              out-of-place                       in-place          
0: #       size         count      type   redop    root     time   algbw   busbw  #wrong     time   algbw   busbw  #wrong 
0: #        (B)    (elements)                               (us)  (GB/s)  (GB/s)             (us)  (GB/s)  (GB/s)         
0:     16777216       4194304     float     sum      -1  1331.09   12.60   12.60       0   779.15   21.53   21.53    N/A
0:     67108864      16777216     float     sum      -1  2951.59   22.74   22.74       0  2964.74   22.64   22.64    N/A
0:    268435456      67108864     float     sum      -1  11651.5   23.04   23.04       0  11619.5   23.10   23.10    N/A
0: # Out of bounds values : 0 OK
0: # Avg bus bandwidth    : 20.9416 
0: #
0: # Collective test concluded: sendrecv_perf_mpi
0: #
0: 

##### pass 4/8  cross nid007133:g0 <-> nid007195:g2  sendrecv
0: 
0: WARNING: FI_CXI_RDZV_PROTO=alt_read is configured, but the Slurm network is
0: not set to disable rendezvous GET. Performance/stability may be impacted.
0: 
0: Expected Slurm launch:
0:   srun --network=disable_rdzv_get ...
0: or
0:   SLURM_NETWORK=disable_rdzv_get srun ...
0: 
0: Context:
0:   SLURM_NETWORK=<unset>
0:   FI_PROVIDER=cxi
0:   FI_CXI_RDZV_PROTO=alt_read
0: 
0: # nccl-tests version 2.17.8 nccl-headers=22902 nccl-library=22903
0: # Collective test starting: sendrecv_perf_mpi
0: # nThread 1 nGpus 1 minBytes 16777216 maxBytes 268435456 step: 4(factor) warmup iters: 5 iters: 20 agg iters: 1 validation: 1 graph: 0
0: #
0: # Using devices
0: #  Rank  0 Group  0 Pid 261614 on  nid007133 device  0 [0009:01:00] NVIDIA GH200 120GB
0: #  Rank  1 Group  0 Pid  87981 on  nid007195 device  0 [0029:01:00] NVIDIA GH200 120GB
0: #
0: #                                                              out-of-place                       in-place          
0: #       size         count      type   redop    root     time   algbw   busbw  #wrong     time   algbw   busbw  #wrong 
0: #        (B)    (elements)                               (us)  (GB/s)  (GB/s)             (us)  (GB/s)  (GB/s)         
0:     16777216       4194304     float     sum      -1  1284.04   13.07   13.07       0   783.02   21.43   21.43    N/A
0:     67108864      16777216     float     sum      -1  2955.27   22.71   22.71       0  2968.01   22.61   22.61    N/A
0:    268435456      67108864     float     sum      -1  12638.3   21.24   21.24       0  11628.5   23.08   23.08    N/A
0: # Out of bounds values : 0 OK
0: # Avg bus bandwidth    : 20.6892 
0: #
0: # Collective test concluded: sendrecv_perf_mpi
0: #
0: 

##### pass 4/8  cross nid007133:g0 <-> nid007195:g3  sendrecv
0: 
0: WARNING: FI_CXI_RDZV_PROTO=alt_read is configured, but the Slurm network is
0: not set to disable rendezvous GET. Performance/stability may be impacted.
0: 
0: Expected Slurm launch:
0:   srun --network=disable_rdzv_get ...
0: or
0:   SLURM_NETWORK=disable_rdzv_get srun ...
0: 
0: Context:
0:   SLURM_NETWORK=<unset>
0:   FI_PROVIDER=cxi
0:   FI_CXI_RDZV_PROTO=alt_read
0: 
0: # nccl-tests version 2.17.8 nccl-headers=22902 nccl-library=22903
0: # Collective test starting: sendrecv_perf_mpi
0: # nThread 1 nGpus 1 minBytes 16777216 maxBytes 268435456 step: 4(factor) warmup iters: 5 iters: 20 agg iters: 1 validation: 1 graph: 0
0: #
0: # Using devices
0: #  Rank  0 Group  0 Pid 262614 on  nid007133 device  0 [0009:01:00] NVIDIA GH200 120GB
0: #  Rank  1 Group  0 Pid  88942 on  nid007195 device  0 [0039:01:00] NVIDIA GH200 120GB
0: #
0: #                                                              out-of-place                       in-place          
0: #       size         count      type   redop    root     time   algbw   busbw  #wrong     time   algbw   busbw  #wrong 
0: #        (B)    (elements)                               (us)  (GB/s)  (GB/s)             (us)  (GB/s)  (GB/s)         
0:     16777216       4194304     float     sum      -1   957.35   17.52   17.52       0   777.98   21.57   21.57    N/A
0:     67108864      16777216     float     sum      -1  2958.08   22.69   22.69       0  3544.96   18.93   18.93    N/A
0:    268435456      67108864     float     sum      -1  11613.1   23.11   23.11       0  11635.5   23.07   23.07    N/A
0: # Out of bounds values : 0 OK
0: # Avg bus bandwidth    : 21.1487 
0: #
0: # Collective test concluded: sendrecv_perf_mpi
0: #
0: 

##### pass 4/8  cross nid007133:g1 <-> nid007195:g0  sendrecv
0: 
0: WARNING: FI_CXI_RDZV_PROTO=alt_read is configured, but the Slurm network is
0: not set to disable rendezvous GET. Performance/stability may be impacted.
0: 
0: Expected Slurm launch:
0:   srun --network=disable_rdzv_get ...
0: or
0:   SLURM_NETWORK=disable_rdzv_get srun ...
0: 
0: Context:
0:   SLURM_NETWORK=<unset>
0:   FI_PROVIDER=cxi
0:   FI_CXI_RDZV_PROTO=alt_read
0: 
0: # nccl-tests version 2.17.8 nccl-headers=22902 nccl-library=22903
0: # Collective test starting: sendrecv_perf_mpi
0: # nThread 1 nGpus 1 minBytes 16777216 maxBytes 268435456 step: 4(factor) warmup iters: 5 iters: 20 agg iters: 1 validation: 1 graph: 0
0: #
0: # Using devices
0: #  Rank  0 Group  0 Pid 263615 on  nid007133 device  0 [0019:01:00] NVIDIA GH200 120GB
0: #  Rank  1 Group  0 Pid  89935 on  nid007195 device  0 [0009:01:00] NVIDIA GH200 120GB
0: #
0: #                                                              out-of-place                       in-place          
0: #       size         count      type   redop    root     time   algbw   busbw  #wrong     time   algbw   busbw  #wrong 
0: #        (B)    (elements)                               (us)  (GB/s)  (GB/s)             (us)  (GB/s)  (GB/s)         
0:     16777216       4194304     float     sum      -1   779.31   21.53   21.53       0   775.44   21.64   21.64    N/A
0:     67108864      16777216     float     sum      -1  2955.73   22.70   22.70       0  2957.33   22.69   22.69    N/A
0:    268435456      67108864     float     sum      -1  11616.0   23.11   23.11       0  11620.7   23.10   23.10    N/A
0: # Out of bounds values : 0 OK
0: # Avg bus bandwidth    : 22.4617 
0: #
0: # Collective test concluded: sendrecv_perf_mpi
0: #
0: 

##### pass 4/8  cross nid007133:g1 <-> nid007195:g1  sendrecv
0: 
0: WARNING: FI_CXI_RDZV_PROTO=alt_read is configured, but the Slurm network is
0: not set to disable rendezvous GET. Performance/stability may be impacted.
0: 
0: Expected Slurm launch:
0:   srun --network=disable_rdzv_get ...
0: or
0:   SLURM_NETWORK=disable_rdzv_get srun ...
0: 
0: Context:
0:   SLURM_NETWORK=<unset>
0:   FI_PROVIDER=cxi
0:   FI_CXI_RDZV_PROTO=alt_read
0: 
0: # nccl-tests version 2.17.8 nccl-headers=22902 nccl-library=22903
0: # Collective test starting: sendrecv_perf_mpi
0: # nThread 1 nGpus 1 minBytes 16777216 maxBytes 268435456 step: 4(factor) warmup iters: 5 iters: 20 agg iters: 1 validation: 1 graph: 0
0: #
0: # Using devices
0: #  Rank  0 Group  0 Pid 264629 on  nid007133 device  0 [0019:01:00] NVIDIA GH200 120GB
0: #  Rank  1 Group  0 Pid  90906 on  nid007195 device  0 [0019:01:00] NVIDIA GH200 120GB
0: #
0: #                                                              out-of-place                       in-place          
0: #       size         count      type   redop    root     time   algbw   busbw  #wrong     time   algbw   busbw  #wrong 
0: #        (B)    (elements)                               (us)  (GB/s)  (GB/s)             (us)  (GB/s)  (GB/s)         
0:     16777216       4194304     float     sum      -1  1162.59   14.43   14.43       0   789.20   21.26   21.26    N/A
0:     67108864      16777216     float     sum      -1  2977.87   22.54   22.54       0  2973.61   22.57   22.57    N/A
0:    268435456      67108864     float     sum      -1  11665.9   23.01   23.01       0  11659.3   23.02   23.02    N/A
0: # Out of bounds values : 0 OK
0: # Avg bus bandwidth    : 21.1378 
0: #
0: # Collective test concluded: sendrecv_perf_mpi
0: #
0: 

##### pass 4/8  cross nid007133:g1 <-> nid007195:g2  sendrecv
0: 
0: WARNING: FI_CXI_RDZV_PROTO=alt_read is configured, but the Slurm network is
0: not set to disable rendezvous GET. Performance/stability may be impacted.
0: 
0: Expected Slurm launch:
0:   srun --network=disable_rdzv_get ...
0: or
0:   SLURM_NETWORK=disable_rdzv_get srun ...
0: 
0: Context:
0:   SLURM_NETWORK=<unset>
0:   FI_PROVIDER=cxi
0:   FI_CXI_RDZV_PROTO=alt_read
0: 
0: # nccl-tests version 2.17.8 nccl-headers=22902 nccl-library=22903
0: # Collective test starting: sendrecv_perf_mpi
0: # nThread 1 nGpus 1 minBytes 16777216 maxBytes 268435456 step: 4(factor) warmup iters: 5 iters: 20 agg iters: 1 validation: 1 graph: 0
0: #
0: # Using devices
0: #  Rank  0 Group  0 Pid 265611 on  nid007133 device  0 [0019:01:00] NVIDIA GH200 120GB
0: #  Rank  1 Group  0 Pid  91919 on  nid007195 device  0 [0029:01:00] NVIDIA GH200 120GB
0: #
0: #                                                              out-of-place                       in-place          
0: #       size         count      type   redop    root     time   algbw   busbw  #wrong     time   algbw   busbw  #wrong 
0: #        (B)    (elements)                               (us)  (GB/s)  (GB/s)             (us)  (GB/s)  (GB/s)         
0:     16777216       4194304     float     sum      -1  1143.04   14.68   14.68       0   783.98   21.40   21.40    N/A
0:     67108864      16777216     float     sum      -1  2974.49   22.56   22.56       0  2974.67   22.56   22.56    N/A
0:    268435456      67108864     float     sum      -1  11650.2   23.04   23.04       0  11650.8   23.04   23.04    N/A
0: # Out of bounds values : 0 OK
0: # Avg bus bandwidth    : 21.2134 
0: #
0: # Collective test concluded: sendrecv_perf_mpi
0: #
0: 

##### pass 4/8  cross nid007133:g1 <-> nid007195:g3  sendrecv
0: 
0: WARNING: FI_CXI_RDZV_PROTO=alt_read is configured, but the Slurm network is
0: not set to disable rendezvous GET. Performance/stability may be impacted.
0: 
0: Expected Slurm launch:
0:   srun --network=disable_rdzv_get ...
0: or
0:   SLURM_NETWORK=disable_rdzv_get srun ...
0: 
0: Context:
0:   SLURM_NETWORK=<unset>
0:   FI_PROVIDER=cxi
0:   FI_CXI_RDZV_PROTO=alt_read
0: 
0: # nccl-tests version 2.17.8 nccl-headers=22902 nccl-library=22903
0: # Collective test starting: sendrecv_perf_mpi
0: # nThread 1 nGpus 1 minBytes 16777216 maxBytes 268435456 step: 4(factor) warmup iters: 5 iters: 20 agg iters: 1 validation: 1 graph: 0
0: #
0: # Using devices
0: #  Rank  0 Group  0 Pid 266620 on  nid007133 device  0 [0019:01:00] NVIDIA GH200 120GB
0: #  Rank  1 Group  0 Pid  93006 on  nid007195 device  0 [0039:01:00] NVIDIA GH200 120GB
0: #
0: #                                                              out-of-place                       in-place          
0: #       size         count      type   redop    root     time   algbw   busbw  #wrong     time   algbw   busbw  #wrong 
0: #        (B)    (elements)                               (us)  (GB/s)  (GB/s)             (us)  (GB/s)  (GB/s)         
0:     16777216       4194304     float     sum      -1  1299.37   12.91   12.91       0   789.83   21.24   21.24    N/A
0:     67108864      16777216     float     sum      -1  2977.39   22.54   22.54       0  2975.67   22.55   22.55    N/A
0:    268435456      67108864     float     sum      -1  11667.3   23.01   23.01       0  11726.5   22.89   22.89    N/A
0: # Out of bounds values : 0 OK
0: # Avg bus bandwidth    : 20.8574 
0: #
0: # Collective test concluded: sendrecv_perf_mpi
0: #
0: 

##### pass 4/8  cross nid007133:g2 <-> nid007195:g0  sendrecv
0: 
0: WARNING: FI_CXI_RDZV_PROTO=alt_read is configured, but the Slurm network is
0: not set to disable rendezvous GET. Performance/stability may be impacted.
0: 
0: Expected Slurm launch:
0:   srun --network=disable_rdzv_get ...
0: or
0:   SLURM_NETWORK=disable_rdzv_get srun ...
0: 
0: Context:
0:   SLURM_NETWORK=<unset>
0:   FI_PROVIDER=cxi
0:   FI_CXI_RDZV_PROTO=alt_read
0: 
0: # nccl-tests version 2.17.8 nccl-headers=22902 nccl-library=22903
0: # Collective test starting: sendrecv_perf_mpi
0: # nThread 1 nGpus 1 minBytes 16777216 maxBytes 268435456 step: 4(factor) warmup iters: 5 iters: 20 agg iters: 1 validation: 1 graph: 0
0: #
0: # Using devices
0: #  Rank  0 Group  0 Pid 267605 on  nid007133 device  0 [0029:01:00] NVIDIA GH200 120GB
0: #  Rank  1 Group  0 Pid  93973 on  nid007195 device  0 [0009:01:00] NVIDIA GH200 120GB
0: #
0: #                                                              out-of-place                       in-place          
0: #       size         count      type   redop    root     time   algbw   busbw  #wrong     time   algbw   busbw  #wrong 
0: #        (B)    (elements)                               (us)  (GB/s)  (GB/s)             (us)  (GB/s)  (GB/s)         
0:     16777216       4194304     float     sum      -1   971.97   17.26   17.26       0   777.94   21.57   21.57    N/A
0:     67108864      16777216     float     sum      -1  2955.04   22.71   22.71       0  2954.25   22.72   22.72    N/A
0:    268435456      67108864     float     sum      -1  11611.4   23.12   23.12       0  11619.1   23.10   23.10    N/A
0: # Out of bounds values : 0 OK
0: # Avg bus bandwidth    : 21.7457 
0: #
0: # Collective test concluded: sendrecv_perf_mpi
0: #
0: 

##### pass 4/8  cross nid007133:g2 <-> nid007195:g1  sendrecv
0: 
0: WARNING: FI_CXI_RDZV_PROTO=alt_read is configured, but the Slurm network is
0: not set to disable rendezvous GET. Performance/stability may be impacted.
0: 
0: Expected Slurm launch:
0:   srun --network=disable_rdzv_get ...
0: or
0:   SLURM_NETWORK=disable_rdzv_get srun ...
0: 
0: Context:
0:   SLURM_NETWORK=<unset>
0:   FI_PROVIDER=cxi
0:   FI_CXI_RDZV_PROTO=alt_read
0: 
0: # nccl-tests version 2.17.8 nccl-headers=22902 nccl-library=22903
0: # Collective test starting: sendrecv_perf_mpi
0: # nThread 1 nGpus 1 minBytes 16777216 maxBytes 268435456 step: 4(factor) warmup iters: 5 iters: 20 agg iters: 1 validation: 1 graph: 0
0: #
0: # Using devices
0: #  Rank  0 Group  0 Pid 268625 on  nid007133 device  0 [0029:01:00] NVIDIA GH200 120GB
0: #  Rank  1 Group  0 Pid  94963 on  nid007195 device  0 [0019:01:00] NVIDIA GH200 120GB
0: #
0: #                                                              out-of-place                       in-place          
0: #       size         count      type   redop    root     time   algbw   busbw  #wrong     time   algbw   busbw  #wrong 
0: #        (B)    (elements)                               (us)  (GB/s)  (GB/s)             (us)  (GB/s)  (GB/s)         
0:     16777216       4194304     float     sum      -1  2155.68    7.78    7.78       0   784.34   21.39   21.39    N/A
0:     67108864      16777216     float     sum      -1  2987.57   22.46   22.46       0  2978.53   22.53   22.53    N/A
0:    268435456      67108864     float     sum      -1  11656.6   23.03   23.03       0  11658.7   23.02   23.02    N/A
0: # Out of bounds values : 0 OK
0: # Avg bus bandwidth    : 20.0367 
0: #
0: # Collective test concluded: sendrecv_perf_mpi
0: #
0: 

##### pass 4/8  cross nid007133:g2 <-> nid007195:g2  sendrecv
0: 
0: WARNING: FI_CXI_RDZV_PROTO=alt_read is configured, but the Slurm network is
0: not set to disable rendezvous GET. Performance/stability may be impacted.
0: 
0: Expected Slurm launch:
0:   srun --network=disable_rdzv_get ...
0: or
0:   SLURM_NETWORK=disable_rdzv_get srun ...
0: 
0: Context:
0:   SLURM_NETWORK=<unset>
0:   FI_PROVIDER=cxi
0:   FI_CXI_RDZV_PROTO=alt_read
0: 
0: # nccl-tests version 2.17.8 nccl-headers=22902 nccl-library=22903
0: # Collective test starting: sendrecv_perf_mpi
0: # nThread 1 nGpus 1 minBytes 16777216 maxBytes 268435456 step: 4(factor) warmup iters: 5 iters: 20 agg iters: 1 validation: 1 graph: 0
0: #
0: # Using devices
0: #  Rank  0 Group  0 Pid 269614 on  nid007133 device  0 [0029:01:00] NVIDIA GH200 120GB
0: #  Rank  1 Group  0 Pid  95924 on  nid007195 device  0 [0029:01:00] NVIDIA GH200 120GB
0: #
0: #                                                              out-of-place                       in-place          
0: #       size         count      type   redop    root     time   algbw   busbw  #wrong     time   algbw   busbw  #wrong 
0: #        (B)    (elements)                               (us)  (GB/s)  (GB/s)             (us)  (GB/s)  (GB/s)         
0:     16777216       4194304     float     sum      -1   979.07   17.14   17.14       0   788.94   21.27   21.27    N/A
0:     67108864      16777216     float     sum      -1  2978.69   22.53   22.53       0  2974.67   22.56   22.56    N/A
0:    268435456      67108864     float     sum      -1  11652.5   23.04   23.04       0  11658.8   23.02   23.02    N/A
0: # Out of bounds values : 0 OK
0: # Avg bus bandwidth    : 21.592 
0: #
0: # Collective test concluded: sendrecv_perf_mpi
0: #
0: 

##### pass 4/8  cross nid007133:g2 <-> nid007195:g3  sendrecv
0: 
0: WARNING: FI_CXI_RDZV_PROTO=alt_read is configured, but the Slurm network is
0: not set to disable rendezvous GET. Performance/stability may be impacted.
0: 
0: Expected Slurm launch:
0:   srun --network=disable_rdzv_get ...
0: or
0:   SLURM_NETWORK=disable_rdzv_get srun ...
0: 
0: Context:
0:   SLURM_NETWORK=<unset>
0:   FI_PROVIDER=cxi
0:   FI_CXI_RDZV_PROTO=alt_read
0: 
0: # nccl-tests version 2.17.8 nccl-headers=22902 nccl-library=22903
0: # Collective test starting: sendrecv_perf_mpi
0: # nThread 1 nGpus 1 minBytes 16777216 maxBytes 268435456 step: 4(factor) warmup iters: 5 iters: 20 agg iters: 1 validation: 1 graph: 0
0: #
0: # Using devices
0: #  Rank  0 Group  0 Pid 270623 on  nid007133 device  0 [0029:01:00] NVIDIA GH200 120GB
0: #  Rank  1 Group  0 Pid  96916 on  nid007195 device  0 [0039:01:00] NVIDIA GH200 120GB
0: #
0: #                                                              out-of-place                       in-place          
0: #       size         count      type   redop    root     time   algbw   busbw  #wrong     time   algbw   busbw  #wrong 
0: #        (B)    (elements)                               (us)  (GB/s)  (GB/s)             (us)  (GB/s)  (GB/s)         
0:     16777216       4194304     float     sum      -1  1136.55   14.76   14.76       0   786.80   21.32   21.32    N/A
0:     67108864      16777216     float     sum      -1  2981.85   22.51   22.51       0  2975.44   22.55   22.55    N/A
0:    268435456      67108864     float     sum      -1  11647.5   23.05   23.05       0  11637.6   23.07   23.07    N/A
0: # Out of bounds values : 0 OK
0: # Avg bus bandwidth    : 21.2096 
0: #
0: # Collective test concluded: sendrecv_perf_mpi
0: #
0: 

##### pass 4/8  cross nid007133:g3 <-> nid007195:g0  sendrecv
0: 
0: WARNING: FI_CXI_RDZV_PROTO=alt_read is configured, but the Slurm network is
0: not set to disable rendezvous GET. Performance/stability may be impacted.
0: 
0: Expected Slurm launch:
0:   srun --network=disable_rdzv_get ...
0: or
0:   SLURM_NETWORK=disable_rdzv_get srun ...
0: 
0: Context:
0:   SLURM_NETWORK=<unset>
0:   FI_PROVIDER=cxi
0:   FI_CXI_RDZV_PROTO=alt_read
0: 
0: # nccl-tests version 2.17.8 nccl-headers=22902 nccl-library=22903
0: # Collective test starting: sendrecv_perf_mpi
0: # nThread 1 nGpus 1 minBytes 16777216 maxBytes 268435456 step: 4(factor) warmup iters: 5 iters: 20 agg iters: 1 validation: 1 graph: 0
0: #
0: # Using devices
0: #  Rank  0 Group  0 Pid 271631 on  nid007133 device  0 [0039:01:00] NVIDIA GH200 120GB
0: #  Rank  1 Group  0 Pid  97878 on  nid007195 device  0 [0009:01:00] NVIDIA GH200 120GB
0: #
0: #                                                              out-of-place                       in-place          
0: #       size         count      type   redop    root     time   algbw   busbw  #wrong     time   algbw   busbw  #wrong 
0: #        (B)    (elements)                               (us)  (GB/s)  (GB/s)             (us)  (GB/s)  (GB/s)         
0:     16777216       4194304     float     sum      -1  2198.89    7.63    7.63       0   779.81   21.51   21.51    N/A
0:     67108864      16777216     float     sum      -1  2956.48   22.70   22.70       0  2955.81   22.70   22.70    N/A
0:    268435456      67108864     float     sum      -1  11610.0   23.12   23.12       0  11613.5   23.11   23.11    N/A
0: # Out of bounds values : 0 OK
0: # Avg bus bandwidth    : 20.1304 
0: #
0: # Collective test concluded: sendrecv_perf_mpi
0: #
0: 

##### pass 4/8  cross nid007133:g3 <-> nid007195:g1  sendrecv
0: 
0: WARNING: FI_CXI_RDZV_PROTO=alt_read is configured, but the Slurm network is
0: not set to disable rendezvous GET. Performance/stability may be impacted.
0: 
0: Expected Slurm launch:
0:   srun --network=disable_rdzv_get ...
0: or
0:   SLURM_NETWORK=disable_rdzv_get srun ...
0: 
0: Context:
0:   SLURM_NETWORK=<unset>
0:   FI_PROVIDER=cxi
0:   FI_CXI_RDZV_PROTO=alt_read
0: 
0: # nccl-tests version 2.17.8 nccl-headers=22902 nccl-library=22903
0: # Collective test starting: sendrecv_perf_mpi
0: # nThread 1 nGpus 1 minBytes 16777216 maxBytes 268435456 step: 4(factor) warmup iters: 5 iters: 20 agg iters: 1 validation: 1 graph: 0
0: #
0: # Using devices
0: #  Rank  0 Group  0 Pid 272614 on  nid007133 device  0 [0039:01:00] NVIDIA GH200 120GB
0: #  Rank  1 Group  0 Pid  98864 on  nid007195 device  0 [0019:01:00] NVIDIA GH200 120GB
0: #
0: #                                                              out-of-place                       in-place          
0: #       size         count      type   redop    root     time   algbw   busbw  #wrong     time   algbw   busbw  #wrong 
0: #        (B)    (elements)                               (us)  (GB/s)  (GB/s)             (us)  (GB/s)  (GB/s)         
0:     16777216       4194304     float     sum      -1   921.12   18.21   18.21       0   789.34   21.25   21.25    N/A
0:     67108864      16777216     float     sum      -1  2975.68   22.55   22.55       0  2976.68   22.54   22.54    N/A
0:    268435456      67108864     float     sum      -1  11659.4   23.02   23.02       0  11654.7   23.03   23.03    N/A
0: # Out of bounds values : 0 OK
0: # Avg bus bandwidth    : 21.7702 
0: #
0: # Collective test concluded: sendrecv_perf_mpi
0: #
0: 

##### pass 4/8  cross nid007133:g3 <-> nid007195:g2  sendrecv
0: 
0: WARNING: FI_CXI_RDZV_PROTO=alt_read is configured, but the Slurm network is
0: not set to disable rendezvous GET. Performance/stability may be impacted.
0: 
0: Expected Slurm launch:
0:   srun --network=disable_rdzv_get ...
0: or
0:   SLURM_NETWORK=disable_rdzv_get srun ...
0: 
0: Context:
0:   SLURM_NETWORK=<unset>
0:   FI_PROVIDER=cxi
0:   FI_CXI_RDZV_PROTO=alt_read
0: 
0: # nccl-tests version 2.17.8 nccl-headers=22902 nccl-library=22903
0: # Collective test starting: sendrecv_perf_mpi
0: # nThread 1 nGpus 1 minBytes 16777216 maxBytes 268435456 step: 4(factor) warmup iters: 5 iters: 20 agg iters: 1 validation: 1 graph: 0
0: #
0: # Using devices
0: #  Rank  0 Group  0 Pid 273623 on  nid007133 device  0 [0039:01:00] NVIDIA GH200 120GB
0: #  Rank  1 Group  0 Pid  99855 on  nid007195 device  0 [0029:01:00] NVIDIA GH200 120GB
0: #
0: #                                                              out-of-place                       in-place          
0: #       size         count      type   redop    root     time   algbw   busbw  #wrong     time   algbw   busbw  #wrong 
0: #        (B)    (elements)                               (us)  (GB/s)  (GB/s)             (us)  (GB/s)  (GB/s)         
0:     16777216       4194304     float     sum      -1  1107.06   15.15   15.15       0   785.42   21.36   21.36    N/A
0:     67108864      16777216     float     sum      -1  2978.13   22.53   22.53       0  2970.84   22.59   22.59    N/A
0:    268435456      67108864     float     sum      -1  11663.8   23.01   23.01       0  11746.0   22.85   22.85    N/A
0: # Out of bounds values : 0 OK
0: # Avg bus bandwidth    : 21.2511 
0: #
0: # Collective test concluded: sendrecv_perf_mpi
0: #
0: 

##### pass 4/8  cross nid007133:g3 <-> nid007195:g3  sendrecv
0: 
0: WARNING: FI_CXI_RDZV_PROTO=alt_read is configured, but the Slurm network is
0: not set to disable rendezvous GET. Performance/stability may be impacted.
0: 
0: Expected Slurm launch:
0:   srun --network=disable_rdzv_get ...
0: or
0:   SLURM_NETWORK=disable_rdzv_get srun ...
0: 
0: Context:
0:   SLURM_NETWORK=<unset>
0:   FI_PROVIDER=cxi
0:   FI_CXI_RDZV_PROTO=alt_read
0: 
0: # nccl-tests version 2.17.8 nccl-headers=22902 nccl-library=22903
0: # Collective test starting: sendrecv_perf_mpi
0: # nThread 1 nGpus 1 minBytes 16777216 maxBytes 268435456 step: 4(factor) warmup iters: 5 iters: 20 agg iters: 1 validation: 1 graph: 0
0: #
0: # Using devices
0: #  Rank  0 Group  0 Pid 274616 on  nid007133 device  0 [0039:01:00] NVIDIA GH200 120GB
0: #  Rank  1 Group  0 Pid 100811 on  nid007195 device  0 [0039:01:00] NVIDIA GH200 120GB
0: #
0: #                                                              out-of-place                       in-place          
0: #       size         count      type   redop    root     time   algbw   busbw  #wrong     time   algbw   busbw  #wrong 
0: #        (B)    (elements)                               (us)  (GB/s)  (GB/s)             (us)  (GB/s)  (GB/s)         
0:     16777216       4194304     float     sum      -1  1110.42   15.11   15.11       0   791.58   21.19   21.19    N/A
0:     67108864      16777216     float     sum      -1  2978.46   22.53   22.53       0  2976.60   22.55   22.55    N/A
0:    268435456      67108864     float     sum      -1  11652.6   23.04   23.04       0  11649.1   23.04   23.04    N/A
0: # Out of bounds values : 0 OK
0: # Avg bus bandwidth    : 21.2434 
0: #
0: # Collective test concluded: sendrecv_perf_mpi
0: #
0: 

##### pass 5/8  cross nid007133:g0 <-> nid007195:g0  sendrecv
0: 
0: WARNING: FI_CXI_RDZV_PROTO=alt_read is configured, but the Slurm network is
0: not set to disable rendezvous GET. Performance/stability may be impacted.
0: 
0: Expected Slurm launch:
0:   srun --network=disable_rdzv_get ...
0: or
0:   SLURM_NETWORK=disable_rdzv_get srun ...
0: 
0: Context:
0:   SLURM_NETWORK=<unset>
0:   FI_PROVIDER=cxi
0:   FI_CXI_RDZV_PROTO=alt_read
0: 
0: # nccl-tests version 2.17.8 nccl-headers=22902 nccl-library=22903
0: # Collective test starting: sendrecv_perf_mpi
0: # nThread 1 nGpus 1 minBytes 16777216 maxBytes 268435456 step: 4(factor) warmup iters: 5 iters: 20 agg iters: 1 validation: 1 graph: 0
0: #
0: # Using devices
0: #  Rank  0 Group  0 Pid 275619 on  nid007133 device  0 [0009:01:00] NVIDIA GH200 120GB
0: #  Rank  1 Group  0 Pid 101796 on  nid007195 device  0 [0009:01:00] NVIDIA GH200 120GB
0: #
0: #                                                              out-of-place                       in-place          
0: #       size         count      type   redop    root     time   algbw   busbw  #wrong     time   algbw   busbw  #wrong 
0: #        (B)    (elements)                               (us)  (GB/s)  (GB/s)             (us)  (GB/s)  (GB/s)         
0:     16777216       4194304     float     sum      -1   960.97   17.46   17.46       0   765.60   21.91   21.91    N/A
0:     67108864      16777216     float     sum      -1  2944.17   22.79   22.79       0  2942.12   22.81   22.81    N/A
0:    268435456      67108864     float     sum      -1  11597.2   23.15   23.15       0  11590.6   23.16   23.16    N/A
0: # Out of bounds values : 0 OK
0: # Avg bus bandwidth    : 21.8804 
0: #
0: # Collective test concluded: sendrecv_perf_mpi
0: #
0: 

##### pass 5/8  cross nid007133:g0 <-> nid007195:g1  sendrecv
0: 
0: WARNING: FI_CXI_RDZV_PROTO=alt_read is configured, but the Slurm network is
0: not set to disable rendezvous GET. Performance/stability may be impacted.
0: 
0: Expected Slurm launch:
0:   srun --network=disable_rdzv_get ...
0: or
0:   SLURM_NETWORK=disable_rdzv_get srun ...
0: 
0: Context:
0:   SLURM_NETWORK=<unset>
0:   FI_PROVIDER=cxi
0:   FI_CXI_RDZV_PROTO=alt_read
0: 
0: # nccl-tests version 2.17.8 nccl-headers=22902 nccl-library=22903
0: # Collective test starting: sendrecv_perf_mpi
0: # nThread 1 nGpus 1 minBytes 16777216 maxBytes 268435456 step: 4(factor) warmup iters: 5 iters: 20 agg iters: 1 validation: 1 graph: 0
0: #
0: # Using devices
0: #  Rank  0 Group  0 Pid 276615 on  nid007133 device  0 [0009:01:00] NVIDIA GH200 120GB
0: #  Rank  1 Group  0 Pid 102779 on  nid007195 device  0 [0019:01:00] NVIDIA GH200 120GB
0: #
0: #                                                              out-of-place                       in-place          
0: #       size         count      type   redop    root     time   algbw   busbw  #wrong     time   algbw   busbw  #wrong 
0: #        (B)    (elements)                               (us)  (GB/s)  (GB/s)             (us)  (GB/s)  (GB/s)         
0:     16777216       4194304     float     sum      -1  1090.46   15.39   15.39       0   779.25   21.53   21.53    N/A
0:     67108864      16777216     float     sum      -1  2966.13   22.63   22.63       0  2959.44   22.68   22.68    N/A
0:    268435456      67108864     float     sum      -1  11641.3   23.06   23.06       0  11642.5   23.06   23.06    N/A
0: # Out of bounds values : 0 OK
0: # Avg bus bandwidth    : 21.3887 
0: #
0: # Collective test concluded: sendrecv_perf_mpi
0: #
0: 

##### pass 5/8  cross nid007133:g0 <-> nid007195:g2  sendrecv
0: 
0: WARNING: FI_CXI_RDZV_PROTO=alt_read is configured, but the Slurm network is
0: not set to disable rendezvous GET. Performance/stability may be impacted.
0: 
0: Expected Slurm launch:
0:   srun --network=disable_rdzv_get ...
0: or
0:   SLURM_NETWORK=disable_rdzv_get srun ...
0: 
0: Context:
0:   SLURM_NETWORK=<unset>
0:   FI_PROVIDER=cxi
0:   FI_CXI_RDZV_PROTO=alt_read
0: 
0: # nccl-tests version 2.17.8 nccl-headers=22902 nccl-library=22903
0: # Collective test starting: sendrecv_perf_mpi
0: # nThread 1 nGpus 1 minBytes 16777216 maxBytes 268435456 step: 4(factor) warmup iters: 5 iters: 20 agg iters: 1 validation: 1 graph: 0
0: #
0: # Using devices
0: #  Rank  0 Group  0 Pid 277617 on  nid007133 device  0 [0009:01:00] NVIDIA GH200 120GB
0: #  Rank  1 Group  0 Pid 103764 on  nid007195 device  0 [0029:01:00] NVIDIA GH200 120GB
0: #
0: #                                                              out-of-place                       in-place          
0: #       size         count      type   redop    root     time   algbw   busbw  #wrong     time   algbw   busbw  #wrong 
0: #        (B)    (elements)                               (us)  (GB/s)  (GB/s)             (us)  (GB/s)  (GB/s)         
0:     16777216       4194304     float     sum      -1  1011.48   16.59   16.59       0   780.54   21.49   21.49    N/A
0:     67108864      16777216     float     sum      -1  2964.01   22.64   22.64       0  2955.22   22.71   22.71    N/A
0:    268435456      67108864     float     sum      -1  11647.4   23.05   23.05       0  11643.0   23.06   23.06    N/A
0: # Out of bounds values : 0 OK
0: # Avg bus bandwidth    : 21.5889 
0: #
0: # Collective test concluded: sendrecv_perf_mpi
0: #
0: 

##### pass 5/8  cross nid007133:g0 <-> nid007195:g3  sendrecv
0: 
0: WARNING: FI_CXI_RDZV_PROTO=alt_read is configured, but the Slurm network is
0: not set to disable rendezvous GET. Performance/stability may be impacted.
0: 
0: Expected Slurm launch:
0:   srun --network=disable_rdzv_get ...
0: or
0:   SLURM_NETWORK=disable_rdzv_get srun ...
0: 
0: Context:
0:   SLURM_NETWORK=<unset>
0:   FI_PROVIDER=cxi
0:   FI_CXI_RDZV_PROTO=alt_read
0: 
0: # nccl-tests version 2.17.8 nccl-headers=22902 nccl-library=22903
0: # Collective test starting: sendrecv_perf_mpi
0: # nThread 1 nGpus 1 minBytes 16777216 maxBytes 268435456 step: 4(factor) warmup iters: 5 iters: 20 agg iters: 1 validation: 1 graph: 0
0: #
0: # Using devices
0: #  Rank  0 Group  0 Pid 278624 on  nid007133 device  0 [0009:01:00] NVIDIA GH200 120GB
0: #  Rank  1 Group  0 Pid 104731 on  nid007195 device  0 [0039:01:00] NVIDIA GH200 120GB
0: #
0: #                                                              out-of-place                       in-place          
0: #       size         count      type   redop    root     time   algbw   busbw  #wrong     time   algbw   busbw  #wrong 
0: #        (B)    (elements)                               (us)  (GB/s)  (GB/s)             (us)  (GB/s)  (GB/s)         
0:     16777216       4194304     float     sum      -1   956.77   17.54   17.54       0   788.15   21.29   21.29    N/A
0:     67108864      16777216     float     sum      -1  2961.90   22.66   22.66       0  2957.82   22.69   22.69    N/A
0:    268435456      67108864     float     sum      -1  11609.1   23.12   23.12       0  11628.9   23.08   23.08    N/A
0: # Out of bounds values : 0 OK
0: # Avg bus bandwidth    : 21.7291 
0: #
0: # Collective test concluded: sendrecv_perf_mpi
0: #
0: 

##### pass 5/8  cross nid007133:g1 <-> nid007195:g0  sendrecv
0: 
0: WARNING: FI_CXI_RDZV_PROTO=alt_read is configured, but the Slurm network is
0: not set to disable rendezvous GET. Performance/stability may be impacted.
0: 
0: Expected Slurm launch:
0:   srun --network=disable_rdzv_get ...
0: or
0:   SLURM_NETWORK=disable_rdzv_get srun ...
0: 
0: Context:
0:   SLURM_NETWORK=<unset>
0:   FI_PROVIDER=cxi
0:   FI_CXI_RDZV_PROTO=alt_read
0: 
0: # nccl-tests version 2.17.8 nccl-headers=22902 nccl-library=22903
0: # Collective test starting: sendrecv_perf_mpi
0: # nThread 1 nGpus 1 minBytes 16777216 maxBytes 268435456 step: 4(factor) warmup iters: 5 iters: 20 agg iters: 1 validation: 1 graph: 0
0: #
0: # Using devices
0: #  Rank  0 Group  0 Pid 279612 on  nid007133 device  0 [0019:01:00] NVIDIA GH200 120GB
0: #  Rank  1 Group  0 Pid 105711 on  nid007195 device  0 [0009:01:00] NVIDIA GH200 120GB
0: #
0: #                                                              out-of-place                       in-place          
0: #       size         count      type   redop    root     time   algbw   busbw  #wrong     time   algbw   busbw  #wrong 
0: #        (B)    (elements)                               (us)  (GB/s)  (GB/s)             (us)  (GB/s)  (GB/s)         
0:     16777216       4194304     float     sum      -1   810.16   20.71   20.71       0   781.34   21.47   21.47    N/A
0:     67108864      16777216     float     sum      -1  2954.91   22.71   22.71       0  2952.49   22.73   22.73    N/A
0:    268435456      67108864     float     sum      -1  11629.7   23.08   23.08       0  11629.3   23.08   23.08    N/A
0: # Out of bounds values : 0 OK
0: # Avg bus bandwidth    : 22.2976 
0: #
0: # Collective test concluded: sendrecv_perf_mpi
0: #
0: 

##### pass 5/8  cross nid007133:g1 <-> nid007195:g1  sendrecv
0: 
0: WARNING: FI_CXI_RDZV_PROTO=alt_read is configured, but the Slurm network is
0: not set to disable rendezvous GET. Performance/stability may be impacted.
0: 
0: Expected Slurm launch:
0:   srun --network=disable_rdzv_get ...
0: or
0:   SLURM_NETWORK=disable_rdzv_get srun ...
0: 
0: Context:
0:   SLURM_NETWORK=<unset>
0:   FI_PROVIDER=cxi
0:   FI_CXI_RDZV_PROTO=alt_read
0: 
0: # nccl-tests version 2.17.8 nccl-headers=22902 nccl-library=22903
0: # Collective test starting: sendrecv_perf_mpi
0: # nThread 1 nGpus 1 minBytes 16777216 maxBytes 268435456 step: 4(factor) warmup iters: 5 iters: 20 agg iters: 1 validation: 1 graph: 0
0: #
0: # Using devices
0: #  Rank  0 Group  0 Pid 280613 on  nid007133 device  0 [0019:01:00] NVIDIA GH200 120GB
0: #  Rank  1 Group  0 Pid 106677 on  nid007195 device  0 [0019:01:00] NVIDIA GH200 120GB
0: #
0: #                                                              out-of-place                       in-place          
0: #       size         count      type   redop    root     time   algbw   busbw  #wrong     time   algbw   busbw  #wrong 
0: #        (B)    (elements)                               (us)  (GB/s)  (GB/s)             (us)  (GB/s)  (GB/s)         
0:     16777216       4194304     float     sum      -1  1458.97   11.50   11.50       0   790.24   21.23   21.23    N/A
0:     67108864      16777216     float     sum      -1  2978.12   22.53   22.53       0  2975.94   22.55   22.55    N/A
0:    268435456      67108864     float     sum      -1  11654.2   23.03   23.03       0  11662.9   23.02   23.02    N/A
0: # Out of bounds values : 0 OK
0: # Avg bus bandwidth    : 20.644 
0: #
0: # Collective test concluded: sendrecv_perf_mpi
0: #
0: 

##### pass 5/8  cross nid007133:g1 <-> nid007195:g2  sendrecv
0: 
0: WARNING: FI_CXI_RDZV_PROTO=alt_read is configured, but the Slurm network is
0: not set to disable rendezvous GET. Performance/stability may be impacted.
0: 
0: Expected Slurm launch:
0:   srun --network=disable_rdzv_get ...
0: or
0:   SLURM_NETWORK=disable_rdzv_get srun ...
0: 
0: Context:
0:   SLURM_NETWORK=<unset>
0:   FI_PROVIDER=cxi
0:   FI_CXI_RDZV_PROTO=alt_read
0: 
0: # nccl-tests version 2.17.8 nccl-headers=22902 nccl-library=22903
0: # Collective test starting: sendrecv_perf_mpi
0: # nThread 1 nGpus 1 minBytes 16777216 maxBytes 268435456 step: 4(factor) warmup iters: 5 iters: 20 agg iters: 1 validation: 1 graph: 0
0: #
0: # Using devices
0: #  Rank  0 Group  0 Pid 281595 on  nid007133 device  0 [0019:01:00] NVIDIA GH200 120GB
0: #  Rank  1 Group  0 Pid 107662 on  nid007195 device  0 [0029:01:00] NVIDIA GH200 120GB
0: #
0: #                                                              out-of-place                       in-place          
0: #       size         count      type   redop    root     time   algbw   busbw  #wrong     time   algbw   busbw  #wrong 
0: #        (B)    (elements)                               (us)  (GB/s)  (GB/s)             (us)  (GB/s)  (GB/s)         
0:     16777216       4194304     float     sum      -1  1543.27   10.87   10.87       0   789.83   21.24   21.24    N/A
0:     67108864      16777216     float     sum      -1  2968.47   22.61   22.61       0  2978.38   22.53   22.53    N/A
0:    268435456      67108864     float     sum      -1  11649.2   23.04   23.04       0  11669.6   23.00   23.00    N/A
0: # Out of bounds values : 0 OK
0: # Avg bus bandwidth    : 20.5497 
0: #
0: # Collective test concluded: sendrecv_perf_mpi
0: #
0: 

##### pass 5/8  cross nid007133:g1 <-> nid007195:g3  sendrecv
0: 
0: WARNING: FI_CXI_RDZV_PROTO=alt_read is configured, but the Slurm network is
0: not set to disable rendezvous GET. Performance/stability may be impacted.
0: 
0: Expected Slurm launch:
0:   srun --network=disable_rdzv_get ...
0: or
0:   SLURM_NETWORK=disable_rdzv_get srun ...
0: 
0: Context:
0:   SLURM_NETWORK=<unset>
0:   FI_PROVIDER=cxi
0:   FI_CXI_RDZV_PROTO=alt_read
0: 
0: # nccl-tests version 2.17.8 nccl-headers=22902 nccl-library=22903
0: # Collective test starting: sendrecv_perf_mpi
0: # nThread 1 nGpus 1 minBytes 16777216 maxBytes 268435456 step: 4(factor) warmup iters: 5 iters: 20 agg iters: 1 validation: 1 graph: 0
0: #
0: # Using devices
0: #  Rank  0 Group  0 Pid 282594 on  nid007133 device  0 [0019:01:00] NVIDIA GH200 120GB
0: #  Rank  1 Group  0 Pid 108654 on  nid007195 device  0 [0039:01:00] NVIDIA GH200 120GB
0: #
0: #                                                              out-of-place                       in-place          
0: #       size         count      type   redop    root     time   algbw   busbw  #wrong     time   algbw   busbw  #wrong 
0: #        (B)    (elements)                               (us)  (GB/s)  (GB/s)             (us)  (GB/s)  (GB/s)         
0:     16777216       4194304     float     sum      -1   800.69   20.95   20.95       0   789.34   21.25   21.25    N/A
0:     67108864      16777216     float     sum      -1  2969.87   22.60   22.60       0  2977.46   22.54   22.54    N/A
0:    268435456      67108864     float     sum      -1  11648.6   23.04   23.04       0  11697.1   22.95   22.95    N/A
0: # Out of bounds values : 0 OK
0: # Avg bus bandwidth    : 22.2228 
0: #
0: # Collective test concluded: sendrecv_perf_mpi
0: #
0: 

##### pass 5/8  cross nid007133:g2 <-> nid007195:g0  sendrecv
0: 
0: WARNING: FI_CXI_RDZV_PROTO=alt_read is configured, but the Slurm network is
0: not set to disable rendezvous GET. Performance/stability may be impacted.
0: 
0: Expected Slurm launch:
0:   srun --network=disable_rdzv_get ...
0: or
0:   SLURM_NETWORK=disable_rdzv_get srun ...
0: 
0: Context:
0:   SLURM_NETWORK=<unset>
0:   FI_PROVIDER=cxi
0:   FI_CXI_RDZV_PROTO=alt_read
0: 
0: # nccl-tests version 2.17.8 nccl-headers=22902 nccl-library=22903
0: # Collective test starting: sendrecv_perf_mpi
0: # nThread 1 nGpus 1 minBytes 16777216 maxBytes 268435456 step: 4(factor) warmup iters: 5 iters: 20 agg iters: 1 validation: 1 graph: 0
0: #
0: # Using devices
0: #  Rank  0 Group  0 Pid 283579 on  nid007133 device  0 [0029:01:00] NVIDIA GH200 120GB
0: #  Rank  1 Group  0 Pid 109642 on  nid007195 device  0 [0009:01:00] NVIDIA GH200 120GB
0: #
0: #                                                              out-of-place                       in-place          
0: #       size         count      type   redop    root     time   algbw   busbw  #wrong     time   algbw   busbw  #wrong 
0: #        (B)    (elements)                               (us)  (GB/s)  (GB/s)             (us)  (GB/s)  (GB/s)         
0:     16777216       4194304     float     sum      -1  1259.17   13.32   13.32       0   775.87   21.62   21.62    N/A
0:     67108864      16777216     float     sum      -1  2960.09   22.67   22.67       0  2954.30   22.72   22.72    N/A
0:    268435456      67108864     float     sum      -1  11611.3   23.12   23.12       0  11607.8   23.13   23.13    N/A
0: # Out of bounds values : 0 OK
0: # Avg bus bandwidth    : 21.0964 
0: #
0: # Collective test concluded: sendrecv_perf_mpi
0: #
0: 

##### pass 5/8  cross nid007133:g2 <-> nid007195:g1  sendrecv
0: 
0: WARNING: FI_CXI_RDZV_PROTO=alt_read is configured, but the Slurm network is
0: not set to disable rendezvous GET. Performance/stability may be impacted.
0: 
0: Expected Slurm launch:
0:   srun --network=disable_rdzv_get ...
0: or
0:   SLURM_NETWORK=disable_rdzv_get srun ...
0: 
0: Context:
0:   SLURM_NETWORK=<unset>
0:   FI_PROVIDER=cxi
0:   FI_CXI_RDZV_PROTO=alt_read
0: 
0: # nccl-tests version 2.17.8 nccl-headers=22902 nccl-library=22903
0: # Collective test starting: sendrecv_perf_mpi
0: # nThread 1 nGpus 1 minBytes 16777216 maxBytes 268435456 step: 4(factor) warmup iters: 5 iters: 20 agg iters: 1 validation: 1 graph: 0
0: #
0: # Using devices
0: #  Rank  0 Group  0 Pid 284653 on  nid007133 device  0 [0029:01:00] NVIDIA GH200 120GB
0: #  Rank  1 Group  0 Pid 110627 on  nid007195 device  0 [0019:01:00] NVIDIA GH200 120GB
0: #
0: #                                                              out-of-place                       in-place          
0: #       size         count      type   redop    root     time   algbw   busbw  #wrong     time   algbw   busbw  #wrong 
0: #        (B)    (elements)                               (us)  (GB/s)  (GB/s)             (us)  (GB/s)  (GB/s)         
0:     16777216       4194304     float     sum      -1   930.52   18.03   18.03       0   786.03   21.34   21.34    N/A
0:     67108864      16777216     float     sum      -1  2969.55   22.60   22.60       0  2975.91   22.55   22.55    N/A
0:    268435456      67108864     float     sum      -1  11645.4   23.05   23.05       0  11652.2   23.04   23.04    N/A
0: # Out of bounds values : 0 OK
0: # Avg bus bandwidth    : 21.7687 
0: #
0: # Collective test concluded: sendrecv_perf_mpi
0: #
0: 

##### pass 5/8  cross nid007133:g2 <-> nid007195:g2  sendrecv
0: 
0: WARNING: FI_CXI_RDZV_PROTO=alt_read is configured, but the Slurm network is
0: not set to disable rendezvous GET. Performance/stability may be impacted.
0: 
0: Expected Slurm launch:
0:   srun --network=disable_rdzv_get ...
0: or
0:   SLURM_NETWORK=disable_rdzv_get srun ...
0: 
0: Context:
0:   SLURM_NETWORK=<unset>
0:   FI_PROVIDER=cxi
0:   FI_CXI_RDZV_PROTO=alt_read
0: 
0: # nccl-tests version 2.17.8 nccl-headers=22902 nccl-library=22903
0: # Collective test starting: sendrecv_perf_mpi
0: # nThread 1 nGpus 1 minBytes 16777216 maxBytes 268435456 step: 4(factor) warmup iters: 5 iters: 20 agg iters: 1 validation: 1 graph: 0
0: #
0: # Using devices
0: #  Rank  0 Group  0 Pid 285686 on  nid007133 device  0 [0029:01:00] NVIDIA GH200 120GB
0: #  Rank  1 Group  0 Pid 111595 on  nid007195 device  0 [0029:01:00] NVIDIA GH200 120GB
0: #
0: #                                                              out-of-place                       in-place          
0: #       size         count      type   redop    root     time   algbw   busbw  #wrong     time   algbw   busbw  #wrong 
0: #        (B)    (elements)                               (us)  (GB/s)  (GB/s)             (us)  (GB/s)  (GB/s)         
0:     16777216       4194304     float     sum      -1  1156.64   14.51   14.51       0   785.86   21.35   21.35    N/A
0:     67108864      16777216     float     sum      -1  2976.20   22.55   22.55       0  2976.77   22.54   22.54    N/A
0:    268435456      67108864     float     sum      -1  11647.9   23.05   23.05       0  11654.2   23.03   23.03    N/A
0: # Out of bounds values : 0 OK
0: # Avg bus bandwidth    : 21.171 
0: #
0: # Collective test concluded: sendrecv_perf_mpi
0: #
0: 

##### pass 5/8  cross nid007133:g2 <-> nid007195:g3  sendrecv
0: 
0: WARNING: FI_CXI_RDZV_PROTO=alt_read is configured, but the Slurm network is
0: not set to disable rendezvous GET. Performance/stability may be impacted.
0: 
0: Expected Slurm launch:
0:   srun --network=disable_rdzv_get ...
0: or
0:   SLURM_NETWORK=disable_rdzv_get srun ...
0: 
0: Context:
0:   SLURM_NETWORK=<unset>
0:   FI_PROVIDER=cxi
0:   FI_CXI_RDZV_PROTO=alt_read
0: 
0: # nccl-tests version 2.17.8 nccl-headers=22902 nccl-library=22903
0: # Collective test starting: sendrecv_perf_mpi
0: # nThread 1 nGpus 1 minBytes 16777216 maxBytes 268435456 step: 4(factor) warmup iters: 5 iters: 20 agg iters: 1 validation: 1 graph: 0
0: #
0: # Using devices
0: #  Rank  0 Group  0 Pid 286729 on  nid007133 device  0 [0029:01:00] NVIDIA GH200 120GB
0: #  Rank  1 Group  0 Pid 112584 on  nid007195 device  0 [0039:01:00] NVIDIA GH200 120GB
0: #
0: #                                                              out-of-place                       in-place          
0: #       size         count      type   redop    root     time   algbw   busbw  #wrong     time   algbw   busbw  #wrong 
0: #        (B)    (elements)                               (us)  (GB/s)  (GB/s)             (us)  (GB/s)  (GB/s)         
0:     16777216       4194304     float     sum      -1  1151.98   14.56   14.56       0   783.87   21.40   21.40    N/A
0:     67108864      16777216     float     sum      -1  2975.06   22.56   22.56       0  2972.12   22.58   22.58    N/A
0:    268435456      67108864     float     sum      -1  12043.8   22.29   22.29       0  12243.9   21.92   21.92    N/A
0: # Out of bounds values : 0 OK
0: # Avg bus bandwidth    : 20.886 
0: #
0: # Collective test concluded: sendrecv_perf_mpi
0: #
0: 

##### pass 5/8  cross nid007133:g3 <-> nid007195:g0  sendrecv
0: 
0: WARNING: FI_CXI_RDZV_PROTO=alt_read is configured, but the Slurm network is
0: not set to disable rendezvous GET. Performance/stability may be impacted.
0: 
0: Expected Slurm launch:
0:   srun --network=disable_rdzv_get ...
0: or
0:   SLURM_NETWORK=disable_rdzv_get srun ...
0: 
0: Context:
0:   SLURM_NETWORK=<unset>
0:   FI_PROVIDER=cxi
0:   FI_CXI_RDZV_PROTO=alt_read
0: 
0: # nccl-tests version 2.17.8 nccl-headers=22902 nccl-library=22903
0: # Collective test starting: sendrecv_perf_mpi
0: # nThread 1 nGpus 1 minBytes 16777216 maxBytes 268435456 step: 4(factor) warmup iters: 5 iters: 20 agg iters: 1 validation: 1 graph: 0
0: #
0: # Using devices
0: #  Rank  0 Group  0 Pid 287728 on  nid007133 device  0 [0039:01:00] NVIDIA GH200 120GB
0: #  Rank  1 Group  0 Pid 113546 on  nid007195 device  0 [0009:01:00] NVIDIA GH200 120GB
0: #
0: #                                                              out-of-place                       in-place          
0: #       size         count      type   redop    root     time   algbw   busbw  #wrong     time   algbw   busbw  #wrong 
0: #        (B)    (elements)                               (us)  (GB/s)  (GB/s)             (us)  (GB/s)  (GB/s)         
0:     16777216       4194304     float     sum      -1  1323.47   12.68   12.68       0   780.05   21.51   21.51    N/A
0:     67108864      16777216     float     sum      -1  2957.30   22.69   22.69       0  2952.16   22.73   22.73    N/A
0:    268435456      67108864     float     sum      -1  11614.6   23.11   23.11       0  11616.1   23.11   23.11    N/A
0: # Out of bounds values : 0 OK
0: # Avg bus bandwidth    : 20.9717 
0: #
0: # Collective test concluded: sendrecv_perf_mpi
0: #
0: 

##### pass 5/8  cross nid007133:g3 <-> nid007195:g1  sendrecv
0: 
0: WARNING: FI_CXI_RDZV_PROTO=alt_read is configured, but the Slurm network is
0: not set to disable rendezvous GET. Performance/stability may be impacted.
0: 
0: Expected Slurm launch:
0:   srun --network=disable_rdzv_get ...
0: or
0:   SLURM_NETWORK=disable_rdzv_get srun ...
0: 
0: Context:
0:   SLURM_NETWORK=<unset>
0:   FI_PROVIDER=cxi
0:   FI_CXI_RDZV_PROTO=alt_read
0: 
0: # nccl-tests version 2.17.8 nccl-headers=22902 nccl-library=22903
0: # Collective test starting: sendrecv_perf_mpi
0: # nThread 1 nGpus 1 minBytes 16777216 maxBytes 268435456 step: 4(factor) warmup iters: 5 iters: 20 agg iters: 1 validation: 1 graph: 0
0: #
0: # Using devices
0: #  Rank  0 Group  0 Pid 288713 on  nid007133 device  0 [0039:01:00] NVIDIA GH200 120GB
0: #  Rank  1 Group  0 Pid 114533 on  nid007195 device  0 [0019:01:00] NVIDIA GH200 120GB
0: #
0: #                                                              out-of-place                       in-place          
0: #       size         count      type   redop    root     time   algbw   busbw  #wrong     time   algbw   busbw  #wrong 
0: #        (B)    (elements)                               (us)  (GB/s)  (GB/s)             (us)  (GB/s)  (GB/s)         
0:     16777216       4194304     float     sum      -1  1237.54   13.56   13.56       0   786.22   21.34   21.34    N/A
0:     67108864      16777216     float     sum      -1  2978.38   22.53   22.53       0  2971.01   22.59   22.59    N/A
0:    268435456      67108864     float     sum      -1  11636.7   23.07   23.07       0  11659.4   23.02   23.02    N/A
0: # Out of bounds values : 0 OK
0: # Avg bus bandwidth    : 21.0178 
0: #
0: # Collective test concluded: sendrecv_perf_mpi
0: #
0: 

##### pass 5/8  cross nid007133:g3 <-> nid007195:g2  sendrecv
0: 
0: WARNING: FI_CXI_RDZV_PROTO=alt_read is configured, but the Slurm network is
0: not set to disable rendezvous GET. Performance/stability may be impacted.
0: 
0: Expected Slurm launch:
0:   srun --network=disable_rdzv_get ...
0: or
0:   SLURM_NETWORK=disable_rdzv_get srun ...
0: 
0: Context:
0:   SLURM_NETWORK=<unset>
0:   FI_PROVIDER=cxi
0:   FI_CXI_RDZV_PROTO=alt_read
0: 
0: # nccl-tests version 2.17.8 nccl-headers=22902 nccl-library=22903
0: # Collective test starting: sendrecv_perf_mpi
0: # nThread 1 nGpus 1 minBytes 16777216 maxBytes 268435456 step: 4(factor) warmup iters: 5 iters: 20 agg iters: 1 validation: 1 graph: 0
0: #
0: # Using devices
0: #  Rank  0 Group  0 Pid 289713 on  nid007133 device  0 [0039:01:00] NVIDIA GH200 120GB
0: #  Rank  1 Group  0 Pid 115521 on  nid007195 device  0 [0029:01:00] NVIDIA GH200 120GB
0: #
0: #                                                              out-of-place                       in-place          
0: #       size         count      type   redop    root     time   algbw   busbw  #wrong     time   algbw   busbw  #wrong 
0: #        (B)    (elements)                               (us)  (GB/s)  (GB/s)             (us)  (GB/s)  (GB/s)         
0:     16777216       4194304     float     sum      -1   961.55   17.45   17.45       0   786.95   21.32   21.32    N/A
0:     67108864      16777216     float     sum      -1  2970.78   22.59   22.59       0  2975.74   22.55   22.55    N/A
0:    268435456      67108864     float     sum      -1  11639.3   23.06   23.06       0  11642.4   23.06   23.06    N/A
0: # Out of bounds values : 0 OK
0: # Avg bus bandwidth    : 21.6714 
0: #
0: # Collective test concluded: sendrecv_perf_mpi
0: #
0: 

##### pass 5/8  cross nid007133:g3 <-> nid007195:g3  sendrecv
0: 
0: WARNING: FI_CXI_RDZV_PROTO=alt_read is configured, but the Slurm network is
0: not set to disable rendezvous GET. Performance/stability may be impacted.
0: 
0: Expected Slurm launch:
0:   srun --network=disable_rdzv_get ...
0: or
0:   SLURM_NETWORK=disable_rdzv_get srun ...
0: 
0: Context:
0:   SLURM_NETWORK=<unset>
0:   FI_PROVIDER=cxi
0:   FI_CXI_RDZV_PROTO=alt_read
0: 
0: # nccl-tests version 2.17.8 nccl-headers=22902 nccl-library=22903
0: # Collective test starting: sendrecv_perf_mpi
0: # nThread 1 nGpus 1 minBytes 16777216 maxBytes 268435456 step: 4(factor) warmup iters: 5 iters: 20 agg iters: 1 validation: 1 graph: 0
0: #
0: # Using devices
0: #  Rank  0 Group  0 Pid 290700 on  nid007133 device  0 [0039:01:00] NVIDIA GH200 120GB
0: #  Rank  1 Group  0 Pid 116509 on  nid007195 device  0 [0039:01:00] NVIDIA GH200 120GB
0: #
0: #                                                              out-of-place                       in-place          
0: #       size         count      type   redop    root     time   algbw   busbw  #wrong     time   algbw   busbw  #wrong 
0: #        (B)    (elements)                               (us)  (GB/s)  (GB/s)             (us)  (GB/s)  (GB/s)         
0:     16777216       4194304     float     sum      -1   896.67   18.71   18.71       0   788.45   21.28   21.28    N/A
0:     67108864      16777216     float     sum      -1  2971.48   22.58   22.58       0  2977.26   22.54   22.54    N/A
0:    268435456      67108864     float     sum      -1  11646.2   23.05   23.05       0  11652.4   23.04   23.04    N/A
0: # Out of bounds values : 0 OK
0: # Avg bus bandwidth    : 21.8667 
0: #
0: # Collective test concluded: sendrecv_perf_mpi
0: #
0: 

##### pass 6/8  cross nid007133:g0 <-> nid007195:g0  sendrecv
0: 
0: WARNING: FI_CXI_RDZV_PROTO=alt_read is configured, but the Slurm network is
0: not set to disable rendezvous GET. Performance/stability may be impacted.
0: 
0: Expected Slurm launch:
0:   srun --network=disable_rdzv_get ...
0: or
0:   SLURM_NETWORK=disable_rdzv_get srun ...
0: 
0: Context:
0:   SLURM_NETWORK=<unset>
0:   FI_PROVIDER=cxi
0:   FI_CXI_RDZV_PROTO=alt_read
0: 
0: # nccl-tests version 2.17.8 nccl-headers=22902 nccl-library=22903
0: # Collective test starting: sendrecv_perf_mpi
0: # nThread 1 nGpus 1 minBytes 16777216 maxBytes 268435456 step: 4(factor) warmup iters: 5 iters: 20 agg iters: 1 validation: 1 graph: 0
0: #
0: # Using devices
0: #  Rank  0 Group  0 Pid 291702 on  nid007133 device  0 [0009:01:00] NVIDIA GH200 120GB
0: #  Rank  1 Group  0 Pid 117493 on  nid007195 device  0 [0009:01:00] NVIDIA GH200 120GB
0: #
0: #                                                              out-of-place                       in-place          
0: #       size         count      type   redop    root     time   algbw   busbw  #wrong     time   algbw   busbw  #wrong 
0: #        (B)    (elements)                               (us)  (GB/s)  (GB/s)             (us)  (GB/s)  (GB/s)         
0:     16777216       4194304     float     sum      -1   761.64   22.03   22.03       0   773.70   21.68   21.68    N/A
0:     67108864      16777216     float     sum      -1  2938.71   22.84   22.84       0  2937.79   22.84   22.84    N/A
0:    268435456      67108864     float     sum      -1  11587.7   23.17   23.17       0  11593.1   23.15   23.15    N/A
0: # Out of bounds values : 0 OK
0: # Avg bus bandwidth    : 22.6186 
0: #
0: # Collective test concluded: sendrecv_perf_mpi
0: #
0: 

##### pass 6/8  cross nid007133:g0 <-> nid007195:g1  sendrecv
0: 
0: WARNING: FI_CXI_RDZV_PROTO=alt_read is configured, but the Slurm network is
0: not set to disable rendezvous GET. Performance/stability may be impacted.
0: 
0: Expected Slurm launch:
0:   srun --network=disable_rdzv_get ...
0: or
0:   SLURM_NETWORK=disable_rdzv_get srun ...
0: 
0: Context:
0:   SLURM_NETWORK=<unset>
0:   FI_PROVIDER=cxi
0:   FI_CXI_RDZV_PROTO=alt_read
0: 
0: # nccl-tests version 2.17.8 nccl-headers=22902 nccl-library=22903
0: # Collective test starting: sendrecv_perf_mpi
0: # nThread 1 nGpus 1 minBytes 16777216 maxBytes 268435456 step: 4(factor) warmup iters: 5 iters: 20 agg iters: 1 validation: 1 graph: 0
0: #
0: # Using devices
0: #  Rank  0 Group  0 Pid 292686 on  nid007133 device  0 [0009:01:00] NVIDIA GH200 120GB
0: #  Rank  1 Group  0 Pid 118459 on  nid007195 device  0 [0019:01:00] NVIDIA GH200 120GB
0: #
0: #                                                              out-of-place                       in-place          
0: #       size         count      type   redop    root     time   algbw   busbw  #wrong     time   algbw   busbw  #wrong 
0: #        (B)    (elements)                               (us)  (GB/s)  (GB/s)             (us)  (GB/s)  (GB/s)         
0:     16777216       4194304     float     sum      -1   994.65   16.87   16.87       0   780.65   21.49   21.49    N/A
0:     67108864      16777216     float     sum      -1  2956.37   22.70   22.70       0  2953.03   22.73   22.73    N/A
0:    268435456      67108864     float     sum      -1  11682.9   22.98   22.98       0  12365.5   21.71   21.71    N/A
0: # Out of bounds values : 0 OK
0: # Avg bus bandwidth    : 21.4115 
0: #
0: # Collective test concluded: sendrecv_perf_mpi
0: #
0: 

##### pass 6/8  cross nid007133:g0 <-> nid007195:g2  sendrecv
0: 
0: WARNING: FI_CXI_RDZV_PROTO=alt_read is configured, but the Slurm network is
0: not set to disable rendezvous GET. Performance/stability may be impacted.
0: 
0: Expected Slurm launch:
0:   srun --network=disable_rdzv_get ...
0: or
0:   SLURM_NETWORK=disable_rdzv_get srun ...
0: 
0: Context:
0:   SLURM_NETWORK=<unset>
0:   FI_PROVIDER=cxi
0:   FI_CXI_RDZV_PROTO=alt_read
0: 
0: # nccl-tests version 2.17.8 nccl-headers=22902 nccl-library=22903
0: # Collective test starting: sendrecv_perf_mpi
0: # nThread 1 nGpus 1 minBytes 16777216 maxBytes 268435456 step: 4(factor) warmup iters: 5 iters: 20 agg iters: 1 validation: 1 graph: 0
0: #
0: # Using devices
0: #  Rank  0 Group  0 Pid 293688 on  nid007133 device  0 [0009:01:00] NVIDIA GH200 120GB
0: #  Rank  1 Group  0 Pid 119448 on  nid007195 device  0 [0029:01:00] NVIDIA GH200 120GB
0: #
0: #                                                              out-of-place                       in-place          
0: #       size         count      type   redop    root     time   algbw   busbw  #wrong     time   algbw   busbw  #wrong 
0: #        (B)    (elements)                               (us)  (GB/s)  (GB/s)             (us)  (GB/s)  (GB/s)         
0:     16777216       4194304     float     sum      -1  1304.03   12.87   12.87       0  1457.73   11.51   11.51    N/A
0:     67108864      16777216     float     sum      -1  2959.60   22.67   22.67       0  2948.08   22.76   22.76    N/A
0:    268435456      67108864     float     sum      -1  11621.6   23.10   23.10       0  11611.1   23.12   23.12    N/A
0: # Out of bounds values : 0 OK
0: # Avg bus bandwidth    : 19.3384 
0: #
0: # Collective test concluded: sendrecv_perf_mpi
0: #
0: 

##### pass 6/8  cross nid007133:g0 <-> nid007195:g3  sendrecv
0: 
0: WARNING: FI_CXI_RDZV_PROTO=alt_read is configured, but the Slurm network is
0: not set to disable rendezvous GET. Performance/stability may be impacted.
0: 
0: Expected Slurm launch:
0:   srun --network=disable_rdzv_get ...
0: or
0:   SLURM_NETWORK=disable_rdzv_get srun ...
0: 
0: Context:
0:   SLURM_NETWORK=<unset>
0:   FI_PROVIDER=cxi
0:   FI_CXI_RDZV_PROTO=alt_read
0: 
0: # nccl-tests version 2.17.8 nccl-headers=22902 nccl-library=22903
0: # Collective test starting: sendrecv_perf_mpi
0: # nThread 1 nGpus 1 minBytes 16777216 maxBytes 268435456 step: 4(factor) warmup iters: 5 iters: 20 agg iters: 1 validation: 1 graph: 0
0: #
0: # Using devices
0: #  Rank  0 Group  0 Pid 294689 on  nid007133 device  0 [0009:01:00] NVIDIA GH200 120GB
0: #  Rank  1 Group  0 Pid 120415 on  nid007195 device  0 [0039:01:00] NVIDIA GH200 120GB
0: #
0: #                                                              out-of-place                       in-place          
0: #       size         count      type   redop    root     time   algbw   busbw  #wrong     time   algbw   busbw  #wrong 
0: #        (B)    (elements)                               (us)  (GB/s)  (GB/s)             (us)  (GB/s)  (GB/s)         
0:     16777216       4194304     float     sum      -1   917.62   18.28   18.28       0   779.45   21.52   21.52    N/A
0:     67108864      16777216     float     sum      -1  2959.98   22.67   22.67       0  2953.08   22.73   22.73    N/A
0:    268435456      67108864     float     sum      -1  11635.0   23.07   23.07       0  11636.6   23.07   23.07    N/A
0: # Out of bounds values : 0 OK
0: # Avg bus bandwidth    : 21.8908 
0: #
0: # Collective test concluded: sendrecv_perf_mpi
0: #
0: 

##### pass 6/8  cross nid007133:g1 <-> nid007195:g0  sendrecv
0: 
0: WARNING: FI_CXI_RDZV_PROTO=alt_read is configured, but the Slurm network is
0: not set to disable rendezvous GET. Performance/stability may be impacted.
0: 
0: Expected Slurm launch:
0:   srun --network=disable_rdzv_get ...
0: or
0:   SLURM_NETWORK=disable_rdzv_get srun ...
0: 
0: Context:
0:   SLURM_NETWORK=<unset>
0:   FI_PROVIDER=cxi
0:   FI_CXI_RDZV_PROTO=alt_read
0: 
0: # nccl-tests version 2.17.8 nccl-headers=22902 nccl-library=22903
0: # Collective test starting: sendrecv_perf_mpi
0: # nThread 1 nGpus 1 minBytes 16777216 maxBytes 268435456 step: 4(factor) warmup iters: 5 iters: 20 agg iters: 1 validation: 1 graph: 0
0: #
0: # Using devices
0: #  Rank  0 Group  0 Pid   1822 on  nid007133 device  0 [0019:01:00] NVIDIA GH200 120GB
0: #  Rank  1 Group  0 Pid 121405 on  nid007195 device  0 [0009:01:00] NVIDIA GH200 120GB
0: #
0: #                                                              out-of-place                       in-place          
0: #       size         count      type   redop    root     time   algbw   busbw  #wrong     time   algbw   busbw  #wrong 
0: #        (B)    (elements)                               (us)  (GB/s)  (GB/s)             (us)  (GB/s)  (GB/s)         
0:     16777216       4194304     float     sum      -1  1232.85   13.61   13.61       0   776.53   21.61   21.61    N/A
0:     67108864      16777216     float     sum      -1  2957.84   22.69   22.69       0  2961.80   22.66   22.66    N/A
0:    268435456      67108864     float     sum      -1  11619.8   23.10   23.10       0  11625.4   23.09   23.09    N/A
0: # Out of bounds values : 0 OK
0: # Avg bus bandwidth    : 21.1254 
0: #
0: # Collective test concluded: sendrecv_perf_mpi
0: #
0: 

##### pass 6/8  cross nid007133:g1 <-> nid007195:g1  sendrecv
0: 
0: WARNING: FI_CXI_RDZV_PROTO=alt_read is configured, but the Slurm network is
0: not set to disable rendezvous GET. Performance/stability may be impacted.
0: 
0: Expected Slurm launch:
0:   srun --network=disable_rdzv_get ...
0: or
0:   SLURM_NETWORK=disable_rdzv_get srun ...
0: 
0: Context:
0:   SLURM_NETWORK=<unset>
0:   FI_PROVIDER=cxi
0:   FI_CXI_RDZV_PROTO=alt_read
0: 
0: # nccl-tests version 2.17.8 nccl-headers=22902 nccl-library=22903
0: # Collective test starting: sendrecv_perf_mpi
0: # nThread 1 nGpus 1 minBytes 16777216 maxBytes 268435456 step: 4(factor) warmup iters: 5 iters: 20 agg iters: 1 validation: 1 graph: 0
0: #
0: # Using devices
0: #  Rank  0 Group  0 Pid   3194 on  nid007133 device  0 [0019:01:00] NVIDIA GH200 120GB
0: #  Rank  1 Group  0 Pid 122383 on  nid007195 device  0 [0019:01:00] NVIDIA GH200 120GB
0: #
0: #                                                              out-of-place                       in-place          
0: #       size         count      type   redop    root     time   algbw   busbw  #wrong     time   algbw   busbw  #wrong 
0: #        (B)    (elements)                               (us)  (GB/s)  (GB/s)             (us)  (GB/s)  (GB/s)         
0:     16777216       4194304     float     sum      -1   962.13   17.44   17.44       0   788.86   21.27   21.27    N/A
0:     67108864      16777216     float     sum      -1  2976.03   22.55   22.55       0  2971.36   22.59   22.59    N/A
0:    268435456      67108864     float     sum      -1  11655.1   23.03   23.03       0  11658.9   23.02   23.02    N/A
0: # Out of bounds values : 0 OK
0: # Avg bus bandwidth    : 21.6493 
0: #
0: # Collective test concluded: sendrecv_perf_mpi
0: #
0: 

##### pass 6/8  cross nid007133:g1 <-> nid007195:g2  sendrecv
0: 
0: WARNING: FI_CXI_RDZV_PROTO=alt_read is configured, but the Slurm network is
0: not set to disable rendezvous GET. Performance/stability may be impacted.
0: 
0: Expected Slurm launch:
0:   srun --network=disable_rdzv_get ...
0: or
0:   SLURM_NETWORK=disable_rdzv_get srun ...
0: 
0: Context:
0:   SLURM_NETWORK=<unset>
0:   FI_PROVIDER=cxi
0:   FI_CXI_RDZV_PROTO=alt_read
0: 
0: # nccl-tests version 2.17.8 nccl-headers=22902 nccl-library=22903
0: # Collective test starting: sendrecv_perf_mpi
0: # nThread 1 nGpus 1 minBytes 16777216 maxBytes 268435456 step: 4(factor) warmup iters: 5 iters: 20 agg iters: 1 validation: 1 graph: 0
0: #
0: # Using devices
0: #  Rank  0 Group  0 Pid   4202 on  nid007133 device  0 [0019:01:00] NVIDIA GH200 120GB
0: #  Rank  1 Group  0 Pid 123346 on  nid007195 device  0 [0029:01:00] NVIDIA GH200 120GB
0: #
0: #                                                              out-of-place                       in-place          
0: #       size         count      type   redop    root     time   algbw   busbw  #wrong     time   algbw   busbw  #wrong 
0: #        (B)    (elements)                               (us)  (GB/s)  (GB/s)             (us)  (GB/s)  (GB/s)         
0:     16777216       4194304     float     sum      -1  1199.96   13.98   13.98       0   783.32   21.42   21.42    N/A
0:     67108864      16777216     float     sum      -1  2980.38   22.52   22.52       0  2986.29   22.47   22.47    N/A
0:    268435456      67108864     float     sum      -1  11671.5   23.00   23.00       0  11659.6   23.02   23.02    N/A
0: # Out of bounds values : 0 OK
0: # Avg bus bandwidth    : 21.0685 
0: #
0: # Collective test concluded: sendrecv_perf_mpi
0: #
0: 

##### pass 6/8  cross nid007133:g1 <-> nid007195:g3  sendrecv
0: 
0: WARNING: FI_CXI_RDZV_PROTO=alt_read is configured, but the Slurm network is
0: not set to disable rendezvous GET. Performance/stability may be impacted.
0: 
0: Expected Slurm launch:
0:   srun --network=disable_rdzv_get ...
0: or
0:   SLURM_NETWORK=disable_rdzv_get srun ...
0: 
0: Context:
0:   SLURM_NETWORK=<unset>
0:   FI_PROVIDER=cxi
0:   FI_CXI_RDZV_PROTO=alt_read
0: 
0: # nccl-tests version 2.17.8 nccl-headers=22902 nccl-library=22903
0: # Collective test starting: sendrecv_perf_mpi
0: # nThread 1 nGpus 1 minBytes 16777216 maxBytes 268435456 step: 4(factor) warmup iters: 5 iters: 20 agg iters: 1 validation: 1 graph: 0
0: #
0: # Using devices
0: #  Rank  0 Group  0 Pid   5214 on  nid007133 device  0 [0019:01:00] NVIDIA GH200 120GB
0: #  Rank  1 Group  0 Pid 124337 on  nid007195 device  0 [0039:01:00] NVIDIA GH200 120GB
0: #
0: #                                                              out-of-place                       in-place          
0: #       size         count      type   redop    root     time   algbw   busbw  #wrong     time   algbw   busbw  #wrong 
0: #        (B)    (elements)                               (us)  (GB/s)  (GB/s)             (us)  (GB/s)  (GB/s)         
0:     16777216       4194304     float     sum      -1  1182.38   14.19   14.19       0   788.38   21.28   21.28    N/A
0:     67108864      16777216     float     sum      -1  2976.82   22.54   22.54       0  2964.97   22.63   22.63    N/A
0:    268435456      67108864     float     sum      -1  11677.2   22.99   22.99       0  11670.9   23.00   23.00    N/A
0: # Out of bounds values : 0 OK
0: # Avg bus bandwidth    : 21.106 
0: #
0: # Collective test concluded: sendrecv_perf_mpi
0: #
0: 

##### pass 6/8  cross nid007133:g2 <-> nid007195:g0  sendrecv
0: 
0: WARNING: FI_CXI_RDZV_PROTO=alt_read is configured, but the Slurm network is
0: not set to disable rendezvous GET. Performance/stability may be impacted.
0: 
0: Expected Slurm launch:
0:   srun --network=disable_rdzv_get ...
0: or
0:   SLURM_NETWORK=disable_rdzv_get srun ...
0: 
0: Context:
0:   SLURM_NETWORK=<unset>
0:   FI_PROVIDER=cxi
0:   FI_CXI_RDZV_PROTO=alt_read
0: 
0: # nccl-tests version 2.17.8 nccl-headers=22902 nccl-library=22903
0: # Collective test starting: sendrecv_perf_mpi
0: # nThread 1 nGpus 1 minBytes 16777216 maxBytes 268435456 step: 4(factor) warmup iters: 5 iters: 20 agg iters: 1 validation: 1 graph: 0
0: #
0: # Using devices
0: #  Rank  0 Group  0 Pid   6203 on  nid007133 device  0 [0029:01:00] NVIDIA GH200 120GB
0: #  Rank  1 Group  0 Pid 125300 on  nid007195 device  0 [0009:01:00] NVIDIA GH200 120GB
0: #
0: #                                                              out-of-place                       in-place          
0: #       size         count      type   redop    root     time   algbw   busbw  #wrong     time   algbw   busbw  #wrong 
0: #        (B)    (elements)                               (us)  (GB/s)  (GB/s)             (us)  (GB/s)  (GB/s)         
0:     16777216       4194304     float     sum      -1   979.56   17.13   17.13       0   779.00   21.54   21.54    N/A
0:     67108864      16777216     float     sum      -1  2949.67   22.75   22.75       0  2949.74   22.75   22.75    N/A
0:    268435456      67108864     float     sum      -1  11616.8   23.11   23.11       0  12091.9   22.20   22.20    N/A
0: # Out of bounds values : 0 OK
0: # Avg bus bandwidth    : 21.5789 
0: #
0: # Collective test concluded: sendrecv_perf_mpi
0: #
0: 

##### pass 6/8  cross nid007133:g2 <-> nid007195:g1  sendrecv
0: 
0: WARNING: FI_CXI_RDZV_PROTO=alt_read is configured, but the Slurm network is
0: not set to disable rendezvous GET. Performance/stability may be impacted.
0: 
0: Expected Slurm launch:
0:   srun --network=disable_rdzv_get ...
0: or
0:   SLURM_NETWORK=disable_rdzv_get srun ...
0: 
0: Context:
0:   SLURM_NETWORK=<unset>
0:   FI_PROVIDER=cxi
0:   FI_CXI_RDZV_PROTO=alt_read
0: 
0: # nccl-tests version 2.17.8 nccl-headers=22902 nccl-library=22903
0: # Collective test starting: sendrecv_perf_mpi
0: # nThread 1 nGpus 1 minBytes 16777216 maxBytes 268435456 step: 4(factor) warmup iters: 5 iters: 20 agg iters: 1 validation: 1 graph: 0
0: #
0: # Using devices
0: #  Rank  0 Group  0 Pid   7206 on  nid007133 device  0 [0029:01:00] NVIDIA GH200 120GB
0: #  Rank  1 Group  0 Pid 126307 on  nid007195 device  0 [0019:01:00] NVIDIA GH200 120GB
0: #
0: #                                                              out-of-place                       in-place          
0: #       size         count      type   redop    root     time   algbw   busbw  #wrong     time   algbw   busbw  #wrong 
0: #        (B)    (elements)                               (us)  (GB/s)  (GB/s)             (us)  (GB/s)  (GB/s)         
0:     16777216       4194304     float     sum      -1  1235.76   13.58   13.58       0   784.64   21.38   21.38    N/A
0:     67108864      16777216     float     sum      -1  2981.29   22.51   22.51       0  2975.13   22.56   22.56    N/A
0:    268435456      67108864     float     sum      -1  11666.4   23.01   23.01       0  11770.6   22.81   22.81    N/A
0: # Out of bounds values : 0 OK
0: # Avg bus bandwidth    : 20.9733 
0: #
0: # Collective test concluded: sendrecv_perf_mpi
0: #
0: 

##### pass 6/8  cross nid007133:g2 <-> nid007195:g2  sendrecv
0: 
0: WARNING: FI_CXI_RDZV_PROTO=alt_read is configured, but the Slurm network is
0: not set to disable rendezvous GET. Performance/stability may be impacted.
0: 
0: Expected Slurm launch:
0:   srun --network=disable_rdzv_get ...
0: or
0:   SLURM_NETWORK=disable_rdzv_get srun ...
0: 
0: Context:
0:   SLURM_NETWORK=<unset>
0:   FI_PROVIDER=cxi
0:   FI_CXI_RDZV_PROTO=alt_read
0: 
0: # nccl-tests version 2.17.8 nccl-headers=22902 nccl-library=22903
0: # Collective test starting: sendrecv_perf_mpi
0: # nThread 1 nGpus 1 minBytes 16777216 maxBytes 268435456 step: 4(factor) warmup iters: 5 iters: 20 agg iters: 1 validation: 1 graph: 0
0: #
0: # Using devices
0: #  Rank  0 Group  0 Pid   8213 on  nid007133 device  0 [0029:01:00] NVIDIA GH200 120GB
0: #  Rank  1 Group  0 Pid 127278 on  nid007195 device  0 [0029:01:00] NVIDIA GH200 120GB
0: #
0: #                                                              out-of-place                       in-place          
0: #       size         count      type   redop    root     time   algbw   busbw  #wrong     time   algbw   busbw  #wrong 
0: #        (B)    (elements)                               (us)  (GB/s)  (GB/s)             (us)  (GB/s)  (GB/s)         
0:     16777216       4194304     float     sum      -1  1346.18   12.46   12.46       0   791.86   21.19   21.19    N/A
0:     67108864      16777216     float     sum      -1  2975.32   22.56   22.56       0  2976.35   22.55   22.55    N/A
0:    268435456      67108864     float     sum      -1  11652.2   23.04   23.04       0  11654.7   23.03   23.03    N/A
0: # Out of bounds values : 0 OK
0: # Avg bus bandwidth    : 20.8037 
0: #
0: # Collective test concluded: sendrecv_perf_mpi
0: #
0: 

##### pass 6/8  cross nid007133:g2 <-> nid007195:g3  sendrecv
0: 
0: WARNING: FI_CXI_RDZV_PROTO=alt_read is configured, but the Slurm network is
0: not set to disable rendezvous GET. Performance/stability may be impacted.
0: 
0: Expected Slurm launch:
0:   srun --network=disable_rdzv_get ...
0: or
0:   SLURM_NETWORK=disable_rdzv_get srun ...
0: 
0: Context:
0:   SLURM_NETWORK=<unset>
0:   FI_PROVIDER=cxi
0:   FI_CXI_RDZV_PROTO=alt_read
0: 
0: # nccl-tests version 2.17.8 nccl-headers=22902 nccl-library=22903
0: # Collective test starting: sendrecv_perf_mpi
0: # nThread 1 nGpus 1 minBytes 16777216 maxBytes 268435456 step: 4(factor) warmup iters: 5 iters: 20 agg iters: 1 validation: 1 graph: 0
0: #
0: # Using devices
0: #  Rank  0 Group  0 Pid   9231 on  nid007133 device  0 [0029:01:00] NVIDIA GH200 120GB
0: #  Rank  1 Group  0 Pid 128283 on  nid007195 device  0 [0039:01:00] NVIDIA GH200 120GB
0: #
0: #                                                              out-of-place                       in-place          
0: #       size         count      type   redop    root     time   algbw   busbw  #wrong     time   algbw   busbw  #wrong 
0: #        (B)    (elements)                               (us)  (GB/s)  (GB/s)             (us)  (GB/s)  (GB/s)         
0:     16777216       4194304     float     sum      -1  1120.71   14.97   14.97       0   784.36   21.39   21.39    N/A
0:     67108864      16777216     float     sum      -1  2979.49   22.52   22.52       0  2973.56   22.57   22.57    N/A
0:    268435456      67108864     float     sum      -1  12379.3   21.68   21.68       0  11662.9   23.02   23.02    N/A
0: # Out of bounds values : 0 OK
0: # Avg bus bandwidth    : 21.0254 
0: #
0: # Collective test concluded: sendrecv_perf_mpi
0: #
0: 

##### pass 6/8  cross nid007133:g3 <-> nid007195:g0  sendrecv
0: 
0: WARNING: FI_CXI_RDZV_PROTO=alt_read is configured, but the Slurm network is
0: not set to disable rendezvous GET. Performance/stability may be impacted.
0: 
0: Expected Slurm launch:
0:   srun --network=disable_rdzv_get ...
0: or
0:   SLURM_NETWORK=disable_rdzv_get srun ...
0: 
0: Context:
0:   SLURM_NETWORK=<unset>
0:   FI_PROVIDER=cxi
0:   FI_CXI_RDZV_PROTO=alt_read
0: 
0: # nccl-tests version 2.17.8 nccl-headers=22902 nccl-library=22903
0: # Collective test starting: sendrecv_perf_mpi
0: # nThread 1 nGpus 1 minBytes 16777216 maxBytes 268435456 step: 4(factor) warmup iters: 5 iters: 20 agg iters: 1 validation: 1 graph: 0
0: #
0: # Using devices
0: #  Rank  0 Group  0 Pid  10237 on  nid007133 device  0 [0039:01:00] NVIDIA GH200 120GB
0: #  Rank  1 Group  0 Pid 129295 on  nid007195 device  0 [0009:01:00] NVIDIA GH200 120GB
0: #
0: #                                                              out-of-place                       in-place          
0: #       size         count      type   redop    root     time   algbw   busbw  #wrong     time   algbw   busbw  #wrong 
0: #        (B)    (elements)                               (us)  (GB/s)  (GB/s)             (us)  (GB/s)  (GB/s)         
0:     16777216       4194304     float     sum      -1  2206.02    7.61    7.61       0   783.53   21.41   21.41    N/A
0:     67108864      16777216     float     sum      -1  2958.05   22.69   22.69       0  2954.42   22.71   22.71    N/A
0:    268435456      67108864     float     sum      -1  11615.8   23.11   23.11       0  11618.6   23.10   23.10    N/A
0: # Out of bounds values : 0 OK
0: # Avg bus bandwidth    : 20.1054 
0: #
0: # Collective test concluded: sendrecv_perf_mpi
0: #
0: 

##### pass 6/8  cross nid007133:g3 <-> nid007195:g1  sendrecv
0: 
0: WARNING: FI_CXI_RDZV_PROTO=alt_read is configured, but the Slurm network is
0: not set to disable rendezvous GET. Performance/stability may be impacted.
0: 
0: Expected Slurm launch:
0:   srun --network=disable_rdzv_get ...
0: or
0:   SLURM_NETWORK=disable_rdzv_get srun ...
0: 
0: Context:
0:   SLURM_NETWORK=<unset>
0:   FI_PROVIDER=cxi
0:   FI_CXI_RDZV_PROTO=alt_read
0: 
0: # nccl-tests version 2.17.8 nccl-headers=22902 nccl-library=22903
0: # Collective test starting: sendrecv_perf_mpi
0: # nThread 1 nGpus 1 minBytes 16777216 maxBytes 268435456 step: 4(factor) warmup iters: 5 iters: 20 agg iters: 1 validation: 1 graph: 0
0: #
0: # Using devices
0: #  Rank  0 Group  0 Pid  11227 on  nid007133 device  0 [0039:01:00] NVIDIA GH200 120GB
0: #  Rank  1 Group  0 Pid 130252 on  nid007195 device  0 [0019:01:00] NVIDIA GH200 120GB
0: #
0: #                                                              out-of-place                       in-place          
0: #       size         count      type   redop    root     time   algbw   busbw  #wrong     time   algbw   busbw  #wrong 
0: #        (B)    (elements)                               (us)  (GB/s)  (GB/s)             (us)  (GB/s)  (GB/s)         
0:     16777216       4194304     float     sum      -1  1308.54   12.82   12.82       0   791.77   21.19   21.19    N/A
0:     67108864      16777216     float     sum      -1  2977.04   22.54   22.54       0  2973.50   22.57   22.57    N/A
0:    268435456      67108864     float     sum      -1  11658.5   23.02   23.02       0  11685.9   22.97   22.97    N/A
0: # Out of bounds values : 0 OK
0: # Avg bus bandwidth    : 20.853 
0: #
0: # Collective test concluded: sendrecv_perf_mpi
0: #
0: 

##### pass 6/8  cross nid007133:g3 <-> nid007195:g2  sendrecv
0: 
0: WARNING: FI_CXI_RDZV_PROTO=alt_read is configured, but the Slurm network is
0: not set to disable rendezvous GET. Performance/stability may be impacted.
0: 
0: Expected Slurm launch:
0:   srun --network=disable_rdzv_get ...
0: or
0:   SLURM_NETWORK=disable_rdzv_get srun ...
0: 
0: Context:
0:   SLURM_NETWORK=<unset>
0:   FI_PROVIDER=cxi
0:   FI_CXI_RDZV_PROTO=alt_read
0: 
0: # nccl-tests version 2.17.8 nccl-headers=22902 nccl-library=22903
0: # Collective test starting: sendrecv_perf_mpi
0: # nThread 1 nGpus 1 minBytes 16777216 maxBytes 268435456 step: 4(factor) warmup iters: 5 iters: 20 agg iters: 1 validation: 1 graph: 0
0: #
0: # Using devices
0: #  Rank  0 Group  0 Pid  12242 on  nid007133 device  0 [0039:01:00] NVIDIA GH200 120GB
0: #  Rank  1 Group  0 Pid 131261 on  nid007195 device  0 [0029:01:00] NVIDIA GH200 120GB
0: #
0: #                                                              out-of-place                       in-place          
0: #       size         count      type   redop    root     time   algbw   busbw  #wrong     time   algbw   busbw  #wrong 
0: #        (B)    (elements)                               (us)  (GB/s)  (GB/s)             (us)  (GB/s)  (GB/s)         
0:     16777216       4194304     float     sum      -1  1023.47   16.39   16.39       0   785.02   21.37   21.37    N/A
0:     67108864      16777216     float     sum      -1  2972.69   22.58   22.58       0  2976.65   22.55   22.55    N/A
0:    268435456      67108864     float     sum      -1  11646.5   23.05   23.05       0  11667.9   23.01   23.01    N/A
0: # Out of bounds values : 0 OK
0: # Avg bus bandwidth    : 21.4899 
0: #
0: # Collective test concluded: sendrecv_perf_mpi
0: #
0: 

##### pass 6/8  cross nid007133:g3 <-> nid007195:g3  sendrecv
0: 
0: WARNING: FI_CXI_RDZV_PROTO=alt_read is configured, but the Slurm network is
0: not set to disable rendezvous GET. Performance/stability may be impacted.
0: 
0: Expected Slurm launch:
0:   srun --network=disable_rdzv_get ...
0: or
0:   SLURM_NETWORK=disable_rdzv_get srun ...
0: 
0: Context:
0:   SLURM_NETWORK=<unset>
0:   FI_PROVIDER=cxi
0:   FI_CXI_RDZV_PROTO=alt_read
0: 
0: # nccl-tests version 2.17.8 nccl-headers=22902 nccl-library=22903
0: # Collective test starting: sendrecv_perf_mpi
0: # nThread 1 nGpus 1 minBytes 16777216 maxBytes 268435456 step: 4(factor) warmup iters: 5 iters: 20 agg iters: 1 validation: 1 graph: 0
0: #
0: # Using devices
0: #  Rank  0 Group  0 Pid  13229 on  nid007133 device  0 [0039:01:00] NVIDIA GH200 120GB
0: #  Rank  1 Group  0 Pid 132219 on  nid007195 device  0 [0039:01:00] NVIDIA GH200 120GB
0: #
0: #                                                              out-of-place                       in-place          
0: #       size         count      type   redop    root     time   algbw   busbw  #wrong     time   algbw   busbw  #wrong 
0: #        (B)    (elements)                               (us)  (GB/s)  (GB/s)             (us)  (GB/s)  (GB/s)         
0:     16777216       4194304     float     sum      -1   999.21   16.79   16.79       0   785.00   21.37   21.37    N/A
0:     67108864      16777216     float     sum      -1  2982.74   22.50   22.50       0  2969.59   22.60   22.60    N/A
0:    268435456      67108864     float     sum      -1  11713.5   22.92   22.92       0  11644.3   23.05   23.05    N/A
0: # Out of bounds values : 0 OK
0: # Avg bus bandwidth    : 21.5384 
0: #
0: # Collective test concluded: sendrecv_perf_mpi
0: #
0: 

##### pass 7/8  cross nid007133:g0 <-> nid007195:g0  sendrecv
0: 
0: WARNING: FI_CXI_RDZV_PROTO=alt_read is configured, but the Slurm network is
0: not set to disable rendezvous GET. Performance/stability may be impacted.
0: 
0: Expected Slurm launch:
0:   srun --network=disable_rdzv_get ...
0: or
0:   SLURM_NETWORK=disable_rdzv_get srun ...
0: 
0: Context:
0:   SLURM_NETWORK=<unset>
0:   FI_PROVIDER=cxi
0:   FI_CXI_RDZV_PROTO=alt_read
0: 
0: # nccl-tests version 2.17.8 nccl-headers=22902 nccl-library=22903
0: # Collective test starting: sendrecv_perf_mpi
0: # nThread 1 nGpus 1 minBytes 16777216 maxBytes 268435456 step: 4(factor) warmup iters: 5 iters: 20 agg iters: 1 validation: 1 graph: 0
0: #
0: # Using devices
0: #  Rank  0 Group  0 Pid  14234 on  nid007133 device  0 [0009:01:00] NVIDIA GH200 120GB
0: #  Rank  1 Group  0 Pid 133198 on  nid007195 device  0 [0009:01:00] NVIDIA GH200 120GB
0: #
0: #                                                              out-of-place                       in-place          
0: #       size         count      type   redop    root     time   algbw   busbw  #wrong     time   algbw   busbw  #wrong 
0: #        (B)    (elements)                               (us)  (GB/s)  (GB/s)             (us)  (GB/s)  (GB/s)         
0:     16777216       4194304     float     sum      -1  1056.52   15.88   15.88       0   771.61   21.74   21.74    N/A
0:     67108864      16777216     float     sum      -1  2948.58   22.76   22.76       0  2941.65   22.81   22.81    N/A
0:    268435456      67108864     float     sum      -1  11605.1   23.13   23.13       0  11611.5   23.12   23.12    N/A
0: # Out of bounds values : 0 OK
0: # Avg bus bandwidth    : 21.5741 
0: #
0: # Collective test concluded: sendrecv_perf_mpi
0: #
0: 

##### pass 7/8  cross nid007133:g0 <-> nid007195:g1  sendrecv
0: 
0: WARNING: FI_CXI_RDZV_PROTO=alt_read is configured, but the Slurm network is
0: not set to disable rendezvous GET. Performance/stability may be impacted.
0: 
0: Expected Slurm launch:
0:   srun --network=disable_rdzv_get ...
0: or
0:   SLURM_NETWORK=disable_rdzv_get srun ...
0: 
0: Context:
0:   SLURM_NETWORK=<unset>
0:   FI_PROVIDER=cxi
0:   FI_CXI_RDZV_PROTO=alt_read
0: 
0: # nccl-tests version 2.17.8 nccl-headers=22902 nccl-library=22903
0: # Collective test starting: sendrecv_perf_mpi
0: # nThread 1 nGpus 1 minBytes 16777216 maxBytes 268435456 step: 4(factor) warmup iters: 5 iters: 20 agg iters: 1 validation: 1 graph: 0
0: #
0: # Using devices
0: #  Rank  0 Group  0 Pid  15244 on  nid007133 device  0 [0009:01:00] NVIDIA GH200 120GB
0: #  Rank  1 Group  0 Pid 134158 on  nid007195 device  0 [0019:01:00] NVIDIA GH200 120GB
0: #
0: #                                                              out-of-place                       in-place          
0: #       size         count      type   redop    root     time   algbw   busbw  #wrong     time   algbw   busbw  #wrong 
0: #        (B)    (elements)                               (us)  (GB/s)  (GB/s)             (us)  (GB/s)  (GB/s)         
0:     16777216       4194304     float     sum      -1   903.10   18.58   18.58       0   777.51   21.58   21.58    N/A
0:     67108864      16777216     float     sum      -1  2960.87   22.67   22.67       0  2961.97   22.66   22.66    N/A
0:    268435456      67108864     float     sum      -1  11622.8   23.10   23.10       0  11615.1   23.11   23.11    N/A
0: # Out of bounds values : 0 OK
0: # Avg bus bandwidth    : 21.9474 
0: #
0: # Collective test concluded: sendrecv_perf_mpi
0: #
0: 

##### pass 7/8  cross nid007133:g0 <-> nid007195:g2  sendrecv
0: 
0: WARNING: FI_CXI_RDZV_PROTO=alt_read is configured, but the Slurm network is
0: not set to disable rendezvous GET. Performance/stability may be impacted.
0: 
0: Expected Slurm launch:
0:   srun --network=disable_rdzv_get ...
0: or
0:   SLURM_NETWORK=disable_rdzv_get srun ...
0: 
0: Context:
0:   SLURM_NETWORK=<unset>
0:   FI_PROVIDER=cxi
0:   FI_CXI_RDZV_PROTO=alt_read
0: 
0: # nccl-tests version 2.17.8 nccl-headers=22902 nccl-library=22903
0: # Collective test starting: sendrecv_perf_mpi
0: # nThread 1 nGpus 1 minBytes 16777216 maxBytes 268435456 step: 4(factor) warmup iters: 5 iters: 20 agg iters: 1 validation: 1 graph: 0
0: #
0: # Using devices
0: #  Rank  0 Group  0 Pid  16231 on  nid007133 device  0 [0009:01:00] NVIDIA GH200 120GB
0: #  Rank  1 Group  0 Pid 135150 on  nid007195 device  0 [0029:01:00] NVIDIA GH200 120GB
0: #
0: #                                                              out-of-place                       in-place          
0: #       size         count      type   redop    root     time   algbw   busbw  #wrong     time   algbw   busbw  #wrong 
0: #        (B)    (elements)                               (us)  (GB/s)  (GB/s)             (us)  (GB/s)  (GB/s)         
0:     16777216       4194304     float     sum      -1  1174.13   14.29   14.29       0   778.05   21.56   21.56    N/A
0:     67108864      16777216     float     sum      -1  2949.34   22.75   22.75       0  2962.22   22.65   22.65    N/A
0:    268435456      67108864     float     sum      -1  11622.3   23.10   23.10       0  11638.5   23.06   23.06    N/A
0: # Out of bounds values : 0 OK
0: # Avg bus bandwidth    : 21.237 
0: #
0: # Collective test concluded: sendrecv_perf_mpi
0: #
0: 

##### pass 7/8  cross nid007133:g0 <-> nid007195:g3  sendrecv
0: 
0: WARNING: FI_CXI_RDZV_PROTO=alt_read is configured, but the Slurm network is
0: not set to disable rendezvous GET. Performance/stability may be impacted.
0: 
0: Expected Slurm launch:
0:   srun --network=disable_rdzv_get ...
0: or
0:   SLURM_NETWORK=disable_rdzv_get srun ...
0: 
0: Context:
0:   SLURM_NETWORK=<unset>
0:   FI_PROVIDER=cxi
0:   FI_CXI_RDZV_PROTO=alt_read
0: 
0: # nccl-tests version 2.17.8 nccl-headers=22902 nccl-library=22903
0: # Collective test starting: sendrecv_perf_mpi
0: # nThread 1 nGpus 1 minBytes 16777216 maxBytes 268435456 step: 4(factor) warmup iters: 5 iters: 20 agg iters: 1 validation: 1 graph: 0
0: #
0: # Using devices
0: #  Rank  0 Group  0 Pid  17239 on  nid007133 device  0 [0009:01:00] NVIDIA GH200 120GB
0: #  Rank  1 Group  0 Pid 136125 on  nid007195 device  0 [0039:01:00] NVIDIA GH200 120GB
0: #
0: #                                                              out-of-place                       in-place          
0: #       size         count      type   redop    root     time   algbw   busbw  #wrong     time   algbw   busbw  #wrong 
0: #        (B)    (elements)                               (us)  (GB/s)  (GB/s)             (us)  (GB/s)  (GB/s)         
0:     16777216       4194304     float     sum      -1  2018.09    8.31    8.31       0   778.96   21.54   21.54    N/A
0:     67108864      16777216     float     sum      -1  2961.26   22.66   22.66       0  3343.12   20.07   20.07    N/A
0:    268435456      67108864     float     sum      -1  11613.3   23.11   23.11       0  11629.4   23.08   23.08    N/A
0: # Out of bounds values : 0 OK
0: # Avg bus bandwidth    : 19.7974 
0: #
0: # Collective test concluded: sendrecv_perf_mpi
0: #
0: 

##### pass 7/8  cross nid007133:g1 <-> nid007195:g0  sendrecv
0: 
0: WARNING: FI_CXI_RDZV_PROTO=alt_read is configured, but the Slurm network is
0: not set to disable rendezvous GET. Performance/stability may be impacted.
0: 
0: Expected Slurm launch:
0:   srun --network=disable_rdzv_get ...
0: or
0:   SLURM_NETWORK=disable_rdzv_get srun ...
0: 
0: Context:
0:   SLURM_NETWORK=<unset>
0:   FI_PROVIDER=cxi
0:   FI_CXI_RDZV_PROTO=alt_read
0: 
0: # nccl-tests version 2.17.8 nccl-headers=22902 nccl-library=22903
0: # Collective test starting: sendrecv_perf_mpi
0: # nThread 1 nGpus 1 minBytes 16777216 maxBytes 268435456 step: 4(factor) warmup iters: 5 iters: 20 agg iters: 1 validation: 1 graph: 0
0: #
0: # Using devices
0: #  Rank  0 Group  0 Pid  18232 on  nid007133 device  0 [0019:01:00] NVIDIA GH200 120GB
0: #  Rank  1 Group  0 Pid 137084 on  nid007195 device  0 [0009:01:00] NVIDIA GH200 120GB
0: #
0: #                                                              out-of-place                       in-place          
0: #       size         count      type   redop    root     time   algbw   busbw  #wrong     time   algbw   busbw  #wrong 
0: #        (B)    (elements)                               (us)  (GB/s)  (GB/s)             (us)  (GB/s)  (GB/s)         
0:     16777216       4194304     float     sum      -1   935.67   17.93   17.93       0   781.12   21.48   21.48    N/A
0:     67108864      16777216     float     sum      -1  2956.38   22.70   22.70       0  2960.49   22.67   22.67    N/A
0:    268435456      67108864     float     sum      -1  11620.9   23.10   23.10       0  11627.1   23.09   23.09    N/A
0: # Out of bounds values : 0 OK
0: # Avg bus bandwidth    : 21.8272 
0: #
0: # Collective test concluded: sendrecv_perf_mpi
0: #
0: 

##### pass 7/8  cross nid007133:g1 <-> nid007195:g1  sendrecv
0: 
0: WARNING: FI_CXI_RDZV_PROTO=alt_read is configured, but the Slurm network is
0: not set to disable rendezvous GET. Performance/stability may be impacted.
0: 
0: Expected Slurm launch:
0:   srun --network=disable_rdzv_get ...
0: or
0:   SLURM_NETWORK=disable_rdzv_get srun ...
0: 
0: Context:
0:   SLURM_NETWORK=<unset>
0:   FI_PROVIDER=cxi
0:   FI_CXI_RDZV_PROTO=alt_read
0: 
0: # nccl-tests version 2.17.8 nccl-headers=22902 nccl-library=22903
0: # Collective test starting: sendrecv_perf_mpi
0: # nThread 1 nGpus 1 minBytes 16777216 maxBytes 268435456 step: 4(factor) warmup iters: 5 iters: 20 agg iters: 1 validation: 1 graph: 0
0: #
0: # Using devices
0: #  Rank  0 Group  0 Pid  19240 on  nid007133 device  0 [0019:01:00] NVIDIA GH200 120GB
0: #  Rank  1 Group  0 Pid 138075 on  nid007195 device  0 [0019:01:00] NVIDIA GH200 120GB
0: #
0: #                                                              out-of-place                       in-place          
0: #       size         count      type   redop    root     time   algbw   busbw  #wrong     time   algbw   busbw  #wrong 
0: #        (B)    (elements)                               (us)  (GB/s)  (GB/s)             (us)  (GB/s)  (GB/s)         
0:     16777216       4194304     float     sum      -1  1339.84   12.52   12.52       0   783.35   21.42   21.42    N/A
0:     67108864      16777216     float     sum      -1  2981.77   22.51   22.51       0  2976.35   22.55   22.55    N/A
0:    268435456      67108864     float     sum      -1  11719.3   22.91   22.91       0  12062.7   22.25   22.25    N/A
0: # Out of bounds values : 0 OK
0: # Avg bus bandwidth    : 20.6919 
0: #
0: # Collective test concluded: sendrecv_perf_mpi
0: #
0: 

##### pass 7/8  cross nid007133:g1 <-> nid007195:g2  sendrecv
0: 
0: WARNING: FI_CXI_RDZV_PROTO=alt_read is configured, but the Slurm network is
0: not set to disable rendezvous GET. Performance/stability may be impacted.
0: 
0: Expected Slurm launch:
0:   srun --network=disable_rdzv_get ...
0: or
0:   SLURM_NETWORK=disable_rdzv_get srun ...
0: 
0: Context:
0:   SLURM_NETWORK=<unset>
0:   FI_PROVIDER=cxi
0:   FI_CXI_RDZV_PROTO=alt_read
0: 
0: # nccl-tests version 2.17.8 nccl-headers=22902 nccl-library=22903
0: # Collective test starting: sendrecv_perf_mpi
0: # nThread 1 nGpus 1 minBytes 16777216 maxBytes 268435456 step: 4(factor) warmup iters: 5 iters: 20 agg iters: 1 validation: 1 graph: 0
0: #
0: # Using devices
0: #  Rank  0 Group  0 Pid  20226 on  nid007133 device  0 [0019:01:00] NVIDIA GH200 120GB
0: #  Rank  1 Group  0 Pid 139038 on  nid007195 device  0 [0029:01:00] NVIDIA GH200 120GB
0: #
0: #                                                              out-of-place                       in-place          
0: #       size         count      type   redop    root     time   algbw   busbw  #wrong     time   algbw   busbw  #wrong 
0: #        (B)    (elements)                               (us)  (GB/s)  (GB/s)             (us)  (GB/s)  (GB/s)         
0:     16777216       4194304     float     sum      -1  1025.13   16.37   16.37       0   788.32   21.28   21.28    N/A
0:     67108864      16777216     float     sum      -1  2979.03   22.53   22.53       0  2972.94   22.57   22.57    N/A
0:    268435456      67108864     float     sum      -1  11650.6   23.04   23.04       0  11643.6   23.05   23.05    N/A
0: # Out of bounds values : 0 OK
0: # Avg bus bandwidth    : 21.4739 
0: #
0: # Collective test concluded: sendrecv_perf_mpi
0: #
0: 

##### pass 7/8  cross nid007133:g1 <-> nid007195:g3  sendrecv
0: 
0: WARNING: FI_CXI_RDZV_PROTO=alt_read is configured, but the Slurm network is
0: not set to disable rendezvous GET. Performance/stability may be impacted.
0: 
0: Expected Slurm launch:
0:   srun --network=disable_rdzv_get ...
0: or
0:   SLURM_NETWORK=disable_rdzv_get srun ...
0: 
0: Context:
0:   SLURM_NETWORK=<unset>
0:   FI_PROVIDER=cxi
0:   FI_CXI_RDZV_PROTO=alt_read
0: 
0: # nccl-tests version 2.17.8 nccl-headers=22902 nccl-library=22903
0: # Collective test starting: sendrecv_perf_mpi
0: # nThread 1 nGpus 1 minBytes 16777216 maxBytes 268435456 step: 4(factor) warmup iters: 5 iters: 20 agg iters: 1 validation: 1 graph: 0
0: #
0: # Using devices
0: #  Rank  0 Group  0 Pid  21231 on  nid007133 device  0 [0019:01:00] NVIDIA GH200 120GB
0: #  Rank  1 Group  0 Pid 140018 on  nid007195 device  0 [0039:01:00] NVIDIA GH200 120GB
0: #
0: #                                                              out-of-place                       in-place          
0: #       size         count      type   redop    root     time   algbw   busbw  #wrong     time   algbw   busbw  #wrong 
0: #        (B)    (elements)                               (us)  (GB/s)  (GB/s)             (us)  (GB/s)  (GB/s)         
0:     16777216       4194304     float     sum      -1  1502.88   11.16   11.16       0   787.96   21.29   21.29    N/A
0:     67108864      16777216     float     sum      -1  2974.10   22.56   22.56       0  2981.01   22.51   22.51    N/A
0:    268435456      67108864     float     sum      -1  11648.5   23.04   23.04       0  12185.4   22.03   22.03    N/A
0: # Out of bounds values : 0 OK
0: # Avg bus bandwidth    : 20.4343 
0: #
0: # Collective test concluded: sendrecv_perf_mpi
0: #
0: 

##### pass 7/8  cross nid007133:g2 <-> nid007195:g0  sendrecv
0: 
0: WARNING: FI_CXI_RDZV_PROTO=alt_read is configured, but the Slurm network is
0: not set to disable rendezvous GET. Performance/stability may be impacted.
0: 
0: Expected Slurm launch:
0:   srun --network=disable_rdzv_get ...
0: or
0:   SLURM_NETWORK=disable_rdzv_get srun ...
0: 
0: Context:
0:   SLURM_NETWORK=<unset>
0:   FI_PROVIDER=cxi
0:   FI_CXI_RDZV_PROTO=alt_read
0: 
0: # nccl-tests version 2.17.8 nccl-headers=22902 nccl-library=22903
0: # Collective test starting: sendrecv_perf_mpi
0: # nThread 1 nGpus 1 minBytes 16777216 maxBytes 268435456 step: 4(factor) warmup iters: 5 iters: 20 agg iters: 1 validation: 1 graph: 0
0: #
0: # Using devices
0: #  Rank  0 Group  0 Pid  22258 on  nid007133 device  0 [0029:01:00] NVIDIA GH200 120GB
0: #  Rank  1 Group  0 Pid 140983 on  nid007195 device  0 [0009:01:00] NVIDIA GH200 120GB
0: #
0: #                                                              out-of-place                       in-place          
0: #       size         count      type   redop    root     time   algbw   busbw  #wrong     time   algbw   busbw  #wrong 
0: #        (B)    (elements)                               (us)  (GB/s)  (GB/s)             (us)  (GB/s)  (GB/s)         
0:     16777216       4194304     float     sum      -1  1344.67   12.48   12.48       0   782.27   21.45   21.45    N/A
0:     67108864      16777216     float     sum      -1  2955.38   22.71   22.71       0  2952.51   22.73   22.73    N/A
0:    268435456      67108864     float     sum      -1  11605.5   23.13   23.13       0  11611.5   23.12   23.12    N/A
0: # Out of bounds values : 0 OK
0: # Avg bus bandwidth    : 20.9348 
0: #
0: # Collective test concluded: sendrecv_perf_mpi
0: #
0: 

##### pass 7/8  cross nid007133:g2 <-> nid007195:g1  sendrecv
0: 
0: WARNING: FI_CXI_RDZV_PROTO=alt_read is configured, but the Slurm network is
0: not set to disable rendezvous GET. Performance/stability may be impacted.
0: 
0: Expected Slurm launch:
0:   srun --network=disable_rdzv_get ...
0: or
0:   SLURM_NETWORK=disable_rdzv_get srun ...
0: 
0: Context:
0:   SLURM_NETWORK=<unset>
0:   FI_PROVIDER=cxi
0:   FI_CXI_RDZV_PROTO=alt_read
0: 
0: # nccl-tests version 2.17.8 nccl-headers=22902 nccl-library=22903
0: # Collective test starting: sendrecv_perf_mpi
0: # nThread 1 nGpus 1 minBytes 16777216 maxBytes 268435456 step: 4(factor) warmup iters: 5 iters: 20 agg iters: 1 validation: 1 graph: 0
0: #
0: # Using devices
0: #  Rank  0 Group  0 Pid  23305 on  nid007133 device  0 [0029:01:00] NVIDIA GH200 120GB
0: #  Rank  1 Group  0 Pid 141967 on  nid007195 device  0 [0019:01:00] NVIDIA GH200 120GB
0: #
0: #                                                              out-of-place                       in-place          
0: #       size         count      type   redop    root     time   algbw   busbw  #wrong     time   algbw   busbw  #wrong 
0: #        (B)    (elements)                               (us)  (GB/s)  (GB/s)             (us)  (GB/s)  (GB/s)         
0:     16777216       4194304     float     sum      -1   987.08   17.00   17.00       0   789.50   21.25   21.25    N/A
0:     67108864      16777216     float     sum      -1  2972.53   22.58   22.58       0  2976.54   22.55   22.55    N/A
0:    268435456      67108864     float     sum      -1  11673.9   22.99   22.99       0  11676.4   22.99   22.99    N/A
0: # Out of bounds values : 0 OK
0: # Avg bus bandwidth    : 21.559 
0: #
0: # Collective test concluded: sendrecv_perf_mpi
0: #
0: 

##### pass 7/8  cross nid007133:g2 <-> nid007195:g2  sendrecv
0: 
0: WARNING: FI_CXI_RDZV_PROTO=alt_read is configured, but the Slurm network is
0: not set to disable rendezvous GET. Performance/stability may be impacted.
0: 
0: Expected Slurm launch:
0:   srun --network=disable_rdzv_get ...
0: or
0:   SLURM_NETWORK=disable_rdzv_get srun ...
0: 
0: Context:
0:   SLURM_NETWORK=<unset>
0:   FI_PROVIDER=cxi
0:   FI_CXI_RDZV_PROTO=alt_read
0: 
0: # nccl-tests version 2.17.8 nccl-headers=22902 nccl-library=22903
0: # Collective test starting: sendrecv_perf_mpi
0: # nThread 1 nGpus 1 minBytes 16777216 maxBytes 268435456 step: 4(factor) warmup iters: 5 iters: 20 agg iters: 1 validation: 1 graph: 0
0: #
0: # Using devices
0: #  Rank  0 Group  0 Pid  24349 on  nid007133 device  0 [0029:01:00] NVIDIA GH200 120GB
0: #  Rank  1 Group  0 Pid 142948 on  nid007195 device  0 [0029:01:00] NVIDIA GH200 120GB
0: #
0: #                                                              out-of-place                       in-place          
0: #       size         count      type   redop    root     time   algbw   busbw  #wrong     time   algbw   busbw  #wrong 
0: #        (B)    (elements)                               (us)  (GB/s)  (GB/s)             (us)  (GB/s)  (GB/s)         
0:     16777216       4194304     float     sum      -1   792.39   21.17   21.17       0   790.56   21.22   21.22    N/A
0:     67108864      16777216     float     sum      -1  2971.15   22.59   22.59       0  2978.80   22.53   22.53    N/A
0:    268435456      67108864     float     sum      -1  11646.2   23.05   23.05       0  11646.3   23.05   23.05    N/A
0: # Out of bounds values : 0 OK
0: # Avg bus bandwidth    : 22.2681 
0: #
0: # Collective test concluded: sendrecv_perf_mpi
0: #
0: 

##### pass 7/8  cross nid007133:g2 <-> nid007195:g3  sendrecv
0: 
0: WARNING: FI_CXI_RDZV_PROTO=alt_read is configured, but the Slurm network is
0: not set to disable rendezvous GET. Performance/stability may be impacted.
0: 
0: Expected Slurm launch:
0:   srun --network=disable_rdzv_get ...
0: or
0:   SLURM_NETWORK=disable_rdzv_get srun ...
0: 
0: Context:
0:   SLURM_NETWORK=<unset>
0:   FI_PROVIDER=cxi
0:   FI_CXI_RDZV_PROTO=alt_read
0: 
0: # nccl-tests version 2.17.8 nccl-headers=22902 nccl-library=22903
0: # Collective test starting: sendrecv_perf_mpi
0: # nThread 1 nGpus 1 minBytes 16777216 maxBytes 268435456 step: 4(factor) warmup iters: 5 iters: 20 agg iters: 1 validation: 1 graph: 0
0: #
0: # Using devices
0: #  Rank  0 Group  0 Pid  25335 on  nid007133 device  0 [0029:01:00] NVIDIA GH200 120GB
0: #  Rank  1 Group  0 Pid 143933 on  nid007195 device  0 [0039:01:00] NVIDIA GH200 120GB
0: #
0: #                                                              out-of-place                       in-place          
0: #       size         count      type   redop    root     time   algbw   busbw  #wrong     time   algbw   busbw  #wrong 
0: #        (B)    (elements)                               (us)  (GB/s)  (GB/s)             (us)  (GB/s)  (GB/s)         
0:     16777216       4194304     float     sum      -1   936.50   17.91   17.91       0   785.94   21.35   21.35    N/A
0:     67108864      16777216     float     sum      -1  2973.87   22.57   22.57       0  2973.59   22.57   22.57    N/A
0:    268435456      67108864     float     sum      -1  11648.4   23.04   23.04       0  11668.1   23.01   23.01    N/A
0: # Out of bounds values : 0 OK
0: # Avg bus bandwidth    : 21.7411 
0: #
0: # Collective test concluded: sendrecv_perf_mpi
0: #
0: 

##### pass 7/8  cross nid007133:g3 <-> nid007195:g0  sendrecv
0: 
0: WARNING: FI_CXI_RDZV_PROTO=alt_read is configured, but the Slurm network is
0: not set to disable rendezvous GET. Performance/stability may be impacted.
0: 
0: Expected Slurm launch:
0:   srun --network=disable_rdzv_get ...
0: or
0:   SLURM_NETWORK=disable_rdzv_get srun ...
0: 
0: Context:
0:   SLURM_NETWORK=<unset>
0:   FI_PROVIDER=cxi
0:   FI_CXI_RDZV_PROTO=alt_read
0: 
0: # nccl-tests version 2.17.8 nccl-headers=22902 nccl-library=22903
0: # Collective test starting: sendrecv_perf_mpi
0: # nThread 1 nGpus 1 minBytes 16777216 maxBytes 268435456 step: 4(factor) warmup iters: 5 iters: 20 agg iters: 1 validation: 1 graph: 0
0: #
0: # Using devices
0: #  Rank  0 Group  0 Pid  26401 on  nid007133 device  0 [0039:01:00] NVIDIA GH200 120GB
0: #  Rank  1 Group  0 Pid 144926 on  nid007195 device  0 [0009:01:00] NVIDIA GH200 120GB
0: #
0: #                                                              out-of-place                       in-place          
0: #       size         count      type   redop    root     time   algbw   busbw  #wrong     time   algbw   busbw  #wrong 
0: #        (B)    (elements)                               (us)  (GB/s)  (GB/s)             (us)  (GB/s)  (GB/s)         
0:     16777216       4194304     float     sum      -1   820.29   20.45   20.45       0   777.71   21.57   21.57    N/A
0:     67108864      16777216     float     sum      -1  2957.29   22.69   22.69       0  3538.20   18.97   18.97    N/A
0:    268435456      67108864     float     sum      -1  11607.2   23.13   23.13       0  11619.8   23.10   23.10    N/A
0: # Out of bounds values : 0 OK
0: # Avg bus bandwidth    : 21.6522 
0: #
0: # Collective test concluded: sendrecv_perf_mpi
0: #
0: 

##### pass 7/8  cross nid007133:g3 <-> nid007195:g1  sendrecv
0: 
0: WARNING: FI_CXI_RDZV_PROTO=alt_read is configured, but the Slurm network is
0: not set to disable rendezvous GET. Performance/stability may be impacted.
0: 
0: Expected Slurm launch:
0:   srun --network=disable_rdzv_get ...
0: or
0:   SLURM_NETWORK=disable_rdzv_get srun ...
0: 
0: Context:
0:   SLURM_NETWORK=<unset>
0:   FI_PROVIDER=cxi
0:   FI_CXI_RDZV_PROTO=alt_read
0: 
0: # nccl-tests version 2.17.8 nccl-headers=22902 nccl-library=22903
0: # Collective test starting: sendrecv_perf_mpi
0: # nThread 1 nGpus 1 minBytes 16777216 maxBytes 268435456 step: 4(factor) warmup iters: 5 iters: 20 agg iters: 1 validation: 1 graph: 0
0: #
0: # Using devices
0: #  Rank  0 Group  0 Pid  27540 on  nid007133 device  0 [0039:01:00] NVIDIA GH200 120GB
0: #  Rank  1 Group  0 Pid 145892 on  nid007195 device  0 [0019:01:00] NVIDIA GH200 120GB
0: #
0: #                                                              out-of-place                       in-place          
0: #       size         count      type   redop    root     time   algbw   busbw  #wrong     time   algbw   busbw  #wrong 
0: #        (B)    (elements)                               (us)  (GB/s)  (GB/s)             (us)  (GB/s)  (GB/s)         
0:     16777216       4194304     float     sum      -1  1367.17   12.27   12.27       0   788.11   21.29   21.29    N/A
0:     67108864      16777216     float     sum      -1  2977.36   22.54   22.54       0  2979.99   22.52   22.52    N/A
0:    268435456      67108864     float     sum      -1  11654.1   23.03   23.03       0  11669.3   23.00   23.00    N/A
0: # Out of bounds values : 0 OK
0: # Avg bus bandwidth    : 20.7761 
0: #
0: # Collective test concluded: sendrecv_perf_mpi
0: #
0: 

##### pass 7/8  cross nid007133:g3 <-> nid007195:g2  sendrecv
0: 
0: WARNING: FI_CXI_RDZV_PROTO=alt_read is configured, but the Slurm network is
0: not set to disable rendezvous GET. Performance/stability may be impacted.
0: 
0: Expected Slurm launch:
0:   srun --network=disable_rdzv_get ...
0: or
0:   SLURM_NETWORK=disable_rdzv_get srun ...
0: 
0: Context:
0:   SLURM_NETWORK=<unset>
0:   FI_PROVIDER=cxi
0:   FI_CXI_RDZV_PROTO=alt_read
0: 
0: # nccl-tests version 2.17.8 nccl-headers=22902 nccl-library=22903
0: # Collective test starting: sendrecv_perf_mpi
0: # nThread 1 nGpus 1 minBytes 16777216 maxBytes 268435456 step: 4(factor) warmup iters: 5 iters: 20 agg iters: 1 validation: 1 graph: 0
0: #
0: # Using devices
0: #  Rank  0 Group  0 Pid  28557 on  nid007133 device  0 [0039:01:00] NVIDIA GH200 120GB
0: #  Rank  1 Group  0 Pid 146873 on  nid007195 device  0 [0029:01:00] NVIDIA GH200 120GB
0: #
0: #                                                              out-of-place                       in-place          
0: #       size         count      type   redop    root     time   algbw   busbw  #wrong     time   algbw   busbw  #wrong 
0: #        (B)    (elements)                               (us)  (GB/s)  (GB/s)             (us)  (GB/s)  (GB/s)         
0:     16777216       4194304     float     sum      -1  2222.90    7.55    7.55       0   788.67   21.27   21.27    N/A
0:     67108864      16777216     float     sum      -1  2980.84   22.51   22.51       0  2974.59   22.56   22.56    N/A
0:    268435456      67108864     float     sum      -1  11651.8   23.04   23.04       0  11649.3   23.04   23.04    N/A
0: # Out of bounds values : 0 OK
0: # Avg bus bandwidth    : 19.9959 
0: #
0: # Collective test concluded: sendrecv_perf_mpi
0: #
0: 

##### pass 7/8  cross nid007133:g3 <-> nid007195:g3  sendrecv
0: 
0: WARNING: FI_CXI_RDZV_PROTO=alt_read is configured, but the Slurm network is
0: not set to disable rendezvous GET. Performance/stability may be impacted.
0: 
0: Expected Slurm launch:
0:   srun --network=disable_rdzv_get ...
0: or
0:   SLURM_NETWORK=disable_rdzv_get srun ...
0: 
0: Context:
0:   SLURM_NETWORK=<unset>
0:   FI_PROVIDER=cxi
0:   FI_CXI_RDZV_PROTO=alt_read
0: 
0: # nccl-tests version 2.17.8 nccl-headers=22902 nccl-library=22903
0: # Collective test starting: sendrecv_perf_mpi
0: # nThread 1 nGpus 1 minBytes 16777216 maxBytes 268435456 step: 4(factor) warmup iters: 5 iters: 20 agg iters: 1 validation: 1 graph: 0
0: #
0: # Using devices
0: #  Rank  0 Group  0 Pid  29554 on  nid007133 device  0 [0039:01:00] NVIDIA GH200 120GB
0: #  Rank  1 Group  0 Pid 147846 on  nid007195 device  0 [0039:01:00] NVIDIA GH200 120GB
0: #
0: #                                                              out-of-place                       in-place          
0: #       size         count      type   redop    root     time   algbw   busbw  #wrong     time   algbw   busbw  #wrong 
0: #        (B)    (elements)                               (us)  (GB/s)  (GB/s)             (us)  (GB/s)  (GB/s)         
0:     16777216       4194304     float     sum      -1  1109.49   15.12   15.12       0   793.10   21.15   21.15    N/A
0:     67108864      16777216     float     sum      -1  2980.12   22.52   22.52       0  2980.11   22.52   22.52    N/A
0:    268435456      67108864     float     sum      -1  11663.6   23.01   23.01       0  11663.3   23.02   23.02    N/A
0: # Out of bounds values : 0 OK
0: # Avg bus bandwidth    : 21.2239 
0: #
0: # Collective test concluded: sendrecv_perf_mpi
0: #
0: 

##### pass 8/8  cross nid007133:g0 <-> nid007195:g0  sendrecv
0: 
0: WARNING: FI_CXI_RDZV_PROTO=alt_read is configured, but the Slurm network is
0: not set to disable rendezvous GET. Performance/stability may be impacted.
0: 
0: Expected Slurm launch:
0:   srun --network=disable_rdzv_get ...
0: or
0:   SLURM_NETWORK=disable_rdzv_get srun ...
0: 
0: Context:
0:   SLURM_NETWORK=<unset>
0:   FI_PROVIDER=cxi
0:   FI_CXI_RDZV_PROTO=alt_read
0: 
0: # nccl-tests version 2.17.8 nccl-headers=22902 nccl-library=22903
0: # Collective test starting: sendrecv_perf_mpi
0: # nThread 1 nGpus 1 minBytes 16777216 maxBytes 268435456 step: 4(factor) warmup iters: 5 iters: 20 agg iters: 1 validation: 1 graph: 0
0: #
0: # Using devices
0: #  Rank  0 Group  0 Pid  30619 on  nid007133 device  0 [0009:01:00] NVIDIA GH200 120GB
0: #  Rank  1 Group  0 Pid 148833 on  nid007195 device  0 [0009:01:00] NVIDIA GH200 120GB
0: #
0: #                                                              out-of-place                       in-place          
0: #       size         count      type   redop    root     time   algbw   busbw  #wrong     time   algbw   busbw  #wrong 
0: #        (B)    (elements)                               (us)  (GB/s)  (GB/s)             (us)  (GB/s)  (GB/s)         
0:     16777216       4194304     float     sum      -1  1076.82   15.58   15.58       0   781.45   21.47   21.47    N/A
0:     67108864      16777216     float     sum      -1  2941.67   22.81   22.81       0  2937.19   22.85   22.85    N/A
0:    268435456      67108864     float     sum      -1  11598.2   23.14   23.14       0  11595.8   23.15   23.15    N/A
0: # Out of bounds values : 0 OK
0: # Avg bus bandwidth    : 21.5008 
0: #
0: # Collective test concluded: sendrecv_perf_mpi
0: #
0: 

##### pass 8/8  cross nid007133:g0 <-> nid007195:g1  sendrecv
0: 
0: WARNING: FI_CXI_RDZV_PROTO=alt_read is configured, but the Slurm network is
0: not set to disable rendezvous GET. Performance/stability may be impacted.
0: 
0: Expected Slurm launch:
0:   srun --network=disable_rdzv_get ...
0: or
0:   SLURM_NETWORK=disable_rdzv_get srun ...
0: 
0: Context:
0:   SLURM_NETWORK=<unset>
0:   FI_PROVIDER=cxi
0:   FI_CXI_RDZV_PROTO=alt_read
0: 
0: # nccl-tests version 2.17.8 nccl-headers=22902 nccl-library=22903
0: # Collective test starting: sendrecv_perf_mpi
0: # nThread 1 nGpus 1 minBytes 16777216 maxBytes 268435456 step: 4(factor) warmup iters: 5 iters: 20 agg iters: 1 validation: 1 graph: 0
0: #
0: # Using devices
0: #  Rank  0 Group  0 Pid  31722 on  nid007133 device  0 [0009:01:00] NVIDIA GH200 120GB
0: #  Rank  1 Group  0 Pid 149789 on  nid007195 device  0 [0019:01:00] NVIDIA GH200 120GB
0: #
0: #                                                              out-of-place                       in-place          
0: #       size         count      type   redop    root     time   algbw   busbw  #wrong     time   algbw   busbw  #wrong 
0: #        (B)    (elements)                               (us)  (GB/s)  (GB/s)             (us)  (GB/s)  (GB/s)         
0:     16777216       4194304     float     sum      -1   789.73   21.24   21.24       0   777.87   21.57   21.57    N/A
0:     67108864      16777216     float     sum      -1  2950.57   22.74   22.74       0  2956.23   22.70   22.70    N/A
0:    268435456      67108864     float     sum      -1  12074.3   22.23   22.23       0  11610.4   23.12   23.12    N/A
0: # Out of bounds values : 0 OK
0: # Avg bus bandwidth    : 22.2683 
0: #
0: # Collective test concluded: sendrecv_perf_mpi
0: #
0: 

##### pass 8/8  cross nid007133:g0 <-> nid007195:g2  sendrecv
0: 
0: WARNING: FI_CXI_RDZV_PROTO=alt_read is configured, but the Slurm network is
0: not set to disable rendezvous GET. Performance/stability may be impacted.
0: 
0: Expected Slurm launch:
0:   srun --network=disable_rdzv_get ...
0: or
0:   SLURM_NETWORK=disable_rdzv_get srun ...
0: 
0: Context:
0:   SLURM_NETWORK=<unset>
0:   FI_PROVIDER=cxi
0:   FI_CXI_RDZV_PROTO=alt_read
0: 
0: # nccl-tests version 2.17.8 nccl-headers=22902 nccl-library=22903
0: # Collective test starting: sendrecv_perf_mpi
0: # nThread 1 nGpus 1 minBytes 16777216 maxBytes 268435456 step: 4(factor) warmup iters: 5 iters: 20 agg iters: 1 validation: 1 graph: 0
0: #
0: # Using devices
0: #  Rank  0 Group  0 Pid  32746 on  nid007133 device  0 [0009:01:00] NVIDIA GH200 120GB
0: #  Rank  1 Group  0 Pid 150774 on  nid007195 device  0 [0029:01:00] NVIDIA GH200 120GB
0: #
0: #                                                              out-of-place                       in-place          
0: #       size         count      type   redop    root     time   algbw   busbw  #wrong     time   algbw   busbw  #wrong 
0: #        (B)    (elements)                               (us)  (GB/s)  (GB/s)             (us)  (GB/s)  (GB/s)         
0:     16777216       4194304     float     sum      -1  1012.79   16.57   16.57       0   779.40   21.53   21.53    N/A
0:     67108864      16777216     float     sum      -1  2957.82   22.69   22.69       0  2959.77   22.67   22.67    N/A
0:    268435456      67108864     float     sum      -1  12145.2   22.10   22.10       0  11636.3   23.07   23.07    N/A
0: # Out of bounds values : 0 OK
0: # Avg bus bandwidth    : 21.4374 
0: #
0: # Collective test concluded: sendrecv_perf_mpi
0: #
0: 

##### pass 8/8  cross nid007133:g0 <-> nid007195:g3  sendrecv
0: 
0: WARNING: FI_CXI_RDZV_PROTO=alt_read is configured, but the Slurm network is
0: not set to disable rendezvous GET. Performance/stability may be impacted.
0: 
0: Expected Slurm launch:
0:   srun --network=disable_rdzv_get ...
0: or
0:   SLURM_NETWORK=disable_rdzv_get srun ...
0: 
0: Context:
0:   SLURM_NETWORK=<unset>
0:   FI_PROVIDER=cxi
0:   FI_CXI_RDZV_PROTO=alt_read
0: 
0: # nccl-tests version 2.17.8 nccl-headers=22902 nccl-library=22903
0: # Collective test starting: sendrecv_perf_mpi
0: # nThread 1 nGpus 1 minBytes 16777216 maxBytes 268435456 step: 4(factor) warmup iters: 5 iters: 20 agg iters: 1 validation: 1 graph: 0
0: #
0: # Using devices
0: #  Rank  0 Group  0 Pid  33865 on  nid007133 device  0 [0009:01:00] NVIDIA GH200 120GB
0: #  Rank  1 Group  0 Pid 151759 on  nid007195 device  0 [0039:01:00] NVIDIA GH200 120GB
0: #
0: #                                                              out-of-place                       in-place          
0: #       size         count      type   redop    root     time   algbw   busbw  #wrong     time   algbw   busbw  #wrong 
0: #        (B)    (elements)                               (us)  (GB/s)  (GB/s)             (us)  (GB/s)  (GB/s)         
0:     16777216       4194304     float     sum      -1   986.16   17.01   17.01       0   777.19   21.59   21.59    N/A
0:     67108864      16777216     float     sum      -1  2952.56   22.73   22.73       0  2955.01   22.71   22.71    N/A
0:    268435456      67108864     float     sum      -1  11643.9   23.05   23.05       0  11712.8   22.92   22.92    N/A
0: # Out of bounds values : 0 OK
0: # Avg bus bandwidth    : 21.6685 
0: #
0: # Collective test concluded: sendrecv_perf_mpi
0: #
0: 

##### pass 8/8  cross nid007133:g1 <-> nid007195:g0  sendrecv
0: 
0: WARNING: FI_CXI_RDZV_PROTO=alt_read is configured, but the Slurm network is
0: not set to disable rendezvous GET. Performance/stability may be impacted.
0: 
0: Expected Slurm launch:
0:   srun --network=disable_rdzv_get ...
0: or
0:   SLURM_NETWORK=disable_rdzv_get srun ...
0: 
0: Context:
0:   SLURM_NETWORK=<unset>
0:   FI_PROVIDER=cxi
0:   FI_CXI_RDZV_PROTO=alt_read
0: 
0: # nccl-tests version 2.17.8 nccl-headers=22902 nccl-library=22903
0: # Collective test starting: sendrecv_perf_mpi
0: # nThread 1 nGpus 1 minBytes 16777216 maxBytes 268435456 step: 4(factor) warmup iters: 5 iters: 20 agg iters: 1 validation: 1 graph: 0
0: #
0: # Using devices
0: #  Rank  0 Group  0 Pid  34998 on  nid007133 device  0 [0019:01:00] NVIDIA GH200 120GB
0: #  Rank  1 Group  0 Pid 152722 on  nid007195 device  0 [0009:01:00] NVIDIA GH200 120GB
0: #
0: #                                                              out-of-place                       in-place          
0: #       size         count      type   redop    root     time   algbw   busbw  #wrong     time   algbw   busbw  #wrong 
0: #        (B)    (elements)                               (us)  (GB/s)  (GB/s)             (us)  (GB/s)  (GB/s)         
0:     16777216       4194304     float     sum      -1   926.51   18.11   18.11       0   790.51   21.22   21.22    N/A
0:     67108864      16777216     float     sum      -1  2952.49   22.73   22.73       0  2955.83   22.70   22.70    N/A
0:    268435456      67108864     float     sum      -1  11615.9   23.11   23.11       0  11623.5   23.09   23.09    N/A
0: # Out of bounds values : 0 OK
0: # Avg bus bandwidth    : 21.828 
0: #
0: # Collective test concluded: sendrecv_perf_mpi
0: #
0: 

##### pass 8/8  cross nid007133:g1 <-> nid007195:g1  sendrecv
0: 
0: WARNING: FI_CXI_RDZV_PROTO=alt_read is configured, but the Slurm network is
0: not set to disable rendezvous GET. Performance/stability may be impacted.
0: 
0: Expected Slurm launch:
0:   srun --network=disable_rdzv_get ...
0: or
0:   SLURM_NETWORK=disable_rdzv_get srun ...
0: 
0: Context:
0:   SLURM_NETWORK=<unset>
0:   FI_PROVIDER=cxi
0:   FI_CXI_RDZV_PROTO=alt_read
0: 
0: # nccl-tests version 2.17.8 nccl-headers=22902 nccl-library=22903
0: # Collective test starting: sendrecv_perf_mpi
0: # nThread 1 nGpus 1 minBytes 16777216 maxBytes 268435456 step: 4(factor) warmup iters: 5 iters: 20 agg iters: 1 validation: 1 graph: 0
0: #
0: # Using devices
0: #  Rank  0 Group  0 Pid  36106 on  nid007133 device  0 [0019:01:00] NVIDIA GH200 120GB
0: #  Rank  1 Group  0 Pid 153703 on  nid007195 device  0 [0019:01:00] NVIDIA GH200 120GB
0: #
0: #                                                              out-of-place                       in-place          
0: #       size         count      type   redop    root     time   algbw   busbw  #wrong     time   algbw   busbw  #wrong 
0: #        (B)    (elements)                               (us)  (GB/s)  (GB/s)             (us)  (GB/s)  (GB/s)         
0:     16777216       4194304     float     sum      -1  1289.23   13.01   13.01       0   792.04   21.18   21.18    N/A
0:     67108864      16777216     float     sum      -1  2991.53   22.43   22.43       0  2969.30   22.60   22.60    N/A
0:    268435456      67108864     float     sum      -1  11673.0   23.00   23.00       0  11680.0   22.98   22.98    N/A
0: # Out of bounds values : 0 OK
0: # Avg bus bandwidth    : 20.868 
0: #
0: # Collective test concluded: sendrecv_perf_mpi
0: #
0: 

##### pass 8/8  cross nid007133:g1 <-> nid007195:g2  sendrecv
0: 
0: WARNING: FI_CXI_RDZV_PROTO=alt_read is configured, but the Slurm network is
0: not set to disable rendezvous GET. Performance/stability may be impacted.
0: 
0: Expected Slurm launch:
0:   srun --network=disable_rdzv_get ...
0: or
0:   SLURM_NETWORK=disable_rdzv_get srun ...
0: 
0: Context:
0:   SLURM_NETWORK=<unset>
0:   FI_PROVIDER=cxi
0:   FI_CXI_RDZV_PROTO=alt_read
0: 
0: # nccl-tests version 2.17.8 nccl-headers=22902 nccl-library=22903
0: # Collective test starting: sendrecv_perf_mpi
0: # nThread 1 nGpus 1 minBytes 16777216 maxBytes 268435456 step: 4(factor) warmup iters: 5 iters: 20 agg iters: 1 validation: 1 graph: 0
0: #
0: # Using devices
0: #  Rank  0 Group  0 Pid  37172 on  nid007133 device  0 [0019:01:00] NVIDIA GH200 120GB
0: #  Rank  1 Group  0 Pid 154667 on  nid007195 device  0 [0029:01:00] NVIDIA GH200 120GB
0: #
0: #                                                              out-of-place                       in-place          
0: #       size         count      type   redop    root     time   algbw   busbw  #wrong     time   algbw   busbw  #wrong 
0: #        (B)    (elements)                               (us)  (GB/s)  (GB/s)             (us)  (GB/s)  (GB/s)         
0:     16777216       4194304     float     sum      -1  1293.95   12.97   12.97       0   789.26   21.26   21.26    N/A
0:     67108864      16777216     float     sum      -1  2974.24   22.56   22.56       0  2977.89   22.54   22.54    N/A
0:    268435456      67108864     float     sum      -1  11666.0   23.01   23.01       0  12215.5   21.97   21.97    N/A
0: # Out of bounds values : 0 OK
0: # Avg bus bandwidth    : 20.7178 
0: #
0: # Collective test concluded: sendrecv_perf_mpi
0: #
0: 

##### pass 8/8  cross nid007133:g1 <-> nid007195:g3  sendrecv
0: 
0: WARNING: FI_CXI_RDZV_PROTO=alt_read is configured, but the Slurm network is
0: not set to disable rendezvous GET. Performance/stability may be impacted.
0: 
0: Expected Slurm launch:
0:   srun --network=disable_rdzv_get ...
0: or
0:   SLURM_NETWORK=disable_rdzv_get srun ...
0: 
0: Context:
0:   SLURM_NETWORK=<unset>
0:   FI_PROVIDER=cxi
0:   FI_CXI_RDZV_PROTO=alt_read
0: 
0: # nccl-tests version 2.17.8 nccl-headers=22902 nccl-library=22903
0: # Collective test starting: sendrecv_perf_mpi
0: # nThread 1 nGpus 1 minBytes 16777216 maxBytes 268435456 step: 4(factor) warmup iters: 5 iters: 20 agg iters: 1 validation: 1 graph: 0
0: #
0: # Using devices
0: #  Rank  0 Group  0 Pid  38236 on  nid007133 device  0 [0019:01:00] NVIDIA GH200 120GB
0: #  Rank  1 Group  0 Pid 155653 on  nid007195 device  0 [0039:01:00] NVIDIA GH200 120GB
0: #
0: #                                                              out-of-place                       in-place          
0: #       size         count      type   redop    root     time   algbw   busbw  #wrong     time   algbw   busbw  #wrong 
0: #        (B)    (elements)                               (us)  (GB/s)  (GB/s)             (us)  (GB/s)  (GB/s)         
0:     16777216       4194304     float     sum      -1  1637.59   10.25   10.25       0   785.52   21.36   21.36    N/A
0:     67108864      16777216     float     sum      -1  2976.99   22.54   22.54       0  2976.50   22.55   22.55    N/A
0:    268435456      67108864     float     sum      -1  11657.0   23.03   23.03       0  11647.2   23.05   23.05    N/A
0: # Out of bounds values : 0 OK
0: # Avg bus bandwidth    : 20.4612 
0: #
0: # Collective test concluded: sendrecv_perf_mpi
0: #
0: 

##### pass 8/8  cross nid007133:g2 <-> nid007195:g0  sendrecv
0: 
0: WARNING: FI_CXI_RDZV_PROTO=alt_read is configured, but the Slurm network is
0: not set to disable rendezvous GET. Performance/stability may be impacted.
0: 
0: Expected Slurm launch:
0:   srun --network=disable_rdzv_get ...
0: or
0:   SLURM_NETWORK=disable_rdzv_get srun ...
0: 
0: Context:
0:   SLURM_NETWORK=<unset>
0:   FI_PROVIDER=cxi
0:   FI_CXI_RDZV_PROTO=alt_read
0: 
0: # nccl-tests version 2.17.8 nccl-headers=22902 nccl-library=22903
0: # Collective test starting: sendrecv_perf_mpi
0: # nThread 1 nGpus 1 minBytes 16777216 maxBytes 268435456 step: 4(factor) warmup iters: 5 iters: 20 agg iters: 1 validation: 1 graph: 0
0: #
0: # Using devices
0: #  Rank  0 Group  0 Pid  39294 on  nid007133 device  0 [0029:01:00] NVIDIA GH200 120GB
0: #  Rank  1 Group  0 Pid 156632 on  nid007195 device  0 [0009:01:00] NVIDIA GH200 120GB
0: #
0: #                                                              out-of-place                       in-place          
0: #       size         count      type   redop    root     time   algbw   busbw  #wrong     time   algbw   busbw  #wrong 
0: #        (B)    (elements)                               (us)  (GB/s)  (GB/s)             (us)  (GB/s)  (GB/s)         
0:     16777216       4194304     float     sum      -1   903.45   18.57   18.57       0   777.19   21.59   21.59    N/A
0:     67108864      16777216     float     sum      -1  2949.20   22.75   22.75       0  2956.06   22.70   22.70    N/A
0:    268435456      67108864     float     sum      -1  11620.3   23.10   23.10       0  11622.4   23.10   23.10    N/A
0: # Out of bounds values : 0 OK
0: # Avg bus bandwidth    : 21.9685 
0: #
0: # Collective test concluded: sendrecv_perf_mpi
0: #
0: 

##### pass 8/8  cross nid007133:g2 <-> nid007195:g1  sendrecv
0: 
0: WARNING: FI_CXI_RDZV_PROTO=alt_read is configured, but the Slurm network is
0: not set to disable rendezvous GET. Performance/stability may be impacted.
0: 
0: Expected Slurm launch:
0:   srun --network=disable_rdzv_get ...
0: or
0:   SLURM_NETWORK=disable_rdzv_get srun ...
0: 
0: Context:
0:   SLURM_NETWORK=<unset>
0:   FI_PROVIDER=cxi
0:   FI_CXI_RDZV_PROTO=alt_read
0: 
0: # nccl-tests version 2.17.8 nccl-headers=22902 nccl-library=22903
0: # Collective test starting: sendrecv_perf_mpi
0: # nThread 1 nGpus 1 minBytes 16777216 maxBytes 268435456 step: 4(factor) warmup iters: 5 iters: 20 agg iters: 1 validation: 1 graph: 0
0: #
0: # Using devices
0: #  Rank  0 Group  0 Pid  40319 on  nid007133 device  0 [0029:01:00] NVIDIA GH200 120GB
0: #  Rank  1 Group  0 Pid 157621 on  nid007195 device  0 [0019:01:00] NVIDIA GH200 120GB
0: #
0: #                                                              out-of-place                       in-place          
0: #       size         count      type   redop    root     time   algbw   busbw  #wrong     time   algbw   busbw  #wrong 
0: #        (B)    (elements)                               (us)  (GB/s)  (GB/s)             (us)  (GB/s)  (GB/s)         
0:     16777216       4194304     float     sum      -1  1308.85   12.82   12.82       0   791.60   21.19   21.19    N/A
0:     67108864      16777216     float     sum      -1  2980.30   22.52   22.52       0  2985.97   22.47   22.47    N/A
0:    268435456      67108864     float     sum      -1  11649.2   23.04   23.04       0  11658.6   23.02   23.02    N/A
0: # Out of bounds values : 0 OK
0: # Avg bus bandwidth    : 20.8454 
0: #
0: # Collective test concluded: sendrecv_perf_mpi
0: #
0: 

##### pass 8/8  cross nid007133:g2 <-> nid007195:g2  sendrecv
0: 
0: WARNING: FI_CXI_RDZV_PROTO=alt_read is configured, but the Slurm network is
0: not set to disable rendezvous GET. Performance/stability may be impacted.
0: 
0: Expected Slurm launch:
0:   srun --network=disable_rdzv_get ...
0: or
0:   SLURM_NETWORK=disable_rdzv_get srun ...
0: 
0: Context:
0:   SLURM_NETWORK=<unset>
0:   FI_PROVIDER=cxi
0:   FI_CXI_RDZV_PROTO=alt_read
0: 
0: # nccl-tests version 2.17.8 nccl-headers=22902 nccl-library=22903
0: # Collective test starting: sendrecv_perf_mpi
0: # nThread 1 nGpus 1 minBytes 16777216 maxBytes 268435456 step: 4(factor) warmup iters: 5 iters: 20 agg iters: 1 validation: 1 graph: 0
0: #
0: # Using devices
0: #  Rank  0 Group  0 Pid  41358 on  nid007133 device  0 [0029:01:00] NVIDIA GH200 120GB
0: #  Rank  1 Group  0 Pid 158617 on  nid007195 device  0 [0029:01:00] NVIDIA GH200 120GB
0: #
0: #                                                              out-of-place                       in-place          
0: #       size         count      type   redop    root     time   algbw   busbw  #wrong     time   algbw   busbw  #wrong 
0: #        (B)    (elements)                               (us)  (GB/s)  (GB/s)             (us)  (GB/s)  (GB/s)         
0:     16777216       4194304     float     sum      -1  1075.54   15.60   15.60       0   786.40   21.33   21.33    N/A
0:     67108864      16777216     float     sum      -1  2967.56   22.61   22.61       0  2970.67   22.59   22.59    N/A
0:    268435456      67108864     float     sum      -1  11647.9   23.05   23.05       0  11644.3   23.05   23.05    N/A
0: # Out of bounds values : 0 OK
0: # Avg bus bandwidth    : 21.3728 
0: #
0: # Collective test concluded: sendrecv_perf_mpi
0: #
0: 

##### pass 8/8  cross nid007133:g2 <-> nid007195:g3  sendrecv
0: 
0: WARNING: FI_CXI_RDZV_PROTO=alt_read is configured, but the Slurm network is
0: not set to disable rendezvous GET. Performance/stability may be impacted.
0: 
0: Expected Slurm launch:
0:   srun --network=disable_rdzv_get ...
0: or
0:   SLURM_NETWORK=disable_rdzv_get srun ...
0: 
0: Context:
0:   SLURM_NETWORK=<unset>
0:   FI_PROVIDER=cxi
0:   FI_CXI_RDZV_PROTO=alt_read
0: 
0: # nccl-tests version 2.17.8 nccl-headers=22902 nccl-library=22903
0: # Collective test starting: sendrecv_perf_mpi
0: # nThread 1 nGpus 1 minBytes 16777216 maxBytes 268435456 step: 4(factor) warmup iters: 5 iters: 20 agg iters: 1 validation: 1 graph: 0
0: #
0: # Using devices
0: #  Rank  0 Group  0 Pid  42374 on  nid007133 device  0 [0029:01:00] NVIDIA GH200 120GB
0: #  Rank  1 Group  0 Pid 159594 on  nid007195 device  0 [0039:01:00] NVIDIA GH200 120GB
0: #
0: #                                                              out-of-place                       in-place          
0: #       size         count      type   redop    root     time   algbw   busbw  #wrong     time   algbw   busbw  #wrong 
0: #        (B)    (elements)                               (us)  (GB/s)  (GB/s)             (us)  (GB/s)  (GB/s)         
0:     16777216       4194304     float     sum      -1   935.15   17.94   17.94       0   790.11   21.23   21.23    N/A
0:     67108864      16777216     float     sum      -1  2976.84   22.54   22.54       0  2971.18   22.59   22.59    N/A
0:    268435456      67108864     float     sum      -1  11635.0   23.07   23.07       0  11663.3   23.02   23.02    N/A
0: # Out of bounds values : 0 OK
0: # Avg bus bandwidth    : 21.732 
0: #
0: # Collective test concluded: sendrecv_perf_mpi
0: #
0: 

##### pass 8/8  cross nid007133:g3 <-> nid007195:g0  sendrecv
0: 
0: WARNING: FI_CXI_RDZV_PROTO=alt_read is configured, but the Slurm network is
0: not set to disable rendezvous GET. Performance/stability may be impacted.
0: 
0: Expected Slurm launch:
0:   srun --network=disable_rdzv_get ...
0: or
0:   SLURM_NETWORK=disable_rdzv_get srun ...
0: 
0: Context:
0:   SLURM_NETWORK=<unset>
0:   FI_PROVIDER=cxi
0:   FI_CXI_RDZV_PROTO=alt_read
0: 
0: # nccl-tests version 2.17.8 nccl-headers=22902 nccl-library=22903
0: # Collective test starting: sendrecv_perf_mpi
0: # nThread 1 nGpus 1 minBytes 16777216 maxBytes 268435456 step: 4(factor) warmup iters: 5 iters: 20 agg iters: 1 validation: 1 graph: 0
0: #
0: # Using devices
0: #  Rank  0 Group  0 Pid  43399 on  nid007133 device  0 [0039:01:00] NVIDIA GH200 120GB
0: #  Rank  1 Group  0 Pid 160583 on  nid007195 device  0 [0009:01:00] NVIDIA GH200 120GB
0: #
0: #                                                              out-of-place                       in-place          
0: #       size         count      type   redop    root     time   algbw   busbw  #wrong     time   algbw   busbw  #wrong 
0: #        (B)    (elements)                               (us)  (GB/s)  (GB/s)             (us)  (GB/s)  (GB/s)         
0:     16777216       4194304     float     sum      -1  2031.75    8.26    8.26       0   780.05   21.51   21.51    N/A
0:     67108864      16777216     float     sum      -1  2953.77   22.72   22.72       0  2956.99   22.69   22.69    N/A
0:    268435456      67108864     float     sum      -1  11609.7   23.12   23.12       0  11609.9   23.12   23.12    N/A
0: # Out of bounds values : 0 OK
0: # Avg bus bandwidth    : 20.2372 
0: #
0: # Collective test concluded: sendrecv_perf_mpi
0: #
0: 

##### pass 8/8  cross nid007133:g3 <-> nid007195:g1  sendrecv
0: 
0: WARNING: FI_CXI_RDZV_PROTO=alt_read is configured, but the Slurm network is
0: not set to disable rendezvous GET. Performance/stability may be impacted.
0: 
0: Expected Slurm launch:
0:   srun --network=disable_rdzv_get ...
0: or
0:   SLURM_NETWORK=disable_rdzv_get srun ...
0: 
0: Context:
0:   SLURM_NETWORK=<unset>
0:   FI_PROVIDER=cxi
0:   FI_CXI_RDZV_PROTO=alt_read
0: 
0: # nccl-tests version 2.17.8 nccl-headers=22902 nccl-library=22903
0: # Collective test starting: sendrecv_perf_mpi
0: # nThread 1 nGpus 1 minBytes 16777216 maxBytes 268435456 step: 4(factor) warmup iters: 5 iters: 20 agg iters: 1 validation: 1 graph: 0
0: #
0: # Using devices
0: #  Rank  0 Group  0 Pid  44416 on  nid007133 device  0 [0039:01:00] NVIDIA GH200 120GB
0: #  Rank  1 Group  0 Pid 161591 on  nid007195 device  0 [0019:01:00] NVIDIA GH200 120GB
0: #
0: #                                                              out-of-place                       in-place          
0: #       size         count      type   redop    root     time   algbw   busbw  #wrong     time   algbw   busbw  #wrong 
0: #        (B)    (elements)                               (us)  (GB/s)  (GB/s)             (us)  (GB/s)  (GB/s)         
0:     16777216       4194304     float     sum      -1  1732.17    9.69    9.69       0   791.64   21.19   21.19    N/A
0:     67108864      16777216     float     sum      -1  2977.20   22.54   22.54       0  2971.43   22.58   22.58    N/A
0:    268435456      67108864     float     sum      -1  11648.7   23.04   23.04       0  11656.3   23.03   23.03    N/A
0: # Out of bounds values : 0 OK
0: # Avg bus bandwidth    : 20.3463 
0: #
0: # Collective test concluded: sendrecv_perf_mpi
0: #
0: 

##### pass 8/8  cross nid007133:g3 <-> nid007195:g2  sendrecv
0: 
0: WARNING: FI_CXI_RDZV_PROTO=alt_read is configured, but the Slurm network is
0: not set to disable rendezvous GET. Performance/stability may be impacted.
0: 
0: Expected Slurm launch:
0:   srun --network=disable_rdzv_get ...
0: or
0:   SLURM_NETWORK=disable_rdzv_get srun ...
0: 
0: Context:
0:   SLURM_NETWORK=<unset>
0:   FI_PROVIDER=cxi
0:   FI_CXI_RDZV_PROTO=alt_read
0: 
0: # nccl-tests version 2.17.8 nccl-headers=22902 nccl-library=22903
0: # Collective test starting: sendrecv_perf_mpi
0: # nThread 1 nGpus 1 minBytes 16777216 maxBytes 268435456 step: 4(factor) warmup iters: 5 iters: 20 agg iters: 1 validation: 1 graph: 0
0: #
0: # Using devices
0: #  Rank  0 Group  0 Pid  45441 on  nid007133 device  0 [0039:01:00] NVIDIA GH200 120GB
0: #  Rank  1 Group  0 Pid 162583 on  nid007195 device  0 [0029:01:00] NVIDIA GH200 120GB
0: #
0: #                                                              out-of-place                       in-place          
0: #       size         count      type   redop    root     time   algbw   busbw  #wrong     time   algbw   busbw  #wrong 
0: #        (B)    (elements)                               (us)  (GB/s)  (GB/s)             (us)  (GB/s)  (GB/s)         
0:     16777216       4194304     float     sum      -1   803.25   20.89   20.89       0   787.37   21.31   21.31    N/A
0:     67108864      16777216     float     sum      -1  2978.62   22.53   22.53       0  2979.42   22.52   22.52    N/A
0:    268435456      67108864     float     sum      -1  11659.1   23.02   23.02       0  11662.1   23.02   23.02    N/A
0: # Out of bounds values : 0 OK
0: # Avg bus bandwidth    : 22.2151 
0: #
0: # Collective test concluded: sendrecv_perf_mpi
0: #
0: 

##### pass 8/8  cross nid007133:g3 <-> nid007195:g3  sendrecv
0: 
0: WARNING: FI_CXI_RDZV_PROTO=alt_read is configured, but the Slurm network is
0: not set to disable rendezvous GET. Performance/stability may be impacted.
0: 
0: Expected Slurm launch:
0:   srun --network=disable_rdzv_get ...
0: or
0:   SLURM_NETWORK=disable_rdzv_get srun ...
0: 
0: Context:
0:   SLURM_NETWORK=<unset>
0:   FI_PROVIDER=cxi
0:   FI_CXI_RDZV_PROTO=alt_read
0: 
0: # nccl-tests version 2.17.8 nccl-headers=22902 nccl-library=22903
0: # Collective test starting: sendrecv_perf_mpi
0: # nThread 1 nGpus 1 minBytes 16777216 maxBytes 268435456 step: 4(factor) warmup iters: 5 iters: 20 agg iters: 1 validation: 1 graph: 0
0: #
0: # Using devices
0: #  Rank  0 Group  0 Pid  46466 on  nid007133 device  0 [0039:01:00] NVIDIA GH200 120GB
0: #  Rank  1 Group  0 Pid 163546 on  nid007195 device  0 [0039:01:00] NVIDIA GH200 120GB
0: #
0: #                                                              out-of-place                       in-place          
0: #       size         count      type   redop    root     time   algbw   busbw  #wrong     time   algbw   busbw  #wrong 
0: #        (B)    (elements)                               (us)  (GB/s)  (GB/s)             (us)  (GB/s)  (GB/s)         
0:     16777216       4194304     float     sum      -1  1017.79   16.48   16.48       0   789.81   21.24   21.24    N/A
0:     67108864      16777216     float     sum      -1  2976.20   22.55   22.55       0  2967.97   22.61   22.61    N/A
0:    268435456      67108864     float     sum      -1  11639.0   23.06   23.06       0  11674.4   22.99   22.99    N/A
0: # Out of bounds values : 0 OK
0: # Avg bus bandwidth    : 21.4905 
0: #
0: # Collective test concluded: sendrecv_perf_mpi
0: #
0: 

NCCL_TESTS_CROSS_COMPLETE nid[007133,007195]
