=== node: nid006856  EDF: /iopsstor/scratch/cscs/mvasilev/vllm-play/megatron-v2601-multinode.toml  passes: 20 ===
0: === nvlink status ===
0: GPU 0: NVIDIA GH200 120GB (UUID: GPU-6296bdb5-5f4b-5746-6893-a268ea3b7770)
0: 	 Link 0: 26.562 GB/s
0: 	 Link 1: 26.562 GB/s
0: 	 Link 2: 26.562 GB/s
0: 	 Link 3: 26.562 GB/s
0: 	 Link 4: 26.562 GB/s
0: 	 Link 5: 26.562 GB/s
0: 	 Link 6: 26.562 GB/s
0: 	 Link 7: 26.562 GB/s
0: 	 Link 8: 26.562 GB/s
0: 	 Link 9: 26.562 GB/s
0: 	 Link 10: 26.562 GB/s
0: 	 Link 11: 26.562 GB/s
0: 	 Link 12: 26.562 GB/s
0: 	 Link 13: 26.562 GB/s
0: 	 Link 14: 26.562 GB/s
0: 	 Link 15: 26.562 GB/s
0: 	 Link 16: 26.562 GB/s
0: 	 Link 17: 26.562 GB/s
0: GPU 1: NVIDIA GH200 120GB (UUID: GPU-534490e3-6f25-17dd-dac1-9ff571794872)
0: 	 Link 0: 26.562 GB/s
0: 	 Link 1: 26.562 GB/s
0: 	 Link 2: 26.562 GB/s
0: 	 Link 3: 26.562 GB/s
0: 	 Link 4: 26.562 GB/s
0: 	 Link 5: 26.562 GB/s
0: 	 Link 6: 26.562 GB/s
0: 	 Link 7: 26.562 GB/s
0: 	 Link 8: 26.562 GB/s
0: 	 Link 9: 26.562 GB/s
0: 	 Link 10: 26.562 GB/s
0: 	 Link 11: 26.562 GB/s
0: 	 Link 12: 26.562 GB/s
0: 	 Link 13: 26.562 GB/s
0: 	 Link 14: 26.562 GB/s
0: 	 Link 15: 26.562 GB/s
0: 	 Link 16: 26.562 GB/s
0: 	 Link 17: 26.562 GB/s
0: GPU 2: NVIDIA GH200 120GB (UUID: GPU-2d6c7174-b8d3-c127-6fee-6d548e12988b)
0: 	 Link 0: 26.562 GB/s
0: 	 Link 1: 26.562 GB/s
0: 	 Link 2: 26.562 GB/s
0: 	 Link 3: 26.562 GB/s
0: 	 Link 4: 26.562 GB/s
0: 	 Link 5: 26.562 GB/s
0: 	 Link 6: 26.562 GB/s
0: 	 Link 7: 26.562 GB/s
0: 	 Link 8: 26.562 GB/s
0: 	 Link 9: 26.562 GB/s
0: 	 Link 10: 26.562 GB/s
0: 	 Link 11: 26.562 GB/s
0: 	 Link 12: 26.562 GB/s
0: 	 Link 13: 26.562 GB/s
0: 	 Link 14: 26.562 GB/s
0: 	 Link 15: 26.562 GB/s
0: 	 Link 16: 26.562 GB/s
0: 	 Link 17: 26.562 GB/s
0: GPU 3: NVIDIA GH200 120GB (UUID: GPU-2211e910-405d-7a47-d4a0-a52b4ebef165)
0: 	 Link 0: 26.562 GB/s
0: 	 Link 1: 26.562 GB/s
0: 	 Link 2: 26.562 GB/s
0: 	 Link 3: 26.562 GB/s
0: 	 Link 4: 26.562 GB/s
0: 	 Link 5: 26.562 GB/s
0: 	 Link 6: 26.562 GB/s
0: 	 Link 7: 26.562 GB/s
0: 	 Link 8: 26.562 GB/s
0: 	 Link 9: 26.562 GB/s
0: 	 Link 10: 26.562 GB/s
0: 	 Link 11: 26.562 GB/s
0: 	 Link 12: 26.562 GB/s
0: 	 Link 13: 26.562 GB/s
0: 	 Link 14: 26.562 GB/s
0: 	 Link 15: 26.562 GB/s
0: 	 Link 16: 26.562 GB/s
0: 	 Link 17: 26.562 GB/s
0: === nvlink error counters BEFORE ===
0: GPU 0: NVIDIA GH200 120GB (UUID: GPU-6296bdb5-5f4b-5746-6893-a268ea3b7770)
0: 	 Link 0: Replay Errors: 0
0: 	 Link 0: Recovery Errors: 0
0: 	 Link 0: CRC Errors: 0
0: 
0: 	 Link 1: Replay Errors: 0
0: 	 Link 1: Recovery Errors: 0
0: 	 Link 1: CRC Errors: 0
0: 
0: 	 Link 2: Replay Errors: 0
0: 	 Link 2: Recovery Errors: 0
0: 	 Link 2: CRC Errors: 0
0: 
0: 	 Link 3: Replay Errors: 1
0: 	 Link 3: Recovery Errors: 0
0: 	 Link 3: CRC Errors: 0
0: 
0: 	 Link 4: Replay Errors: 0
0: 	 Link 4: Recovery Errors: 0
0: 	 Link 4: CRC Errors: 0
0: 
0: 	 Link 5: Replay Errors: 0
0: 	 Link 5: Recovery Errors: 0
0: 	 Link 5: CRC Errors: 0
0: 
0: 	 Link 6: Replay Errors: 0
0: 	 Link 6: Recovery Errors: 0
0: 	 Link 6: CRC Errors: 0
0: 
0: 	 Link 7: Replay Errors: 0
0: 	 Link 7: Recovery Errors: 0
0: 	 Link 7: CRC Errors: 0
0: 
0: 	 Link 8: Replay Errors: 0
0: 	 Link 8: Recovery Errors: 0
0: 	 Link 8: CRC Errors: 0
0: 
0: 	 Link 9: Replay Errors: 0
0: 	 Link 9: Recovery Errors: 0
0: 	 Link 9: CRC Errors: 0
0: 
0: 	 Link 10: Replay Errors: 0
0: 	 Link 10: Recovery Errors: 0
0: 	 Link 10: CRC Errors: 0
0: 
0: 	 Link 11: Replay Errors: 0
0: 	 Link 11: Recovery Errors: 0
0: 	 Link 11: CRC Errors: 0
0: 
0: 	 Link 12: Replay Errors: 0
0: 	 Link 12: Recovery Errors: 0
0: 	 Link 12: CRC Errors: 0
0: 
0: 	 Link 13: Replay Errors: 0
0: 	 Link 13: Recovery Errors: 0
0: 	 Link 13: CRC Errors: 0
0: 
0: 	 Link 14: Replay Errors: 0
0: 	 Link 14: Recovery Errors: 0
0: 	 Link 14: CRC Errors: 0
0: 
0: 	 Link 15: Replay Errors: 0
0: 	 Link 15: Recovery Errors: 0
0: 	 Link 15: CRC Errors: 0
0: 
0: 	 Link 16: Replay Errors: 0
0: 	 Link 16: Recovery Errors: 0
0: 	 Link 16: CRC Errors: 0
0: 
0: 	 Link 17: Replay Errors: 0
0: 	 Link 17: Recovery Errors: 0
0: 	 Link 17: CRC Errors: 0
0: 
0: GPU 1: NVIDIA GH200 120GB (UUID: GPU-534490e3-6f25-17dd-dac1-9ff571794872)
0: 	 Link 0: Replay Errors: 0
0: 	 Link 0: Recovery Errors: 0
0: 	 Link 0: CRC Errors: 0
0: 
0: 	 Link 1: Replay Errors: 0
0: 	 Link 1: Recovery Errors: 0
0: 	 Link 1: CRC Errors: 0
0: 
0: 	 Link 2: Replay Errors: 0
0: 	 Link 2: Recovery Errors: 0
0: 	 Link 2: CRC Errors: 0
0: 
0: 	 Link 3: Replay Errors: 95
0: 	 Link 3: Recovery Errors: 0
0: 	 Link 3: CRC Errors: 1
0: 
0: 	 Link 4: Replay Errors: 0
0: 	 Link 4: Recovery Errors: 0
0: 	 Link 4: CRC Errors: 0
0: 
0: 	 Link 5: Replay Errors: 0
0: 	 Link 5: Recovery Errors: 0
0: 	 Link 5: CRC Errors: 0
0: 
0: 	 Link 6: Replay Errors: 0
0: 	 Link 6: Recovery Errors: 0
0: 	 Link 6: CRC Errors: 0
0: 
0: 	 Link 7: Replay Errors: 0
0: 	 Link 7: Recovery Errors: 0
0: 	 Link 7: CRC Errors: 0
0: 
0: 	 Link 8: Replay Errors: 0
0: 	 Link 8: Recovery Errors: 0
0: 	 Link 8: CRC Errors: 0
0: 
0: 	 Link 9: Replay Errors: 0
0: 	 Link 9: Recovery Errors: 0
0: 	 Link 9: CRC Errors: 0
0: 
0: 	 Link 10: Replay Errors: 0
0: 	 Link 10: Recovery Errors: 0
0: 	 Link 10: CRC Errors: 0
0: 
0: 	 Link 11: Replay Errors: 0
0: 	 Link 11: Recovery Errors: 0
0: 	 Link 11: CRC Errors: 0
0: 
0: 	 Link 12: Replay Errors: 0
0: 	 Link 12: Recovery Errors: 0
0: 	 Link 12: CRC Errors: 0
0: 
0: 	 Link 13: Replay Errors: 0
0: 	 Link 13: Recovery Errors: 0
0: 	 Link 13: CRC Errors: 0
0: 
0: 	 Link 14: Replay Errors: 0
0: 	 Link 14: Recovery Errors: 0
0: 	 Link 14: CRC Errors: 0
0: 
0: 	 Link 15: Replay Errors: 0
0: 	 Link 15: Recovery Errors: 0
0: 	 Link 15: CRC Errors: 0
0: 
0: 	 Link 16: Replay Errors: 0
0: 	 Link 16: Recovery Errors: 0
0: 	 Link 16: CRC Errors: 0
0: 
0: 	 Link 17: Replay Errors: 0
0: 	 Link 17: Recovery Errors: 0
0: 	 Link 17: CRC Errors: 0
0: 
0: GPU 2: NVIDIA GH200 120GB (UUID: GPU-2d6c7174-b8d3-c127-6fee-6d548e12988b)
0: 	 Link 0: Replay Errors: 0
0: 	 Link 0: Recovery Errors: 0
0: 	 Link 0: CRC Errors: 0
0: 
0: 	 Link 1: Replay Errors: 0
0: 	 Link 1: Recovery Errors: 0
0: 	 Link 1: CRC Errors: 0
0: 
0: 	 Link 2: Replay Errors: 0
0: 	 Link 2: Recovery Errors: 0
0: 	 Link 2: CRC Errors: 0
0: 
0: 	 Link 3: Replay Errors: 0
0: 	 Link 3: Recovery Errors: 0
0: 	 Link 3: CRC Errors: 0
0: 
0: 	 Link 4: Replay Errors: 0
0: 	 Link 4: Recovery Errors: 0
0: 	 Link 4: CRC Errors: 1
0: 
0: 	 Link 5: Replay Errors: 0
0: 	 Link 5: Recovery Errors: 0
0: 	 Link 5: CRC Errors: 0
0: 
0: 	 Link 6: Replay Errors: 0
0: 	 Link 6: Recovery Errors: 0
0: 	 Link 6: CRC Errors: 0
0: 
0: 	 Link 7: Replay Errors: 0
0: 	 Link 7: Recovery Errors: 0
0: 	 Link 7: CRC Errors: 0
0: 
0: 	 Link 8: Replay Errors: 0
0: 	 Link 8: Recovery Errors: 0
0: 	 Link 8: CRC Errors: 0
0: 
0: 	 Link 9: Replay Errors: 0
0: 	 Link 9: Recovery Errors: 0
0: 	 Link 9: CRC Errors: 0
0: 
0: 	 Link 10: Replay Errors: 0
0: 	 Link 10: Recovery Errors: 0
0: 	 Link 10: CRC Errors: 0
0: 
0: 	 Link 11: Replay Errors: 0
0: 	 Link 11: Recovery Errors: 0
0: 	 Link 11: CRC Errors: 0
0: 
0: 	 Link 12: Replay Errors: 0
0: 	 Link 12: Recovery Errors: 0
0: 	 Link 12: CRC Errors: 0
0: 
0: 	 Link 13: Replay Errors: 0
0: 	 Link 13: Recovery Errors: 0
0: 	 Link 13: CRC Errors: 0
0: 
0: 	 Link 14: Replay Errors: 0
0: 	 Link 14: Recovery Errors: 0
0: 	 Link 14: CRC Errors: 0
0: 
0: 	 Link 15: Replay Errors: 0
0: 	 Link 15: Recovery Errors: 0
0: 	 Link 15: CRC Errors: 0
0: 
0: 	 Link 16: Replay Errors: 0
0: 	 Link 16: Recovery Errors: 0
0: 	 Link 16: CRC Errors: 0
0: 
0: 	 Link 17: Replay Errors: 0
0: 	 Link 17: Recovery Errors: 0
0: 	 Link 17: CRC Errors: 0
0: 
0: GPU 3: NVIDIA GH200 120GB (UUID: GPU-2211e910-405d-7a47-d4a0-a52b4ebef165)
0: 	 Link 0: Replay Errors: 0
0: 	 Link 0: Recovery Errors: 0
0: 	 Link 0: CRC Errors: 0
0: 
0: 	 Link 1: Replay Errors: 0
0: 	 Link 1: Recovery Errors: 0
0: 	 Link 1: CRC Errors: 0
0: 
0: 	 Link 2: Replay Errors: 0
0: 	 Link 2: Recovery Errors: 0
0: 	 Link 2: CRC Errors: 0
0: 
0: 	 Link 3: Replay Errors: 0
0: 	 Link 3: Recovery Errors: 0
0: 	 Link 3: CRC Errors: 0
0: 
0: 	 Link 4: Replay Errors: 0
0: 	 Link 4: Recovery Errors: 0
0: 	 Link 4: CRC Errors: 0
0: 
0: 	 Link 5: Replay Errors: 0
0: 	 Link 5: Recovery Errors: 0
0: 	 Link 5: CRC Errors: 0
0: 
0: 	 Link 6: Replay Errors: 0
0: 	 Link 6: Recovery Errors: 0
0: 	 Link 6: CRC Errors: 0
0: 
0: 	 Link 7: Replay Errors: 0
0: 	 Link 7: Recovery Errors: 0
0: 	 Link 7: CRC Errors: 0
0: 
0: 	 Link 8: Replay Errors: 0
0: 	 Link 8: Recovery Errors: 0
0: 	 Link 8: CRC Errors: 0
0: 
0: 	 Link 9: Replay Errors: 0
0: 	 Link 9: Recovery Errors: 0
0: 	 Link 9: CRC Errors: 0
0: 
0: 	 Link 10: Replay Errors: 0
0: 	 Link 10: Recovery Errors: 0
0: 	 Link 10: CRC Errors: 0
0: 
0: 	 Link 11: Replay Errors: 0
0: 	 Link 11: Recovery Errors: 0
0: 	 Link 11: CRC Errors: 0
0: 
0: 	 Link 12: Replay Errors: 0
0: 	 Link 12: Recovery Errors: 0
0: 	 Link 12: CRC Errors: 0
0: 
0: 	 Link 13: Replay Errors: 0
0: 	 Link 13: Recovery Errors: 0
0: 	 Link 13: CRC Errors: 0
0: 
0: 	 Link 14: Replay Errors: 0
0: 	 Link 14: Recovery Errors: 0
0: 	 Link 14: CRC Errors: 0
0: 
0: 	 Link 15: Replay Errors: 0
0: 	 Link 15: Recovery Errors: 0
0: 	 Link 15: CRC Errors: 0
0: 
0: 	 Link 16: Replay Errors: 0
0: 	 Link 16: Recovery Errors: 0
0: 	 Link 16: CRC Errors: 0
0: 
0: 	 Link 17: Replay Errors: 0
0: 	 Link 17: Recovery Errors: 0
0: 	 Link 17: CRC Errors: 0
0: 
0: 
0: ##### pass 1/20  pair g0-g1  sendrecv_perf
0: # nccl-tests version 2.17.8 nccl-headers=22903 nccl-library=22903
0: # Collective test starting: sendrecv_perf
0: # nThread 1 nGpus 2 minBytes 8388608 maxBytes 268435456 step: 2(factor) warmup iters: 5 iters: 20 agg iters: 1 validation: 1 graph: 0
0: #
0: # Using devices
0: #  Rank  0 Group  0 Pid  59239 on  nid006856 device  0 [0009:01:00] NVIDIA GH200 120GB
0: #  Rank  1 Group  0 Pid  59239 on  nid006856 device  1 [0019:01:00] NVIDIA GH200 120GB
0: #
0: #                                                              out-of-place                       in-place          
0: #       size         count      type   redop    root     time   algbw   busbw  #wrong     time   algbw   busbw  #wrong 
0: #        (B)    (elements)                               (us)  (GB/s)  (GB/s)             (us)  (GB/s)  (GB/s)         
0:      8388608       2097152     float     sum      -1   115.56   72.59   72.59       0   115.39   72.70   72.70    N/A
0:     16777216       4194304     float     sum      -1   217.10   77.28   77.28       0   220.31   76.15   76.15    N/A
0:     33554432       8388608     float     sum      -1   419.74   79.94   79.94       0   423.23   79.28   79.28    N/A
0:     67108864      16777216     float     sum      -1   808.82   82.97   82.97       0   822.11   81.63   81.63    N/A
0:    134217728      33554432     float     sum      -1  1121.12  119.72  119.72       0  1125.09  119.29  119.29    N/A
0:    268435456      67108864     float     sum      -1  2211.13  121.40  121.40       0  2204.55  121.76  121.76    N/A
0: # Out of bounds values : 0 OK
0: # Avg bus bandwidth    : 92.0606 
0: #
0: # Collective test concluded: sendrecv_perf
0: #
0: 
0: 
0: ##### pass 1/20  pair g0-g2  sendrecv_perf
0: # nccl-tests version 2.17.8 nccl-headers=22903 nccl-library=22903
0: # Collective test starting: sendrecv_perf
0: # nThread 1 nGpus 2 minBytes 8388608 maxBytes 268435456 step: 2(factor) warmup iters: 5 iters: 20 agg iters: 1 validation: 1 graph: 0
0: #
0: # Using devices
0: #  Rank  0 Group  0 Pid  59281 on  nid006856 device  0 [0009:01:00] NVIDIA GH200 120GB
0: #  Rank  1 Group  0 Pid  59281 on  nid006856 device  1 [0029:01:00] NVIDIA GH200 120GB
0: #
0: #                                                              out-of-place                       in-place          
0: #       size         count      type   redop    root     time   algbw   busbw  #wrong     time   algbw   busbw  #wrong 
0: #        (B)    (elements)                               (us)  (GB/s)  (GB/s)             (us)  (GB/s)  (GB/s)         
0:      8388608       2097152     float     sum      -1   115.72   72.49   72.49       0   120.17   69.81   69.81    N/A
0:     16777216       4194304     float     sum      -1   220.52   76.08   76.08       0   219.15   76.56   76.56    N/A
0:     33554432       8388608     float     sum      -1   421.35   79.63   79.63       0   421.51   79.61   79.61    N/A
0:     67108864      16777216     float     sum      -1   812.67   82.58   82.58       0   823.71   81.47   81.47    N/A
0:    134217728      33554432     float     sum      -1  1129.71  118.81  118.81       0  1119.45  119.90  119.90    N/A
0:    268435456      67108864     float     sum      -1  2209.13  121.51  121.51       0  2210.26  121.45  121.45    N/A
0: # Out of bounds values : 0 OK
0: # Avg bus bandwidth    : 91.6578 
0: #
0: # Collective test concluded: sendrecv_perf
0: #
0: 
0: 
0: ##### pass 1/20  pair g0-g3  sendrecv_perf
0: # nccl-tests version 2.17.8 nccl-headers=22903 nccl-library=22903
0: # Collective test starting: sendrecv_perf
0: # nThread 1 nGpus 2 minBytes 8388608 maxBytes 268435456 step: 2(factor) warmup iters: 5 iters: 20 agg iters: 1 validation: 1 graph: 0
0: #
0: # Using devices
0: #  Rank  0 Group  0 Pid  59319 on  nid006856 device  0 [0009:01:00] NVIDIA GH200 120GB
0: #  Rank  1 Group  0 Pid  59319 on  nid006856 device  1 [0039:01:00] NVIDIA GH200 120GB
0: #
0: #                                                              out-of-place                       in-place          
0: #       size         count      type   redop    root     time   algbw   busbw  #wrong     time   algbw   busbw  #wrong 
0: #        (B)    (elements)                               (us)  (GB/s)  (GB/s)             (us)  (GB/s)  (GB/s)         
0:      8388608       2097152     float     sum      -1   116.19   72.19   72.19       0   115.46   72.65   72.65    N/A
0:     16777216       4194304     float     sum      -1   221.14   75.87   75.87       0   220.98   75.92   75.92    N/A
0:     33554432       8388608     float     sum      -1   423.87   79.16   79.16       0   423.24   79.28   79.28    N/A
0:     67108864      16777216     float     sum      -1   814.42   82.40   82.40       0   825.98   81.25   81.25    N/A
0:    134217728      33554432     float     sum      -1  1124.37  119.37  119.37       0  1117.70  120.08  120.08    N/A
0:    268435456      67108864     float     sum      -1  2213.86  121.25  121.25       0  2205.23  121.73  121.73    N/A
0: # Out of bounds values : 0 OK
0: # Avg bus bandwidth    : 91.7636 
0: #
0: # Collective test concluded: sendrecv_perf
0: #
0: 
0: 
0: ##### pass 1/20  pair g1-g2  sendrecv_perf
0: # nccl-tests version 2.17.8 nccl-headers=22903 nccl-library=22903
0: # Collective test starting: sendrecv_perf
0: # nThread 1 nGpus 2 minBytes 8388608 maxBytes 268435456 step: 2(factor) warmup iters: 5 iters: 20 agg iters: 1 validation: 1 graph: 0
0: #
0: # Using devices
0: #  Rank  0 Group  0 Pid  59372 on  nid006856 device  0 [0019:01:00] NVIDIA GH200 120GB
0: #  Rank  1 Group  0 Pid  59372 on  nid006856 device  1 [0029:01:00] NVIDIA GH200 120GB
0: #
0: #                                                              out-of-place                       in-place          
0: #       size         count      type   redop    root     time   algbw   busbw  #wrong     time   algbw   busbw  #wrong 
0: #        (B)    (elements)                               (us)  (GB/s)  (GB/s)             (us)  (GB/s)  (GB/s)         
0:      8388608       2097152     float     sum      -1   115.40   72.69   72.69       0   115.24   72.79   72.79    N/A
0:     16777216       4194304     float     sum      -1   221.49   75.75   75.75       0   222.05   75.56   75.56    N/A
0:     33554432       8388608     float     sum      -1   419.94   79.90   79.90       0   421.48   79.61   79.61    N/A
0:     67108864      16777216     float     sum      -1   809.06   82.95   82.95       0   818.99   81.94   81.94    N/A
0:    134217728      33554432     float     sum      -1  1123.92  119.42  119.42       0  1118.93  119.95  119.95    N/A
0:    268435456      67108864     float     sum      -1  2212.62  121.32  121.32       0  2209.89  121.47  121.47    N/A
0: # Out of bounds values : 0 OK
0: # Avg bus bandwidth    : 91.9463 
0: #
0: # Collective test concluded: sendrecv_perf
0: #
0: 
0: 
0: ##### pass 1/20  pair g1-g3  sendrecv_perf
0: # nccl-tests version 2.17.8 nccl-headers=22903 nccl-library=22903
0: # Collective test starting: sendrecv_perf
0: # nThread 1 nGpus 2 minBytes 8388608 maxBytes 268435456 step: 2(factor) warmup iters: 5 iters: 20 agg iters: 1 validation: 1 graph: 0
0: #
0: # Using devices
0: #  Rank  0 Group  0 Pid  59408 on  nid006856 device  0 [0019:01:00] NVIDIA GH200 120GB
0: #  Rank  1 Group  0 Pid  59408 on  nid006856 device  1 [0039:01:00] NVIDIA GH200 120GB
0: #
0: #                                                              out-of-place                       in-place          
0: #       size         count      type   redop    root     time   algbw   busbw  #wrong     time   algbw   busbw  #wrong 
0: #        (B)    (elements)                               (us)  (GB/s)  (GB/s)             (us)  (GB/s)  (GB/s)         
0:      8388608       2097152     float     sum      -1   116.10   72.25   72.25       0   115.40   72.69   72.69    N/A
0:     16777216       4194304     float     sum      -1   222.16   75.52   75.52       0   217.81   77.03   77.03    N/A
0:     33554432       8388608     float     sum      -1   421.62   79.58   79.58       0   423.11   79.30   79.30    N/A
0:     67108864      16777216     float     sum      -1   813.72   82.47   82.47       0   821.97   81.64   81.64    N/A
0:    134217728      33554432     float     sum      -1  1118.50  120.00  120.00       0  1129.72  118.81  118.81    N/A
0:    268435456      67108864     float     sum      -1  2210.25  121.45  121.45       0  2203.78  121.81  121.81    N/A
0: # Out of bounds values : 0 OK
0: # Avg bus bandwidth    : 91.8797 
0: #
0: # Collective test concluded: sendrecv_perf
0: #
0: 
0: 
0: ##### pass 1/20  pair g2-g3  sendrecv_perf
0: # nccl-tests version 2.17.8 nccl-headers=22903 nccl-library=22903
0: # Collective test starting: sendrecv_perf
0: # nThread 1 nGpus 2 minBytes 8388608 maxBytes 268435456 step: 2(factor) warmup iters: 5 iters: 20 agg iters: 1 validation: 1 graph: 0
0: #
0: # Using devices
0: #  Rank  0 Group  0 Pid  59443 on  nid006856 device  0 [0029:01:00] NVIDIA GH200 120GB
0: #  Rank  1 Group  0 Pid  59443 on  nid006856 device  1 [0039:01:00] NVIDIA GH200 120GB
0: #
0: #                                                              out-of-place                       in-place          
0: #       size         count      type   redop    root     time   algbw   busbw  #wrong     time   algbw   busbw  #wrong 
0: #        (B)    (elements)                               (us)  (GB/s)  (GB/s)             (us)  (GB/s)  (GB/s)         
0:      8388608       2097152     float     sum      -1   115.95   72.34   72.34       0   115.15   72.85   72.85    N/A
0:     16777216       4194304     float     sum      -1   223.13   75.19   75.19       0   217.56   77.11   77.11    N/A
0:     33554432       8388608     float     sum      -1   421.33   79.64   79.64       0   421.92   79.53   79.53    N/A
0:     67108864      16777216     float     sum      -1   813.58   82.49   82.49       0   827.91   81.06   81.06    N/A
0:    134217728      33554432     float     sum      -1  1120.01  119.84  119.84       0  1128.38  118.95  118.95    N/A
0:    268435456      67108864     float     sum      -1  2214.47  121.22  121.22       0  2213.85  121.25  121.25    N/A
0: # Out of bounds values : 0 OK
0: # Avg bus bandwidth    : 91.7891 
0: #
0: # Collective test concluded: sendrecv_perf
0: #
0: 
0: 
0: ##### pass 2/20  pair g0-g1  sendrecv_perf
0: # nccl-tests version 2.17.8 nccl-headers=22903 nccl-library=22903
0: # Collective test starting: sendrecv_perf
0: # nThread 1 nGpus 2 minBytes 8388608 maxBytes 268435456 step: 2(factor) warmup iters: 5 iters: 20 agg iters: 1 validation: 1 graph: 0
0: #
0: # Using devices
0: #  Rank  0 Group  0 Pid  59478 on  nid006856 device  0 [0009:01:00] NVIDIA GH200 120GB
0: #  Rank  1 Group  0 Pid  59478 on  nid006856 device  1 [0019:01:00] NVIDIA GH200 120GB
0: #
0: #                                                              out-of-place                       in-place          
0: #       size         count      type   redop    root     time   algbw   busbw  #wrong     time   algbw   busbw  #wrong 
0: #        (B)    (elements)                               (us)  (GB/s)  (GB/s)             (us)  (GB/s)  (GB/s)         
0:      8388608       2097152     float     sum      -1   115.44   72.66   72.66       0   119.98   69.92   69.92    N/A
0:     16777216       4194304     float     sum      -1   221.33   75.80   75.80       0   222.46   75.42   75.42    N/A
0:     33554432       8388608     float     sum      -1   421.19   79.67   79.67       0   418.96   80.09   80.09    N/A
0:     67108864      16777216     float     sum      -1   814.85   82.36   82.36       0   820.88   81.75   81.75    N/A
0:    134217728      33554432     float     sum      -1  1127.21  119.07  119.07       0  1132.38  118.53  118.53    N/A
0:    268435456      67108864     float     sum      -1  2207.77  121.59  121.59       0  2206.36  121.66  121.66    N/A
0: # Out of bounds values : 0 OK
0: # Avg bus bandwidth    : 91.5429 
0: #
0: # Collective test concluded: sendrecv_perf
0: #
0: 
0: 
0: ##### pass 2/20  pair g0-g2  sendrecv_perf
0: # nccl-tests version 2.17.8 nccl-headers=22903 nccl-library=22903
0: # Collective test starting: sendrecv_perf
0: # nThread 1 nGpus 2 minBytes 8388608 maxBytes 268435456 step: 2(factor) warmup iters: 5 iters: 20 agg iters: 1 validation: 1 graph: 0
0: #
0: # Using devices
0: #  Rank  0 Group  0 Pid  59514 on  nid006856 device  0 [0009:01:00] NVIDIA GH200 120GB
0: #  Rank  1 Group  0 Pid  59514 on  nid006856 device  1 [0029:01:00] NVIDIA GH200 120GB
0: #
0: #                                                              out-of-place                       in-place          
0: #       size         count      type   redop    root     time   algbw   busbw  #wrong     time   algbw   busbw  #wrong 
0: #        (B)    (elements)                               (us)  (GB/s)  (GB/s)             (us)  (GB/s)  (GB/s)         
0:      8388608       2097152     float     sum      -1   115.50   72.63   72.63       0   115.30   72.75   72.75    N/A
0:     16777216       4194304     float     sum      -1   218.12   76.92   76.92       0   216.77   77.40   77.40    N/A
0:     33554432       8388608     float     sum      -1   421.25   79.65   79.65       0   422.00   79.51   79.51    N/A
0:     67108864      16777216     float     sum      -1   814.16   82.43   82.43       0   822.35   81.61   81.61    N/A
0:    134217728      33554432     float     sum      -1  1124.75  119.33  119.33       0  1120.55  119.78  119.78    N/A
0:    268435456      67108864     float     sum      -1  2208.88  121.53  121.53       0  2212.13  121.35  121.35    N/A
0: # Out of bounds values : 0 OK
0: # Avg bus bandwidth    : 92.0733 
0: #
0: # Collective test concluded: sendrecv_perf
0: #
0: 
0: 
0: ##### pass 2/20  pair g0-g3  sendrecv_perf
0: # nccl-tests version 2.17.8 nccl-headers=22903 nccl-library=22903
0: # Collective test starting: sendrecv_perf
0: # nThread 1 nGpus 2 minBytes 8388608 maxBytes 268435456 step: 2(factor) warmup iters: 5 iters: 20 agg iters: 1 validation: 1 graph: 0
0: #
0: # Using devices
0: #  Rank  0 Group  0 Pid  59549 on  nid006856 device  0 [0009:01:00] NVIDIA GH200 120GB
0: #  Rank  1 Group  0 Pid  59549 on  nid006856 device  1 [0039:01:00] NVIDIA GH200 120GB
0: #
0: #                                                              out-of-place                       in-place          
0: #       size         count      type   redop    root     time   algbw   busbw  #wrong     time   algbw   busbw  #wrong 
0: #        (B)    (elements)                               (us)  (GB/s)  (GB/s)             (us)  (GB/s)  (GB/s)         
0:      8388608       2097152     float     sum      -1   118.19   70.97   70.97       0   116.10   72.26   72.26    N/A
0:     16777216       4194304     float     sum      -1   222.36   75.45   75.45       0   223.06   75.22   75.22    N/A
0:     33554432       8388608     float     sum      -1   422.01   79.51   79.51       0   422.96   79.33   79.33    N/A
0:     67108864      16777216     float     sum      -1   813.73   82.47   82.47       0   822.05   81.64   81.64    N/A
0:    134217728      33554432     float     sum      -1  1123.22  119.49  119.49       0  1120.59  119.77  119.77    N/A
0:    268435456      67108864     float     sum      -1  2214.59  121.21  121.21       0  2208.44  121.55  121.55    N/A
0: # Out of bounds values : 0 OK
0: # Avg bus bandwidth    : 91.5729 
0: #
0: # Collective test concluded: sendrecv_perf
0: #
0: 
0: 
0: ##### pass 2/20  pair g1-g2  sendrecv_perf
0: # nccl-tests version 2.17.8 nccl-headers=22903 nccl-library=22903
0: # Collective test starting: sendrecv_perf
0: # nThread 1 nGpus 2 minBytes 8388608 maxBytes 268435456 step: 2(factor) warmup iters: 5 iters: 20 agg iters: 1 validation: 1 graph: 0
0: #
0: # Using devices
0: #  Rank  0 Group  0 Pid  59584 on  nid006856 device  0 [0019:01:00] NVIDIA GH200 120GB
0: #  Rank  1 Group  0 Pid  59584 on  nid006856 device  1 [0029:01:00] NVIDIA GH200 120GB
0: #
0: #                                                              out-of-place                       in-place          
0: #       size         count      type   redop    root     time   algbw   busbw  #wrong     time   algbw   busbw  #wrong 
0: #        (B)    (elements)                               (us)  (GB/s)  (GB/s)             (us)  (GB/s)  (GB/s)         
0:      8388608       2097152     float     sum      -1   116.00   72.32   72.32       0   119.19   70.38   70.38    N/A
0:     16777216       4194304     float     sum      -1   219.74   76.35   76.35       0   220.23   76.18   76.18    N/A
0:     33554432       8388608     float     sum      -1   421.71   79.57   79.57       0   420.00   79.89   79.89    N/A
0:     67108864      16777216     float     sum      -1   813.96   82.45   82.45       0   825.20   81.32   81.32    N/A
0:    134217728      33554432     float     sum      -1  1124.05  119.41  119.41       0  1129.44  118.84  118.84    N/A
0:    268435456      67108864     float     sum      -1  2214.55  121.21  121.21       0  2209.08  121.51  121.51    N/A
0: # Out of bounds values : 0 OK
0: # Avg bus bandwidth    : 91.6191 
0: #
0: # Collective test concluded: sendrecv_perf
0: #
0: 
0: 
0: ##### pass 2/20  pair g1-g3  sendrecv_perf
0: # nccl-tests version 2.17.8 nccl-headers=22903 nccl-library=22903
0: # Collective test starting: sendrecv_perf
0: # nThread 1 nGpus 2 minBytes 8388608 maxBytes 268435456 step: 2(factor) warmup iters: 5 iters: 20 agg iters: 1 validation: 1 graph: 0
0: #
0: # Using devices
0: #  Rank  0 Group  0 Pid  59620 on  nid006856 device  0 [0019:01:00] NVIDIA GH200 120GB
0: #  Rank  1 Group  0 Pid  59620 on  nid006856 device  1 [0039:01:00] NVIDIA GH200 120GB
0: #
0: #                                                              out-of-place                       in-place          
0: #       size         count      type   redop    root     time   algbw   busbw  #wrong     time   algbw   busbw  #wrong 
0: #        (B)    (elements)                               (us)  (GB/s)  (GB/s)             (us)  (GB/s)  (GB/s)         
0:      8388608       2097152     float     sum      -1   116.14   72.23   72.23       0   115.43   72.67   72.67    N/A
0:     16777216       4194304     float     sum      -1   222.17   75.52   75.52       0   223.16   75.18   75.18    N/A
0:     33554432       8388608     float     sum      -1   421.46   79.61   79.61       0   422.33   79.45   79.45    N/A
0:     67108864      16777216     float     sum      -1   814.38   82.41   82.41       0   822.39   81.60   81.60    N/A
0:    134217728      33554432     float     sum      -1  1122.82  119.54  119.54       0  1119.22  119.92  119.92    N/A
0:    268435456      67108864     float     sum      -1  2204.09  121.79  121.79       0  2210.24  121.45  121.45    N/A
0: # Out of bounds values : 0 OK
0: # Avg bus bandwidth    : 91.7805 
0: #
0: # Collective test concluded: sendrecv_perf
0: #
0: 
0: 
0: ##### pass 2/20  pair g2-g3  sendrecv_perf
0: # nccl-tests version 2.17.8 nccl-headers=22903 nccl-library=22903
0: # Collective test starting: sendrecv_perf
0: # nThread 1 nGpus 2 minBytes 8388608 maxBytes 268435456 step: 2(factor) warmup iters: 5 iters: 20 agg iters: 1 validation: 1 graph: 0
0: #
0: # Using devices
0: #  Rank  0 Group  0 Pid  59674 on  nid006856 device  0 [0029:01:00] NVIDIA GH200 120GB
0: #  Rank  1 Group  0 Pid  59674 on  nid006856 device  1 [0039:01:00] NVIDIA GH200 120GB
0: #
0: #                                                              out-of-place                       in-place          
0: #       size         count      type   redop    root     time   algbw   busbw  #wrong     time   algbw   busbw  #wrong 
0: #        (B)    (elements)                               (us)  (GB/s)  (GB/s)             (us)  (GB/s)  (GB/s)         
0:      8388608       2097152     float     sum      -1   116.10   72.25   72.25       0   115.27   72.77   72.77    N/A
0:     16777216       4194304     float     sum      -1   221.75   75.66   75.66       0   222.36   75.45   75.45    N/A
0:     33554432       8388608     float     sum      -1   419.65   79.96   79.96       0   422.34   79.45   79.45    N/A
0:     67108864      16777216     float     sum      -1   809.45   82.91   82.91       0   819.94   81.85   81.85    N/A
0:    134217728      33554432     float     sum      -1  1123.95  119.42  119.42       0  1126.94  119.10  119.10    N/A
0:    268435456      67108864     float     sum      -1  2217.84  121.03  121.03       0  2213.05  121.30  121.30    N/A
0: # Out of bounds values : 0 OK
0: # Avg bus bandwidth    : 91.7614 
0: #
0: # Collective test concluded: sendrecv_perf
0: #
0: 
0: 
0: ##### pass 3/20  pair g0-g1  sendrecv_perf
0: # nccl-tests version 2.17.8 nccl-headers=22903 nccl-library=22903
0: # Collective test starting: sendrecv_perf
0: # nThread 1 nGpus 2 minBytes 8388608 maxBytes 268435456 step: 2(factor) warmup iters: 5 iters: 20 agg iters: 1 validation: 1 graph: 0
0: #
0: # Using devices
0: #  Rank  0 Group  0 Pid  59722 on  nid006856 device  0 [0009:01:00] NVIDIA GH200 120GB
0: #  Rank  1 Group  0 Pid  59722 on  nid006856 device  1 [0019:01:00] NVIDIA GH200 120GB
0: #
0: #                                                              out-of-place                       in-place          
0: #       size         count      type   redop    root     time   algbw   busbw  #wrong     time   algbw   busbw  #wrong 
0: #        (B)    (elements)                               (us)  (GB/s)  (GB/s)             (us)  (GB/s)  (GB/s)         
0:      8388608       2097152     float     sum      -1   115.96   72.34   72.34       0   115.59   72.57   72.57    N/A
0:     16777216       4194304     float     sum      -1   220.00   76.26   76.26       0   219.87   76.31   76.31    N/A
0:     33554432       8388608     float     sum      -1   421.04   79.69   79.69       0   422.68   79.39   79.39    N/A
0:     67108864      16777216     float     sum      -1   814.73   82.37   82.37       0   824.31   81.41   81.41    N/A
0:    134217728      33554432     float     sum      -1  1121.89  119.64  119.64       0  1122.91  119.53  119.53    N/A
0:    268435456      67108864     float     sum      -1  2210.81  121.42  121.42       0  2211.95  121.36  121.36    N/A
0: # Out of bounds values : 0 OK
0: # Avg bus bandwidth    : 91.8567 
0: #
0: # Collective test concluded: sendrecv_perf
0: #
0: 
0: 
0: ##### pass 3/20  pair g0-g2  sendrecv_perf
0: # nccl-tests version 2.17.8 nccl-headers=22903 nccl-library=22903
0: # Collective test starting: sendrecv_perf
0: # nThread 1 nGpus 2 minBytes 8388608 maxBytes 268435456 step: 2(factor) warmup iters: 5 iters: 20 agg iters: 1 validation: 1 graph: 0
0: #
0: # Using devices
0: #  Rank  0 Group  0 Pid  59769 on  nid006856 device  0 [0009:01:00] NVIDIA GH200 120GB
0: #  Rank  1 Group  0 Pid  59769 on  nid006856 device  1 [0029:01:00] NVIDIA GH200 120GB
0: #
0: #                                                              out-of-place                       in-place          
0: #       size         count      type   redop    root     time   algbw   busbw  #wrong     time   algbw   busbw  #wrong 
0: #        (B)    (elements)                               (us)  (GB/s)  (GB/s)             (us)  (GB/s)  (GB/s)         
0:      8388608       2097152     float     sum      -1   117.86   71.18   71.18       0   115.23   72.80   72.80    N/A
0:     16777216       4194304     float     sum      -1   217.30   77.21   77.21       0   220.51   76.08   76.08    N/A
0:     33554432       8388608     float     sum      -1   421.52   79.60   79.60       0   422.55   79.41   79.41    N/A
0:     67108864      16777216     float     sum      -1   812.10   82.64   82.64       0   821.64   81.68   81.68    N/A
0:    134217728      33554432     float     sum      -1  1124.57  119.35  119.35       0  1123.39  119.48  119.48    N/A
0:    268435456      67108864     float     sum      -1  2215.44  121.17  121.17       0  2215.64  121.15  121.15    N/A
0: # Out of bounds values : 0 OK
0: # Avg bus bandwidth    : 91.8115 
0: #
0: # Collective test concluded: sendrecv_perf
0: #
0: 
0: 
0: ##### pass 3/20  pair g0-g3  sendrecv_perf
0: # nccl-tests version 2.17.8 nccl-headers=22903 nccl-library=22903
0: # Collective test starting: sendrecv_perf
0: # nThread 1 nGpus 2 minBytes 8388608 maxBytes 268435456 step: 2(factor) warmup iters: 5 iters: 20 agg iters: 1 validation: 1 graph: 0
0: #
0: # Using devices
0: #  Rank  0 Group  0 Pid  59804 on  nid006856 device  0 [0009:01:00] NVIDIA GH200 120GB
0: #  Rank  1 Group  0 Pid  59804 on  nid006856 device  1 [0039:01:00] NVIDIA GH200 120GB
0: #
0: #                                                              out-of-place                       in-place          
0: #       size         count      type   redop    root     time   algbw   busbw  #wrong     time   algbw   busbw  #wrong 
0: #        (B)    (elements)                               (us)  (GB/s)  (GB/s)             (us)  (GB/s)  (GB/s)         
0:      8388608       2097152     float     sum      -1   115.83   72.42   72.42       0   115.39   72.70   72.70    N/A
0:     16777216       4194304     float     sum      -1   221.02   75.91   75.91       0   218.44   76.81   76.81    N/A
0:     33554432       8388608     float     sum      -1   421.72   79.57   79.57       0   421.76   79.56   79.56    N/A
0:     67108864      16777216     float     sum      -1   811.68   82.68   82.68       0   825.17   81.33   81.33    N/A
0:    134217728      33554432     float     sum      -1  1127.88  119.00  119.00       0  1122.64  119.56  119.56    N/A
0:    268435456      67108864     float     sum      -1  2214.07  121.24  121.24       0  2205.83  121.69  121.69    N/A
0: # Out of bounds values : 0 OK
0: # Avg bus bandwidth    : 91.8709 
0: #
0: # Collective test concluded: sendrecv_perf
0: #
0: 
0: 
0: ##### pass 3/20  pair g1-g2  sendrecv_perf
0: # nccl-tests version 2.17.8 nccl-headers=22903 nccl-library=22903
0: # Collective test starting: sendrecv_perf
0: # nThread 1 nGpus 2 minBytes 8388608 maxBytes 268435456 step: 2(factor) warmup iters: 5 iters: 20 agg iters: 1 validation: 1 graph: 0
0: #
0: # Using devices
0: #  Rank  0 Group  0 Pid  59839 on  nid006856 device  0 [0019:01:00] NVIDIA GH200 120GB
0: #  Rank  1 Group  0 Pid  59839 on  nid006856 device  1 [0029:01:00] NVIDIA GH200 120GB
0: #
0: #                                                              out-of-place                       in-place          
0: #       size         count      type   redop    root     time   algbw   busbw  #wrong     time   algbw   busbw  #wrong 
0: #        (B)    (elements)                               (us)  (GB/s)  (GB/s)             (us)  (GB/s)  (GB/s)         
0:      8388608       2097152     float     sum      -1   116.33   72.11   72.11       0   118.45   70.82   70.82    N/A
0:     16777216       4194304     float     sum      -1   219.10   76.57   76.57       0   220.94   75.93   75.93    N/A
0:     33554432       8388608     float     sum      -1   422.97   79.33   79.33       0   424.38   79.07   79.07    N/A
0:     67108864      16777216     float     sum      -1   813.59   82.49   82.49       0   827.94   81.05   81.05    N/A
0:    134217728      33554432     float     sum      -1  1121.67  119.66  119.66       0  1122.50  119.57  119.57    N/A
0:    268435456      67108864     float     sum      -1  2209.62  121.48  121.48       0  2205.75  121.70  121.70    N/A
0: # Out of bounds values : 0 OK
0: # Avg bus bandwidth    : 91.6486 
0: #
0: # Collective test concluded: sendrecv_perf
0: #
0: 
0: 
0: ##### pass 3/20  pair g1-g3  sendrecv_perf
0: # nccl-tests version 2.17.8 nccl-headers=22903 nccl-library=22903
0: # Collective test starting: sendrecv_perf
0: # nThread 1 nGpus 2 minBytes 8388608 maxBytes 268435456 step: 2(factor) warmup iters: 5 iters: 20 agg iters: 1 validation: 1 graph: 0
0: #
0: # Using devices
0: #  Rank  0 Group  0 Pid  59894 on  nid006856 device  0 [0019:01:00] NVIDIA GH200 120GB
0: #  Rank  1 Group  0 Pid  59894 on  nid006856 device  1 [0039:01:00] NVIDIA GH200 120GB
0: #
0: #                                                              out-of-place                       in-place          
0: #       size         count      type   redop    root     time   algbw   busbw  #wrong     time   algbw   busbw  #wrong 
0: #        (B)    (elements)                               (us)  (GB/s)  (GB/s)             (us)  (GB/s)  (GB/s)         
0:      8388608       2097152     float     sum      -1   116.65   71.91   71.91       0   119.23   70.36   70.36    N/A
0:     16777216       4194304     float     sum      -1   223.84   74.95   74.95       0   221.10   75.88   75.88    N/A
0:     33554432       8388608     float     sum      -1   423.97   79.14   79.14       0   425.19   78.92   78.92    N/A
0:     67108864      16777216     float     sum      -1   818.73   81.97   81.97       0   827.77   81.07   81.07    N/A
0:    134217728      33554432     float     sum      -1  1123.23  119.49  119.49       0  1121.48  119.68  119.68    N/A
0:    268435456      67108864     float     sum      -1  2213.18  121.29  121.29       0  2211.69  121.37  121.37    N/A
0: # Out of bounds values : 0 OK
0: # Avg bus bandwidth    : 91.3365 
0: #
0: # Collective test concluded: sendrecv_perf
0: #
0: 
0: 
0: ##### pass 3/20  pair g2-g3  sendrecv_perf
0: # nccl-tests version 2.17.8 nccl-headers=22903 nccl-library=22903
0: # Collective test starting: sendrecv_perf
0: # nThread 1 nGpus 2 minBytes 8388608 maxBytes 268435456 step: 2(factor) warmup iters: 5 iters: 20 agg iters: 1 validation: 1 graph: 0
0: #
0: # Using devices
0: #  Rank  0 Group  0 Pid  59929 on  nid006856 device  0 [0029:01:00] NVIDIA GH200 120GB
0: #  Rank  1 Group  0 Pid  59929 on  nid006856 device  1 [0039:01:00] NVIDIA GH200 120GB
0: #
0: #                                                              out-of-place                       in-place          
0: #       size         count      type   redop    root     time   algbw   busbw  #wrong     time   algbw   busbw  #wrong 
0: #        (B)    (elements)                               (us)  (GB/s)  (GB/s)             (us)  (GB/s)  (GB/s)         
0:      8388608       2097152     float     sum      -1   116.51   72.00   72.00       0   115.75   72.47   72.47    N/A
0:     16777216       4194304     float     sum      -1   222.18   75.51   75.51       0   217.58   77.11   77.11    N/A
0:     33554432       8388608     float     sum      -1   421.13   79.68   79.68       0   423.36   79.26   79.26    N/A
0:     67108864      16777216     float     sum      -1   813.11   82.53   82.53       0   823.54   81.49   81.49    N/A
0:    134217728      33554432     float     sum      -1  1128.25  118.96  118.96       0  1117.85  120.07  120.07    N/A
0:    268435456      67108864     float     sum      -1  2206.24  121.67  121.67       0  2203.16  121.84  121.84    N/A
0: # Out of bounds values : 0 OK
0: # Avg bus bandwidth    : 91.8821 
0: #
0: # Collective test concluded: sendrecv_perf
0: #
0: 
0: 
0: ##### pass 4/20  pair g0-g1  sendrecv_perf
0: # nccl-tests version 2.17.8 nccl-headers=22903 nccl-library=22903
0: # Collective test starting: sendrecv_perf
0: # nThread 1 nGpus 2 minBytes 8388608 maxBytes 268435456 step: 2(factor) warmup iters: 5 iters: 20 agg iters: 1 validation: 1 graph: 0
0: #
0: # Using devices
0: #  Rank  0 Group  0 Pid  59983 on  nid006856 device  0 [0009:01:00] NVIDIA GH200 120GB
0: #  Rank  1 Group  0 Pid  59983 on  nid006856 device  1 [0019:01:00] NVIDIA GH200 120GB
0: #
0: #                                                              out-of-place                       in-place          
0: #       size         count      type   redop    root     time   algbw   busbw  #wrong     time   algbw   busbw  #wrong 
0: #        (B)    (elements)                               (us)  (GB/s)  (GB/s)             (us)  (GB/s)  (GB/s)         
0:      8388608       2097152     float     sum      -1   118.93   70.54   70.54       0   115.74   72.48   72.48    N/A
0:     16777216       4194304     float     sum      -1   221.40   75.78   75.78       0   216.84   77.37   77.37    N/A
0:     33554432       8388608     float     sum      -1   420.28   79.84   79.84       0   420.55   79.79   79.79    N/A
0:     67108864      16777216     float     sum      -1   812.47   82.60   82.60       0   817.54   82.09   82.09    N/A
0:    134217728      33554432     float     sum      -1  1120.66  119.77  119.77       0  1126.22  119.18  119.18    N/A
0:    268435456      67108864     float     sum      -1  2198.77  122.08  122.08       0  2207.74  121.59  121.59    N/A
0: # Out of bounds values : 0 OK
0: # Avg bus bandwidth    : 91.9243 
0: #
0: # Collective test concluded: sendrecv_perf
0: #
0: 
0: 
0: ##### pass 4/20  pair g0-g2  sendrecv_perf
0: # nccl-tests version 2.17.8 nccl-headers=22903 nccl-library=22903
0: # Collective test starting: sendrecv_perf
0: # nThread 1 nGpus 2 minBytes 8388608 maxBytes 268435456 step: 2(factor) warmup iters: 5 iters: 20 agg iters: 1 validation: 1 graph: 0
0: #
0: # Using devices
0: #  Rank  0 Group  0 Pid  60019 on  nid006856 device  0 [0009:01:00] NVIDIA GH200 120GB
0: #  Rank  1 Group  0 Pid  60019 on  nid006856 device  1 [0029:01:00] NVIDIA GH200 120GB
0: #
0: #                                                              out-of-place                       in-place          
0: #       size         count      type   redop    root     time   algbw   busbw  #wrong     time   algbw   busbw  #wrong 
0: #        (B)    (elements)                               (us)  (GB/s)  (GB/s)             (us)  (GB/s)  (GB/s)         
0:      8388608       2097152     float     sum      -1   115.61   72.56   72.56       0   115.21   72.81   72.81    N/A
0:     16777216       4194304     float     sum      -1   219.98   76.27   76.27       0   216.67   77.43   77.43    N/A
0:     33554432       8388608     float     sum      -1   420.43   79.81   79.81       0   420.61   79.78   79.78    N/A
0:     67108864      16777216     float     sum      -1   810.19   82.83   82.83       0   822.90   81.55   81.55    N/A
0:    134217728      33554432     float     sum      -1  1120.27  119.81  119.81       0  1123.53  119.46  119.46    N/A
0:    268435456      67108864     float     sum      -1  2218.92  120.98  120.98       0  2211.76  121.37  121.37    N/A
0: # Out of bounds values : 0 OK
0: # Avg bus bandwidth    : 92.054 
0: #
0: # Collective test concluded: sendrecv_perf
0: #
0: 
0: 
0: ##### pass 4/20  pair g0-g3  sendrecv_perf
0: # nccl-tests version 2.17.8 nccl-headers=22903 nccl-library=22903
0: # Collective test starting: sendrecv_perf
0: # nThread 1 nGpus 2 minBytes 8388608 maxBytes 268435456 step: 2(factor) warmup iters: 5 iters: 20 agg iters: 1 validation: 1 graph: 0
0: #
0: # Using devices
0: #  Rank  0 Group  0 Pid  60054 on  nid006856 device  0 [0009:01:00] NVIDIA GH200 120GB
0: #  Rank  1 Group  0 Pid  60054 on  nid006856 device  1 [0039:01:00] NVIDIA GH200 120GB
0: #
0: #                                                              out-of-place                       in-place          
0: #       size         count      type   redop    root     time   algbw   busbw  #wrong     time   algbw   busbw  #wrong 
0: #        (B)    (elements)                               (us)  (GB/s)  (GB/s)             (us)  (GB/s)  (GB/s)         
0:      8388608       2097152     float     sum      -1   115.46   72.65   72.65       0   115.46   72.65   72.65    N/A
0:     16777216       4194304     float     sum      -1   222.19   75.51   75.51       0   217.33   77.20   77.20    N/A
0:     33554432       8388608     float     sum      -1   421.39   79.63   79.63       0   421.19   79.67   79.67    N/A
0:     67108864      16777216     float     sum      -1   818.89   81.95   81.95       0   825.74   81.27   81.27    N/A
0:    134217728      33554432     float     sum      -1  1121.56  119.67  119.67       0  1124.21  119.39  119.39    N/A
0:    268435456      67108864     float     sum      -1  2205.87  121.69  121.69       0  2208.37  121.55  121.55    N/A
0: # Out of bounds values : 0 OK
0: # Avg bus bandwidth    : 91.9028 
0: #
0: # Collective test concluded: sendrecv_perf
0: #
0: 
0: 
0: ##### pass 4/20  pair g1-g2  sendrecv_perf
0: # nccl-tests version 2.17.8 nccl-headers=22903 nccl-library=22903
0: # Collective test starting: sendrecv_perf
0: # nThread 1 nGpus 2 minBytes 8388608 maxBytes 268435456 step: 2(factor) warmup iters: 5 iters: 20 agg iters: 1 validation: 1 graph: 0
0: #
0: # Using devices
0: #  Rank  0 Group  0 Pid  60089 on  nid006856 device  0 [0019:01:00] NVIDIA GH200 120GB
0: #  Rank  1 Group  0 Pid  60089 on  nid006856 device  1 [0029:01:00] NVIDIA GH200 120GB
0: #
0: #                                                              out-of-place                       in-place          
0: #       size         count      type   redop    root     time   algbw   busbw  #wrong     time   algbw   busbw  #wrong 
0: #        (B)    (elements)                               (us)  (GB/s)  (GB/s)             (us)  (GB/s)  (GB/s)         
0:      8388608       2097152     float     sum      -1   118.01   71.09   71.09       0   115.18   72.83   72.83    N/A
0:     16777216       4194304     float     sum      -1   222.26   75.48   75.48       0   222.82   75.29   75.29    N/A
0:     33554432       8388608     float     sum      -1   418.89   80.10   80.10       0   419.93   79.91   79.91    N/A
0:     67108864      16777216     float     sum      -1   810.56   82.79   82.79       0   824.20   81.42   81.42    N/A
0:    134217728      33554432     float     sum      -1  1118.36  120.01  120.01       0  1120.76  119.76  119.76    N/A
0:    268435456      67108864     float     sum      -1  2210.32  121.45  121.45       0  2215.10  121.18  121.18    N/A
0: # Out of bounds values : 0 OK
0: # Avg bus bandwidth    : 91.7767 
0: #
0: # Collective test concluded: sendrecv_perf
0: #
0: 
0: 
0: ##### pass 4/20  pair g1-g3  sendrecv_perf
0: # nccl-tests version 2.17.8 nccl-headers=22903 nccl-library=22903
0: # Collective test starting: sendrecv_perf
0: # nThread 1 nGpus 2 minBytes 8388608 maxBytes 268435456 step: 2(factor) warmup iters: 5 iters: 20 agg iters: 1 validation: 1 graph: 0
0: #
0: # Using devices
0: #  Rank  0 Group  0 Pid  60125 on  nid006856 device  0 [0019:01:00] NVIDIA GH200 120GB
0: #  Rank  1 Group  0 Pid  60125 on  nid006856 device  1 [0039:01:00] NVIDIA GH200 120GB
0: #
0: #                                                              out-of-place                       in-place          
0: #       size         count      type   redop    root     time   algbw   busbw  #wrong     time   algbw   busbw  #wrong 
0: #        (B)    (elements)                               (us)  (GB/s)  (GB/s)             (us)  (GB/s)  (GB/s)         
0:      8388608       2097152     float     sum      -1   115.59   72.57   72.57       0   115.50   72.63   72.63    N/A
0:     16777216       4194304     float     sum      -1   221.08   75.89   75.89       0   222.81   75.30   75.30    N/A
0:     33554432       8388608     float     sum      -1   422.06   79.50   79.50       0   421.33   79.64   79.64    N/A
0:     67108864      16777216     float     sum      -1   810.63   82.79   82.79       0   817.29   82.11   82.11    N/A
0:    134217728      33554432     float     sum      -1  1124.95  119.31  119.31       0  1120.87  119.74  119.74    N/A
0:    268435456      67108864     float     sum      -1  2207.16  121.62  121.62       0  2207.11  121.62  121.62    N/A
0: # Out of bounds values : 0 OK
0: # Avg bus bandwidth    : 91.8935 
0: #
0: # Collective test concluded: sendrecv_perf
0: #
0: 
0: 
0: ##### pass 4/20  pair g2-g3  sendrecv_perf
0: # nccl-tests version 2.17.8 nccl-headers=22903 nccl-library=22903
0: # Collective test starting: sendrecv_perf
0: # nThread 1 nGpus 2 minBytes 8388608 maxBytes 268435456 step: 2(factor) warmup iters: 5 iters: 20 agg iters: 1 validation: 1 graph: 0
0: #
0: # Using devices
0: #  Rank  0 Group  0 Pid  60160 on  nid006856 device  0 [0029:01:00] NVIDIA GH200 120GB
0: #  Rank  1 Group  0 Pid  60160 on  nid006856 device  1 [0039:01:00] NVIDIA GH200 120GB
0: #
0: #                                                              out-of-place                       in-place          
0: #       size         count      type   redop    root     time   algbw   busbw  #wrong     time   algbw   busbw  #wrong 
0: #        (B)    (elements)                               (us)  (GB/s)  (GB/s)             (us)  (GB/s)  (GB/s)         
0:      8388608       2097152     float     sum      -1   119.71   70.07   70.07       0   115.29   72.76   72.76    N/A
0:     16777216       4194304     float     sum      -1   218.92   76.64   76.64       0   216.71   77.42   77.42    N/A
0:     33554432       8388608     float     sum      -1   420.70   79.76   79.76       0   420.79   79.74   79.74    N/A
0:     67108864      16777216     float     sum      -1   809.99   82.85   82.85       0   822.94   81.55   81.55    N/A
0:    134217728      33554432     float     sum      -1  1124.51  119.36  119.36       0  1121.67  119.66  119.66    N/A
0:    268435456      67108864     float     sum      -1  2200.85  121.97  121.97       0  2208.41  121.55  121.55    N/A
0: # Out of bounds values : 0 OK
0: # Avg bus bandwidth    : 91.9439 
0: #
0: # Collective test concluded: sendrecv_perf
0: #
0: 
0: 
0: ##### pass 5/20  pair g0-g1  sendrecv_perf
0: # nccl-tests version 2.17.8 nccl-headers=22903 nccl-library=22903
0: # Collective test starting: sendrecv_perf
0: # nThread 1 nGpus 2 minBytes 8388608 maxBytes 268435456 step: 2(factor) warmup iters: 5 iters: 20 agg iters: 1 validation: 1 graph: 0
0: #
0: # Using devices
0: #  Rank  0 Group  0 Pid  60195 on  nid006856 device  0 [0009:01:00] NVIDIA GH200 120GB
0: #  Rank  1 Group  0 Pid  60195 on  nid006856 device  1 [0019:01:00] NVIDIA GH200 120GB
0: #
0: #                                                              out-of-place                       in-place          
0: #       size         count      type   redop    root     time   algbw   busbw  #wrong     time   algbw   busbw  #wrong 
0: #        (B)    (elements)                               (us)  (GB/s)  (GB/s)             (us)  (GB/s)  (GB/s)         
0:      8388608       2097152     float     sum      -1   115.86   72.40   72.40       0   115.36   72.72   72.72    N/A
0:     16777216       4194304     float     sum      -1   220.15   76.21   76.21       0   221.31   75.81   75.81    N/A
0:     33554432       8388608     float     sum      -1   419.03   80.08   80.08       0   420.65   79.77   79.77    N/A
0:     67108864      16777216     float     sum      -1   809.82   82.87   82.87       0   817.83   82.06   82.06    N/A
0:    134217728      33554432     float     sum      -1  1117.53  120.10  120.10       0  1122.75  119.54  119.54    N/A
0:    268435456      67108864     float     sum      -1  2217.21  121.07  121.07       0  2208.80  121.53  121.53    N/A
0: # Out of bounds values : 0 OK
0: # Avg bus bandwidth    : 92.0127 
0: #
0: # Collective test concluded: sendrecv_perf
0: #
0: 
0: 
0: ##### pass 5/20  pair g0-g2  sendrecv_perf
0: # nccl-tests version 2.17.8 nccl-headers=22903 nccl-library=22903
0: # Collective test starting: sendrecv_perf
0: # nThread 1 nGpus 2 minBytes 8388608 maxBytes 268435456 step: 2(factor) warmup iters: 5 iters: 20 agg iters: 1 validation: 1 graph: 0
0: #
0: # Using devices
0: #  Rank  0 Group  0 Pid  60241 on  nid006856 device  0 [0009:01:00] NVIDIA GH200 120GB
0: #  Rank  1 Group  0 Pid  60241 on  nid006856 device  1 [0029:01:00] NVIDIA GH200 120GB
0: #
0: #                                                              out-of-place                       in-place          
0: #       size         count      type   redop    root     time   algbw   busbw  #wrong     time   algbw   busbw  #wrong 
0: #        (B)    (elements)                               (us)  (GB/s)  (GB/s)             (us)  (GB/s)  (GB/s)         
0:      8388608       2097152     float     sum      -1   115.42   72.68   72.68       0   118.33   70.89   70.89    N/A
0:     16777216       4194304     float     sum      -1   217.33   77.20   77.20       0   217.10   77.28   77.28    N/A
0:     33554432       8388608     float     sum      -1   420.54   79.79   79.79       0   422.59   79.40   79.40    N/A
0:     67108864      16777216     float     sum      -1   811.81   82.67   82.67       0   823.41   81.50   81.50    N/A
0:    134217728      33554432     float     sum      -1  1124.61  119.35  119.35       0  1123.13  119.50  119.50    N/A
0:    268435456      67108864     float     sum      -1  2207.82  121.58  121.58       0  2209.86  121.47  121.47    N/A
0: # Out of bounds values : 0 OK
0: # Avg bus bandwidth    : 91.942 
0: #
0: # Collective test concluded: sendrecv_perf
0: #
0: 
0: 
0: ##### pass 5/20  pair g0-g3  sendrecv_perf
0: # nccl-tests version 2.17.8 nccl-headers=22903 nccl-library=22903
0: # Collective test starting: sendrecv_perf
0: # nThread 1 nGpus 2 minBytes 8388608 maxBytes 268435456 step: 2(factor) warmup iters: 5 iters: 20 agg iters: 1 validation: 1 graph: 0
0: #
0: # Using devices
0: #  Rank  0 Group  0 Pid  60284 on  nid006856 device  0 [0009:01:00] NVIDIA GH200 120GB
0: #  Rank  1 Group  0 Pid  60284 on  nid006856 device  1 [0039:01:00] NVIDIA GH200 120GB
0: #
0: #                                                              out-of-place                       in-place          
0: #       size         count      type   redop    root     time   algbw   busbw  #wrong     time   algbw   busbw  #wrong 
0: #        (B)    (elements)                               (us)  (GB/s)  (GB/s)             (us)  (GB/s)  (GB/s)         
0:      8388608       2097152     float     sum      -1   115.91   72.37   72.37       0   115.22   72.81   72.81    N/A
0:     16777216       4194304     float     sum      -1   217.07   77.29   77.29       0   222.52   75.40   75.40    N/A
0:     33554432       8388608     float     sum      -1   420.62   79.77   79.77       0   418.49   80.18   80.18    N/A
0:     67108864      16777216     float     sum      -1   814.50   82.39   82.39       0   819.03   81.94   81.94    N/A
0:    134217728      33554432     float     sum      -1  1123.59  119.45  119.45       0  1120.24  119.81  119.81    N/A
0:    268435456      67108864     float     sum      -1  2207.70  121.59  121.59       0  2212.21  121.34  121.34    N/A
0: # Out of bounds values : 0 OK
0: # Avg bus bandwidth    : 92.029 
0: #
0: # Collective test concluded: sendrecv_perf
0: #
0: 
0: 
0: ##### pass 5/20  pair g1-g2  sendrecv_perf
0: # nccl-tests version 2.17.8 nccl-headers=22903 nccl-library=22903
0: # Collective test starting: sendrecv_perf
0: # nThread 1 nGpus 2 minBytes 8388608 maxBytes 268435456 step: 2(factor) warmup iters: 5 iters: 20 agg iters: 1 validation: 1 graph: 0
0: #
0: # Using devices
0: #  Rank  0 Group  0 Pid  60319 on  nid006856 device  0 [0019:01:00] NVIDIA GH200 120GB
0: #  Rank  1 Group  0 Pid  60319 on  nid006856 device  1 [0029:01:00] NVIDIA GH200 120GB
0: #
0: #                                                              out-of-place                       in-place          
0: #       size         count      type   redop    root     time   algbw   busbw  #wrong     time   algbw   busbw  #wrong 
0: #        (B)    (elements)                               (us)  (GB/s)  (GB/s)             (us)  (GB/s)  (GB/s)         
0:      8388608       2097152     float     sum      -1   115.79   72.44   72.44       0   119.71   70.08   70.08    N/A
0:     16777216       4194304     float     sum      -1   219.86   76.31   76.31       0   220.12   76.22   76.22    N/A
0:     33554432       8388608     float     sum      -1   420.88   79.72   79.72       0   422.63   79.39   79.39    N/A
0:     67108864      16777216     float     sum      -1   811.16   82.73   82.73       0   824.07   81.44   81.44    N/A
0:    134217728      33554432     float     sum      -1  1126.60  119.14  119.14       0  1125.54  119.25  119.25    N/A
0:    268435456      67108864     float     sum      -1  2215.25  121.18  121.18       0  2214.61  121.21  121.21    N/A
0: # Out of bounds values : 0 OK
0: # Avg bus bandwidth    : 91.5921 
0: #
0: # Collective test concluded: sendrecv_perf
0: #
0: 
0: 
0: ##### pass 5/20  pair g1-g3  sendrecv_perf
0: # nccl-tests version 2.17.8 nccl-headers=22903 nccl-library=22903
0: # Collective test starting: sendrecv_perf
0: # nThread 1 nGpus 2 minBytes 8388608 maxBytes 268435456 step: 2(factor) warmup iters: 5 iters: 20 agg iters: 1 validation: 1 graph: 0
0: #
0: # Using devices
0: #  Rank  0 Group  0 Pid  60355 on  nid006856 device  0 [0019:01:00] NVIDIA GH200 120GB
0: #  Rank  1 Group  0 Pid  60355 on  nid006856 device  1 [0039:01:00] NVIDIA GH200 120GB
0: #
0: #                                                              out-of-place                       in-place          
0: #       size         count      type   redop    root     time   algbw   busbw  #wrong     time   algbw   busbw  #wrong 
0: #        (B)    (elements)                               (us)  (GB/s)  (GB/s)             (us)  (GB/s)  (GB/s)         
0:      8388608       2097152     float     sum      -1   115.73   72.48   72.48       0   115.08   72.90   72.90    N/A
0:     16777216       4194304     float     sum      -1   220.08   76.23   76.23       0   222.81   75.30   75.30    N/A
0:     33554432       8388608     float     sum      -1   421.45   79.62   79.62       0   420.83   79.73   79.73    N/A
0:     67108864      16777216     float     sum      -1   812.92   82.55   82.55       0   824.25   81.42   81.42    N/A
0:    134217728      33554432     float     sum      -1  1125.86  119.21  119.21       0  1118.92  119.95  119.95    N/A
0:    268435456      67108864     float     sum      -1  2205.74  121.70  121.70       0  2205.40  121.72  121.72    N/A
0: # Out of bounds values : 0 OK
0: # Avg bus bandwidth    : 91.9009 
0: #
0: # Collective test concluded: sendrecv_perf
0: #
0: 
0: 
0: ##### pass 5/20  pair g2-g3  sendrecv_perf
0: # nccl-tests version 2.17.8 nccl-headers=22903 nccl-library=22903
0: # Collective test starting: sendrecv_perf
0: # nThread 1 nGpus 2 minBytes 8388608 maxBytes 268435456 step: 2(factor) warmup iters: 5 iters: 20 agg iters: 1 validation: 1 graph: 0
0: #
0: # Using devices
0: #  Rank  0 Group  0 Pid  60390 on  nid006856 device  0 [0029:01:00] NVIDIA GH200 120GB
0: #  Rank  1 Group  0 Pid  60390 on  nid006856 device  1 [0039:01:00] NVIDIA GH200 120GB
0: #
0: #                                                              out-of-place                       in-place          
0: #       size         count      type   redop    root     time   algbw   busbw  #wrong     time   algbw   busbw  #wrong 
0: #        (B)    (elements)                               (us)  (GB/s)  (GB/s)             (us)  (GB/s)  (GB/s)         
0:      8388608       2097152     float     sum      -1   115.80   72.44   72.44       0   116.23   72.17   72.17    N/A
0:     16777216       4194304     float     sum      -1   221.40   75.78   75.78       0   220.51   76.08   76.08    N/A
0:     33554432       8388608     float     sum      -1   422.17   79.48   79.48       0   423.41   79.25   79.25    N/A
0:     67108864      16777216     float     sum      -1   812.98   82.55   82.55       0   824.67   81.38   81.38    N/A
0:    134217728      33554432     float     sum      -1  1124.01  119.41  119.41       0  1116.29  120.24  120.24    N/A
0:    268435456      67108864     float     sum      -1  2203.38  121.83  121.83       0  2214.07  121.24  121.24    N/A
0: # Out of bounds values : 0 OK
0: # Avg bus bandwidth    : 91.8198 
0: #
0: # Collective test concluded: sendrecv_perf
0: #
0: 
0: 
0: ##### pass 6/20  pair g0-g1  sendrecv_perf
0: # nccl-tests version 2.17.8 nccl-headers=22903 nccl-library=22903
0: # Collective test starting: sendrecv_perf
0: # nThread 1 nGpus 2 minBytes 8388608 maxBytes 268435456 step: 2(factor) warmup iters: 5 iters: 20 agg iters: 1 validation: 1 graph: 0
0: #
0: # Using devices
0: #  Rank  0 Group  0 Pid  60425 on  nid006856 device  0 [0009:01:00] NVIDIA GH200 120GB
0: #  Rank  1 Group  0 Pid  60425 on  nid006856 device  1 [0019:01:00] NVIDIA GH200 120GB
0: #
0: #                                                              out-of-place                       in-place          
0: #       size         count      type   redop    root     time   algbw   busbw  #wrong     time   algbw   busbw  #wrong 
0: #        (B)    (elements)                               (us)  (GB/s)  (GB/s)             (us)  (GB/s)  (GB/s)         
0:      8388608       2097152     float     sum      -1   115.50   72.63   72.63       0   115.28   72.76   72.76    N/A
0:     16777216       4194304     float     sum      -1   219.01   76.60   76.60       0   222.33   75.46   75.46    N/A
0:     33554432       8388608     float     sum      -1   421.72   79.57   79.57       0   423.03   79.32   79.32    N/A
0:     67108864      16777216     float     sum      -1   812.74   82.57   82.57       0   823.53   81.49   81.49    N/A
0:    134217728      33554432     float     sum      -1  1124.68  119.34  119.34       0  1117.93  120.06  120.06    N/A
0:    268435456      67108864     float     sum      -1  2212.77  121.31  121.31       0  2213.33  121.28  121.28    N/A
0: # Out of bounds values : 0 OK
0: # Avg bus bandwidth    : 91.8663 
0: #
0: # Collective test concluded: sendrecv_perf
0: #
0: 
0: 
0: ##### pass 6/20  pair g0-g2  sendrecv_perf
0: # nccl-tests version 2.17.8 nccl-headers=22903 nccl-library=22903
0: # Collective test starting: sendrecv_perf
0: # nThread 1 nGpus 2 minBytes 8388608 maxBytes 268435456 step: 2(factor) warmup iters: 5 iters: 20 agg iters: 1 validation: 1 graph: 0
0: #
0: # Using devices
0: #  Rank  0 Group  0 Pid  60461 on  nid006856 device  0 [0009:01:00] NVIDIA GH200 120GB
0: #  Rank  1 Group  0 Pid  60461 on  nid006856 device  1 [0029:01:00] NVIDIA GH200 120GB
0: #
0: #                                                              out-of-place                       in-place          
0: #       size         count      type   redop    root     time   algbw   busbw  #wrong     time   algbw   busbw  #wrong 
0: #        (B)    (elements)                               (us)  (GB/s)  (GB/s)             (us)  (GB/s)  (GB/s)         
0:      8388608       2097152     float     sum      -1   117.25   71.55   71.55       0   115.28   72.77   72.77    N/A
0:     16777216       4194304     float     sum      -1   220.48   76.09   76.09       0   217.35   77.19   77.19    N/A
0:     33554432       8388608     float     sum      -1   420.08   79.88   79.88       0   421.56   79.60   79.60    N/A
0:     67108864      16777216     float     sum      -1   810.24   82.83   82.83       0   821.09   81.73   81.73    N/A
0:    134217728      33554432     float     sum      -1  1122.17  119.61  119.61       0  1116.81  120.18  120.18    N/A
0:    268435456      67108864     float     sum      -1  2216.69  121.10  121.10       0  2212.50  121.33  121.33    N/A
0: # Out of bounds values : 0 OK
0: # Avg bus bandwidth    : 91.9863 
0: #
0: # Collective test concluded: sendrecv_perf
0: #
0: 
0: 
0: ##### pass 6/20  pair g0-g3  sendrecv_perf
0: # nccl-tests version 2.17.8 nccl-headers=22903 nccl-library=22903
0: # Collective test starting: sendrecv_perf
0: # nThread 1 nGpus 2 minBytes 8388608 maxBytes 268435456 step: 2(factor) warmup iters: 5 iters: 20 agg iters: 1 validation: 1 graph: 0
0: #
0: # Using devices
0: #  Rank  0 Group  0 Pid  60496 on  nid006856 device  0 [0009:01:00] NVIDIA GH200 120GB
0: #  Rank  1 Group  0 Pid  60496 on  nid006856 device  1 [0039:01:00] NVIDIA GH200 120GB
0: #
0: #                                                              out-of-place                       in-place          
0: #       size         count      type   redop    root     time   algbw   busbw  #wrong     time   algbw   busbw  #wrong 
0: #        (B)    (elements)                               (us)  (GB/s)  (GB/s)             (us)  (GB/s)  (GB/s)         
0:      8388608       2097152     float     sum      -1   116.71   71.88   71.88       0   117.51   71.39   71.39    N/A
0:     16777216       4194304     float     sum      -1   220.38   76.13   76.13       0   217.39   77.18   77.18    N/A
0:     33554432       8388608     float     sum      -1   421.98   79.52   79.52       0   423.10   79.31   79.31    N/A
0:     67108864      16777216     float     sum      -1   816.48   82.19   82.19       0   821.57   81.68   81.68    N/A
0:    134217728      33554432     float     sum      -1  1119.50  119.89  119.89       0  1122.38  119.58  119.58    N/A
0:    268435456      67108864     float     sum      -1  2209.96  121.47  121.47       0  2200.96  121.96  121.96    N/A
0: # Out of bounds values : 0 OK
0: # Avg bus bandwidth    : 91.8478 
0: #
0: # Collective test concluded: sendrecv_perf
0: #
0: 
0: 
0: ##### pass 6/20  pair g1-g2  sendrecv_perf
0: # nccl-tests version 2.17.8 nccl-headers=22903 nccl-library=22903
0: # Collective test starting: sendrecv_perf
0: # nThread 1 nGpus 2 minBytes 8388608 maxBytes 268435456 step: 2(factor) warmup iters: 5 iters: 20 agg iters: 1 validation: 1 graph: 0
0: #
0: # Using devices
0: #  Rank  0 Group  0 Pid  60550 on  nid006856 device  0 [0019:01:00] NVIDIA GH200 120GB
0: #  Rank  1 Group  0 Pid  60550 on  nid006856 device  1 [0029:01:00] NVIDIA GH200 120GB
0: #
0: #                                                              out-of-place                       in-place          
0: #       size         count      type   redop    root     time   algbw   busbw  #wrong     time   algbw   busbw  #wrong 
0: #        (B)    (elements)                               (us)  (GB/s)  (GB/s)             (us)  (GB/s)  (GB/s)         
0:      8388608       2097152     float     sum      -1   115.42   72.68   72.68       0   115.77   72.46   72.46    N/A
0:     16777216       4194304     float     sum      -1   216.86   77.36   77.36       0   216.57   77.47   77.47    N/A
0:     33554432       8388608     float     sum      -1   420.16   79.86   79.86       0   423.89   79.16   79.16    N/A
0:     67108864      16777216     float     sum      -1   815.54   82.29   82.29       0   824.40   81.40   81.40    N/A
0:    134217728      33554432     float     sum      -1  1122.81  119.54  119.54       0  1120.42  119.79  119.79    N/A
0:    268435456      67108864     float     sum      -1  2207.03  121.63  121.63       0  2202.15  121.90  121.90    N/A
0: # Out of bounds values : 0 OK
0: # Avg bus bandwidth    : 92.128 
0: #
0: # Collective test concluded: sendrecv_perf
0: #
0: 
0: 
0: ##### pass 6/20  pair g1-g3  sendrecv_perf
0: # nccl-tests version 2.17.8 nccl-headers=22903 nccl-library=22903
0: # Collective test starting: sendrecv_perf
0: # nThread 1 nGpus 2 minBytes 8388608 maxBytes 268435456 step: 2(factor) warmup iters: 5 iters: 20 agg iters: 1 validation: 1 graph: 0
0: #
0: # Using devices
0: #  Rank  0 Group  0 Pid  60587 on  nid006856 device  0 [0019:01:00] NVIDIA GH200 120GB
0: #  Rank  1 Group  0 Pid  60587 on  nid006856 device  1 [0039:01:00] NVIDIA GH200 120GB
0: #
0: #                                                              out-of-place                       in-place          
0: #       size         count      type   redop    root     time   algbw   busbw  #wrong     time   algbw   busbw  #wrong 
0: #        (B)    (elements)                               (us)  (GB/s)  (GB/s)             (us)  (GB/s)  (GB/s)         
0:      8388608       2097152     float     sum      -1   116.06   72.28   72.28       0   115.42   72.68   72.68    N/A
0:     16777216       4194304     float     sum      -1   220.10   76.22   76.22       0   220.32   76.15   76.15    N/A
0:     33554432       8388608     float     sum      -1   422.19   79.48   79.48       0   423.82   79.17   79.17    N/A
0:     67108864      16777216     float     sum      -1   817.02   82.14   82.14       0   821.00   81.74   81.74    N/A
0:    134217728      33554432     float     sum      -1  1121.06  119.72  119.72       0  1128.36  118.95  118.95    N/A
0:    268435456      67108864     float     sum      -1  2212.88  121.31  121.31       0  2208.47  121.55  121.55    N/A
0: # Out of bounds values : 0 OK
0: # Avg bus bandwidth    : 91.7823 
0: #
0: # Collective test concluded: sendrecv_perf
0: #
0: 
0: 
0: ##### pass 6/20  pair g2-g3  sendrecv_perf
0: # nccl-tests version 2.17.8 nccl-headers=22903 nccl-library=22903
0: # Collective test starting: sendrecv_perf
0: # nThread 1 nGpus 2 minBytes 8388608 maxBytes 268435456 step: 2(factor) warmup iters: 5 iters: 20 agg iters: 1 validation: 1 graph: 0
0: #
0: # Using devices
0: #  Rank  0 Group  0 Pid  60622 on  nid006856 device  0 [0029:01:00] NVIDIA GH200 120GB
0: #  Rank  1 Group  0 Pid  60622 on  nid006856 device  1 [0039:01:00] NVIDIA GH200 120GB
0: #
0: #                                                              out-of-place                       in-place          
0: #       size         count      type   redop    root     time   algbw   busbw  #wrong     time   algbw   busbw  #wrong 
0: #        (B)    (elements)                               (us)  (GB/s)  (GB/s)             (us)  (GB/s)  (GB/s)         
0:      8388608       2097152     float     sum      -1   118.22   70.96   70.96       0   115.61   72.56   72.56    N/A
0:     16777216       4194304     float     sum      -1   220.48   76.09   76.09       0   220.71   76.01   76.01    N/A
0:     33554432       8388608     float     sum      -1   421.22   79.66   79.66       0   422.58   79.40   79.40    N/A
0:     67108864      16777216     float     sum      -1   813.66   82.48   82.48       0   821.98   81.64   81.64    N/A
0:    134217728      33554432     float     sum      -1  1123.08  119.51  119.51       0  1115.60  120.31  120.31    N/A
0:    268435456      67108864     float     sum      -1  2209.87  121.47  121.47       0  2219.18  120.96  120.96    N/A
0: # Out of bounds values : 0 OK
0: # Avg bus bandwidth    : 91.7554 
0: #
0: # Collective test concluded: sendrecv_perf
0: #
0: 
0: 
0: ##### pass 7/20  pair g0-g1  sendrecv_perf
0: # nccl-tests version 2.17.8 nccl-headers=22903 nccl-library=22903
0: # Collective test starting: sendrecv_perf
0: # nThread 1 nGpus 2 minBytes 8388608 maxBytes 268435456 step: 2(factor) warmup iters: 5 iters: 20 agg iters: 1 validation: 1 graph: 0
0: #
0: # Using devices
0: #  Rank  0 Group  0 Pid  60657 on  nid006856 device  0 [0009:01:00] NVIDIA GH200 120GB
0: #  Rank  1 Group  0 Pid  60657 on  nid006856 device  1 [0019:01:00] NVIDIA GH200 120GB
0: #
0: #                                                              out-of-place                       in-place          
0: #       size         count      type   redop    root     time   algbw   busbw  #wrong     time   algbw   busbw  #wrong 
0: #        (B)    (elements)                               (us)  (GB/s)  (GB/s)             (us)  (GB/s)  (GB/s)         
0:      8388608       2097152     float     sum      -1   115.76   72.47   72.47       0   115.35   72.73   72.73    N/A
0:     16777216       4194304     float     sum      -1   220.80   75.98   75.98       0   220.97   75.93   75.93    N/A
0:     33554432       8388608     float     sum      -1   419.34   80.02   80.02       0   421.92   79.53   79.53    N/A
0:     67108864      16777216     float     sum      -1   807.44   83.11   83.11       0   820.74   81.77   81.77    N/A
0:    134217728      33554432     float     sum      -1  1122.67  119.55  119.55       0  1120.36  119.80  119.80    N/A
0:    268435456      67108864     float     sum      -1  2208.45  121.55  121.55       0  2202.77  121.86  121.86    N/A
0: # Out of bounds values : 0 OK
0: # Avg bus bandwidth    : 92.0242 
0: #
0: # Collective test concluded: sendrecv_perf
0: #
0: 
0: 
0: ##### pass 7/20  pair g0-g2  sendrecv_perf
0: # nccl-tests version 2.17.8 nccl-headers=22903 nccl-library=22903
0: # Collective test starting: sendrecv_perf
0: # nThread 1 nGpus 2 minBytes 8388608 maxBytes 268435456 step: 2(factor) warmup iters: 5 iters: 20 agg iters: 1 validation: 1 graph: 0
0: #
0: # Using devices
0: #  Rank  0 Group  0 Pid  60693 on  nid006856 device  0 [0009:01:00] NVIDIA GH200 120GB
0: #  Rank  1 Group  0 Pid  60693 on  nid006856 device  1 [0029:01:00] NVIDIA GH200 120GB
0: #
0: #                                                              out-of-place                       in-place          
0: #       size         count      type   redop    root     time   algbw   busbw  #wrong     time   algbw   busbw  #wrong 
0: #        (B)    (elements)                               (us)  (GB/s)  (GB/s)             (us)  (GB/s)  (GB/s)         
0:      8388608       2097152     float     sum      -1   120.90   69.38   69.38       0   115.15   72.85   72.85    N/A
0:     16777216       4194304     float     sum      -1   220.29   76.16   76.16       0   218.82   76.67   76.67    N/A
0:     33554432       8388608     float     sum      -1   420.31   79.83   79.83       0   423.01   79.32   79.32    N/A
0:     67108864      16777216     float     sum      -1   810.66   82.78   82.78       0   822.04   81.64   81.64    N/A
0:    134217728      33554432     float     sum      -1  1129.79  118.80  118.80       0  1124.85  119.32  119.32    N/A
0:    268435456      67108864     float     sum      -1  2208.50  121.55  121.55       0  2207.79  121.59  121.59    N/A
0: # Out of bounds values : 0 OK
0: # Avg bus bandwidth    : 91.6571 
0: #
0: # Collective test concluded: sendrecv_perf
0: #
0: 
0: 
0: ##### pass 7/20  pair g0-g3  sendrecv_perf
0: # nccl-tests version 2.17.8 nccl-headers=22903 nccl-library=22903
0: # Collective test starting: sendrecv_perf
0: # nThread 1 nGpus 2 minBytes 8388608 maxBytes 268435456 step: 2(factor) warmup iters: 5 iters: 20 agg iters: 1 validation: 1 graph: 0
0: #
0: # Using devices
0: #  Rank  0 Group  0 Pid  60728 on  nid006856 device  0 [0009:01:00] NVIDIA GH200 120GB
0: #  Rank  1 Group  0 Pid  60728 on  nid006856 device  1 [0039:01:00] NVIDIA GH200 120GB
0: #
0: #                                                              out-of-place                       in-place          
0: #       size         count      type   redop    root     time   algbw   busbw  #wrong     time   algbw   busbw  #wrong 
0: #        (B)    (elements)                               (us)  (GB/s)  (GB/s)             (us)  (GB/s)  (GB/s)         
0:      8388608       2097152     float     sum      -1   115.46   72.65   72.65       0   115.88   72.39   72.39    N/A
0:     16777216       4194304     float     sum      -1   217.72   77.06   77.06       0   218.14   76.91   76.91    N/A
0:     33554432       8388608     float     sum      -1   421.37   79.63   79.63       0   423.03   79.32   79.32    N/A
0:     67108864      16777216     float     sum      -1   812.34   82.61   82.61       0   822.66   81.58   81.58    N/A
0:    134217728      33554432     float     sum      -1  1117.21  120.14  120.14       0  1119.41  119.90  119.90    N/A
0:    268435456      67108864     float     sum      -1  2215.67  121.15  121.15       0  2211.35  121.39  121.39    N/A
0: # Out of bounds values : 0 OK
0: # Avg bus bandwidth    : 92.0606 
0: #
0: # Collective test concluded: sendrecv_perf
0: #
0: 
0: 
0: ##### pass 7/20  pair g1-g2  sendrecv_perf
0: # nccl-tests version 2.17.8 nccl-headers=22903 nccl-library=22903
0: # Collective test starting: sendrecv_perf
0: # nThread 1 nGpus 2 minBytes 8388608 maxBytes 268435456 step: 2(factor) warmup iters: 5 iters: 20 agg iters: 1 validation: 1 graph: 0
0: #
0: # Using devices
0: #  Rank  0 Group  0 Pid  60763 on  nid006856 device  0 [0019:01:00] NVIDIA GH200 120GB
0: #  Rank  1 Group  0 Pid  60763 on  nid006856 device  1 [0029:01:00] NVIDIA GH200 120GB
0: #
0: #                                                              out-of-place                       in-place          
0: #       size         count      type   redop    root     time   algbw   busbw  #wrong     time   algbw   busbw  #wrong 
0: #        (B)    (elements)                               (us)  (GB/s)  (GB/s)             (us)  (GB/s)  (GB/s)         
0:      8388608       2097152     float     sum      -1   116.37   72.08   72.08       0   115.83   72.42   72.42    N/A
0:     16777216       4194304     float     sum      -1   220.06   76.24   76.24       0   220.97   75.93   75.93    N/A
0:     33554432       8388608     float     sum      -1   421.51   79.60   79.60       0   421.70   79.57   79.57    N/A
0:     67108864      16777216     float     sum      -1   809.77   82.87   82.87       0   815.61   82.28   82.28    N/A
0:    134217728      33554432     float     sum      -1  1124.63  119.34  119.34       0  1128.97  118.89  118.89    N/A
0:    268435456      67108864     float     sum      -1  2210.06  121.46  121.46       0  2207.69  121.59  121.59    N/A
0: # Out of bounds values : 0 OK
0: # Avg bus bandwidth    : 91.8569 
0: #
0: # Collective test concluded: sendrecv_perf
0: #
0: 
0: 
0: ##### pass 7/20  pair g1-g3  sendrecv_perf
0: # nccl-tests version 2.17.8 nccl-headers=22903 nccl-library=22903
0: # Collective test starting: sendrecv_perf
0: # nThread 1 nGpus 2 minBytes 8388608 maxBytes 268435456 step: 2(factor) warmup iters: 5 iters: 20 agg iters: 1 validation: 1 graph: 0
0: #
0: # Using devices
0: #  Rank  0 Group  0 Pid  60818 on  nid006856 device  0 [0019:01:00] NVIDIA GH200 120GB
0: #  Rank  1 Group  0 Pid  60818 on  nid006856 device  1 [0039:01:00] NVIDIA GH200 120GB
0: #
0: #                                                              out-of-place                       in-place          
0: #       size         count      type   redop    root     time   algbw   busbw  #wrong     time   algbw   busbw  #wrong 
0: #        (B)    (elements)                               (us)  (GB/s)  (GB/s)             (us)  (GB/s)  (GB/s)         
0:      8388608       2097152     float     sum      -1   115.90   72.38   72.38       0   115.48   72.64   72.64    N/A
0:     16777216       4194304     float     sum      -1   222.38   75.44   75.44       0   222.17   75.51   75.51    N/A
0:     33554432       8388608     float     sum      -1   422.01   79.51   79.51       0   423.38   79.25   79.25    N/A
0:     67108864      16777216     float     sum      -1   813.97   82.45   82.45       0   827.31   81.12   81.12    N/A
0:    134217728      33554432     float     sum      -1  1124.47  119.36  119.36       0  1121.12  119.72  119.72    N/A
0:    268435456      67108864     float     sum      -1  2214.78  121.20  121.20       0  2211.58  121.38  121.38    N/A
0: # Out of bounds values : 0 OK
0: # Avg bus bandwidth    : 91.6635 
0: #
0: # Collective test concluded: sendrecv_perf
0: #
0: 
0: 
0: ##### pass 7/20  pair g2-g3  sendrecv_perf
0: # nccl-tests version 2.17.8 nccl-headers=22903 nccl-library=22903
0: # Collective test starting: sendrecv_perf
0: # nThread 1 nGpus 2 minBytes 8388608 maxBytes 268435456 step: 2(factor) warmup iters: 5 iters: 20 agg iters: 1 validation: 1 graph: 0
0: #
0: # Using devices
0: #  Rank  0 Group  0 Pid  60853 on  nid006856 device  0 [0029:01:00] NVIDIA GH200 120GB
0: #  Rank  1 Group  0 Pid  60853 on  nid006856 device  1 [0039:01:00] NVIDIA GH200 120GB
0: #
0: #                                                              out-of-place                       in-place          
0: #       size         count      type   redop    root     time   algbw   busbw  #wrong     time   algbw   busbw  #wrong 
0: #        (B)    (elements)                               (us)  (GB/s)  (GB/s)             (us)  (GB/s)  (GB/s)         
0:      8388608       2097152     float     sum      -1   118.18   70.98   70.98       0   115.29   72.76   72.76    N/A
0:     16777216       4194304     float     sum      -1   217.77   77.04   77.04       0   217.03   77.30   77.30    N/A
0:     33554432       8388608     float     sum      -1   420.42   79.81   79.81       0   419.78   79.93   79.93    N/A
0:     67108864      16777216     float     sum      -1   811.48   82.70   82.70       0   812.01   82.65   82.65    N/A
0:    134217728      33554432     float     sum      -1  1119.82  119.86  119.86       0  1124.24  119.39  119.39    N/A
0:    268435456      67108864     float     sum      -1  2210.10  121.46  121.46       0  2207.70  121.59  121.59    N/A
0: # Out of bounds values : 0 OK
0: # Avg bus bandwidth    : 92.1225 
0: #
0: # Collective test concluded: sendrecv_perf
0: #
0: 
0: 
0: ##### pass 8/20  pair g0-g1  sendrecv_perf
0: # nccl-tests version 2.17.8 nccl-headers=22903 nccl-library=22903
0: # Collective test starting: sendrecv_perf
0: # nThread 1 nGpus 2 minBytes 8388608 maxBytes 268435456 step: 2(factor) warmup iters: 5 iters: 20 agg iters: 1 validation: 1 graph: 0
0: #
0: # Using devices
0: #  Rank  0 Group  0 Pid  60888 on  nid006856 device  0 [0009:01:00] NVIDIA GH200 120GB
0: #  Rank  1 Group  0 Pid  60888 on  nid006856 device  1 [0019:01:00] NVIDIA GH200 120GB
0: #
0: #                                                              out-of-place                       in-place          
0: #       size         count      type   redop    root     time   algbw   busbw  #wrong     time   algbw   busbw  #wrong 
0: #        (B)    (elements)                               (us)  (GB/s)  (GB/s)             (us)  (GB/s)  (GB/s)         
0:      8388608       2097152     float     sum      -1   117.42   71.44   71.44       0   115.11   72.88   72.88    N/A
0:     16777216       4194304     float     sum      -1   220.84   75.97   75.97       0   222.60   75.37   75.37    N/A
0:     33554432       8388608     float     sum      -1   420.28   79.84   79.84       0   421.48   79.61   79.61    N/A
0:     67108864      16777216     float     sum      -1   811.58   82.69   82.69       0   819.40   81.90   81.90    N/A
0:    134217728      33554432     float     sum      -1  1119.00  119.94  119.94       0  1120.61  119.77  119.77    N/A
0:    268435456      67108864     float     sum      -1  2213.38  121.28  121.28       0  2212.59  121.32  121.32    N/A
0: # Out of bounds values : 0 OK
0: # Avg bus bandwidth    : 91.8345 
0: #
0: # Collective test concluded: sendrecv_perf
0: #
0: 
0: 
0: ##### pass 8/20  pair g0-g2  sendrecv_perf
0: # nccl-tests version 2.17.8 nccl-headers=22903 nccl-library=22903
0: # Collective test starting: sendrecv_perf
0: # nThread 1 nGpus 2 minBytes 8388608 maxBytes 268435456 step: 2(factor) warmup iters: 5 iters: 20 agg iters: 1 validation: 1 graph: 0
0: #
0: # Using devices
0: #  Rank  0 Group  0 Pid  60924 on  nid006856 device  0 [0009:01:00] NVIDIA GH200 120GB
0: #  Rank  1 Group  0 Pid  60924 on  nid006856 device  1 [0029:01:00] NVIDIA GH200 120GB
0: #
0: #                                                              out-of-place                       in-place          
0: #       size         count      type   redop    root     time   algbw   busbw  #wrong     time   algbw   busbw  #wrong 
0: #        (B)    (elements)                               (us)  (GB/s)  (GB/s)             (us)  (GB/s)  (GB/s)         
0:      8388608       2097152     float     sum      -1   115.75   72.47   72.47       0   115.32   72.74   72.74    N/A
0:     16777216       4194304     float     sum      -1   220.65   76.04   76.04       0   221.71   75.67   75.67    N/A
0:     33554432       8388608     float     sum      -1   420.55   79.79   79.79       0   413.65   81.12   81.12    N/A
0:     67108864      16777216     float     sum      -1   809.03   82.95   82.95       0   823.46   81.50   81.50    N/A
0:    134217728      33554432     float     sum      -1  1120.45  119.79  119.79       0  1118.68  119.98  119.98    N/A
0:    268435456      67108864     float     sum      -1  2213.53  121.27  121.27       0  2205.54  121.71  121.71    N/A
0: # Out of bounds values : 0 OK
0: # Avg bus bandwidth    : 92.0851 
0: #
0: # Collective test concluded: sendrecv_perf
0: #
0: 
0: 
0: ##### pass 8/20  pair g0-g3  sendrecv_perf
0: # nccl-tests version 2.17.8 nccl-headers=22903 nccl-library=22903
0: # Collective test starting: sendrecv_perf
0: # nThread 1 nGpus 2 minBytes 8388608 maxBytes 268435456 step: 2(factor) warmup iters: 5 iters: 20 agg iters: 1 validation: 1 graph: 0
0: #
0: # Using devices
0: #  Rank  0 Group  0 Pid  60959 on  nid006856 device  0 [0009:01:00] NVIDIA GH200 120GB
0: #  Rank  1 Group  0 Pid  60959 on  nid006856 device  1 [0039:01:00] NVIDIA GH200 120GB
0: #
0: #                                                              out-of-place                       in-place          
0: #       size         count      type   redop    root     time   algbw   busbw  #wrong     time   algbw   busbw  #wrong 
0: #        (B)    (elements)                               (us)  (GB/s)  (GB/s)             (us)  (GB/s)  (GB/s)         
0:      8388608       2097152     float     sum      -1   119.48   70.21   70.21       0   115.23   72.80   72.80    N/A
0:     16777216       4194304     float     sum      -1   222.50   75.40   75.40       0   221.36   75.79   75.79    N/A
0:     33554432       8388608     float     sum      -1   423.01   79.32   79.32       0   423.97   79.14   79.14    N/A
0:     67108864      16777216     float     sum      -1   813.62   82.48   82.48       0   823.09   81.53   81.53    N/A
0:    134217728      33554432     float     sum      -1  1120.89  119.74  119.74       0  1120.01  119.84  119.84    N/A
0:    268435456      67108864     float     sum      -1  2210.51  121.44  121.44       0  2208.41  121.55  121.55    N/A
0: # Out of bounds values : 0 OK
0: # Avg bus bandwidth    : 91.6045 
0: #
0: # Collective test concluded: sendrecv_perf
0: #
0: 
0: 
0: ##### pass 8/20  pair g1-g2  sendrecv_perf
0: # nccl-tests version 2.17.8 nccl-headers=22903 nccl-library=22903
0: # Collective test starting: sendrecv_perf
0: # nThread 1 nGpus 2 minBytes 8388608 maxBytes 268435456 step: 2(factor) warmup iters: 5 iters: 20 agg iters: 1 validation: 1 graph: 0
0: #
0: # Using devices
0: #  Rank  0 Group  0 Pid  60995 on  nid006856 device  0 [0019:01:00] NVIDIA GH200 120GB
0: #  Rank  1 Group  0 Pid  60995 on  nid006856 device  1 [0029:01:00] NVIDIA GH200 120GB
0: #
0: #                                                              out-of-place                       in-place          
0: #       size         count      type   redop    root     time   algbw   busbw  #wrong     time   algbw   busbw  #wrong 
0: #        (B)    (elements)                               (us)  (GB/s)  (GB/s)             (us)  (GB/s)  (GB/s)         
0:      8388608       2097152     float     sum      -1   115.57   72.58   72.58       0   115.38   72.71   72.71    N/A
0:     16777216       4194304     float     sum      -1   217.16   77.26   77.26       0   220.12   76.22   76.22    N/A
0:     33554432       8388608     float     sum      -1   420.29   79.84   79.84       0   421.98   79.52   79.52    N/A
0:     67108864      16777216     float     sum      -1   808.79   82.97   82.97       0   821.93   81.65   81.65    N/A
0:    134217728      33554432     float     sum      -1  1123.06  119.51  119.51       0  1120.30  119.80  119.80    N/A
0:    268435456      67108864     float     sum      -1  2206.87  121.64  121.64       0  2208.05  121.57  121.57    N/A
0: # Out of bounds values : 0 OK
0: # Avg bus bandwidth    : 92.1056 
0: #
0: # Collective test concluded: sendrecv_perf
0: #
0: 
0: 
0: ##### pass 8/20  pair g1-g3  sendrecv_perf
0: # nccl-tests version 2.17.8 nccl-headers=22903 nccl-library=22903
0: # Collective test starting: sendrecv_perf
0: # nThread 1 nGpus 2 minBytes 8388608 maxBytes 268435456 step: 2(factor) warmup iters: 5 iters: 20 agg iters: 1 validation: 1 graph: 0
0: #
0: # Using devices
0: #  Rank  0 Group  0 Pid  61031 on  nid006856 device  0 [0019:01:00] NVIDIA GH200 120GB
0: #  Rank  1 Group  0 Pid  61031 on  nid006856 device  1 [0039:01:00] NVIDIA GH200 120GB
0: #
0: #                                                              out-of-place                       in-place          
0: #       size         count      type   redop    root     time   algbw   busbw  #wrong     time   algbw   busbw  #wrong 
0: #        (B)    (elements)                               (us)  (GB/s)  (GB/s)             (us)  (GB/s)  (GB/s)         
0:      8388608       2097152     float     sum      -1   116.07   72.27   72.27       0   115.87   72.40   72.40    N/A
0:     16777216       4194304     float     sum      -1   219.87   76.30   76.30       0   223.62   75.03   75.03    N/A
0:     33554432       8388608     float     sum      -1   420.83   79.73   79.73       0   423.48   79.23   79.23    N/A
0:     67108864      16777216     float     sum      -1   814.31   82.41   82.41       0   821.86   81.65   81.65    N/A
0:    134217728      33554432     float     sum      -1  1122.77  119.54  119.54       0  1125.14  119.29  119.29    N/A
0:    268435456      67108864     float     sum      -1  2214.69  121.21  121.21       0  2211.41  121.39  121.39    N/A
0: # Out of bounds values : 0 OK
0: # Avg bus bandwidth    : 91.7051 
0: #
0: # Collective test concluded: sendrecv_perf
0: #
0: 
0: 
0: ##### pass 8/20  pair g2-g3  sendrecv_perf
0: # nccl-tests version 2.17.8 nccl-headers=22903 nccl-library=22903
0: # Collective test starting: sendrecv_perf
0: # nThread 1 nGpus 2 minBytes 8388608 maxBytes 268435456 step: 2(factor) warmup iters: 5 iters: 20 agg iters: 1 validation: 1 graph: 0
0: #
0: # Using devices
0: #  Rank  0 Group  0 Pid  61066 on  nid006856 device  0 [0029:01:00] NVIDIA GH200 120GB
0: #  Rank  1 Group  0 Pid  61066 on  nid006856 device  1 [0039:01:00] NVIDIA GH200 120GB
0: #
0: #                                                              out-of-place                       in-place          
0: #       size         count      type   redop    root     time   algbw   busbw  #wrong     time   algbw   busbw  #wrong 
0: #        (B)    (elements)                               (us)  (GB/s)  (GB/s)             (us)  (GB/s)  (GB/s)         
0:      8388608       2097152     float     sum      -1   115.50   72.63   72.63       0   119.18   70.38   70.38    N/A
0:     16777216       4194304     float     sum      -1   216.73   77.41   77.41       0   217.07   77.29   77.29    N/A
0:     33554432       8388608     float     sum      -1   419.87   79.92   79.92       0   421.85   79.54   79.54    N/A
0:     67108864      16777216     float     sum      -1   814.49   82.39   82.39       0   823.01   81.54   81.54    N/A
0:    134217728      33554432     float     sum      -1  1120.34  119.80  119.80       0  1119.98  119.84  119.84    N/A
0:    268435456      67108864     float     sum      -1  2218.15  121.02  121.02       0  2209.18  121.51  121.51    N/A
0: # Out of bounds values : 0 OK
0: # Avg bus bandwidth    : 91.9395 
0: #
0: # Collective test concluded: sendrecv_perf
0: #
0: 
0: 
0: ##### pass 9/20  pair g0-g1  sendrecv_perf
0: # nccl-tests version 2.17.8 nccl-headers=22903 nccl-library=22903
0: # Collective test starting: sendrecv_perf
0: # nThread 1 nGpus 2 minBytes 8388608 maxBytes 268435456 step: 2(factor) warmup iters: 5 iters: 20 agg iters: 1 validation: 1 graph: 0
0: #
0: # Using devices
0: #  Rank  0 Group  0 Pid  61120 on  nid006856 device  0 [0009:01:00] NVIDIA GH200 120GB
0: #  Rank  1 Group  0 Pid  61120 on  nid006856 device  1 [0019:01:00] NVIDIA GH200 120GB
0: #
0: #                                                              out-of-place                       in-place          
0: #       size         count      type   redop    root     time   algbw   busbw  #wrong     time   algbw   busbw  #wrong 
0: #        (B)    (elements)                               (us)  (GB/s)  (GB/s)             (us)  (GB/s)  (GB/s)         
0:      8388608       2097152     float     sum      -1   115.65   72.53   72.53       0   115.18   72.83   72.83    N/A
0:     16777216       4194304     float     sum      -1   216.90   77.35   77.35       0   217.02   77.31   77.31    N/A
0:     33554432       8388608     float     sum      -1   419.55   79.98   79.98       0   424.25   79.09   79.09    N/A
0:     67108864      16777216     float     sum      -1   807.30   83.13   83.13       0   821.57   81.68   81.68    N/A
0:    134217728      33554432     float     sum      -1  1117.76  120.08  120.08       0  1119.91  119.85  119.85    N/A
0:    268435456      67108864     float     sum      -1  2213.22  121.29  121.29       0  2204.09  121.79  121.79    N/A
0: # Out of bounds values : 0 OK
0: # Avg bus bandwidth    : 92.2422 
0: #
0: # Collective test concluded: sendrecv_perf
0: #
0: 
0: 
0: ##### pass 9/20  pair g0-g2  sendrecv_perf
0: # nccl-tests version 2.17.8 nccl-headers=22903 nccl-library=22903
0: # Collective test starting: sendrecv_perf
0: # nThread 1 nGpus 2 minBytes 8388608 maxBytes 268435456 step: 2(factor) warmup iters: 5 iters: 20 agg iters: 1 validation: 1 graph: 0
0: #
0: # Using devices
0: #  Rank  0 Group  0 Pid  61156 on  nid006856 device  0 [0009:01:00] NVIDIA GH200 120GB
0: #  Rank  1 Group  0 Pid  61156 on  nid006856 device  1 [0029:01:00] NVIDIA GH200 120GB
0: #
0: #                                                              out-of-place                       in-place          
0: #       size         count      type   redop    root     time   algbw   busbw  #wrong     time   algbw   busbw  #wrong 
0: #        (B)    (elements)                               (us)  (GB/s)  (GB/s)             (us)  (GB/s)  (GB/s)         
0:      8388608       2097152     float     sum      -1   115.63   72.55   72.55       0   115.33   72.74   72.74    N/A
0:     16777216       4194304     float     sum      -1   217.61   77.10   77.10       0   221.18   75.85   75.85    N/A
0:     33554432       8388608     float     sum      -1   420.40   79.81   79.81       0   420.54   79.79   79.79    N/A
0:     67108864      16777216     float     sum      -1   810.78   82.77   82.77       0   819.35   81.90   81.90    N/A
0:    134217728      33554432     float     sum      -1  1124.60  119.35  119.35       0  1136.22  118.13  118.13    N/A
0:    268435456      67108864     float     sum      -1  2212.23  121.34  121.34       0  2209.49  121.49  121.49    N/A
0: # Out of bounds values : 0 OK
0: # Avg bus bandwidth    : 91.9021 
0: #
0: # Collective test concluded: sendrecv_perf
0: #
0: 
0: 
0: ##### pass 9/20  pair g0-g3  sendrecv_perf
0: # nccl-tests version 2.17.8 nccl-headers=22903 nccl-library=22903
0: # Collective test starting: sendrecv_perf
0: # nThread 1 nGpus 2 minBytes 8388608 maxBytes 268435456 step: 2(factor) warmup iters: 5 iters: 20 agg iters: 1 validation: 1 graph: 0
0: #
0: # Using devices
0: #  Rank  0 Group  0 Pid  61191 on  nid006856 device  0 [0009:01:00] NVIDIA GH200 120GB
0: #  Rank  1 Group  0 Pid  61191 on  nid006856 device  1 [0039:01:00] NVIDIA GH200 120GB
0: #
0: #                                                              out-of-place                       in-place          
0: #       size         count      type   redop    root     time   algbw   busbw  #wrong     time   algbw   busbw  #wrong 
0: #        (B)    (elements)                               (us)  (GB/s)  (GB/s)             (us)  (GB/s)  (GB/s)         
0:      8388608       2097152     float     sum      -1   115.52   72.62   72.62       0   115.53   72.61   72.61    N/A
0:     16777216       4194304     float     sum      -1   219.35   76.49   76.49       0   217.08   77.28   77.28    N/A
0:     33554432       8388608     float     sum      -1   420.69   79.76   79.76       0   422.99   79.33   79.33    N/A
0:     67108864      16777216     float     sum      -1   811.08   82.74   82.74       0   818.62   81.98   81.98    N/A
0:    134217728      33554432     float     sum      -1  1116.64  120.20  120.20       0  1126.23  119.17  119.17    N/A
0:    268435456      67108864     float     sum      -1  2205.46  121.71  121.71       0  2205.13  121.73  121.73    N/A
0: # Out of bounds values : 0 OK
0: # Avg bus bandwidth    : 92.1348 
0: #
0: # Collective test concluded: sendrecv_perf
0: #
0: 
0: 
0: ##### pass 9/20  pair g1-g2  sendrecv_perf
0: # nccl-tests version 2.17.8 nccl-headers=22903 nccl-library=22903
0: # Collective test starting: sendrecv_perf
0: # nThread 1 nGpus 2 minBytes 8388608 maxBytes 268435456 step: 2(factor) warmup iters: 5 iters: 20 agg iters: 1 validation: 1 graph: 0
0: #
0: # Using devices
0: #  Rank  0 Group  0 Pid  61226 on  nid006856 device  0 [0019:01:00] NVIDIA GH200 120GB
0: #  Rank  1 Group  0 Pid  61226 on  nid006856 device  1 [0029:01:00] NVIDIA GH200 120GB
0: #
0: #                                                              out-of-place                       in-place          
0: #       size         count      type   redop    root     time   algbw   busbw  #wrong     time   algbw   busbw  #wrong 
0: #        (B)    (elements)                               (us)  (GB/s)  (GB/s)             (us)  (GB/s)  (GB/s)         
0:      8388608       2097152     float     sum      -1   115.91   72.37   72.37       0   115.14   72.85   72.85    N/A
0:     16777216       4194304     float     sum      -1   217.21   77.24   77.24       0   217.61   77.10   77.10    N/A
0:     33554432       8388608     float     sum      -1   421.31   79.64   79.64       0   420.42   79.81   79.81    N/A
0:     67108864      16777216     float     sum      -1   812.29   82.62   82.62       0   823.70   81.47   81.47    N/A
0:    134217728      33554432     float     sum      -1  1125.16  119.29  119.29       0  1125.22  119.28  119.28    N/A
0:    268435456      67108864     float     sum      -1  2212.94  121.30  121.30       0  2208.81  121.53  121.53    N/A
0: # Out of bounds values : 0 OK
0: # Avg bus bandwidth    : 92.0422 
0: #
0: # Collective test concluded: sendrecv_perf
0: #
0: 
0: 
0: ##### pass 9/20  pair g1-g3  sendrecv_perf
0: # nccl-tests version 2.17.8 nccl-headers=22903 nccl-library=22903
0: # Collective test starting: sendrecv_perf
0: # nThread 1 nGpus 2 minBytes 8388608 maxBytes 268435456 step: 2(factor) warmup iters: 5 iters: 20 agg iters: 1 validation: 1 graph: 0
0: #
0: # Using devices
0: #  Rank  0 Group  0 Pid  61262 on  nid006856 device  0 [0019:01:00] NVIDIA GH200 120GB
0: #  Rank  1 Group  0 Pid  61262 on  nid006856 device  1 [0039:01:00] NVIDIA GH200 120GB
0: #
0: #                                                              out-of-place                       in-place          
0: #       size         count      type   redop    root     time   algbw   busbw  #wrong     time   algbw   busbw  #wrong 
0: #        (B)    (elements)                               (us)  (GB/s)  (GB/s)             (us)  (GB/s)  (GB/s)         
0:      8388608       2097152     float     sum      -1   117.33   71.49   71.49       0   117.92   71.14   71.14    N/A
0:     16777216       4194304     float     sum      -1   220.55   76.07   76.07       0   222.11   75.53   75.53    N/A
0:     33554432       8388608     float     sum      -1   420.37   79.82   79.82       0   421.76   79.56   79.56    N/A
0:     67108864      16777216     float     sum      -1   813.25   82.52   82.52       0   820.69   81.77   81.77    N/A
0:    134217728      33554432     float     sum      -1  1121.52  119.68  119.68       0  1122.33  119.59  119.59    N/A
0:    268435456      67108864     float     sum      -1  2197.80  122.14  122.14       0  2217.07  121.08  121.08    N/A
0: # Out of bounds values : 0 OK
0: # Avg bus bandwidth    : 91.6988 
0: #
0: # Collective test concluded: sendrecv_perf
0: #
0: 
0: 
0: ##### pass 9/20  pair g2-g3  sendrecv_perf
0: # nccl-tests version 2.17.8 nccl-headers=22903 nccl-library=22903
0: # Collective test starting: sendrecv_perf
0: # nThread 1 nGpus 2 minBytes 8388608 maxBytes 268435456 step: 2(factor) warmup iters: 5 iters: 20 agg iters: 1 validation: 1 graph: 0
0: #
0: # Using devices
0: #  Rank  0 Group  0 Pid  61297 on  nid006856 device  0 [0029:01:00] NVIDIA GH200 120GB
0: #  Rank  1 Group  0 Pid  61297 on  nid006856 device  1 [0039:01:00] NVIDIA GH200 120GB
0: #
0: #                                                              out-of-place                       in-place          
0: #       size         count      type   redop    root     time   algbw   busbw  #wrong     time   algbw   busbw  #wrong 
0: #        (B)    (elements)                               (us)  (GB/s)  (GB/s)             (us)  (GB/s)  (GB/s)         
0:      8388608       2097152     float     sum      -1   116.66   71.91   71.91       0   115.62   72.55   72.55    N/A
0:     16777216       4194304     float     sum      -1   217.65   77.08   77.08       0   218.27   76.86   76.86    N/A
0:     33554432       8388608     float     sum      -1   421.36   79.63   79.63       0   421.68   79.57   79.57    N/A
0:     67108864      16777216     float     sum      -1   814.88   82.35   82.35       0   814.10   82.43   82.43    N/A
0:    134217728      33554432     float     sum      -1  1119.16  119.93  119.93       0  1126.39  119.16  119.16    N/A
0:    268435456      67108864     float     sum      -1  2202.94  121.85  121.85       0  2204.08  121.79  121.79    N/A
0: # Out of bounds values : 0 OK
0: # Avg bus bandwidth    : 92.0942 
0: #
0: # Collective test concluded: sendrecv_perf
0: #
0: 
0: 
0: ##### pass 10/20  pair g0-g1  sendrecv_perf
0: # nccl-tests version 2.17.8 nccl-headers=22903 nccl-library=22903
0: # Collective test starting: sendrecv_perf
0: # nThread 1 nGpus 2 minBytes 8388608 maxBytes 268435456 step: 2(factor) warmup iters: 5 iters: 20 agg iters: 1 validation: 1 graph: 0
0: #
0: # Using devices
0: #  Rank  0 Group  0 Pid  61332 on  nid006856 device  0 [0009:01:00] NVIDIA GH200 120GB
0: #  Rank  1 Group  0 Pid  61332 on  nid006856 device  1 [0019:01:00] NVIDIA GH200 120GB
0: #
0: #                                                              out-of-place                       in-place          
0: #       size         count      type   redop    root     time   algbw   busbw  #wrong     time   algbw   busbw  #wrong 
0: #        (B)    (elements)                               (us)  (GB/s)  (GB/s)             (us)  (GB/s)  (GB/s)         
0:      8388608       2097152     float     sum      -1   115.33   72.74   72.74       0   116.78   71.83   71.83    N/A
0:     16777216       4194304     float     sum      -1   222.11   75.53   75.53       0   222.26   75.48   75.48    N/A
0:     33554432       8388608     float     sum      -1   421.26   79.65   79.65       0   421.08   79.69   79.69    N/A
0:     67108864      16777216     float     sum      -1   815.23   82.32   82.32       0   820.99   81.74   81.74    N/A
0:    134217728      33554432     float     sum      -1  1122.31  119.59  119.59       0  1118.06  120.05  120.05    N/A
0:    268435456      67108864     float     sum      -1  2203.62  121.82  121.82       0  2213.41  121.28  121.28    N/A
0: # Out of bounds values : 0 OK
0: # Avg bus bandwidth    : 91.8095 
0: #
0: # Collective test concluded: sendrecv_perf
0: #
0: 
0: 
0: ##### pass 10/20  pair g0-g2  sendrecv_perf
0: # nccl-tests version 2.17.8 nccl-headers=22903 nccl-library=22903
0: # Collective test starting: sendrecv_perf
0: # nThread 1 nGpus 2 minBytes 8388608 maxBytes 268435456 step: 2(factor) warmup iters: 5 iters: 20 agg iters: 1 validation: 1 graph: 0
0: #
0: # Using devices
0: #  Rank  0 Group  0 Pid  61389 on  nid006856 device  0 [0009:01:00] NVIDIA GH200 120GB
0: #  Rank  1 Group  0 Pid  61389 on  nid006856 device  1 [0029:01:00] NVIDIA GH200 120GB
0: #
0: #                                                              out-of-place                       in-place          
0: #       size         count      type   redop    root     time   algbw   busbw  #wrong     time   algbw   busbw  #wrong 
0: #        (B)    (elements)                               (us)  (GB/s)  (GB/s)             (us)  (GB/s)  (GB/s)         
0:      8388608       2097152     float     sum      -1   115.21   72.81   72.81       0   115.24   72.79   72.79    N/A
0:     16777216       4194304     float     sum      -1   216.85   77.37   77.37       0   222.82   75.30   75.30    N/A
0:     33554432       8388608     float     sum      -1   421.34   79.64   79.64       0   421.31   79.64   79.64    N/A
0:     67108864      16777216     float     sum      -1   807.48   83.11   83.11       0   820.84   81.76   81.76    N/A
0:    134217728      33554432     float     sum      -1  1126.06  119.19  119.19       0  1125.32  119.27  119.27    N/A
0:    268435456      67108864     float     sum      -1  2202.18  121.90  121.90       0  2212.81  121.31  121.31    N/A
0: # Out of bounds values : 0 OK
0: # Avg bus bandwidth    : 92.0066 
0: #
0: # Collective test concluded: sendrecv_perf
0: #
0: 
0: 
0: ##### pass 10/20  pair g0-g3  sendrecv_perf
0: # nccl-tests version 2.17.8 nccl-headers=22903 nccl-library=22903
0: # Collective test starting: sendrecv_perf
0: # nThread 1 nGpus 2 minBytes 8388608 maxBytes 268435456 step: 2(factor) warmup iters: 5 iters: 20 agg iters: 1 validation: 1 graph: 0
0: #
0: # Using devices
0: #  Rank  0 Group  0 Pid  61424 on  nid006856 device  0 [0009:01:00] NVIDIA GH200 120GB
0: #  Rank  1 Group  0 Pid  61424 on  nid006856 device  1 [0039:01:00] NVIDIA GH200 120GB
0: #
0: #                                                              out-of-place                       in-place          
0: #       size         count      type   redop    root     time   algbw   busbw  #wrong     time   algbw   busbw  #wrong 
0: #        (B)    (elements)                               (us)  (GB/s)  (GB/s)             (us)  (GB/s)  (GB/s)         
0:      8388608       2097152     float     sum      -1   120.92   69.37   69.37       0   115.20   72.82   72.82    N/A
0:     16777216       4194304     float     sum      -1   220.63   76.04   76.04       0   221.40   75.78   75.78    N/A
0:     33554432       8388608     float     sum      -1   421.24   79.66   79.66       0   422.42   79.43   79.43    N/A
0:     67108864      16777216     float     sum      -1   812.48   82.60   82.60       0   821.50   81.69   81.69    N/A
0:    134217728      33554432     float     sum      -1  1115.85  120.28  120.28       0  1124.92  119.31  119.31    N/A
0:    268435456      67108864     float     sum      -1  2208.48  121.55  121.55       0  2207.47  121.60  121.60    N/A
0: # Out of bounds values : 0 OK
0: # Avg bus bandwidth    : 91.6785 
0: #
0: # Collective test concluded: sendrecv_perf
0: #
0: 
0: 
0: ##### pass 10/20  pair g1-g2  sendrecv_perf
0: # nccl-tests version 2.17.8 nccl-headers=22903 nccl-library=22903
0: # Collective test starting: sendrecv_perf
0: # nThread 1 nGpus 2 minBytes 8388608 maxBytes 268435456 step: 2(factor) warmup iters: 5 iters: 20 agg iters: 1 validation: 1 graph: 0
0: #
0: # Using devices
0: #  Rank  0 Group  0 Pid  61459 on  nid006856 device  0 [0019:01:00] NVIDIA GH200 120GB
0: #  Rank  1 Group  0 Pid  61459 on  nid006856 device  1 [0029:01:00] NVIDIA GH200 120GB
0: #
0: #                                                              out-of-place                       in-place          
0: #       size         count      type   redop    root     time   algbw   busbw  #wrong     time   algbw   busbw  #wrong 
0: #        (B)    (elements)                               (us)  (GB/s)  (GB/s)             (us)  (GB/s)  (GB/s)         
0:      8388608       2097152     float     sum      -1   115.59   72.57   72.57       0   118.63   70.71   70.71    N/A
0:     16777216       4194304     float     sum      -1   216.99   77.32   77.32       0   217.14   77.27   77.27    N/A
0:     33554432       8388608     float     sum      -1   419.89   79.91   79.91       0   419.04   80.07   80.07    N/A
0:     67108864      16777216     float     sum      -1   808.87   82.97   82.97       0   826.89   81.16   81.16    N/A
0:    134217728      33554432     float     sum      -1  1121.63  119.66  119.66       0  1127.96  118.99  118.99    N/A
0:    268435456      67108864     float     sum      -1  2212.61  121.32  121.32       0  2210.02  121.46  121.46    N/A
0: # Out of bounds values : 0 OK
0: # Avg bus bandwidth    : 91.9517 
0: #
0: # Collective test concluded: sendrecv_perf
0: #
0: 
0: 
0: ##### pass 10/20  pair g1-g3  sendrecv_perf
0: # nccl-tests version 2.17.8 nccl-headers=22903 nccl-library=22903
0: # Collective test starting: sendrecv_perf
0: # nThread 1 nGpus 2 minBytes 8388608 maxBytes 268435456 step: 2(factor) warmup iters: 5 iters: 20 agg iters: 1 validation: 1 graph: 0
0: #
0: # Using devices
0: #  Rank  0 Group  0 Pid  61495 on  nid006856 device  0 [0019:01:00] NVIDIA GH200 120GB
0: #  Rank  1 Group  0 Pid  61495 on  nid006856 device  1 [0039:01:00] NVIDIA GH200 120GB
0: #
0: #                                                              out-of-place                       in-place          
0: #       size         count      type   redop    root     time   algbw   busbw  #wrong     time   algbw   busbw  #wrong 
0: #        (B)    (elements)                               (us)  (GB/s)  (GB/s)             (us)  (GB/s)  (GB/s)         
0:      8388608       2097152     float     sum      -1   115.84   72.41   72.41       0   115.33   72.74   72.74    N/A
0:     16777216       4194304     float     sum      -1   221.97   75.58   75.58       0   222.94   75.25   75.25    N/A
0:     33554432       8388608     float     sum      -1   421.69   79.57   79.57       0   420.41   79.81   79.81    N/A
0:     67108864      16777216     float     sum      -1   811.98   82.65   82.65       0   818.22   82.02   82.02    N/A
0:    134217728      33554432     float     sum      -1  1123.37  119.48  119.48       0  1128.49  118.94  118.94    N/A
0:    268435456      67108864     float     sum      -1  2210.84  121.42  121.42       0  2210.87  121.42  121.42    N/A
0: # Out of bounds values : 0 OK
0: # Avg bus bandwidth    : 91.7736 
0: #
0: # Collective test concluded: sendrecv_perf
0: #
0: 
0: 
0: ##### pass 10/20  pair g2-g3  sendrecv_perf
0: # nccl-tests version 2.17.8 nccl-headers=22903 nccl-library=22903
0: # Collective test starting: sendrecv_perf
0: # nThread 1 nGpus 2 minBytes 8388608 maxBytes 268435456 step: 2(factor) warmup iters: 5 iters: 20 agg iters: 1 validation: 1 graph: 0
0: #
0: # Using devices
0: #  Rank  0 Group  0 Pid  61530 on  nid006856 device  0 [0029:01:00] NVIDIA GH200 120GB
0: #  Rank  1 Group  0 Pid  61530 on  nid006856 device  1 [0039:01:00] NVIDIA GH200 120GB
0: #
0: #                                                              out-of-place                       in-place          
0: #       size         count      type   redop    root     time   algbw   busbw  #wrong     time   algbw   busbw  #wrong 
0: #        (B)    (elements)                               (us)  (GB/s)  (GB/s)             (us)  (GB/s)  (GB/s)         
0:      8388608       2097152     float     sum      -1   115.62   72.55   72.55       0   120.37   69.69   69.69    N/A
0:     16777216       4194304     float     sum      -1   222.29   75.47   75.47       0   216.75   77.40   77.40    N/A
0:     33554432       8388608     float     sum      -1   419.75   79.94   79.94       0   422.78   79.37   79.37    N/A
0:     67108864      16777216     float     sum      -1   816.28   82.21   82.21       0   812.07   82.64   82.64    N/A
0:    134217728      33554432     float     sum      -1  1120.71  119.76  119.76       0  1118.47  120.00  120.00    N/A
0:    268435456      67108864     float     sum      -1  2210.78  121.42  121.42       0  2211.10  121.40  121.40    N/A
0: # Out of bounds values : 0 OK
0: # Avg bus bandwidth    : 91.8223 
0: #
0: # Collective test concluded: sendrecv_perf
0: #
0: 
0: 
0: ##### pass 11/20  pair g0-g1  sendrecv_perf
0: # nccl-tests version 2.17.8 nccl-headers=22903 nccl-library=22903
0: # Collective test starting: sendrecv_perf
0: # nThread 1 nGpus 2 minBytes 8388608 maxBytes 268435456 step: 2(factor) warmup iters: 5 iters: 20 agg iters: 1 validation: 1 graph: 0
0: #
0: # Using devices
0: #  Rank  0 Group  0 Pid  61565 on  nid006856 device  0 [0009:01:00] NVIDIA GH200 120GB
0: #  Rank  1 Group  0 Pid  61565 on  nid006856 device  1 [0019:01:00] NVIDIA GH200 120GB
0: #
0: #                                                              out-of-place                       in-place          
0: #       size         count      type   redop    root     time   algbw   busbw  #wrong     time   algbw   busbw  #wrong 
0: #        (B)    (elements)                               (us)  (GB/s)  (GB/s)             (us)  (GB/s)  (GB/s)         
0:      8388608       2097152     float     sum      -1   115.84   72.41   72.41       0   115.30   72.75   72.75    N/A
0:     16777216       4194304     float     sum      -1   219.61   76.39   76.39       0   219.40   76.47   76.47    N/A
0:     33554432       8388608     float     sum      -1   420.56   79.79   79.79       0   423.03   79.32   79.32    N/A
0:     67108864      16777216     float     sum      -1   807.07   83.15   83.15       0   820.47   81.79   81.79    N/A
0:    134217728      33554432     float     sum      -1  1121.78  119.65  119.65       0  1119.95  119.84  119.84    N/A
0:    268435456      67108864     float     sum      -1  2213.18  121.29  121.29       0  2206.25  121.67  121.67    N/A
0: # Out of bounds values : 0 OK
0: # Avg bus bandwidth    : 92.0441 
0: #
0: # Collective test concluded: sendrecv_perf
0: #
0: 
0: 
0: ##### pass 11/20  pair g0-g2  sendrecv_perf
0: # nccl-tests version 2.17.8 nccl-headers=22903 nccl-library=22903
0: # Collective test starting: sendrecv_perf
0: # nThread 1 nGpus 2 minBytes 8388608 maxBytes 268435456 step: 2(factor) warmup iters: 5 iters: 20 agg iters: 1 validation: 1 graph: 0
0: #
0: # Using devices
0: #  Rank  0 Group  0 Pid  61601 on  nid006856 device  0 [0009:01:00] NVIDIA GH200 120GB
0: #  Rank  1 Group  0 Pid  61601 on  nid006856 device  1 [0029:01:00] NVIDIA GH200 120GB
0: #
0: #                                                              out-of-place                       in-place          
0: #       size         count      type   redop    root     time   algbw   busbw  #wrong     time   algbw   busbw  #wrong 
0: #        (B)    (elements)                               (us)  (GB/s)  (GB/s)             (us)  (GB/s)  (GB/s)         
0:      8388608       2097152     float     sum      -1   115.63   72.54   72.54       0   115.77   72.46   72.46    N/A
0:     16777216       4194304     float     sum      -1   219.97   76.27   76.27       0   218.05   76.94   76.94    N/A
0:     33554432       8388608     float     sum      -1   420.55   79.79   79.79       0   420.91   79.72   79.72    N/A
0:     67108864      16777216     float     sum      -1   813.51   82.49   82.49       0   822.69   81.57   81.57    N/A
0:    134217728      33554432     float     sum      -1  1124.78  119.33  119.33       0  1121.08  119.72  119.72    N/A
0:    268435456      67108864     float     sum      -1  2214.65  121.21  121.21       0  2207.42  121.61  121.61    N/A
0: # Out of bounds values : 0 OK
0: # Avg bus bandwidth    : 91.9711 
0: #
0: # Collective test concluded: sendrecv_perf
0: #
0: 
0: 
0: ##### pass 11/20  pair g0-g3  sendrecv_perf
0: # nccl-tests version 2.17.8 nccl-headers=22903 nccl-library=22903
0: # Collective test starting: sendrecv_perf
0: # nThread 1 nGpus 2 minBytes 8388608 maxBytes 268435456 step: 2(factor) warmup iters: 5 iters: 20 agg iters: 1 validation: 1 graph: 0
0: #
0: # Using devices
0: #  Rank  0 Group  0 Pid  61636 on  nid006856 device  0 [0009:01:00] NVIDIA GH200 120GB
0: #  Rank  1 Group  0 Pid  61636 on  nid006856 device  1 [0039:01:00] NVIDIA GH200 120GB
0: #
0: #                                                              out-of-place                       in-place          
0: #       size         count      type   redop    root     time   algbw   busbw  #wrong     time   algbw   busbw  #wrong 
0: #        (B)    (elements)                               (us)  (GB/s)  (GB/s)             (us)  (GB/s)  (GB/s)         
0:      8388608       2097152     float     sum      -1   116.27   72.15   72.15       0   115.08   72.90   72.90    N/A
0:     16777216       4194304     float     sum      -1   222.72   75.33   75.33       0   216.98   77.32   77.32    N/A
0:     33554432       8388608     float     sum      -1   418.42   80.19   80.19       0   422.36   79.45   79.45    N/A
0:     67108864      16777216     float     sum      -1   808.54   83.00   83.00       0   819.96   81.84   81.84    N/A
0:    134217728      33554432     float     sum      -1  1122.38  119.58  119.58       0  1119.97  119.84  119.84    N/A
0:    268435456      67108864     float     sum      -1  2204.88  121.75  121.75       0  2204.90  121.75  121.75    N/A
0: # Out of bounds values : 0 OK
0: # Avg bus bandwidth    : 92.0913 
0: #
0: # Collective test concluded: sendrecv_perf
0: #
0: 
0: 
0: ##### pass 11/20  pair g1-g2  sendrecv_perf
0: # nccl-tests version 2.17.8 nccl-headers=22903 nccl-library=22903
0: # Collective test starting: sendrecv_perf
0: # nThread 1 nGpus 2 minBytes 8388608 maxBytes 268435456 step: 2(factor) warmup iters: 5 iters: 20 agg iters: 1 validation: 1 graph: 0
0: #
0: # Using devices
0: #  Rank  0 Group  0 Pid  61690 on  nid006856 device  0 [0019:01:00] NVIDIA GH200 120GB
0: #  Rank  1 Group  0 Pid  61690 on  nid006856 device  1 [0029:01:00] NVIDIA GH200 120GB
0: #
0: #                                                              out-of-place                       in-place          
0: #       size         count      type   redop    root     time   algbw   busbw  #wrong     time   algbw   busbw  #wrong 
0: #        (B)    (elements)                               (us)  (GB/s)  (GB/s)             (us)  (GB/s)  (GB/s)         
0:      8388608       2097152     float     sum      -1   117.87   71.17   71.17       0   117.13   71.62   71.62    N/A
0:     16777216       4194304     float     sum      -1   218.17   76.90   76.90       0   218.62   76.74   76.74    N/A
0:     33554432       8388608     float     sum      -1   421.58   79.59   79.59       0   424.82   78.98   78.98    N/A
0:     67108864      16777216     float     sum      -1   815.17   82.32   82.32       0   824.45   81.40   81.40    N/A
0:    134217728      33554432     float     sum      -1  1124.78  119.33  119.33       0  1127.90  119.00  119.00    N/A
0:    268435456      67108864     float     sum      -1  2202.10  121.90  121.90       0  2212.02  121.35  121.35    N/A
0: # Out of bounds values : 0 OK
0: # Avg bus bandwidth    : 91.6926 
0: #
0: # Collective test concluded: sendrecv_perf
0: #
0: 
0: 
0: ##### pass 11/20  pair g1-g3  sendrecv_perf
0: # nccl-tests version 2.17.8 nccl-headers=22903 nccl-library=22903
0: # Collective test starting: sendrecv_perf
0: # nThread 1 nGpus 2 minBytes 8388608 maxBytes 268435456 step: 2(factor) warmup iters: 5 iters: 20 agg iters: 1 validation: 1 graph: 0
0: #
0: # Using devices
0: #  Rank  0 Group  0 Pid  61726 on  nid006856 device  0 [0019:01:00] NVIDIA GH200 120GB
0: #  Rank  1 Group  0 Pid  61726 on  nid006856 device  1 [0039:01:00] NVIDIA GH200 120GB
0: #
0: #                                                              out-of-place                       in-place          
0: #       size         count      type   redop    root     time   algbw   busbw  #wrong     time   algbw   busbw  #wrong 
0: #        (B)    (elements)                               (us)  (GB/s)  (GB/s)             (us)  (GB/s)  (GB/s)         
0:      8388608       2097152     float     sum      -1   115.98   72.33   72.33       0   116.75   71.85   71.85    N/A
0:     16777216       4194304     float     sum      -1   222.70   75.34   75.34       0   218.54   76.77   76.77    N/A
0:     33554432       8388608     float     sum      -1   419.95   79.90   79.90       0   424.06   79.13   79.13    N/A
0:     67108864      16777216     float     sum      -1   816.39   82.20   82.20       0   822.35   81.61   81.61    N/A
0:    134217728      33554432     float     sum      -1  1123.19  119.50  119.50       0  1121.12  119.72  119.72    N/A
0:    268435456      67108864     float     sum      -1  2209.07  121.52  121.52       0  2209.11  121.51  121.51    N/A
0: # Out of bounds values : 0 OK
0: # Avg bus bandwidth    : 91.7803 
0: #
0: # Collective test concluded: sendrecv_perf
0: #
0: 
0: 
0: ##### pass 11/20  pair g2-g3  sendrecv_perf
0: # nccl-tests version 2.17.8 nccl-headers=22903 nccl-library=22903
0: # Collective test starting: sendrecv_perf
0: # nThread 1 nGpus 2 minBytes 8388608 maxBytes 268435456 step: 2(factor) warmup iters: 5 iters: 20 agg iters: 1 validation: 1 graph: 0
0: #
0: # Using devices
0: #  Rank  0 Group  0 Pid  61761 on  nid006856 device  0 [0029:01:00] NVIDIA GH200 120GB
0: #  Rank  1 Group  0 Pid  61761 on  nid006856 device  1 [0039:01:00] NVIDIA GH200 120GB
0: #
0: #                                                              out-of-place                       in-place          
0: #       size         count      type   redop    root     time   algbw   busbw  #wrong     time   algbw   busbw  #wrong 
0: #        (B)    (elements)                               (us)  (GB/s)  (GB/s)             (us)  (GB/s)  (GB/s)         
0:      8388608       2097152     float     sum      -1   116.18   72.20   72.20       0   115.28   72.77   72.77    N/A
0:     16777216       4194304     float     sum      -1   222.54   75.39   75.39       0   222.55   75.39   75.39    N/A
0:     33554432       8388608     float     sum      -1   421.71   79.57   79.57       0   423.33   79.26   79.26    N/A
0:     67108864      16777216     float     sum      -1   811.93   82.65   82.65       0   823.82   81.46   81.46    N/A
0:    134217728      33554432     float     sum      -1  1119.67  119.87  119.87       0  1121.49  119.68  119.68    N/A
0:    268435456      67108864     float     sum      -1  2213.90  121.25  121.25       0  2214.08  121.24  121.24    N/A
0: # Out of bounds values : 0 OK
0: # Avg bus bandwidth    : 91.7272 
0: #
0: # Collective test concluded: sendrecv_perf
0: #
0: 
0: 
0: ##### pass 12/20  pair g0-g1  sendrecv_perf
0: # nccl-tests version 2.17.8 nccl-headers=22903 nccl-library=22903
0: # Collective test starting: sendrecv_perf
0: # nThread 1 nGpus 2 minBytes 8388608 maxBytes 268435456 step: 2(factor) warmup iters: 5 iters: 20 agg iters: 1 validation: 1 graph: 0
0: #
0: # Using devices
0: #  Rank  0 Group  0 Pid  61793 on  nid006856 device  0 [0009:01:00] NVIDIA GH200 120GB
0: #  Rank  1 Group  0 Pid  61793 on  nid006856 device  1 [0019:01:00] NVIDIA GH200 120GB
0: #
0: #                                                              out-of-place                       in-place          
0: #       size         count      type   redop    root     time   algbw   busbw  #wrong     time   algbw   busbw  #wrong 
0: #        (B)    (elements)                               (us)  (GB/s)  (GB/s)             (us)  (GB/s)  (GB/s)         
0:      8388608       2097152     float     sum      -1   115.59   72.57   72.57       0   114.79   73.08   73.08    N/A
0:     16777216       4194304     float     sum      -1   218.00   76.96   76.96       0   220.87   75.96   75.96    N/A
0:     33554432       8388608     float     sum      -1   420.23   79.85   79.85       0   419.26   80.03   80.03    N/A
0:     67108864      16777216     float     sum      -1   807.98   83.06   83.06       0   818.84   81.96   81.96    N/A
0:    134217728      33554432     float     sum      -1  1127.90  119.00  119.00       0  1117.22  120.14  120.14    N/A
0:    268435456      67108864     float     sum      -1  2209.65  121.48  121.48       0  2211.19  121.40  121.40    N/A
0: # Out of bounds values : 0 OK
0: # Avg bus bandwidth    : 92.1233 
0: #
0: # Collective test concluded: sendrecv_perf
0: #
0: 
0: 
0: ##### pass 12/20  pair g0-g2  sendrecv_perf
0: # nccl-tests version 2.17.8 nccl-headers=22903 nccl-library=22903
0: # Collective test starting: sendrecv_perf
0: # nThread 1 nGpus 2 minBytes 8388608 maxBytes 268435456 step: 2(factor) warmup iters: 5 iters: 20 agg iters: 1 validation: 1 graph: 0
0: #
0: # Using devices
0: #  Rank  0 Group  0 Pid  61832 on  nid006856 device  0 [0009:01:00] NVIDIA GH200 120GB
0: #  Rank  1 Group  0 Pid  61832 on  nid006856 device  1 [0029:01:00] NVIDIA GH200 120GB
0: #
0: #                                                              out-of-place                       in-place          
0: #       size         count      type   redop    root     time   algbw   busbw  #wrong     time   algbw   busbw  #wrong 
0: #        (B)    (elements)                               (us)  (GB/s)  (GB/s)             (us)  (GB/s)  (GB/s)         
0:      8388608       2097152     float     sum      -1   117.75   71.24   71.24       0   115.25   72.79   72.79    N/A
0:     16777216       4194304     float     sum      -1   220.57   76.06   76.06       0   222.46   75.42   75.42    N/A
0:     33554432       8388608     float     sum      -1   420.22   79.85   79.85       0   421.17   79.67   79.67    N/A
0:     67108864      16777216     float     sum      -1   810.71   82.78   82.78       0   819.23   81.92   81.92    N/A
0:    134217728      33554432     float     sum      -1  1118.93  119.95  119.95       0  1126.67  119.13  119.13    N/A
0:    268435456      67108864     float     sum      -1  2212.78  121.31  121.31       0  2206.15  121.68  121.68    N/A
0: # Out of bounds values : 0 OK
0: # Avg bus bandwidth    : 91.8158 
0: #
0: # Collective test concluded: sendrecv_perf
0: #
0: 
0: 
0: ##### pass 12/20  pair g0-g3  sendrecv_perf
0: # nccl-tests version 2.17.8 nccl-headers=22903 nccl-library=22903
0: # Collective test starting: sendrecv_perf
0: # nThread 1 nGpus 2 minBytes 8388608 maxBytes 268435456 step: 2(factor) warmup iters: 5 iters: 20 agg iters: 1 validation: 1 graph: 0
0: #
0: # Using devices
0: #  Rank  0 Group  0 Pid  61867 on  nid006856 device  0 [0009:01:00] NVIDIA GH200 120GB
0: #  Rank  1 Group  0 Pid  61867 on  nid006856 device  1 [0039:01:00] NVIDIA GH200 120GB
0: #
0: #                                                              out-of-place                       in-place          
0: #       size         count      type   redop    root     time   algbw   busbw  #wrong     time   algbw   busbw  #wrong 
0: #        (B)    (elements)                               (us)  (GB/s)  (GB/s)             (us)  (GB/s)  (GB/s)         
0:      8388608       2097152     float     sum      -1   115.95   72.34   72.34       0   116.10   72.25   72.25    N/A
0:     16777216       4194304     float     sum      -1   218.17   76.90   76.90       0   222.58   75.38   75.38    N/A
0:     33554432       8388608     float     sum      -1   423.15   79.30   79.30       0   418.86   80.11   80.11    N/A
0:     67108864      16777216     float     sum      -1   810.85   82.76   82.76       0   820.92   81.75   81.75    N/A
0:    134217728      33554432     float     sum      -1  1128.91  118.89  118.89       0  1122.94  119.52  119.52    N/A
0:    268435456      67108864     float     sum      -1  2212.26  121.34  121.34       0  2212.91  121.30  121.30    N/A
0: # Out of bounds values : 0 OK
0: # Avg bus bandwidth    : 91.8205 
0: #
0: # Collective test concluded: sendrecv_perf
0: #
0: 
0: 
0: ##### pass 12/20  pair g1-g2  sendrecv_perf
0: # nccl-tests version 2.17.8 nccl-headers=22903 nccl-library=22903
0: # Collective test starting: sendrecv_perf
0: # nThread 1 nGpus 2 minBytes 8388608 maxBytes 268435456 step: 2(factor) warmup iters: 5 iters: 20 agg iters: 1 validation: 1 graph: 0
0: #
0: # Using devices
0: #  Rank  0 Group  0 Pid  61900 on  nid006856 device  0 [0019:01:00] NVIDIA GH200 120GB
0: #  Rank  1 Group  0 Pid  61900 on  nid006856 device  1 [0029:01:00] NVIDIA GH200 120GB
0: #
0: #                                                              out-of-place                       in-place          
0: #       size         count      type   redop    root     time   algbw   busbw  #wrong     time   algbw   busbw  #wrong 
0: #        (B)    (elements)                               (us)  (GB/s)  (GB/s)             (us)  (GB/s)  (GB/s)         
0:      8388608       2097152     float     sum      -1   115.63   72.55   72.55       0   117.51   71.38   71.38    N/A
0:     16777216       4194304     float     sum      -1   217.75   77.05   77.05       0   216.86   77.36   77.36    N/A
0:     33554432       8388608     float     sum      -1   418.24   80.23   80.23       0   420.53   79.79   79.79    N/A
0:     67108864      16777216     float     sum      -1   810.69   82.78   82.78       0   818.98   81.94   81.94    N/A
0:    134217728      33554432     float     sum      -1  1123.08  119.51  119.51       0  1121.02  119.73  119.73    N/A
0:    268435456      67108864     float     sum      -1  2211.19  121.40  121.40       0  2215.04  121.19  121.19    N/A
0: # Out of bounds values : 0 OK
0: # Avg bus bandwidth    : 92.0757 
0: #
0: # Collective test concluded: sendrecv_perf
0: #
0: 
0: 
0: ##### pass 12/20  pair g1-g3  sendrecv_perf
0: # nccl-tests version 2.17.8 nccl-headers=22903 nccl-library=22903
0: # Collective test starting: sendrecv_perf
0: # nThread 1 nGpus 2 minBytes 8388608 maxBytes 268435456 step: 2(factor) warmup iters: 5 iters: 20 agg iters: 1 validation: 1 graph: 0
0: #
0: # Using devices
0: #  Rank  0 Group  0 Pid  61945 on  nid006856 device  0 [0019:01:00] NVIDIA GH200 120GB
0: #  Rank  1 Group  0 Pid  61945 on  nid006856 device  1 [0039:01:00] NVIDIA GH200 120GB
0: #
0: #                                                              out-of-place                       in-place          
0: #       size         count      type   redop    root     time   algbw   busbw  #wrong     time   algbw   busbw  #wrong 
0: #        (B)    (elements)                               (us)  (GB/s)  (GB/s)             (us)  (GB/s)  (GB/s)         
0:      8388608       2097152     float     sum      -1   115.98   72.33   72.33       0   115.47   72.65   72.65    N/A
0:     16777216       4194304     float     sum      -1   219.71   76.36   76.36       0   222.39   75.44   75.44    N/A
0:     33554432       8388608     float     sum      -1   422.38   79.44   79.44       0   424.07   79.13   79.13    N/A
0:     67108864      16777216     float     sum      -1   817.00   82.14   82.14       0   821.00   81.74   81.74    N/A
0:    134217728      33554432     float     sum      -1  1122.42  119.58  119.58       0  1122.67  119.55  119.55    N/A
0:    268435456      67108864     float     sum      -1  2210.58  121.43  121.43       0  2212.91  121.30  121.30    N/A
0: # Out of bounds values : 0 OK
0: # Avg bus bandwidth    : 91.7577 
0: #
0: # Collective test concluded: sendrecv_perf
0: #
0: 
0: 
0: ##### pass 12/20  pair g2-g3  sendrecv_perf
0: # nccl-tests version 2.17.8 nccl-headers=22903 nccl-library=22903
0: # Collective test starting: sendrecv_perf
0: # nThread 1 nGpus 2 minBytes 8388608 maxBytes 268435456 step: 2(factor) warmup iters: 5 iters: 20 agg iters: 1 validation: 1 graph: 0
0: #
0: # Using devices
0: #  Rank  0 Group  0 Pid  61990 on  nid006856 device  0 [0029:01:00] NVIDIA GH200 120GB
0: #  Rank  1 Group  0 Pid  61990 on  nid006856 device  1 [0039:01:00] NVIDIA GH200 120GB
0: #
0: #                                                              out-of-place                       in-place          
0: #       size         count      type   redop    root     time   algbw   busbw  #wrong     time   algbw   busbw  #wrong 
0: #        (B)    (elements)                               (us)  (GB/s)  (GB/s)             (us)  (GB/s)  (GB/s)         
0:      8388608       2097152     float     sum      -1   116.08   72.27   72.27       0   115.67   72.52   72.52    N/A
0:     16777216       4194304     float     sum      -1   222.48   75.41   75.41       0   223.19   75.17   75.17    N/A
0:     33554432       8388608     float     sum      -1   421.01   79.70   79.70       0   422.54   79.41   79.41    N/A
0:     67108864      16777216     float     sum      -1   817.09   82.13   82.13       0   821.09   81.73   81.73    N/A
0:    134217728      33554432     float     sum      -1  1128.81  118.90  118.90       0  1121.88  119.64  119.64    N/A
0:    268435456      67108864     float     sum      -1  2210.34  121.45  121.45       0  2211.64  121.37  121.37    N/A
0: # Out of bounds values : 0 OK
0: # Avg bus bandwidth    : 91.6415 
0: #
0: # Collective test concluded: sendrecv_perf
0: #
0: 
0: 
0: ##### pass 13/20  pair g0-g1  sendrecv_perf
0: # nccl-tests version 2.17.8 nccl-headers=22903 nccl-library=22903
0: # Collective test starting: sendrecv_perf
0: # nThread 1 nGpus 2 minBytes 8388608 maxBytes 268435456 step: 2(factor) warmup iters: 5 iters: 20 agg iters: 1 validation: 1 graph: 0
0: #
0: # Using devices
0: #  Rank  0 Group  0 Pid  62025 on  nid006856 device  0 [0009:01:00] NVIDIA GH200 120GB
0: #  Rank  1 Group  0 Pid  62025 on  nid006856 device  1 [0019:01:00] NVIDIA GH200 120GB
0: #
0: #                                                              out-of-place                       in-place          
0: #       size         count      type   redop    root     time   algbw   busbw  #wrong     time   algbw   busbw  #wrong 
0: #        (B)    (elements)                               (us)  (GB/s)  (GB/s)             (us)  (GB/s)  (GB/s)         
0:      8388608       2097152     float     sum      -1   115.61   72.56   72.56       0   115.07   72.90   72.90    N/A
0:     16777216       4194304     float     sum      -1   223.34   75.12   75.12       0   216.87   77.36   77.36    N/A
0:     33554432       8388608     float     sum      -1   419.86   79.92   79.92       0   420.82   79.74   79.74    N/A
0:     67108864      16777216     float     sum      -1   808.65   82.99   82.99       0   824.28   81.42   81.42    N/A
0:    134217728      33554432     float     sum      -1  1128.00  118.99  118.99       0  1120.58  119.78  119.78    N/A
0:    268435456      67108864     float     sum      -1  2206.87  121.64  121.64       0  2200.60  121.98  121.98    N/A
0: # Out of bounds values : 0 OK
0: # Avg bus bandwidth    : 92.0316 
0: #
0: # Collective test concluded: sendrecv_perf
0: #
0: 
0: 
0: ##### pass 13/20  pair g0-g2  sendrecv_perf
0: # nccl-tests version 2.17.8 nccl-headers=22903 nccl-library=22903
0: # Collective test starting: sendrecv_perf
0: # nThread 1 nGpus 2 minBytes 8388608 maxBytes 268435456 step: 2(factor) warmup iters: 5 iters: 20 agg iters: 1 validation: 1 graph: 0
0: #
0: # Using devices
0: #  Rank  0 Group  0 Pid  62071 on  nid006856 device  0 [0009:01:00] NVIDIA GH200 120GB
0: #  Rank  1 Group  0 Pid  62071 on  nid006856 device  1 [0029:01:00] NVIDIA GH200 120GB
0: #
0: #                                                              out-of-place                       in-place          
0: #       size         count      type   redop    root     time   algbw   busbw  #wrong     time   algbw   busbw  #wrong 
0: #        (B)    (elements)                               (us)  (GB/s)  (GB/s)             (us)  (GB/s)  (GB/s)         
0:      8388608       2097152     float     sum      -1   115.93   72.36   72.36       0   119.15   70.40   70.40    N/A
0:     16777216       4194304     float     sum      -1   221.31   75.81   75.81       0   219.87   76.31   76.31    N/A
0:     33554432       8388608     float     sum      -1   419.99   79.89   79.89       0   420.13   79.87   79.87    N/A
0:     67108864      16777216     float     sum      -1   814.38   82.40   82.40       0   819.35   81.90   81.90    N/A
0:    134217728      33554432     float     sum      -1  1120.12  119.82  119.82       0  1125.44  119.26  119.26    N/A
0:    268435456      67108864     float     sum      -1  2216.81  121.09  121.09       0  2206.28  121.67  121.67    N/A
0: # Out of bounds values : 0 OK
0: # Avg bus bandwidth    : 91.7324 
0: #
0: # Collective test concluded: sendrecv_perf
0: #
0: 
0: 
0: ##### pass 13/20  pair g0-g3  sendrecv_perf
0: # nccl-tests version 2.17.8 nccl-headers=22903 nccl-library=22903
0: # Collective test starting: sendrecv_perf
0: # nThread 1 nGpus 2 minBytes 8388608 maxBytes 268435456 step: 2(factor) warmup iters: 5 iters: 20 agg iters: 1 validation: 1 graph: 0
0: #
0: # Using devices
0: #  Rank  0 Group  0 Pid  62106 on  nid006856 device  0 [0009:01:00] NVIDIA GH200 120GB
0: #  Rank  1 Group  0 Pid  62106 on  nid006856 device  1 [0039:01:00] NVIDIA GH200 120GB
0: #
0: #                                                              out-of-place                       in-place          
0: #       size         count      type   redop    root     time   algbw   busbw  #wrong     time   algbw   busbw  #wrong 
0: #        (B)    (elements)                               (us)  (GB/s)  (GB/s)             (us)  (GB/s)  (GB/s)         
0:      8388608       2097152     float     sum      -1   115.92   72.37   72.37       0   115.63   72.55   72.55    N/A
0:     16777216       4194304     float     sum      -1   222.46   75.42   75.42       0   221.73   75.67   75.67    N/A
0:     33554432       8388608     float     sum      -1   422.40   79.44   79.44       0   422.79   79.36   79.36    N/A
0:     67108864      16777216     float     sum      -1   813.43   82.50   82.50       0   823.48   81.49   81.49    N/A
0:    134217728      33554432     float     sum      -1  1122.83  119.54  119.54       0  1119.04  119.94  119.94    N/A
0:    268435456      67108864     float     sum      -1  2205.92  121.69  121.69       0  2206.06  121.68  121.68    N/A
0: # Out of bounds values : 0 OK
0: # Avg bus bandwidth    : 91.8031 
0: #
0: # Collective test concluded: sendrecv_perf
0: #
0: 
0: 
0: ##### pass 13/20  pair g1-g2  sendrecv_perf
0: # nccl-tests version 2.17.8 nccl-headers=22903 nccl-library=22903
0: # Collective test starting: sendrecv_perf
0: # nThread 1 nGpus 2 minBytes 8388608 maxBytes 268435456 step: 2(factor) warmup iters: 5 iters: 20 agg iters: 1 validation: 1 graph: 0
0: #
0: # Using devices
0: #  Rank  0 Group  0 Pid  62141 on  nid006856 device  0 [0019:01:00] NVIDIA GH200 120GB
0: #  Rank  1 Group  0 Pid  62141 on  nid006856 device  1 [0029:01:00] NVIDIA GH200 120GB
0: #
0: #                                                              out-of-place                       in-place          
0: #       size         count      type   redop    root     time   algbw   busbw  #wrong     time   algbw   busbw  #wrong 
0: #        (B)    (elements)                               (us)  (GB/s)  (GB/s)             (us)  (GB/s)  (GB/s)         
0:      8388608       2097152     float     sum      -1   115.63   72.54   72.54       0   117.80   71.21   71.21    N/A
0:     16777216       4194304     float     sum      -1   220.92   75.94   75.94       0   217.28   77.21   77.21    N/A
0:     33554432       8388608     float     sum      -1   420.95   79.71   79.71       0   421.55   79.60   79.60    N/A
0:     67108864      16777216     float     sum      -1   811.09   82.74   82.74       0   819.49   81.89   81.89    N/A
0:    134217728      33554432     float     sum      -1  1127.08  119.08  119.08       0  1126.45  119.15  119.15    N/A
0:    268435456      67108864     float     sum      -1  2208.64  121.54  121.54       0  2214.31  121.23  121.23    N/A
0: # Out of bounds values : 0 OK
0: # Avg bus bandwidth    : 91.8209 
0: #
0: # Collective test concluded: sendrecv_perf
0: #
0: 
0: 
0: ##### pass 13/20  pair g1-g3  sendrecv_perf
0: # nccl-tests version 2.17.8 nccl-headers=22903 nccl-library=22903
0: # Collective test starting: sendrecv_perf
0: # nThread 1 nGpus 2 minBytes 8388608 maxBytes 268435456 step: 2(factor) warmup iters: 5 iters: 20 agg iters: 1 validation: 1 graph: 0
0: #
0: # Using devices
0: #  Rank  0 Group  0 Pid  62177 on  nid006856 device  0 [0019:01:00] NVIDIA GH200 120GB
0: #  Rank  1 Group  0 Pid  62177 on  nid006856 device  1 [0039:01:00] NVIDIA GH200 120GB
0: #
0: #                                                              out-of-place                       in-place          
0: #       size         count      type   redop    root     time   algbw   busbw  #wrong     time   algbw   busbw  #wrong 
0: #        (B)    (elements)                               (us)  (GB/s)  (GB/s)             (us)  (GB/s)  (GB/s)         
0:      8388608       2097152     float     sum      -1   116.22   72.18   72.18       0   118.59   70.73   70.73    N/A
0:     16777216       4194304     float     sum      -1   222.37   75.45   75.45       0   217.14   77.26   77.26    N/A
0:     33554432       8388608     float     sum      -1   421.12   79.68   79.68       0   423.64   79.21   79.21    N/A
0:     67108864      16777216     float     sum      -1   814.93   82.35   82.35       0   820.29   81.81   81.81    N/A
0:    134217728      33554432     float     sum      -1  1123.72  119.44  119.44       0  1123.55  119.46  119.46    N/A
0:    268435456      67108864     float     sum      -1  2204.55  121.76  121.76       0  2205.84  121.69  121.69    N/A
0: # Out of bounds values : 0 OK
0: # Avg bus bandwidth    : 91.7521 
0: #
0: # Collective test concluded: sendrecv_perf
0: #
0: 
0: 
0: ##### pass 13/20  pair g2-g3  sendrecv_perf
0: # nccl-tests version 2.17.8 nccl-headers=22903 nccl-library=22903
0: # Collective test starting: sendrecv_perf
0: # nThread 1 nGpus 2 minBytes 8388608 maxBytes 268435456 step: 2(factor) warmup iters: 5 iters: 20 agg iters: 1 validation: 1 graph: 0
0: #
0: # Using devices
0: #  Rank  0 Group  0 Pid  62212 on  nid006856 device  0 [0029:01:00] NVIDIA GH200 120GB
0: #  Rank  1 Group  0 Pid  62212 on  nid006856 device  1 [0039:01:00] NVIDIA GH200 120GB
0: #
0: #                                                              out-of-place                       in-place          
0: #       size         count      type   redop    root     time   algbw   busbw  #wrong     time   algbw   busbw  #wrong 
0: #        (B)    (elements)                               (us)  (GB/s)  (GB/s)             (us)  (GB/s)  (GB/s)         
0:      8388608       2097152     float     sum      -1   116.18   72.20   72.20       0   115.79   72.45   72.45    N/A
0:     16777216       4194304     float     sum      -1   220.25   76.17   76.17       0   218.10   76.93   76.93    N/A
0:     33554432       8388608     float     sum      -1   421.19   79.67   79.67       0   424.78   78.99   78.99    N/A
0:     67108864      16777216     float     sum      -1   811.18   82.73   82.73       0   822.55   81.59   81.59    N/A
0:    134217728      33554432     float     sum      -1  1125.12  119.29  119.29       0  1121.90  119.63  119.63    N/A
0:    268435456      67108864     float     sum      -1  2202.49  121.88  121.88       0  2209.57  121.49  121.49    N/A
0: # Out of bounds values : 0 OK
0: # Avg bus bandwidth    : 91.9179 
0: #
0: # Collective test concluded: sendrecv_perf
0: #
0: 
0: 
0: ##### pass 14/20  pair g0-g1  sendrecv_perf
0: # nccl-tests version 2.17.8 nccl-headers=22903 nccl-library=22903
0: # Collective test starting: sendrecv_perf
0: # nThread 1 nGpus 2 minBytes 8388608 maxBytes 268435456 step: 2(factor) warmup iters: 5 iters: 20 agg iters: 1 validation: 1 graph: 0
0: #
0: # Using devices
0: #  Rank  0 Group  0 Pid  62263 on  nid006856 device  0 [0009:01:00] NVIDIA GH200 120GB
0: #  Rank  1 Group  0 Pid  62263 on  nid006856 device  1 [0019:01:00] NVIDIA GH200 120GB
0: #
0: #                                                              out-of-place                       in-place          
0: #       size         count      type   redop    root     time   algbw   busbw  #wrong     time   algbw   busbw  #wrong 
0: #        (B)    (elements)                               (us)  (GB/s)  (GB/s)             (us)  (GB/s)  (GB/s)         
0:      8388608       2097152     float     sum      -1   117.56   71.36   71.36       0   115.07   72.90   72.90    N/A
0:     16777216       4194304     float     sum      -1   217.88   77.00   77.00       0   220.52   76.08   76.08    N/A
0:     33554432       8388608     float     sum      -1   419.89   79.91   79.91       0   419.15   80.05   80.05    N/A
0:     67108864      16777216     float     sum      -1   810.73   82.78   82.78       0   815.57   82.28   82.28    N/A
0:    134217728      33554432     float     sum      -1  1120.28  119.81  119.81       0  1120.40  119.79  119.79    N/A
0:    268435456      67108864     float     sum      -1  2214.47  121.22  121.22       0  2211.83  121.36  121.36    N/A
0: # Out of bounds values : 0 OK
0: # Avg bus bandwidth    : 92.0455 
0: #
0: # Collective test concluded: sendrecv_perf
0: #
0: 
0: 
0: ##### pass 14/20  pair g0-g2  sendrecv_perf
0: # nccl-tests version 2.17.8 nccl-headers=22903 nccl-library=22903
0: # Collective test starting: sendrecv_perf
0: # nThread 1 nGpus 2 minBytes 8388608 maxBytes 268435456 step: 2(factor) warmup iters: 5 iters: 20 agg iters: 1 validation: 1 graph: 0
0: #
0: # Using devices
0: #  Rank  0 Group  0 Pid  62302 on  nid006856 device  0 [0009:01:00] NVIDIA GH200 120GB
0: #  Rank  1 Group  0 Pid  62302 on  nid006856 device  1 [0029:01:00] NVIDIA GH200 120GB
0: #
0: #                                                              out-of-place                       in-place          
0: #       size         count      type   redop    root     time   algbw   busbw  #wrong     time   algbw   busbw  #wrong 
0: #        (B)    (elements)                               (us)  (GB/s)  (GB/s)             (us)  (GB/s)  (GB/s)         
0:      8388608       2097152     float     sum      -1   115.20   72.82   72.82       0   115.07   72.90   72.90    N/A
0:     16777216       4194304     float     sum      -1   220.43   76.11   76.11       0   217.92   76.99   76.99    N/A
0:     33554432       8388608     float     sum      -1   420.73   79.75   79.75       0   420.84   79.73   79.73    N/A
0:     67108864      16777216     float     sum      -1   809.51   82.90   82.90       0   815.38   82.30   82.30    N/A
0:    134217728      33554432     float     sum      -1  1124.80  119.33  119.33       0  1123.99  119.41  119.41    N/A
0:    268435456      67108864     float     sum      -1  2221.17  120.85  120.85       0  2209.85  121.47  121.47    N/A
0: # Out of bounds values : 0 OK
0: # Avg bus bandwidth    : 92.047 
0: #
0: # Collective test concluded: sendrecv_perf
0: #
0: 
0: 
0: ##### pass 14/20  pair g0-g3  sendrecv_perf
0: # nccl-tests version 2.17.8 nccl-headers=22903 nccl-library=22903
0: # Collective test starting: sendrecv_perf
0: # nThread 1 nGpus 2 minBytes 8388608 maxBytes 268435456 step: 2(factor) warmup iters: 5 iters: 20 agg iters: 1 validation: 1 graph: 0
0: #
0: # Using devices
0: #  Rank  0 Group  0 Pid  62334 on  nid006856 device  0 [0009:01:00] NVIDIA GH200 120GB
0: #  Rank  1 Group  0 Pid  62334 on  nid006856 device  1 [0039:01:00] NVIDIA GH200 120GB
0: #
0: #                                                              out-of-place                       in-place          
0: #       size         count      type   redop    root     time   algbw   busbw  #wrong     time   algbw   busbw  #wrong 
0: #        (B)    (elements)                               (us)  (GB/s)  (GB/s)             (us)  (GB/s)  (GB/s)         
0:      8388608       2097152     float     sum      -1   115.60   72.56   72.56       0   119.83   70.00   70.00    N/A
0:     16777216       4194304     float     sum      -1   221.67   75.68   75.68       0   217.60   77.10   77.10    N/A
0:     33554432       8388608     float     sum      -1   423.35   79.26   79.26       0   422.82   79.36   79.36    N/A
0:     67108864      16777216     float     sum      -1   813.39   82.51   82.51       0   820.96   81.74   81.74    N/A
0:    134217728      33554432     float     sum      -1  1121.37  119.69  119.69       0  1120.23  119.81  119.81    N/A
0:    268435456      67108864     float     sum      -1  2210.07  121.46  121.46       0  2209.21  121.51  121.51    N/A
0: # Out of bounds values : 0 OK
0: # Avg bus bandwidth    : 91.724 
0: #
0: # Collective test concluded: sendrecv_perf
0: #
0: 
0: 
0: ##### pass 14/20  pair g1-g2  sendrecv_perf
0: # nccl-tests version 2.17.8 nccl-headers=22903 nccl-library=22903
0: # Collective test starting: sendrecv_perf
0: # nThread 1 nGpus 2 minBytes 8388608 maxBytes 268435456 step: 2(factor) warmup iters: 5 iters: 20 agg iters: 1 validation: 1 graph: 0
0: #
0: # Using devices
0: #  Rank  0 Group  0 Pid  62369 on  nid006856 device  0 [0019:01:00] NVIDIA GH200 120GB
0: #  Rank  1 Group  0 Pid  62369 on  nid006856 device  1 [0029:01:00] NVIDIA GH200 120GB
0: #
0: #                                                              out-of-place                       in-place          
0: #       size         count      type   redop    root     time   algbw   busbw  #wrong     time   algbw   busbw  #wrong 
0: #        (B)    (elements)                               (us)  (GB/s)  (GB/s)             (us)  (GB/s)  (GB/s)         
0:      8388608       2097152     float     sum      -1   118.44   70.83   70.83       0   117.44   71.43   71.43    N/A
0:     16777216       4194304     float     sum      -1   219.21   76.53   76.53       0   219.50   76.43   76.43    N/A
0:     33554432       8388608     float     sum      -1   420.99   79.70   79.70       0   422.19   79.48   79.48    N/A
0:     67108864      16777216     float     sum      -1   814.11   82.43   82.43       0   825.51   81.29   81.29    N/A
0:    134217728      33554432     float     sum      -1  1121.18  119.71  119.71       0  1117.20  120.14  120.14    N/A
0:    268435456      67108864     float     sum      -1  2205.42  121.72  121.72       0  2205.26  121.73  121.73    N/A
0: # Out of bounds values : 0 OK
0: # Avg bus bandwidth    : 91.7853 
0: #
0: # Collective test concluded: sendrecv_perf
0: #
0: 
0: 
0: ##### pass 14/20  pair g1-g3  sendrecv_perf
0: # nccl-tests version 2.17.8 nccl-headers=22903 nccl-library=22903
0: # Collective test starting: sendrecv_perf
0: # nThread 1 nGpus 2 minBytes 8388608 maxBytes 268435456 step: 2(factor) warmup iters: 5 iters: 20 agg iters: 1 validation: 1 graph: 0
0: #
0: # Using devices
0: #  Rank  0 Group  0 Pid  62405 on  nid006856 device  0 [0019:01:00] NVIDIA GH200 120GB
0: #  Rank  1 Group  0 Pid  62405 on  nid006856 device  1 [0039:01:00] NVIDIA GH200 120GB
0: #
0: #                                                              out-of-place                       in-place          
0: #       size         count      type   redop    root     time   algbw   busbw  #wrong     time   algbw   busbw  #wrong 
0: #        (B)    (elements)                               (us)  (GB/s)  (GB/s)             (us)  (GB/s)  (GB/s)         
0:      8388608       2097152     float     sum      -1   116.29   72.13   72.13       0   115.99   72.32   72.32    N/A
0:     16777216       4194304     float     sum      -1   221.90   75.61   75.61       0   223.62   75.02   75.02    N/A
0:     33554432       8388608     float     sum      -1   423.87   79.16   79.16       0   422.74   79.37   79.37    N/A
0:     67108864      16777216     float     sum      -1   818.72   81.97   81.97       0   825.45   81.30   81.30    N/A
0:    134217728      33554432     float     sum      -1  1122.67  119.55  119.55       0  1119.62  119.88  119.88    N/A
0:    268435456      67108864     float     sum      -1  2214.89  121.20  121.20       0  2204.43  121.77  121.77    N/A
0: # Out of bounds values : 0 OK
0: # Avg bus bandwidth    : 91.6074 
0: #
0: # Collective test concluded: sendrecv_perf
0: #
0: 
0: 
0: ##### pass 14/20  pair g2-g3  sendrecv_perf
0: # nccl-tests version 2.17.8 nccl-headers=22903 nccl-library=22903
0: # Collective test starting: sendrecv_perf
0: # nThread 1 nGpus 2 minBytes 8388608 maxBytes 268435456 step: 2(factor) warmup iters: 5 iters: 20 agg iters: 1 validation: 1 graph: 0
0: #
0: # Using devices
0: #  Rank  0 Group  0 Pid  62440 on  nid006856 device  0 [0029:01:00] NVIDIA GH200 120GB
0: #  Rank  1 Group  0 Pid  62440 on  nid006856 device  1 [0039:01:00] NVIDIA GH200 120GB
0: #
0: #                                                              out-of-place                       in-place          
0: #       size         count      type   redop    root     time   algbw   busbw  #wrong     time   algbw   busbw  #wrong 
0: #        (B)    (elements)                               (us)  (GB/s)  (GB/s)             (us)  (GB/s)  (GB/s)         
0:      8388608       2097152     float     sum      -1   116.06   72.28   72.28       0   117.52   71.38   71.38    N/A
0:     16777216       4194304     float     sum      -1   221.06   75.89   75.89       0   220.41   76.12   76.12    N/A
0:     33554432       8388608     float     sum      -1   422.24   79.47   79.47       0   423.30   79.27   79.27    N/A
0:     67108864      16777216     float     sum      -1   814.71   82.37   82.37       0   823.84   81.46   81.46    N/A
0:    134217728      33554432     float     sum      -1  1127.73  119.02  119.02       0  1123.03  119.51  119.51    N/A
0:    268435456      67108864     float     sum      -1  2211.22  121.40  121.40       0  2209.15  121.51  121.51    N/A
0: # Out of bounds values : 0 OK
0: # Avg bus bandwidth    : 91.6399 
0: #
0: # Collective test concluded: sendrecv_perf
0: #
0: 
0: 
0: ##### pass 15/20  pair g0-g1  sendrecv_perf
0: # nccl-tests version 2.17.8 nccl-headers=22903 nccl-library=22903
0: # Collective test starting: sendrecv_perf
0: # nThread 1 nGpus 2 minBytes 8388608 maxBytes 268435456 step: 2(factor) warmup iters: 5 iters: 20 agg iters: 1 validation: 1 graph: 0
0: #
0: # Using devices
0: #  Rank  0 Group  0 Pid  62568 on  nid006856 device  0 [0009:01:00] NVIDIA GH200 120GB
0: #  Rank  1 Group  0 Pid  62568 on  nid006856 device  1 [0019:01:00] NVIDIA GH200 120GB
0: #
0: #                                                              out-of-place                       in-place          
0: #       size         count      type   redop    root     time   algbw   busbw  #wrong     time   algbw   busbw  #wrong 
0: #        (B)    (elements)                               (us)  (GB/s)  (GB/s)             (us)  (GB/s)  (GB/s)         
0:      8388608       2097152     float     sum      -1   118.54   70.76   70.76       0   114.97   72.96   72.96    N/A
0:     16777216       4194304     float     sum      -1   221.93   75.60   75.60       0   217.78   77.04   77.04    N/A
0:     33554432       8388608     float     sum      -1   420.16   79.86   79.86       0   422.22   79.47   79.47    N/A
0:     67108864      16777216     float     sum      -1   805.87   83.28   83.28       0   824.41   81.40   81.40    N/A
0:    134217728      33554432     float     sum      -1  1125.36  119.27  119.27       0  1119.11  119.93  119.93    N/A
0:    268435456      67108864     float     sum      -1  2212.65  121.32  121.32       0  2209.99  121.46  121.46    N/A
0: # Out of bounds values : 0 OK
0: # Avg bus bandwidth    : 91.8628 
0: #
0: # Collective test concluded: sendrecv_perf
0: #
0: 
0: 
0: ##### pass 15/20  pair g0-g2  sendrecv_perf
0: # nccl-tests version 2.17.8 nccl-headers=22903 nccl-library=22903
0: # Collective test starting: sendrecv_perf
0: # nThread 1 nGpus 2 minBytes 8388608 maxBytes 268435456 step: 2(factor) warmup iters: 5 iters: 20 agg iters: 1 validation: 1 graph: 0
0: #
0: # Using devices
0: #  Rank  0 Group  0 Pid  62642 on  nid006856 device  0 [0009:01:00] NVIDIA GH200 120GB
0: #  Rank  1 Group  0 Pid  62642 on  nid006856 device  1 [0029:01:00] NVIDIA GH200 120GB
0: #
0: #                                                              out-of-place                       in-place          
0: #       size         count      type   redop    root     time   algbw   busbw  #wrong     time   algbw   busbw  #wrong 
0: #        (B)    (elements)                               (us)  (GB/s)  (GB/s)             (us)  (GB/s)  (GB/s)         
0:      8388608       2097152     float     sum      -1   115.71   72.50   72.50       0   115.35   72.72   72.72    N/A
0:     16777216       4194304     float     sum      -1   218.85   76.66   76.66       0   219.07   76.58   76.58    N/A
0:     33554432       8388608     float     sum      -1   419.71   79.95   79.95       0   421.57   79.59   79.59    N/A
0:     67108864      16777216     float     sum      -1   811.26   82.72   82.72       0   819.15   81.92   81.92    N/A
0:    134217728      33554432     float     sum      -1  1135.41  118.21  118.21       0  1122.08  119.62  119.62    N/A
0:    268435456      67108864     float     sum      -1  2212.62  121.32  121.32       0  2208.51  121.55  121.55    N/A
0: # Out of bounds values : 0 OK
0: # Avg bus bandwidth    : 91.9457 
0: #
0: # Collective test concluded: sendrecv_perf
0: #
0: 
0: 
0: ##### pass 15/20  pair g0-g3  sendrecv_perf
0: # nccl-tests version 2.17.8 nccl-headers=22903 nccl-library=22903
0: # Collective test starting: sendrecv_perf
0: # nThread 1 nGpus 2 minBytes 8388608 maxBytes 268435456 step: 2(factor) warmup iters: 5 iters: 20 agg iters: 1 validation: 1 graph: 0
0: #
0: # Using devices
0: #  Rank  0 Group  0 Pid  62677 on  nid006856 device  0 [0009:01:00] NVIDIA GH200 120GB
0: #  Rank  1 Group  0 Pid  62677 on  nid006856 device  1 [0039:01:00] NVIDIA GH200 120GB
0: #
0: #                                                              out-of-place                       in-place          
0: #       size         count      type   redop    root     time   algbw   busbw  #wrong     time   algbw   busbw  #wrong 
0: #        (B)    (elements)                               (us)  (GB/s)  (GB/s)             (us)  (GB/s)  (GB/s)         
0:      8388608       2097152     float     sum      -1   116.15   72.22   72.22       0   115.98   72.33   72.33    N/A
0:     16777216       4194304     float     sum      -1   222.05   75.56   75.56       0   217.67   77.07   77.07    N/A
0:     33554432       8388608     float     sum      -1   421.90   79.53   79.53       0   424.01   79.14   79.14    N/A
0:     67108864      16777216     float     sum      -1   811.48   82.70   82.70       0   817.59   82.08   82.08    N/A
0:    134217728      33554432     float     sum      -1  1122.58  119.56  119.56       0  1122.88  119.53  119.53    N/A
0:    268435456      67108864     float     sum      -1  2227.95  120.49  120.49       0  2210.33  121.45  121.45    N/A
0: # Out of bounds values : 0 OK
0: # Avg bus bandwidth    : 91.8043 
0: #
0: # Collective test concluded: sendrecv_perf
0: #
0: 
0: 
0: ##### pass 15/20  pair g1-g2  sendrecv_perf
0: # nccl-tests version 2.17.8 nccl-headers=22903 nccl-library=22903
0: # Collective test starting: sendrecv_perf
0: # nThread 1 nGpus 2 minBytes 8388608 maxBytes 268435456 step: 2(factor) warmup iters: 5 iters: 20 agg iters: 1 validation: 1 graph: 0
0: #
0: # Using devices
0: #  Rank  0 Group  0 Pid  62712 on  nid006856 device  0 [0019:01:00] NVIDIA GH200 120GB
0: #  Rank  1 Group  0 Pid  62712 on  nid006856 device  1 [0029:01:00] NVIDIA GH200 120GB
0: #
0: #                                                              out-of-place                       in-place          
0: #       size         count      type   redop    root     time   algbw   busbw  #wrong     time   algbw   busbw  #wrong 
0: #        (B)    (elements)                               (us)  (GB/s)  (GB/s)             (us)  (GB/s)  (GB/s)         
0:      8388608       2097152     float     sum      -1   115.96   72.34   72.34       0   133.42   62.87   62.87    N/A
0:     16777216       4194304     float     sum      -1   217.45   77.16   77.16       0   219.36   76.48   76.48    N/A
0:     33554432       8388608     float     sum      -1   420.42   79.81   79.81       0   421.66   79.58   79.58    N/A
0:     67108864      16777216     float     sum      -1   811.96   82.65   82.65       0   817.63   82.08   82.08    N/A
0:    134217728      33554432     float     sum      -1  1118.70  119.98  119.98       0  1121.37  119.69  119.69    N/A
0:    268435456      67108864     float     sum      -1  2204.64  121.76  121.76       0  2212.78  121.31  121.31    N/A
0: # Out of bounds values : 0 OK
0: # Avg bus bandwidth    : 91.3087 
0: #
0: # Collective test concluded: sendrecv_perf
0: #
0: 
0: 
0: ##### pass 15/20  pair g1-g3  sendrecv_perf
0: # nccl-tests version 2.17.8 nccl-headers=22903 nccl-library=22903
0: # Collective test starting: sendrecv_perf
0: # nThread 1 nGpus 2 minBytes 8388608 maxBytes 268435456 step: 2(factor) warmup iters: 5 iters: 20 agg iters: 1 validation: 1 graph: 0
0: #
0: # Using devices
0: #  Rank  0 Group  0 Pid  62748 on  nid006856 device  0 [0019:01:00] NVIDIA GH200 120GB
0: #  Rank  1 Group  0 Pid  62748 on  nid006856 device  1 [0039:01:00] NVIDIA GH200 120GB
0: #
0: #                                                              out-of-place                       in-place          
0: #       size         count      type   redop    root     time   algbw   busbw  #wrong     time   algbw   busbw  #wrong 
0: #        (B)    (elements)                               (us)  (GB/s)  (GB/s)             (us)  (GB/s)  (GB/s)         
0:      8388608       2097152     float     sum      -1   115.95   72.34   72.34       0   119.80   70.02   70.02    N/A
0:     16777216       4194304     float     sum      -1   219.86   76.31   76.31       0   218.71   76.71   76.71    N/A
0:     33554432       8388608     float     sum      -1   420.67   79.76   79.76       0   422.79   79.36   79.36    N/A
0:     67108864      16777216     float     sum      -1   812.76   82.57   82.57       0   821.13   81.73   81.73    N/A
0:    134217728      33554432     float     sum      -1  1121.21  119.71  119.71       0  1123.79  119.43  119.43    N/A
0:    268435456      67108864     float     sum      -1  2214.26  121.23  121.23       0  2202.79  121.86  121.86    N/A
0: # Out of bounds values : 0 OK
0: # Avg bus bandwidth    : 91.7535 
0: #
0: # Collective test concluded: sendrecv_perf
0: #
0: 
0: 
0: ##### pass 15/20  pair g2-g3  sendrecv_perf
0: # nccl-tests version 2.17.8 nccl-headers=22903 nccl-library=22903
0: # Collective test starting: sendrecv_perf
0: # nThread 1 nGpus 2 minBytes 8388608 maxBytes 268435456 step: 2(factor) warmup iters: 5 iters: 20 agg iters: 1 validation: 1 graph: 0
0: #
0: # Using devices
0: #  Rank  0 Group  0 Pid  62784 on  nid006856 device  0 [0029:01:00] NVIDIA GH200 120GB
0: #  Rank  1 Group  0 Pid  62784 on  nid006856 device  1 [0039:01:00] NVIDIA GH200 120GB
0: #
0: #                                                              out-of-place                       in-place          
0: #       size         count      type   redop    root     time   algbw   busbw  #wrong     time   algbw   busbw  #wrong 
0: #        (B)    (elements)                               (us)  (GB/s)  (GB/s)             (us)  (GB/s)  (GB/s)         
0:      8388608       2097152     float     sum      -1   115.90   72.38   72.38       0   115.61   72.56   72.56    N/A
0:     16777216       4194304     float     sum      -1   219.47   76.44   76.44       0   219.29   76.51   76.51    N/A
0:     33554432       8388608     float     sum      -1   421.68   79.57   79.57       0   422.16   79.48   79.48    N/A
0:     67108864      16777216     float     sum      -1   813.40   82.50   82.50       0   826.89   81.16   81.16    N/A
0:    134217728      33554432     float     sum      -1  1125.33  119.27  119.27       0  1126.15  119.18  119.18    N/A
0:    268435456      67108864     float     sum      -1  2214.53  121.22  121.22       0  2211.40  121.39  121.39    N/A
0: # Out of bounds values : 0 OK
0: # Avg bus bandwidth    : 91.8054 
0: #
0: # Collective test concluded: sendrecv_perf
0: #
0: 
0: 
0: ##### pass 16/20  pair g0-g1  sendrecv_perf
0: # nccl-tests version 2.17.8 nccl-headers=22903 nccl-library=22903
0: # Collective test starting: sendrecv_perf
0: # nThread 1 nGpus 2 minBytes 8388608 maxBytes 268435456 step: 2(factor) warmup iters: 5 iters: 20 agg iters: 1 validation: 1 graph: 0
0: #
0: # Using devices
0: #  Rank  0 Group  0 Pid  62819 on  nid006856 device  0 [0009:01:00] NVIDIA GH200 120GB
0: #  Rank  1 Group  0 Pid  62819 on  nid006856 device  1 [0019:01:00] NVIDIA GH200 120GB
0: #
0: #                                                              out-of-place                       in-place          
0: #       size         count      type   redop    root     time   algbw   busbw  #wrong     time   algbw   busbw  #wrong 
0: #        (B)    (elements)                               (us)  (GB/s)  (GB/s)             (us)  (GB/s)  (GB/s)         
0:      8388608       2097152     float     sum      -1   115.51   72.62   72.62       0   115.42   72.68   72.68    N/A
0:     16777216       4194304     float     sum      -1   222.19   75.51   75.51       0   216.67   77.43   77.43    N/A
0:     33554432       8388608     float     sum      -1   420.64   79.77   79.77       0   422.98   79.33   79.33    N/A
0:     67108864      16777216     float     sum      -1   810.61   82.79   82.79       0   823.99   81.44   81.44    N/A
0:    134217728      33554432     float     sum      -1  1121.71  119.65  119.65       0  1116.80  120.18  120.18    N/A
0:    268435456      67108864     float     sum      -1  2208.82  121.53  121.53       0  2208.37  121.55  121.55    N/A
0: # Out of bounds values : 0 OK
0: # Avg bus bandwidth    : 92.041 
0: #
0: # Collective test concluded: sendrecv_perf
0: #
0: 
0: 
0: ##### pass 16/20  pair g0-g2  sendrecv_perf
0: # nccl-tests version 2.17.8 nccl-headers=22903 nccl-library=22903
0: # Collective test starting: sendrecv_perf
0: # nThread 1 nGpus 2 minBytes 8388608 maxBytes 268435456 step: 2(factor) warmup iters: 5 iters: 20 agg iters: 1 validation: 1 graph: 0
0: #
0: # Using devices
0: #  Rank  0 Group  0 Pid  62860 on  nid006856 device  0 [0009:01:00] NVIDIA GH200 120GB
0: #  Rank  1 Group  0 Pid  62860 on  nid006856 device  1 [0029:01:00] NVIDIA GH200 120GB
0: #
0: #                                                              out-of-place                       in-place          
0: #       size         count      type   redop    root     time   algbw   busbw  #wrong     time   algbw   busbw  #wrong 
0: #        (B)    (elements)                               (us)  (GB/s)  (GB/s)             (us)  (GB/s)  (GB/s)         
0:      8388608       2097152     float     sum      -1   115.60   72.57   72.57       0   115.33   72.73   72.73    N/A
0:     16777216       4194304     float     sum      -1   222.15   75.52   75.52       0   221.19   75.85   75.85    N/A
0:     33554432       8388608     float     sum      -1   420.14   79.86   79.86       0   421.85   79.54   79.54    N/A
0:     67108864      16777216     float     sum      -1   811.16   82.73   82.73       0   822.62   81.58   81.58    N/A
0:    134217728      33554432     float     sum      -1  1119.39  119.90  119.90       0  1124.76  119.33  119.33    N/A
0:    268435456      67108864     float     sum      -1  2209.37  121.50  121.50       0  2217.24  121.07  121.07    N/A
0: # Out of bounds values : 0 OK
0: # Avg bus bandwidth    : 91.849 
0: #
0: # Collective test concluded: sendrecv_perf
0: #
0: 
0: 
0: ##### pass 16/20  pair g0-g3  sendrecv_perf
0: # nccl-tests version 2.17.8 nccl-headers=22903 nccl-library=22903
0: # Collective test starting: sendrecv_perf
0: # nThread 1 nGpus 2 minBytes 8388608 maxBytes 268435456 step: 2(factor) warmup iters: 5 iters: 20 agg iters: 1 validation: 1 graph: 0
0: #
0: # Using devices
0: #  Rank  0 Group  0 Pid  62895 on  nid006856 device  0 [0009:01:00] NVIDIA GH200 120GB
0: #  Rank  1 Group  0 Pid  62895 on  nid006856 device  1 [0039:01:00] NVIDIA GH200 120GB
0: #
0: #                                                              out-of-place                       in-place          
0: #       size         count      type   redop    root     time   algbw   busbw  #wrong     time   algbw   busbw  #wrong 
0: #        (B)    (elements)                               (us)  (GB/s)  (GB/s)             (us)  (GB/s)  (GB/s)         
0:      8388608       2097152     float     sum      -1   115.65   72.54   72.54       0   115.21   72.81   72.81    N/A
0:     16777216       4194304     float     sum      -1   217.28   77.21   77.21       0   223.55   75.05   75.05    N/A
0:     33554432       8388608     float     sum      -1   423.36   79.26   79.26       0   423.05   79.32   79.32    N/A
0:     67108864      16777216     float     sum      -1   811.59   82.69   82.69       0   821.58   81.68   81.68    N/A
0:    134217728      33554432     float     sum      -1  1122.05  119.62  119.62       0  1121.02  119.73  119.73    N/A
0:    268435456      67108864     float     sum      -1  2213.38  121.28  121.28       0  2207.70  121.59  121.59    N/A
0: # Out of bounds values : 0 OK
0: # Avg bus bandwidth    : 91.8978 
0: #
0: # Collective test concluded: sendrecv_perf
0: #
0: 
0: 
0: ##### pass 16/20  pair g1-g2  sendrecv_perf
0: # nccl-tests version 2.17.8 nccl-headers=22903 nccl-library=22903
0: # Collective test starting: sendrecv_perf
0: # nThread 1 nGpus 2 minBytes 8388608 maxBytes 268435456 step: 2(factor) warmup iters: 5 iters: 20 agg iters: 1 validation: 1 graph: 0
0: #
0: # Using devices
0: #  Rank  0 Group  0 Pid  62948 on  nid006856 device  0 [0019:01:00] NVIDIA GH200 120GB
0: #  Rank  1 Group  0 Pid  62948 on  nid006856 device  1 [0029:01:00] NVIDIA GH200 120GB
0: #
0: #                                                              out-of-place                       in-place          
0: #       size         count      type   redop    root     time   algbw   busbw  #wrong     time   algbw   busbw  #wrong 
0: #        (B)    (elements)                               (us)  (GB/s)  (GB/s)             (us)  (GB/s)  (GB/s)         
0:      8388608       2097152     float     sum      -1   115.54   72.60   72.60       0   115.27   72.77   72.77    N/A
0:     16777216       4194304     float     sum      -1   220.76   76.00   76.00       0   222.64   75.36   75.36    N/A
0:     33554432       8388608     float     sum      -1   422.27   79.46   79.46       0   422.82   79.36   79.36    N/A
0:     67108864      16777216     float     sum      -1   812.62   82.58   82.58       0   820.67   81.77   81.77    N/A
0:    134217728      33554432     float     sum      -1  1119.46  119.89  119.89       0  1122.53  119.57  119.57    N/A
0:    268435456      67108864     float     sum      -1  2209.38  121.50  121.50       0  2205.76  121.70  121.70    N/A
0: # Out of bounds values : 0 OK
0: # Avg bus bandwidth    : 91.8803 
0: #
0: # Collective test concluded: sendrecv_perf
0: #
0: 
0: 
0: ##### pass 16/20  pair g1-g3  sendrecv_perf
0: # nccl-tests version 2.17.8 nccl-headers=22903 nccl-library=22903
0: # Collective test starting: sendrecv_perf
0: # nThread 1 nGpus 2 minBytes 8388608 maxBytes 268435456 step: 2(factor) warmup iters: 5 iters: 20 agg iters: 1 validation: 1 graph: 0
0: #
0: # Using devices
0: #  Rank  0 Group  0 Pid  62984 on  nid006856 device  0 [0019:01:00] NVIDIA GH200 120GB
0: #  Rank  1 Group  0 Pid  62984 on  nid006856 device  1 [0039:01:00] NVIDIA GH200 120GB
0: #
0: #                                                              out-of-place                       in-place          
0: #       size         count      type   redop    root     time   algbw   busbw  #wrong     time   algbw   busbw  #wrong 
0: #        (B)    (elements)                               (us)  (GB/s)  (GB/s)             (us)  (GB/s)  (GB/s)         
0:      8388608       2097152     float     sum      -1   115.98   72.33   72.33       0   118.11   71.02   71.02    N/A
0:     16777216       4194304     float     sum      -1   220.09   76.23   76.23       0   218.40   76.82   76.82    N/A
0:     33554432       8388608     float     sum      -1   420.75   79.75   79.75       0   423.28   79.27   79.27    N/A
0:     67108864      16777216     float     sum      -1   813.50   82.49   82.49       0   821.95   81.65   81.65    N/A
0:    134217728      33554432     float     sum      -1  1120.18  119.82  119.82       0  1126.49  119.15  119.15    N/A
0:    268435456      67108864     float     sum      -1  2208.54  121.54  121.54       0  2203.28  121.83  121.83    N/A
0: # Out of bounds values : 0 OK
0: # Avg bus bandwidth    : 91.8252 
0: #
0: # Collective test concluded: sendrecv_perf
0: #
0: 
0: 
0: ##### pass 16/20  pair g2-g3  sendrecv_perf
0: # nccl-tests version 2.17.8 nccl-headers=22903 nccl-library=22903
0: # Collective test starting: sendrecv_perf
0: # nThread 1 nGpus 2 minBytes 8388608 maxBytes 268435456 step: 2(factor) warmup iters: 5 iters: 20 agg iters: 1 validation: 1 graph: 0
0: #
0: # Using devices
0: #  Rank  0 Group  0 Pid  63019 on  nid006856 device  0 [0029:01:00] NVIDIA GH200 120GB
0: #  Rank  1 Group  0 Pid  63019 on  nid006856 device  1 [0039:01:00] NVIDIA GH200 120GB
0: #
0: #                                                              out-of-place                       in-place          
0: #       size         count      type   redop    root     time   algbw   busbw  #wrong     time   algbw   busbw  #wrong 
0: #        (B)    (elements)                               (us)  (GB/s)  (GB/s)             (us)  (GB/s)  (GB/s)         
0:      8388608       2097152     float     sum      -1   115.96   72.34   72.34       0   117.16   71.60   71.60    N/A
0:     16777216       4194304     float     sum      -1   222.19   75.51   75.51       0   223.47   75.08   75.08    N/A
0:     33554432       8388608     float     sum      -1   420.39   79.82   79.82       0   423.04   79.32   79.32    N/A
0:     67108864      16777216     float     sum      -1   812.12   82.63   82.63       0   823.71   81.47   81.47    N/A
0:    134217728      33554432     float     sum      -1  1126.36  119.16  119.16       0  1122.42  119.58  119.58    N/A
0:    268435456      67108864     float     sum      -1  2209.73  121.48  121.48       0  2210.21  121.45  121.45    N/A
0: # Out of bounds values : 0 OK
0: # Avg bus bandwidth    : 91.6198 
0: #
0: # Collective test concluded: sendrecv_perf
0: #
0: 
0: 
0: ##### pass 17/20  pair g0-g1  sendrecv_perf
0: # nccl-tests version 2.17.8 nccl-headers=22903 nccl-library=22903
0: # Collective test starting: sendrecv_perf
0: # nThread 1 nGpus 2 minBytes 8388608 maxBytes 268435456 step: 2(factor) warmup iters: 5 iters: 20 agg iters: 1 validation: 1 graph: 0
0: #
0: # Using devices
0: #  Rank  0 Group  0 Pid  63054 on  nid006856 device  0 [0009:01:00] NVIDIA GH200 120GB
0: #  Rank  1 Group  0 Pid  63054 on  nid006856 device  1 [0019:01:00] NVIDIA GH200 120GB
0: #
0: #                                                              out-of-place                       in-place          
0: #       size         count      type   redop    root     time   algbw   busbw  #wrong     time   algbw   busbw  #wrong 
0: #        (B)    (elements)                               (us)  (GB/s)  (GB/s)             (us)  (GB/s)  (GB/s)         
0:      8388608       2097152     float     sum      -1   118.50   70.79   70.79       0   115.11   72.87   72.87    N/A
0:     16777216       4194304     float     sum      -1   221.06   75.90   75.90       0   219.31   76.50   76.50    N/A
0:     33554432       8388608     float     sum      -1   421.46   79.61   79.61       0   423.15   79.30   79.30    N/A
0:     67108864      16777216     float     sum      -1   812.58   82.59   82.59       0   823.63   81.48   81.48    N/A
0:    134217728      33554432     float     sum      -1  1127.30  119.06  119.06       0  1118.05  120.05  120.05    N/A
0:    268435456      67108864     float     sum      -1  2220.69  120.88  120.88       0  2208.43  121.55  121.55    N/A
0: # Out of bounds values : 0 OK
0: # Avg bus bandwidth    : 91.7145 
0: #
0: # Collective test concluded: sendrecv_perf
0: #
0: 
0: 
0: ##### pass 17/20  pair g0-g2  sendrecv_perf
0: # nccl-tests version 2.17.8 nccl-headers=22903 nccl-library=22903
0: # Collective test starting: sendrecv_perf
0: # nThread 1 nGpus 2 minBytes 8388608 maxBytes 268435456 step: 2(factor) warmup iters: 5 iters: 20 agg iters: 1 validation: 1 graph: 0
0: #
0: # Using devices
0: #  Rank  0 Group  0 Pid  63090 on  nid006856 device  0 [0009:01:00] NVIDIA GH200 120GB
0: #  Rank  1 Group  0 Pid  63090 on  nid006856 device  1 [0029:01:00] NVIDIA GH200 120GB
0: #
0: #                                                              out-of-place                       in-place          
0: #       size         count      type   redop    root     time   algbw   busbw  #wrong     time   algbw   busbw  #wrong 
0: #        (B)    (elements)                               (us)  (GB/s)  (GB/s)             (us)  (GB/s)  (GB/s)         
0:      8388608       2097152     float     sum      -1   115.41   72.69   72.69       0   115.29   72.76   72.76    N/A
0:     16777216       4194304     float     sum      -1   221.10   75.88   75.88       0   221.36   75.79   75.79    N/A
0:     33554432       8388608     float     sum      -1   421.05   79.69   79.69       0   422.80   79.36   79.36    N/A
0:     67108864      16777216     float     sum      -1   806.27   83.23   83.23       0   819.86   81.85   81.85    N/A
0:    134217728      33554432     float     sum      -1  1120.31  119.80  119.80       0  1123.56  119.46  119.46    N/A
0:    268435456      67108864     float     sum      -1  2209.19  121.51  121.51       0  2216.15  121.13  121.13    N/A
0: # Out of bounds values : 0 OK
0: # Avg bus bandwidth    : 91.9296 
0: #
0: # Collective test concluded: sendrecv_perf
0: #
0: 
0: 
0: ##### pass 17/20  pair g0-g3  sendrecv_perf
0: # nccl-tests version 2.17.8 nccl-headers=22903 nccl-library=22903
0: # Collective test starting: sendrecv_perf
0: # nThread 1 nGpus 2 minBytes 8388608 maxBytes 268435456 step: 2(factor) warmup iters: 5 iters: 20 agg iters: 1 validation: 1 graph: 0
0: #
0: # Using devices
0: #  Rank  0 Group  0 Pid  63125 on  nid006856 device  0 [0009:01:00] NVIDIA GH200 120GB
0: #  Rank  1 Group  0 Pid  63125 on  nid006856 device  1 [0039:01:00] NVIDIA GH200 120GB
0: #
0: #                                                              out-of-place                       in-place          
0: #       size         count      type   redop    root     time   algbw   busbw  #wrong     time   algbw   busbw  #wrong 
0: #        (B)    (elements)                               (us)  (GB/s)  (GB/s)             (us)  (GB/s)  (GB/s)         
0:      8388608       2097152     float     sum      -1   116.00   72.31   72.31       0   115.73   72.48   72.48    N/A
0:     16777216       4194304     float     sum      -1   218.41   76.81   76.81       0   222.03   75.56   75.56    N/A
0:     33554432       8388608     float     sum      -1   420.48   79.80   79.80       0   421.59   79.59   79.59    N/A
0:     67108864      16777216     float     sum      -1   811.18   82.73   82.73       0   823.43   81.50   81.50    N/A
0:    134217728      33554432     float     sum      -1  1119.22  119.92  119.92       0  1122.13  119.61  119.61    N/A
0:    268435456      67108864     float     sum      -1  2214.18  121.23  121.23       0  2210.62  121.43  121.43    N/A
0: # Out of bounds values : 0 OK
0: # Avg bus bandwidth    : 91.9159 
0: #
0: # Collective test concluded: sendrecv_perf
0: #
0: 
0: 
0: ##### pass 17/20  pair g1-g2  sendrecv_perf
0: # nccl-tests version 2.17.8 nccl-headers=22903 nccl-library=22903
0: # Collective test starting: sendrecv_perf
0: # nThread 1 nGpus 2 minBytes 8388608 maxBytes 268435456 step: 2(factor) warmup iters: 5 iters: 20 agg iters: 1 validation: 1 graph: 0
0: #
0: # Using devices
0: #  Rank  0 Group  0 Pid  63160 on  nid006856 device  0 [0019:01:00] NVIDIA GH200 120GB
0: #  Rank  1 Group  0 Pid  63160 on  nid006856 device  1 [0029:01:00] NVIDIA GH200 120GB
0: #
0: #                                                              out-of-place                       in-place          
0: #       size         count      type   redop    root     time   algbw   busbw  #wrong     time   algbw   busbw  #wrong 
0: #        (B)    (elements)                               (us)  (GB/s)  (GB/s)             (us)  (GB/s)  (GB/s)         
0:      8388608       2097152     float     sum      -1   119.82   70.01   70.01       0   115.54   72.60   72.60    N/A
0:     16777216       4194304     float     sum      -1   221.79   75.65   75.65       0   222.78   75.31   75.31    N/A
0:     33554432       8388608     float     sum      -1   420.65   79.77   79.77       0   421.31   79.64   79.64    N/A
0:     67108864      16777216     float     sum      -1   813.66   82.48   82.48       0   825.08   81.34   81.34    N/A
0:    134217728      33554432     float     sum      -1  1125.12  119.29  119.29       0  1131.91  118.58  118.58    N/A
0:    268435456      67108864     float     sum      -1  2212.69  121.32  121.32       0  2210.49  121.44  121.44    N/A
0: # Out of bounds values : 0 OK
0: # Avg bus bandwidth    : 91.4509 
0: #
0: # Collective test concluded: sendrecv_perf
0: #
0: 
0: 
0: ##### pass 17/20  pair g1-g3  sendrecv_perf
0: # nccl-tests version 2.17.8 nccl-headers=22903 nccl-library=22903
0: # Collective test starting: sendrecv_perf
0: # nThread 1 nGpus 2 minBytes 8388608 maxBytes 268435456 step: 2(factor) warmup iters: 5 iters: 20 agg iters: 1 validation: 1 graph: 0
0: #
0: # Using devices
0: #  Rank  0 Group  0 Pid  63214 on  nid006856 device  0 [0019:01:00] NVIDIA GH200 120GB
0: #  Rank  1 Group  0 Pid  63214 on  nid006856 device  1 [0039:01:00] NVIDIA GH200 120GB
0: #
0: #                                                              out-of-place                       in-place          
0: #       size         count      type   redop    root     time   algbw   busbw  #wrong     time   algbw   busbw  #wrong 
0: #        (B)    (elements)                               (us)  (GB/s)  (GB/s)             (us)  (GB/s)  (GB/s)         
0:      8388608       2097152     float     sum      -1   116.24   72.17   72.17       0   120.97   69.35   69.35    N/A
0:     16777216       4194304     float     sum      -1   219.86   76.31   76.31       0   222.74   75.32   75.32    N/A
0:     33554432       8388608     float     sum      -1   421.78   79.55   79.55       0   423.58   79.22   79.22    N/A
0:     67108864      16777216     float     sum      -1   815.33   82.31   82.31       0   819.65   81.88   81.88    N/A
0:    134217728      33554432     float     sum      -1  1127.46  119.04  119.04       0  1122.89  119.53  119.53    N/A
0:    268435456      67108864     float     sum      -1  2205.26  121.73  121.73       0  2213.57  121.27  121.27    N/A
0: # Out of bounds values : 0 OK
0: # Avg bus bandwidth    : 91.472 
0: #
0: # Collective test concluded: sendrecv_perf
0: #
0: 
0: 
0: ##### pass 17/20  pair g2-g3  sendrecv_perf
0: # nccl-tests version 2.17.8 nccl-headers=22903 nccl-library=22903
0: # Collective test starting: sendrecv_perf
0: # nThread 1 nGpus 2 minBytes 8388608 maxBytes 268435456 step: 2(factor) warmup iters: 5 iters: 20 agg iters: 1 validation: 1 graph: 0
0: #
0: # Using devices
0: #  Rank  0 Group  0 Pid  63249 on  nid006856 device  0 [0029:01:00] NVIDIA GH200 120GB
0: #  Rank  1 Group  0 Pid  63249 on  nid006856 device  1 [0039:01:00] NVIDIA GH200 120GB
0: #
0: #                                                              out-of-place                       in-place          
0: #       size         count      type   redop    root     time   algbw   busbw  #wrong     time   algbw   busbw  #wrong 
0: #        (B)    (elements)                               (us)  (GB/s)  (GB/s)             (us)  (GB/s)  (GB/s)         
0:      8388608       2097152     float     sum      -1   116.15   72.22   72.22       0   115.62   72.56   72.56    N/A
0:     16777216       4194304     float     sum      -1   221.90   75.61   75.61       0   222.53   75.39   75.39    N/A
0:     33554432       8388608     float     sum      -1   422.69   79.38   79.38       0   423.02   79.32   79.32    N/A
0:     67108864      16777216     float     sum      -1   814.39   82.40   82.40       0   822.21   81.62   81.62    N/A
0:    134217728      33554432     float     sum      -1  1127.44  119.05  119.05       0  1122.29  119.59  119.59    N/A
0:    268435456      67108864     float     sum      -1  2211.12  121.40  121.40       0  2208.27  121.56  121.56    N/A
0: # Out of bounds values : 0 OK
0: # Avg bus bandwidth    : 91.6756 
0: #
0: # Collective test concluded: sendrecv_perf
0: #
0: 
0: 
0: ##### pass 18/20  pair g0-g1  sendrecv_perf
0: # nccl-tests version 2.17.8 nccl-headers=22903 nccl-library=22903
0: # Collective test starting: sendrecv_perf
0: # nThread 1 nGpus 2 minBytes 8388608 maxBytes 268435456 step: 2(factor) warmup iters: 5 iters: 20 agg iters: 1 validation: 1 graph: 0
0: #
0: # Using devices
0: #  Rank  0 Group  0 Pid  63284 on  nid006856 device  0 [0009:01:00] NVIDIA GH200 120GB
0: #  Rank  1 Group  0 Pid  63284 on  nid006856 device  1 [0019:01:00] NVIDIA GH200 120GB
0: #
0: #                                                              out-of-place                       in-place          
0: #       size         count      type   redop    root     time   algbw   busbw  #wrong     time   algbw   busbw  #wrong 
0: #        (B)    (elements)                               (us)  (GB/s)  (GB/s)             (us)  (GB/s)  (GB/s)         
0:      8388608       2097152     float     sum      -1   118.73   70.65   70.65       0   118.95   70.52   70.52    N/A
0:     16777216       4194304     float     sum      -1   220.53   76.08   76.08       0   221.82   75.63   75.63    N/A
0:     33554432       8388608     float     sum      -1   422.02   79.51   79.51       0   421.22   79.66   79.66    N/A
0:     67108864      16777216     float     sum      -1   810.54   82.80   82.80       0   817.43   82.10   82.10    N/A
0:    134217728      33554432     float     sum      -1  1116.77  120.18  120.18       0  1127.35  119.06  119.06    N/A
0:    268435456      67108864     float     sum      -1  2209.12  121.51  121.51       0  2217.00  121.08  121.08    N/A
0: # Out of bounds values : 0 OK
0: # Avg bus bandwidth    : 91.5648 
0: #
0: # Collective test concluded: sendrecv_perf
0: #
0: 
0: 
0: ##### pass 18/20  pair g0-g2  sendrecv_perf
0: # nccl-tests version 2.17.8 nccl-headers=22903 nccl-library=22903
0: # Collective test starting: sendrecv_perf
0: # nThread 1 nGpus 2 minBytes 8388608 maxBytes 268435456 step: 2(factor) warmup iters: 5 iters: 20 agg iters: 1 validation: 1 graph: 0
0: #
0: # Using devices
0: #  Rank  0 Group  0 Pid  63320 on  nid006856 device  0 [0009:01:00] NVIDIA GH200 120GB
0: #  Rank  1 Group  0 Pid  63320 on  nid006856 device  1 [0029:01:00] NVIDIA GH200 120GB
0: #
0: #                                                              out-of-place                       in-place          
0: #       size         count      type   redop    root     time   algbw   busbw  #wrong     time   algbw   busbw  #wrong 
0: #        (B)    (elements)                               (us)  (GB/s)  (GB/s)             (us)  (GB/s)  (GB/s)         
0:      8388608       2097152     float     sum      -1   115.60   72.56   72.56       0   115.31   72.75   72.75    N/A
0:     16777216       4194304     float     sum      -1   220.03   76.25   76.25       0   217.16   77.26   77.26    N/A
0:     33554432       8388608     float     sum      -1   421.56   79.60   79.60       0   418.51   80.18   80.18    N/A
0:     67108864      16777216     float     sum      -1   810.72   82.78   82.78       0   819.02   81.94   81.94    N/A
0:    134217728      33554432     float     sum      -1  1131.40  118.63  118.63       0  1119.41  119.90  119.90    N/A
0:    268435456      67108864     float     sum      -1  2217.55  121.05  121.05       0  2208.63  121.54  121.54    N/A
0: # Out of bounds values : 0 OK
0: # Avg bus bandwidth    : 92.035 
0: #
0: # Collective test concluded: sendrecv_perf
0: #
0: 
0: 
0: ##### pass 18/20  pair g0-g3  sendrecv_perf
0: # nccl-tests version 2.17.8 nccl-headers=22903 nccl-library=22903
0: # Collective test starting: sendrecv_perf
0: # nThread 1 nGpus 2 minBytes 8388608 maxBytes 268435456 step: 2(factor) warmup iters: 5 iters: 20 agg iters: 1 validation: 1 graph: 0
0: #
0: # Using devices
0: #  Rank  0 Group  0 Pid  63355 on  nid006856 device  0 [0009:01:00] NVIDIA GH200 120GB
0: #  Rank  1 Group  0 Pid  63355 on  nid006856 device  1 [0039:01:00] NVIDIA GH200 120GB
0: #
0: #                                                              out-of-place                       in-place          
0: #       size         count      type   redop    root     time   algbw   busbw  #wrong     time   algbw   busbw  #wrong 
0: #        (B)    (elements)                               (us)  (GB/s)  (GB/s)             (us)  (GB/s)  (GB/s)         
0:      8388608       2097152     float     sum      -1   115.93   72.36   72.36       0   118.59   70.74   70.74    N/A
0:     16777216       4194304     float     sum      -1   220.20   76.19   76.19       0   219.40   76.47   76.47    N/A
0:     33554432       8388608     float     sum      -1   421.90   79.53   79.53       0   422.67   79.39   79.39    N/A
0:     67108864      16777216     float     sum      -1   813.33   82.51   82.51       0   821.66   81.67   81.67    N/A
0:    134217728      33554432     float     sum      -1  1122.24  119.60  119.60       0  1117.63  120.09  120.09    N/A
0:    268435456      67108864     float     sum      -1  2206.13  121.68  121.68       0  2210.07  121.46  121.46    N/A
0: # Out of bounds values : 0 OK
0: # Avg bus bandwidth    : 91.8074 
0: #
0: # Collective test concluded: sendrecv_perf
0: #
0: 
0: 
0: ##### pass 18/20  pair g1-g2  sendrecv_perf
0: # nccl-tests version 2.17.8 nccl-headers=22903 nccl-library=22903
0: # Collective test starting: sendrecv_perf
0: # nThread 1 nGpus 2 minBytes 8388608 maxBytes 268435456 step: 2(factor) warmup iters: 5 iters: 20 agg iters: 1 validation: 1 graph: 0
0: #
0: # Using devices
0: #  Rank  0 Group  0 Pid  63390 on  nid006856 device  0 [0019:01:00] NVIDIA GH200 120GB
0: #  Rank  1 Group  0 Pid  63390 on  nid006856 device  1 [0029:01:00] NVIDIA GH200 120GB
0: #
0: #                                                              out-of-place                       in-place          
0: #       size         count      type   redop    root     time   algbw   busbw  #wrong     time   algbw   busbw  #wrong 
0: #        (B)    (elements)                               (us)  (GB/s)  (GB/s)             (us)  (GB/s)  (GB/s)         
0:      8388608       2097152     float     sum      -1   115.91   72.37   72.37       0   115.35   72.72   72.72    N/A
0:     16777216       4194304     float     sum      -1   218.42   76.81   76.81       0   220.64   76.04   76.04    N/A
0:     33554432       8388608     float     sum      -1   422.50   79.42   79.42       0   423.12   79.30   79.30    N/A
0:     67108864      16777216     float     sum      -1   813.73   82.47   82.47       0   825.10   81.33   81.33    N/A
0:    134217728      33554432     float     sum      -1  1120.94  119.74  119.74       0  1123.52  119.46  119.46    N/A
0:    268435456      67108864     float     sum      -1  2209.21  121.51  121.51       0  2211.43  121.39  121.39    N/A
0: # Out of bounds values : 0 OK
0: # Avg bus bandwidth    : 91.8799 
0: #
0: # Collective test concluded: sendrecv_perf
0: #
0: 
0: 
0: ##### pass 18/20  pair g1-g3  sendrecv_perf
0: # nccl-tests version 2.17.8 nccl-headers=22903 nccl-library=22903
0: # Collective test starting: sendrecv_perf
0: # nThread 1 nGpus 2 minBytes 8388608 maxBytes 268435456 step: 2(factor) warmup iters: 5 iters: 20 agg iters: 1 validation: 1 graph: 0
0: #
0: # Using devices
0: #  Rank  0 Group  0 Pid  63426 on  nid006856 device  0 [0019:01:00] NVIDIA GH200 120GB
0: #  Rank  1 Group  0 Pid  63426 on  nid006856 device  1 [0039:01:00] NVIDIA GH200 120GB
0: #
0: #                                                              out-of-place                       in-place          
0: #       size         count      type   redop    root     time   algbw   busbw  #wrong     time   algbw   busbw  #wrong 
0: #        (B)    (elements)                               (us)  (GB/s)  (GB/s)             (us)  (GB/s)  (GB/s)         
0:      8388608       2097152     float     sum      -1   116.20   72.19   72.19       0   119.62   70.13   70.13    N/A
0:     16777216       4194304     float     sum      -1   220.95   75.93   75.93       0   223.78   74.97   74.97    N/A
0:     33554432       8388608     float     sum      -1   419.35   80.02   80.02       0   424.25   79.09   79.09    N/A
0:     67108864      16777216     float     sum      -1   813.17   82.53   82.53       0   823.70   81.47   81.47    N/A
0:    134217728      33554432     float     sum      -1  1122.02  119.62  119.62       0  1121.03  119.73  119.73    N/A
0:    268435456      67108864     float     sum      -1  2205.39  121.72  121.72       0  2219.17  120.96  120.96    N/A
0: # Out of bounds values : 0 OK
0: # Avg bus bandwidth    : 91.5301 
0: #
0: # Collective test concluded: sendrecv_perf
0: #
0: 
0: 
0: ##### pass 18/20  pair g2-g3  sendrecv_perf
0: # nccl-tests version 2.17.8 nccl-headers=22903 nccl-library=22903
0: # Collective test starting: sendrecv_perf
0: # nThread 1 nGpus 2 minBytes 8388608 maxBytes 268435456 step: 2(factor) warmup iters: 5 iters: 20 agg iters: 1 validation: 1 graph: 0
0: #
0: # Using devices
0: #  Rank  0 Group  0 Pid  63461 on  nid006856 device  0 [0029:01:00] NVIDIA GH200 120GB
0: #  Rank  1 Group  0 Pid  63461 on  nid006856 device  1 [0039:01:00] NVIDIA GH200 120GB
0: #
0: #                                                              out-of-place                       in-place          
0: #       size         count      type   redop    root     time   algbw   busbw  #wrong     time   algbw   busbw  #wrong 
0: #        (B)    (elements)                               (us)  (GB/s)  (GB/s)             (us)  (GB/s)  (GB/s)         
0:      8388608       2097152     float     sum      -1   117.62   71.32   71.32       0   115.62   72.55   72.55    N/A
0:     16777216       4194304     float     sum      -1   222.30   75.47   75.47       0   222.66   75.35   75.35    N/A
0:     33554432       8388608     float     sum      -1   421.90   79.53   79.53       0   424.02   79.13   79.13    N/A
0:     67108864      16777216     float     sum      -1   813.06   82.54   82.54       0   830.37   80.82   80.82    N/A
0:    134217728      33554432     float     sum      -1  1121.81  119.64  119.64       0  1125.72  119.23  119.23    N/A
0:    268435456      67108864     float     sum      -1  2212.31  121.34  121.34       0  2205.04  121.74  121.74    N/A
0: # Out of bounds values : 0 OK
0: # Avg bus bandwidth    : 91.5552 
0: #
0: # Collective test concluded: sendrecv_perf
0: #
0: 
0: 
0: ##### pass 19/20  pair g0-g1  sendrecv_perf
0: # nccl-tests version 2.17.8 nccl-headers=22903 nccl-library=22903
0: # Collective test starting: sendrecv_perf
0: # nThread 1 nGpus 2 minBytes 8388608 maxBytes 268435456 step: 2(factor) warmup iters: 5 iters: 20 agg iters: 1 validation: 1 graph: 0
0: #
0: # Using devices
0: #  Rank  0 Group  0 Pid  63514 on  nid006856 device  0 [0009:01:00] NVIDIA GH200 120GB
0: #  Rank  1 Group  0 Pid  63514 on  nid006856 device  1 [0019:01:00] NVIDIA GH200 120GB
0: #
0: #                                                              out-of-place                       in-place          
0: #       size         count      type   redop    root     time   algbw   busbw  #wrong     time   algbw   busbw  #wrong 
0: #        (B)    (elements)                               (us)  (GB/s)  (GB/s)             (us)  (GB/s)  (GB/s)         
0:      8388608       2097152     float     sum      -1   116.11   72.25   72.25       0   115.11   72.88   72.88    N/A
0:     16777216       4194304     float     sum      -1   220.09   76.23   76.23       0   217.70   77.07   77.07    N/A
0:     33554432       8388608     float     sum      -1   419.96   79.90   79.90       0   419.34   80.02   80.02    N/A
0:     67108864      16777216     float     sum      -1   811.75   82.67   82.67       0   825.64   81.28   81.28    N/A
0:    134217728      33554432     float     sum      -1  1134.15  118.34  118.34       0  1125.69  119.23  119.23    N/A
0:    268435456      67108864     float     sum      -1  2207.37  121.61  121.61       0  2206.20  121.67  121.67    N/A
0: # Out of bounds values : 0 OK
0: # Avg bus bandwidth    : 91.9287 
0: #
0: # Collective test concluded: sendrecv_perf
0: #
0: 
0: 
0: ##### pass 19/20  pair g0-g2  sendrecv_perf
0: # nccl-tests version 2.17.8 nccl-headers=22903 nccl-library=22903
0: # Collective test starting: sendrecv_perf
0: # nThread 1 nGpus 2 minBytes 8388608 maxBytes 268435456 step: 2(factor) warmup iters: 5 iters: 20 agg iters: 1 validation: 1 graph: 0
0: #
0: # Using devices
0: #  Rank  0 Group  0 Pid  63581 on  nid006856 device  0 [0009:01:00] NVIDIA GH200 120GB
0: #  Rank  1 Group  0 Pid  63581 on  nid006856 device  1 [0029:01:00] NVIDIA GH200 120GB
0: #
0: #                                                              out-of-place                       in-place          
0: #       size         count      type   redop    root     time   algbw   busbw  #wrong     time   algbw   busbw  #wrong 
0: #        (B)    (elements)                               (us)  (GB/s)  (GB/s)             (us)  (GB/s)  (GB/s)         
0:      8388608       2097152     float     sum      -1   115.72   72.49   72.49       0   114.94   72.98   72.98    N/A
0:     16777216       4194304     float     sum      -1   219.26   76.52   76.52       0   217.49   77.14   77.14    N/A
0:     33554432       8388608     float     sum      -1   419.74   79.94   79.94       0   417.94   80.29   80.29    N/A
0:     67108864      16777216     float     sum      -1   813.40   82.50   82.50       0   825.29   81.32   81.32    N/A
0:    134217728      33554432     float     sum      -1  1122.17  119.61  119.61       0  1123.66  119.45  119.45    N/A
0:    268435456      67108864     float     sum      -1  2201.37  121.94  121.94       0  2204.75  121.75  121.75    N/A
0: # Out of bounds values : 0 OK
0: # Avg bus bandwidth    : 92.1603 
0: #
0: # Collective test concluded: sendrecv_perf
0: #
0: 
0: 
0: ##### pass 19/20  pair g0-g3  sendrecv_perf
0: # nccl-tests version 2.17.8 nccl-headers=22903 nccl-library=22903
0: # Collective test starting: sendrecv_perf
0: # nThread 1 nGpus 2 minBytes 8388608 maxBytes 268435456 step: 2(factor) warmup iters: 5 iters: 20 agg iters: 1 validation: 1 graph: 0
0: #
0: # Using devices
0: #  Rank  0 Group  0 Pid  63616 on  nid006856 device  0 [0009:01:00] NVIDIA GH200 120GB
0: #  Rank  1 Group  0 Pid  63616 on  nid006856 device  1 [0039:01:00] NVIDIA GH200 120GB
0: #
0: #                                                              out-of-place                       in-place          
0: #       size         count      type   redop    root     time   algbw   busbw  #wrong     time   algbw   busbw  #wrong 
0: #        (B)    (elements)                               (us)  (GB/s)  (GB/s)             (us)  (GB/s)  (GB/s)         
0:      8388608       2097152     float     sum      -1   116.10   72.25   72.25       0   115.41   72.68   72.68    N/A
0:     16777216       4194304     float     sum      -1   219.66   76.38   76.38       0   217.23   77.23   77.23    N/A
0:     33554432       8388608     float     sum      -1   422.63   79.39   79.39       0   422.66   79.39   79.39    N/A
0:     67108864      16777216     float     sum      -1   815.68   82.27   82.27       0   821.51   81.69   81.69    N/A
0:    134217728      33554432     float     sum      -1  1123.30  119.48  119.48       0  1117.70  120.08  120.08    N/A
0:    268435456      67108864     float     sum      -1  2210.65  121.43  121.43       0  2206.11  121.68  121.68    N/A
0: # Out of bounds values : 0 OK
0: # Avg bus bandwidth    : 91.9974 
0: #
0: # Collective test concluded: sendrecv_perf
0: #
0: 
0: 
0: ##### pass 19/20  pair g1-g2  sendrecv_perf
0: # nccl-tests version 2.17.8 nccl-headers=22903 nccl-library=22903
0: # Collective test starting: sendrecv_perf
0: # nThread 1 nGpus 2 minBytes 8388608 maxBytes 268435456 step: 2(factor) warmup iters: 5 iters: 20 agg iters: 1 validation: 1 graph: 0
0: #
0: # Using devices
0: #  Rank  0 Group  0 Pid  63651 on  nid006856 device  0 [0019:01:00] NVIDIA GH200 120GB
0: #  Rank  1 Group  0 Pid  63651 on  nid006856 device  1 [0029:01:00] NVIDIA GH200 120GB
0: #
0: #                                                              out-of-place                       in-place          
0: #       size         count      type   redop    root     time   algbw   busbw  #wrong     time   algbw   busbw  #wrong 
0: #        (B)    (elements)                               (us)  (GB/s)  (GB/s)             (us)  (GB/s)  (GB/s)         
0:      8388608       2097152     float     sum      -1   115.37   72.71   72.71       0   115.06   72.90   72.90    N/A
0:     16777216       4194304     float     sum      -1   216.52   77.49   77.49       0   221.47   75.75   75.75    N/A
0:     33554432       8388608     float     sum      -1   418.86   80.11   80.11       0   421.37   79.63   79.63    N/A
0:     67108864      16777216     float     sum      -1   809.76   82.87   82.87       0   816.45   82.20   82.20    N/A
0:    134217728      33554432     float     sum      -1  1124.66  119.34  119.34       0  1118.79  119.97  119.97    N/A
0:    268435456      67108864     float     sum      -1  2213.56  121.27  121.27       0  2207.83  121.58  121.58    N/A
0: # Out of bounds values : 0 OK
0: # Avg bus bandwidth    : 92.1521 
0: #
0: # Collective test concluded: sendrecv_perf
0: #
0: 
0: 
0: ##### pass 19/20  pair g1-g3  sendrecv_perf
0: # nccl-tests version 2.17.8 nccl-headers=22903 nccl-library=22903
0: # Collective test starting: sendrecv_perf
0: # nThread 1 nGpus 2 minBytes 8388608 maxBytes 268435456 step: 2(factor) warmup iters: 5 iters: 20 agg iters: 1 validation: 1 graph: 0
0: #
0: # Using devices
0: #  Rank  0 Group  0 Pid  63687 on  nid006856 device  0 [0019:01:00] NVIDIA GH200 120GB
0: #  Rank  1 Group  0 Pid  63687 on  nid006856 device  1 [0039:01:00] NVIDIA GH200 120GB
0: #
0: #                                                              out-of-place                       in-place          
0: #       size         count      type   redop    root     time   algbw   busbw  #wrong     time   algbw   busbw  #wrong 
0: #        (B)    (elements)                               (us)  (GB/s)  (GB/s)             (us)  (GB/s)  (GB/s)         
0:      8388608       2097152     float     sum      -1   115.99   72.32   72.32       0   115.74   72.48   72.48    N/A
0:     16777216       4194304     float     sum      -1   217.91   76.99   76.99       0   222.00   75.57   75.57    N/A
0:     33554432       8388608     float     sum      -1   421.44   79.62   79.62       0   422.23   79.47   79.47    N/A
0:     67108864      16777216     float     sum      -1   815.89   82.25   82.25       0   819.16   81.92   81.92    N/A
0:    134217728      33554432     float     sum      -1  1124.57  119.35  119.35       0  1118.89  119.96  119.96    N/A
0:    268435456      67108864     float     sum      -1  2218.42  121.00  121.00       0  2208.02  121.57  121.57    N/A
0: # Out of bounds values : 0 OK
0: # Avg bus bandwidth    : 91.8755 
0: #
0: # Collective test concluded: sendrecv_perf
0: #
0: 
0: 
0: ##### pass 19/20  pair g2-g3  sendrecv_perf
0: # nccl-tests version 2.17.8 nccl-headers=22903 nccl-library=22903
0: # Collective test starting: sendrecv_perf
0: # nThread 1 nGpus 2 minBytes 8388608 maxBytes 268435456 step: 2(factor) warmup iters: 5 iters: 20 agg iters: 1 validation: 1 graph: 0
0: #
0: # Using devices
0: #  Rank  0 Group  0 Pid  63722 on  nid006856 device  0 [0029:01:00] NVIDIA GH200 120GB
0: #  Rank  1 Group  0 Pid  63722 on  nid006856 device  1 [0039:01:00] NVIDIA GH200 120GB
0: #
0: #                                                              out-of-place                       in-place          
0: #       size         count      type   redop    root     time   algbw   busbw  #wrong     time   algbw   busbw  #wrong 
0: #        (B)    (elements)                               (us)  (GB/s)  (GB/s)             (us)  (GB/s)  (GB/s)         
0:      8388608       2097152     float     sum      -1   116.02   72.30   72.30       0   115.74   72.48   72.48    N/A
0:     16777216       4194304     float     sum      -1   222.36   75.45   75.45       0   217.56   77.12   77.12    N/A
0:     33554432       8388608     float     sum      -1   423.39   79.25   79.25       0   423.40   79.25   79.25    N/A
0:     67108864      16777216     float     sum      -1   813.35   82.51   82.51       0   823.27   81.51   81.51    N/A
0:    134217728      33554432     float     sum      -1  1121.96  119.63  119.63       0  1123.49  119.46  119.46    N/A
0:    268435456      67108864     float     sum      -1  2207.91  121.58  121.58       0  2208.32  121.56  121.56    N/A
0: # Out of bounds values : 0 OK
0: # Avg bus bandwidth    : 91.8422 
0: #
0: # Collective test concluded: sendrecv_perf
0: #
0: 
0: 
0: ##### pass 20/20  pair g0-g1  sendrecv_perf
0: # nccl-tests version 2.17.8 nccl-headers=22903 nccl-library=22903
0: # Collective test starting: sendrecv_perf
0: # nThread 1 nGpus 2 minBytes 8388608 maxBytes 268435456 step: 2(factor) warmup iters: 5 iters: 20 agg iters: 1 validation: 1 graph: 0
0: #
0: # Using devices
0: #  Rank  0 Group  0 Pid  63757 on  nid006856 device  0 [0009:01:00] NVIDIA GH200 120GB
0: #  Rank  1 Group  0 Pid  63757 on  nid006856 device  1 [0019:01:00] NVIDIA GH200 120GB
0: #
0: #                                                              out-of-place                       in-place          
0: #       size         count      type   redop    root     time   algbw   busbw  #wrong     time   algbw   busbw  #wrong 
0: #        (B)    (elements)                               (us)  (GB/s)  (GB/s)             (us)  (GB/s)  (GB/s)         
0:      8388608       2097152     float     sum      -1   117.57   71.35   71.35       0   115.68   72.51   72.51    N/A
0:     16777216       4194304     float     sum      -1   221.79   75.64   75.64       0   217.10   77.28   77.28    N/A
0:     33554432       8388608     float     sum      -1   422.21   79.47   79.47       0   421.03   79.70   79.70    N/A
0:     67108864      16777216     float     sum      -1   811.22   82.73   82.73       0   811.87   82.66   82.66    N/A
0:    134217728      33554432     float     sum      -1  1120.08  119.83  119.83       0  1125.25  119.28  119.28    N/A
0:    268435456      67108864     float     sum      -1  2214.08  121.24  121.24       0  2214.62  121.21  121.21    N/A
0: # Out of bounds values : 0 OK
0: # Avg bus bandwidth    : 91.9082 
0: #
0: # Collective test concluded: sendrecv_perf
0: #
0: 
0: 
0: ##### pass 20/20  pair g0-g2  sendrecv_perf
0: # nccl-tests version 2.17.8 nccl-headers=22903 nccl-library=22903
0: # Collective test starting: sendrecv_perf
0: # nThread 1 nGpus 2 minBytes 8388608 maxBytes 268435456 step: 2(factor) warmup iters: 5 iters: 20 agg iters: 1 validation: 1 graph: 0
0: #
0: # Using devices
0: #  Rank  0 Group  0 Pid  63812 on  nid006856 device  0 [0009:01:00] NVIDIA GH200 120GB
0: #  Rank  1 Group  0 Pid  63812 on  nid006856 device  1 [0029:01:00] NVIDIA GH200 120GB
0: #
0: #                                                              out-of-place                       in-place          
0: #       size         count      type   redop    root     time   algbw   busbw  #wrong     time   algbw   busbw  #wrong 
0: #        (B)    (elements)                               (us)  (GB/s)  (GB/s)             (us)  (GB/s)  (GB/s)         
0:      8388608       2097152     float     sum      -1   115.95   72.35   72.35       0   115.54   72.60   72.60    N/A
0:     16777216       4194304     float     sum      -1   222.36   75.45   75.45       0   218.16   76.90   76.90    N/A
0:     33554432       8388608     float     sum      -1   421.89   79.53   79.53       0   423.13   79.30   79.30    N/A
0:     67108864      16777216     float     sum      -1   815.03   82.34   82.34       0   823.01   81.54   81.54    N/A
0:    134217728      33554432     float     sum      -1  1124.85  119.32  119.32       0  1122.40  119.58  119.58    N/A
0:    268435456      67108864     float     sum      -1  2210.92  121.41  121.41       0  2208.28  121.56  121.56    N/A
0: # Out of bounds values : 0 OK
0: # Avg bus bandwidth    : 91.824 
0: #
0: # Collective test concluded: sendrecv_perf
0: #
0: 
0: 
0: ##### pass 20/20  pair g0-g3  sendrecv_perf
0: # nccl-tests version 2.17.8 nccl-headers=22903 nccl-library=22903
0: # Collective test starting: sendrecv_perf
0: # nThread 1 nGpus 2 minBytes 8388608 maxBytes 268435456 step: 2(factor) warmup iters: 5 iters: 20 agg iters: 1 validation: 1 graph: 0
0: #
0: # Using devices
0: #  Rank  0 Group  0 Pid  63848 on  nid006856 device  0 [0009:01:00] NVIDIA GH200 120GB
0: #  Rank  1 Group  0 Pid  63848 on  nid006856 device  1 [0039:01:00] NVIDIA GH200 120GB
0: #
0: #                                                              out-of-place                       in-place          
0: #       size         count      type   redop    root     time   algbw   busbw  #wrong     time   algbw   busbw  #wrong 
0: #        (B)    (elements)                               (us)  (GB/s)  (GB/s)             (us)  (GB/s)  (GB/s)         
0:      8388608       2097152     float     sum      -1   115.66   72.53   72.53       0   120.40   69.67   69.67    N/A
0:     16777216       4194304     float     sum      -1   221.71   75.67   75.67       0   221.86   75.62   75.62    N/A
0:     33554432       8388608     float     sum      -1   422.14   79.49   79.49       0   420.07   79.88   79.88    N/A
0:     67108864      16777216     float     sum      -1   817.51   82.09   82.09       0   822.66   81.58   81.58    N/A
0:    134217728      33554432     float     sum      -1  1125.24  119.28  119.28       0  1120.94  119.74  119.74    N/A
0:    268435456      67108864     float     sum      -1  2217.82  121.04  121.04       0  2204.18  121.78  121.78    N/A
0: # Out of bounds values : 0 OK
0: # Avg bus bandwidth    : 91.5296 
0: #
0: # Collective test concluded: sendrecv_perf
0: #
0: 
0: 
0: ##### pass 20/20  pair g1-g2  sendrecv_perf
0: # nccl-tests version 2.17.8 nccl-headers=22903 nccl-library=22903
0: # Collective test starting: sendrecv_perf
0: # nThread 1 nGpus 2 minBytes 8388608 maxBytes 268435456 step: 2(factor) warmup iters: 5 iters: 20 agg iters: 1 validation: 1 graph: 0
0: #
0: # Using devices
0: #  Rank  0 Group  0 Pid  63883 on  nid006856 device  0 [0019:01:00] NVIDIA GH200 120GB
0: #  Rank  1 Group  0 Pid  63883 on  nid006856 device  1 [0029:01:00] NVIDIA GH200 120GB
0: #
0: #                                                              out-of-place                       in-place          
0: #       size         count      type   redop    root     time   algbw   busbw  #wrong     time   algbw   busbw  #wrong 
0: #        (B)    (elements)                               (us)  (GB/s)  (GB/s)             (us)  (GB/s)  (GB/s)         
0:      8388608       2097152     float     sum      -1   115.93   72.36   72.36       0   120.04   69.88   69.88    N/A
0:     16777216       4194304     float     sum      -1   220.93   75.94   75.94       0   218.17   76.90   76.90    N/A
0:     33554432       8388608     float     sum      -1   422.53   79.41   79.41       0   423.06   79.31   79.31    N/A
0:     67108864      16777216     float     sum      -1   813.34   82.51   82.51       0   823.49   81.49   81.49    N/A
0:    134217728      33554432     float     sum      -1  1126.62  119.13  119.13       0  1127.67  119.02  119.02    N/A
0:    268435456      67108864     float     sum      -1  2208.48  121.55  121.55       0  2213.18  121.29  121.29    N/A
0: # Out of bounds values : 0 OK
0: # Avg bus bandwidth    : 91.5664 
0: #
0: # Collective test concluded: sendrecv_perf
0: #
0: 
0: 
0: ##### pass 20/20  pair g1-g3  sendrecv_perf
0: # nccl-tests version 2.17.8 nccl-headers=22903 nccl-library=22903
0: # Collective test starting: sendrecv_perf
0: # nThread 1 nGpus 2 minBytes 8388608 maxBytes 268435456 step: 2(factor) warmup iters: 5 iters: 20 agg iters: 1 validation: 1 graph: 0
0: #
0: # Using devices
0: #  Rank  0 Group  0 Pid  63919 on  nid006856 device  0 [0019:01:00] NVIDIA GH200 120GB
0: #  Rank  1 Group  0 Pid  63919 on  nid006856 device  1 [0039:01:00] NVIDIA GH200 120GB
0: #
0: #                                                              out-of-place                       in-place          
0: #       size         count      type   redop    root     time   algbw   busbw  #wrong     time   algbw   busbw  #wrong 
0: #        (B)    (elements)                               (us)  (GB/s)  (GB/s)             (us)  (GB/s)  (GB/s)         
0:      8388608       2097152     float     sum      -1   117.58   71.34   71.34       0   118.48   70.80   70.80    N/A
0:     16777216       4194304     float     sum      -1   218.60   76.75   76.75       0   217.48   77.14   77.14    N/A
0:     33554432       8388608     float     sum      -1   421.61   79.59   79.59       0   423.93   79.15   79.15    N/A
0:     67108864      16777216     float     sum      -1   816.54   82.19   82.19       0   822.75   81.57   81.57    N/A
0:    134217728      33554432     float     sum      -1  1124.85  119.32  119.32       0  1120.50  119.78  119.78    N/A
0:    268435456      67108864     float     sum      -1  2212.65  121.32  121.32       0  2208.75  121.53  121.53    N/A
0: # Out of bounds values : 0 OK
0: # Avg bus bandwidth    : 91.7069 
0: #
0: # Collective test concluded: sendrecv_perf
0: #
0: 
0: 
0: ##### pass 20/20  pair g2-g3  sendrecv_perf
0: # nccl-tests version 2.17.8 nccl-headers=22903 nccl-library=22903
0: # Collective test starting: sendrecv_perf
0: # nThread 1 nGpus 2 minBytes 8388608 maxBytes 268435456 step: 2(factor) warmup iters: 5 iters: 20 agg iters: 1 validation: 1 graph: 0
0: #
0: # Using devices
0: #  Rank  0 Group  0 Pid  63954 on  nid006856 device  0 [0029:01:00] NVIDIA GH200 120GB
0: #  Rank  1 Group  0 Pid  63954 on  nid006856 device  1 [0039:01:00] NVIDIA GH200 120GB
0: #
0: #                                                              out-of-place                       in-place          
0: #       size         count      type   redop    root     time   algbw   busbw  #wrong     time   algbw   busbw  #wrong 
0: #        (B)    (elements)                               (us)  (GB/s)  (GB/s)             (us)  (GB/s)  (GB/s)         
0:      8388608       2097152     float     sum      -1   116.28   72.14   72.14       0   115.88   72.39   72.39    N/A
0:     16777216       4194304     float     sum      -1   218.47   76.79   76.79       0   221.94   75.59   75.59    N/A
0:     33554432       8388608     float     sum      -1   423.14   79.30   79.30       0   424.36   79.07   79.07    N/A
0:     67108864      16777216     float     sum      -1   818.16   82.02   82.02       0   824.33   81.41   81.41    N/A
0:    134217728      33554432     float     sum      -1  1119.70  119.87  119.87       0  1126.59  119.14  119.14    N/A
0:    268435456      67108864     float     sum      -1  2210.41  121.44  121.44       0  2211.29  121.39  121.39    N/A
0: # Out of bounds values : 0 OK
0: # Avg bus bandwidth    : 91.714 
0: #
0: # Collective test concluded: sendrecv_perf
0: #
0: 
0: === nvlink error counters AFTER ===
0: GPU 0: NVIDIA GH200 120GB (UUID: GPU-6296bdb5-5f4b-5746-6893-a268ea3b7770)
0: 	 Link 0: Replay Errors: 0
0: 	 Link 0: Recovery Errors: 0
0: 	 Link 0: CRC Errors: 0
0: 
0: 	 Link 1: Replay Errors: 0
0: 	 Link 1: Recovery Errors: 0
0: 	 Link 1: CRC Errors: 0
0: 
0: 	 Link 2: Replay Errors: 0
0: 	 Link 2: Recovery Errors: 0
0: 	 Link 2: CRC Errors: 0
0: 
0: 	 Link 3: Replay Errors: 1
0: 	 Link 3: Recovery Errors: 0
0: 	 Link 3: CRC Errors: 0
0: 
0: 	 Link 4: Replay Errors: 0
0: 	 Link 4: Recovery Errors: 0
0: 	 Link 4: CRC Errors: 0
0: 
0: 	 Link 5: Replay Errors: 0
0: 	 Link 5: Recovery Errors: 0
0: 	 Link 5: CRC Errors: 0
0: 
0: 	 Link 6: Replay Errors: 0
0: 	 Link 6: Recovery Errors: 0
0: 	 Link 6: CRC Errors: 0
0: 
0: 	 Link 7: Replay Errors: 0
0: 	 Link 7: Recovery Errors: 0
0: 	 Link 7: CRC Errors: 0
0: 
0: 	 Link 8: Replay Errors: 0
0: 	 Link 8: Recovery Errors: 0
0: 	 Link 8: CRC Errors: 0
0: 
0: 	 Link 9: Replay Errors: 0
0: 	 Link 9: Recovery Errors: 0
0: 	 Link 9: CRC Errors: 0
0: 
0: 	 Link 10: Replay Errors: 0
0: 	 Link 10: Recovery Errors: 0
0: 	 Link 10: CRC Errors: 0
0: 
0: 	 Link 11: Replay Errors: 0
0: 	 Link 11: Recovery Errors: 0
0: 	 Link 11: CRC Errors: 0
0: 
0: 	 Link 12: Replay Errors: 0
0: 	 Link 12: Recovery Errors: 0
0: 	 Link 12: CRC Errors: 0
0: 
0: 	 Link 13: Replay Errors: 0
0: 	 Link 13: Recovery Errors: 0
0: 	 Link 13: CRC Errors: 0
0: 
0: 	 Link 14: Replay Errors: 0
0: 	 Link 14: Recovery Errors: 0
0: 	 Link 14: CRC Errors: 0
0: 
0: 	 Link 15: Replay Errors: 0
0: 	 Link 15: Recovery Errors: 0
0: 	 Link 15: CRC Errors: 0
0: 
0: 	 Link 16: Replay Errors: 0
0: 	 Link 16: Recovery Errors: 0
0: 	 Link 16: CRC Errors: 0
0: 
0: 	 Link 17: Replay Errors: 0
0: 	 Link 17: Recovery Errors: 0
0: 	 Link 17: CRC Errors: 0
0: 
0: GPU 1: NVIDIA GH200 120GB (UUID: GPU-534490e3-6f25-17dd-dac1-9ff571794872)
0: 	 Link 0: Replay Errors: 0
0: 	 Link 0: Recovery Errors: 0
0: 	 Link 0: CRC Errors: 0
0: 
0: 	 Link 1: Replay Errors: 0
0: 	 Link 1: Recovery Errors: 0
0: 	 Link 1: CRC Errors: 0
0: 
0: 	 Link 2: Replay Errors: 0
0: 	 Link 2: Recovery Errors: 0
0: 	 Link 2: CRC Errors: 0
0: 
0: 	 Link 3: Replay Errors: 95
0: 	 Link 3: Recovery Errors: 0
0: 	 Link 3: CRC Errors: 1
0: 
0: 	 Link 4: Replay Errors: 0
0: 	 Link 4: Recovery Errors: 0
0: 	 Link 4: CRC Errors: 0
0: 
0: 	 Link 5: Replay Errors: 0
0: 	 Link 5: Recovery Errors: 0
0: 	 Link 5: CRC Errors: 0
0: 
0: 	 Link 6: Replay Errors: 0
0: 	 Link 6: Recovery Errors: 0
0: 	 Link 6: CRC Errors: 0
0: 
0: 	 Link 7: Replay Errors: 0
0: 	 Link 7: Recovery Errors: 0
0: 	 Link 7: CRC Errors: 0
0: 
0: 	 Link 8: Replay Errors: 0
0: 	 Link 8: Recovery Errors: 0
0: 	 Link 8: CRC Errors: 0
0: 
0: 	 Link 9: Replay Errors: 0
0: 	 Link 9: Recovery Errors: 0
0: 	 Link 9: CRC Errors: 0
0: 
0: 	 Link 10: Replay Errors: 0
0: 	 Link 10: Recovery Errors: 0
0: 	 Link 10: CRC Errors: 0
0: 
0: 	 Link 11: Replay Errors: 0
0: 	 Link 11: Recovery Errors: 0
0: 	 Link 11: CRC Errors: 0
0: 
0: 	 Link 12: Replay Errors: 0
0: 	 Link 12: Recovery Errors: 0
0: 	 Link 12: CRC Errors: 0
0: 
0: 	 Link 13: Replay Errors: 0
0: 	 Link 13: Recovery Errors: 0
0: 	 Link 13: CRC Errors: 0
0: 
0: 	 Link 14: Replay Errors: 0
0: 	 Link 14: Recovery Errors: 0
0: 	 Link 14: CRC Errors: 0
0: 
0: 	 Link 15: Replay Errors: 0
0: 	 Link 15: Recovery Errors: 0
0: 	 Link 15: CRC Errors: 0
0: 
0: 	 Link 16: Replay Errors: 0
0: 	 Link 16: Recovery Errors: 0
0: 	 Link 16: CRC Errors: 0
0: 
0: 	 Link 17: Replay Errors: 0
0: 	 Link 17: Recovery Errors: 0
0: 	 Link 17: CRC Errors: 0
0: 
0: GPU 2: NVIDIA GH200 120GB (UUID: GPU-2d6c7174-b8d3-c127-6fee-6d548e12988b)
0: 	 Link 0: Replay Errors: 0
0: 	 Link 0: Recovery Errors: 0
0: 	 Link 0: CRC Errors: 0
0: 
0: 	 Link 1: Replay Errors: 0
0: 	 Link 1: Recovery Errors: 0
0: 	 Link 1: CRC Errors: 0
0: 
0: 	 Link 2: Replay Errors: 0
0: 	 Link 2: Recovery Errors: 0
0: 	 Link 2: CRC Errors: 0
0: 
0: 	 Link 3: Replay Errors: 0
0: 	 Link 3: Recovery Errors: 0
0: 	 Link 3: CRC Errors: 0
0: 
0: 	 Link 4: Replay Errors: 0
0: 	 Link 4: Recovery Errors: 0
0: 	 Link 4: CRC Errors: 1
0: 
0: 	 Link 5: Replay Errors: 0
0: 	 Link 5: Recovery Errors: 0
0: 	 Link 5: CRC Errors: 0
0: 
0: 	 Link 6: Replay Errors: 0
0: 	 Link 6: Recovery Errors: 0
0: 	 Link 6: CRC Errors: 0
0: 
0: 	 Link 7: Replay Errors: 0
0: 	 Link 7: Recovery Errors: 0
0: 	 Link 7: CRC Errors: 0
0: 
0: 	 Link 8: Replay Errors: 0
0: 	 Link 8: Recovery Errors: 0
0: 	 Link 8: CRC Errors: 0
0: 
0: 	 Link 9: Replay Errors: 0
0: 	 Link 9: Recovery Errors: 0
0: 	 Link 9: CRC Errors: 0
0: 
0: 	 Link 10: Replay Errors: 0
0: 	 Link 10: Recovery Errors: 0
0: 	 Link 10: CRC Errors: 0
0: 
0: 	 Link 11: Replay Errors: 0
0: 	 Link 11: Recovery Errors: 0
0: 	 Link 11: CRC Errors: 0
0: 
0: 	 Link 12: Replay Errors: 0
0: 	 Link 12: Recovery Errors: 0
0: 	 Link 12: CRC Errors: 0
0: 
0: 	 Link 13: Replay Errors: 0
0: 	 Link 13: Recovery Errors: 0
0: 	 Link 13: CRC Errors: 0
0: 
0: 	 Link 14: Replay Errors: 0
0: 	 Link 14: Recovery Errors: 0
0: 	 Link 14: CRC Errors: 0
0: 
0: 	 Link 15: Replay Errors: 0
0: 	 Link 15: Recovery Errors: 0
0: 	 Link 15: CRC Errors: 0
0: 
0: 	 Link 16: Replay Errors: 0
0: 	 Link 16: Recovery Errors: 0
0: 	 Link 16: CRC Errors: 0
0: 
0: 	 Link 17: Replay Errors: 0
0: 	 Link 17: Recovery Errors: 0
0: 	 Link 17: CRC Errors: 0
0: 
0: GPU 3: NVIDIA GH200 120GB (UUID: GPU-2211e910-405d-7a47-d4a0-a52b4ebef165)
0: 	 Link 0: Replay Errors: 0
0: 	 Link 0: Recovery Errors: 0
0: 	 Link 0: CRC Errors: 0
0: 
0: 	 Link 1: Replay Errors: 0
0: 	 Link 1: Recovery Errors: 0
0: 	 Link 1: CRC Errors: 0
0: 
0: 	 Link 2: Replay Errors: 0
0: 	 Link 2: Recovery Errors: 0
0: 	 Link 2: CRC Errors: 0
0: 
0: 	 Link 3: Replay Errors: 0
0: 	 Link 3: Recovery Errors: 0
0: 	 Link 3: CRC Errors: 0
0: 
0: 	 Link 4: Replay Errors: 0
0: 	 Link 4: Recovery Errors: 0
0: 	 Link 4: CRC Errors: 0
0: 
0: 	 Link 5: Replay Errors: 0
0: 	 Link 5: Recovery Errors: 0
0: 	 Link 5: CRC Errors: 0
0: 
0: 	 Link 6: Replay Errors: 0
0: 	 Link 6: Recovery Errors: 0
0: 	 Link 6: CRC Errors: 0
0: 
0: 	 Link 7: Replay Errors: 0
0: 	 Link 7: Recovery Errors: 0
0: 	 Link 7: CRC Errors: 0
0: 
0: 	 Link 8: Replay Errors: 0
0: 	 Link 8: Recovery Errors: 0
0: 	 Link 8: CRC Errors: 0
0: 
0: 	 Link 9: Replay Errors: 0
0: 	 Link 9: Recovery Errors: 0
0: 	 Link 9: CRC Errors: 0
0: 
0: 	 Link 10: Replay Errors: 0
0: 	 Link 10: Recovery Errors: 0
0: 	 Link 10: CRC Errors: 0
0: 
0: 	 Link 11: Replay Errors: 0
0: 	 Link 11: Recovery Errors: 0
0: 	 Link 11: CRC Errors: 0
0: 
0: 	 Link 12: Replay Errors: 0
0: 	 Link 12: Recovery Errors: 0
0: 	 Link 12: CRC Errors: 0
0: 
0: 	 Link 13: Replay Errors: 0
0: 	 Link 13: Recovery Errors: 0
0: 	 Link 13: CRC Errors: 0
0: 
0: 	 Link 14: Replay Errors: 0
0: 	 Link 14: Recovery Errors: 0
0: 	 Link 14: CRC Errors: 0
0: 
0: 	 Link 15: Replay Errors: 0
0: 	 Link 15: Recovery Errors: 0
0: 	 Link 15: CRC Errors: 0
0: 
0: 	 Link 16: Replay Errors: 0
0: 	 Link 16: Recovery Errors: 0
0: 	 Link 16: CRC Errors: 0
0: 
0: 	 Link 17: Replay Errors: 0
0: 	 Link 17: Recovery Errors: 0
0: 	 Link 17: CRC Errors: 0
0: 

NCCL_TESTS_INTRA_COMPLETE nid006856
