=== node: nid007195  EDF: /iopsstor/scratch/cscs/mvasilev/vllm-play/megatron-v2601-multinode.toml  passes: 20 ===
0: === nvlink status ===
0: GPU 0: NVIDIA GH200 120GB (UUID: GPU-1576f3c3-8372-7d6b-decd-052c8b7157a8)
0: 	 Link 0: 26.562 GB/s
0: 	 Link 1: 26.562 GB/s
0: 	 Link 2: 26.562 GB/s
0: 	 Link 3: 26.562 GB/s
0: 	 Link 4: 26.562 GB/s
0: 	 Link 5: 26.562 GB/s
0: 	 Link 6: 26.562 GB/s
0: 	 Link 7: 26.562 GB/s
0: 	 Link 8: 26.562 GB/s
0: 	 Link 9: 26.562 GB/s
0: 	 Link 10: 26.562 GB/s
0: 	 Link 11: 26.562 GB/s
0: 	 Link 12: 26.562 GB/s
0: 	 Link 13: 26.562 GB/s
0: 	 Link 14: 26.562 GB/s
0: 	 Link 15: 26.562 GB/s
0: 	 Link 16: 26.562 GB/s
0: 	 Link 17: 26.562 GB/s
0: GPU 1: NVIDIA GH200 120GB (UUID: GPU-94511c6c-0551-6ee2-2bc7-8743d6a340da)
0: 	 Link 0: 26.562 GB/s
0: 	 Link 1: 26.562 GB/s
0: 	 Link 2: 26.562 GB/s
0: 	 Link 3: 26.562 GB/s
0: 	 Link 4: 26.562 GB/s
0: 	 Link 5: 26.562 GB/s
0: 	 Link 6: 26.562 GB/s
0: 	 Link 7: 26.562 GB/s
0: 	 Link 8: 26.562 GB/s
0: 	 Link 9: 26.562 GB/s
0: 	 Link 10: 26.562 GB/s
0: 	 Link 11: 26.562 GB/s
0: 	 Link 12: 26.562 GB/s
0: 	 Link 13: 26.562 GB/s
0: 	 Link 14: 26.562 GB/s
0: 	 Link 15: 26.562 GB/s
0: 	 Link 16: 26.562 GB/s
0: 	 Link 17: 26.562 GB/s
0: GPU 2: NVIDIA GH200 120GB (UUID: GPU-130de23c-305e-cf7a-0b35-a92c7bcd7abc)
0: 	 Link 0: 26.562 GB/s
0: 	 Link 1: 26.562 GB/s
0: 	 Link 2: 26.562 GB/s
0: 	 Link 3: 26.562 GB/s
0: 	 Link 4: 26.562 GB/s
0: 	 Link 5: 26.562 GB/s
0: 	 Link 6: 26.562 GB/s
0: 	 Link 7: 26.562 GB/s
0: 	 Link 8: 26.562 GB/s
0: 	 Link 9: 26.562 GB/s
0: 	 Link 10: 26.562 GB/s
0: 	 Link 11: 26.562 GB/s
0: 	 Link 12: 26.562 GB/s
0: 	 Link 13: 26.562 GB/s
0: 	 Link 14: 26.562 GB/s
0: 	 Link 15: 26.562 GB/s
0: 	 Link 16: 26.562 GB/s
0: 	 Link 17: 26.562 GB/s
0: GPU 3: NVIDIA GH200 120GB (UUID: GPU-e4064920-aa88-c6bc-19ec-f05dcbeaa486)
0: 	 Link 0: 26.562 GB/s
0: 	 Link 1: 26.562 GB/s
0: 	 Link 2: 26.562 GB/s
0: 	 Link 3: 26.562 GB/s
0: 	 Link 4: 26.562 GB/s
0: 	 Link 5: 26.562 GB/s
0: 	 Link 6: 26.562 GB/s
0: 	 Link 7: 26.562 GB/s
0: 	 Link 8: 26.562 GB/s
0: 	 Link 9: 26.562 GB/s
0: 	 Link 10: 26.562 GB/s
0: 	 Link 11: 26.562 GB/s
0: 	 Link 12: 26.562 GB/s
0: 	 Link 13: 26.562 GB/s
0: 	 Link 14: 26.562 GB/s
0: 	 Link 15: 26.562 GB/s
0: 	 Link 16: 26.562 GB/s
0: 	 Link 17: 26.562 GB/s
0: === nvlink error counters BEFORE ===
0: GPU 0: NVIDIA GH200 120GB (UUID: GPU-1576f3c3-8372-7d6b-decd-052c8b7157a8)
0: 	 Link 0: Replay Errors: 0
0: 	 Link 0: Recovery Errors: 0
0: 	 Link 0: CRC Errors: 0
0: 
0: 	 Link 1: Replay Errors: 0
0: 	 Link 1: Recovery Errors: 0
0: 	 Link 1: CRC Errors: 0
0: 
0: 	 Link 2: Replay Errors: 0
0: 	 Link 2: Recovery Errors: 0
0: 	 Link 2: CRC Errors: 0
0: 
0: 	 Link 3: Replay Errors: 0
0: 	 Link 3: Recovery Errors: 0
0: 	 Link 3: CRC Errors: 0
0: 
0: 	 Link 4: Replay Errors: 0
0: 	 Link 4: Recovery Errors: 0
0: 	 Link 4: CRC Errors: 0
0: 
0: 	 Link 5: Replay Errors: 0
0: 	 Link 5: Recovery Errors: 0
0: 	 Link 5: CRC Errors: 0
0: 
0: 	 Link 6: Replay Errors: 0
0: 	 Link 6: Recovery Errors: 0
0: 	 Link 6: CRC Errors: 0
0: 
0: 	 Link 7: Replay Errors: 0
0: 	 Link 7: Recovery Errors: 0
0: 	 Link 7: CRC Errors: 0
0: 
0: 	 Link 8: Replay Errors: 0
0: 	 Link 8: Recovery Errors: 0
0: 	 Link 8: CRC Errors: 0
0: 
0: 	 Link 9: Replay Errors: 0
0: 	 Link 9: Recovery Errors: 0
0: 	 Link 9: CRC Errors: 0
0: 
0: 	 Link 10: Replay Errors: 0
0: 	 Link 10: Recovery Errors: 0
0: 	 Link 10: CRC Errors: 0
0: 
0: 	 Link 11: Replay Errors: 0
0: 	 Link 11: Recovery Errors: 0
0: 	 Link 11: CRC Errors: 0
0: 
0: 	 Link 12: Replay Errors: 0
0: 	 Link 12: Recover
0: y Errors: 0
0: 	 Link 12: CRC Errors: 0
0: 
0: 	 Link 13: Replay Errors: 0
0: 	 Link 13: Recovery Errors: 0
0: 	 Link 13: CRC Errors: 0
0: 
0: 	 Link 14: Replay Errors: 0
0: 	 Link 14: Recovery Errors: 0
0: 	 Link 14: CRC Errors: 0
0: 
0: 	 Link 15: Replay Errors: 0
0: 	 Link 15: Recovery Errors: 0
0: 	 Link 15: CRC Errors: 0
0: 
0: 	 Link 16: Replay Errors: 0
0: 	 Link 16: Recovery Errors: 0
0: 	 Link 16: CRC Errors: 0
0: 
0: 	 Link 17: Replay Errors: 0
0: 	 Link 17: Recovery Errors: 0
0: 	 Link 17: CRC Errors: 0
0: 
0: GPU 1: NVIDIA GH200 120GB (UUID: GPU-94511c6c-0551-6ee2-2bc7-8743d6a340da)
0: 	 Link 0: Replay Errors: 0
0: 	 Link 0: Recovery Errors: 0
0: 	 Link 0: CRC Errors: 0
0: 
0: 	 Link 1: Replay Errors: 0
0: 	 Link 1: Recovery Errors: 0
0: 	 Link 1: CRC Errors: 0
0: 
0: 	 Link 2: Replay Errors: 0
0: 	 Link 2: Recovery Errors: 0
0: 	 Link 2: CRC Errors: 0
0: 
0: 	 Link 3: Replay Errors: 0
0: 	 Link 3: Recovery Errors: 0
0: 	 Link 3: CRC Errors: 0
0: 
0: 	 Link 4: Replay Errors: 0
0: 	 Link 4: Recovery Errors: 0
0: 	 Link 4: CRC Errors: 0
0: 
0: 	 Link 5: Replay Errors: 0
0: 	 Link 5: Recovery Errors: 0
0: 	 Link 5: CRC Errors: 0
0: 
0: 	 Link 6: Replay Errors: 0
0: 	 Link 6: Recovery Errors: 0
0: 	 Link 6: CRC Errors: 0
0: 
0: 	 Link 7: Replay Errors: 0
0: 	 Link 7: Recovery Errors: 0
0: 	 Link 7: CRC Errors: 0
0: 
0: 	 Link 8: Replay Errors: 0
0: 	 Link 8: Recovery Errors: 0
0: 	 Link 8: CRC Errors: 0
0: 
0: 	 Link 9: Replay Errors: 0
0: 	 Link 9: Recovery Errors: 0
0: 	 Link 9: CRC Errors: 0
0: 
0: 	 Link 10: Replay Errors: 0
0: 	 Link 10: Recovery Errors: 0
0: 	 Link 10: CRC Errors: 0
0: 
0: 	 Link 11: Replay Errors: 0
0: 	 Link 11: Recovery Errors: 0
0: 	 Link 11: CRC Errors: 0
0: 
0: 	 Link 12: Replay Errors: 0
0: 	 Link 12: Recover
0: y Errors: 0
0: 	 Link 12: CRC Errors: 0
0: 
0: 	 Link 13: Replay Errors: 0
0: 	 Link 13: Recovery Errors: 0
0: 	 Link 13: CRC Errors: 0
0: 
0: 	 Link 14: Replay Errors: 0
0: 	 Link 14: Recovery Errors: 0
0: 	 Link 14: CRC Errors: 0
0: 
0: 	 Link 15: Replay Errors: 0
0: 	 Link 15: Recovery Errors: 0
0: 	 Link 15: CRC Errors: 0
0: 
0: 	 Link 16: Replay Errors: 0
0: 	 Link 16: Recovery Errors: 0
0: 	 Link 16: CRC Errors: 0
0: 
0: 	 Link 17: Replay Errors: 0
0: 	 Link 17: Recovery Errors: 0
0: 	 Link 17: CRC Errors: 0
0: 
0: GPU 2: NVIDIA GH200 120GB (UUID: GPU-130de23c-305e-cf7a-0b35-a92c7bcd7abc)
0: 	 Link 0: Replay Errors: 0
0: 	 Link 0: Recovery Errors: 0
0: 	 Link 0: CRC Errors: 0
0: 
0: 	 Link 1: Replay Errors: 0
0: 	 Link 1: Recovery Errors: 0
0: 	 Link 1: CRC Errors: 0
0: 
0: 	 Link 2: Replay Errors: 0
0: 	 Link 2: Recovery Errors: 0
0: 	 Link 2: CRC Errors: 0
0: 
0: 	 Link 3: Replay Errors: 0
0: 	 Link 3: Recovery Errors: 0
0: 	 Link 3: CRC Errors: 0
0: 
0: 	 Link 4: Replay Errors: 0
0: 	 Link 4: Recovery Errors: 0
0: 	 Link 4: CRC Errors: 0
0: 
0: 	 Link 5: Replay Errors: 0
0: 	 Link 5: Recovery Errors: 0
0: 	 Link 5: CRC Errors: 0
0: 
0: 	 Link 6: Replay Errors: 0
0: 	 Link 6: Recovery Errors: 0
0: 	 Link 6: CRC Errors: 0
0: 
0: 	 Link 7: Replay Errors: 0
0: 	 Link 7: Recovery Errors: 0
0: 	 Link 7: CRC Errors: 0
0: 
0: 	 Link 8: Replay Errors: 0
0: 	 Link 8: Recovery Errors: 0
0: 	 Link 8: CRC Errors: 0
0: 
0: 	 Link 9: Replay Errors: 0
0: 	 Link 9: Recovery Errors: 0
0: 	 Link 9: CRC Errors: 0
0: 
0: 	 Link 10: Replay Errors: 0
0: 	 Link 10: Recovery Errors: 0
0: 	 Link 10: CRC Errors: 0
0: 
0: 	 Link 11: Replay Errors: 0
0: 	 Link 11: Recovery Errors: 0
0: 	 Link 11: CRC Errors: 0
0: 
0: 	 Link 12: Replay Errors: 0
0: 	 Link 12: Recover
0: y Errors: 0
0: 	 Link 12: CRC Errors: 0
0: 
0: 	 Link 13: Replay Errors: 0
0: 	 Link 13: Recovery Errors: 0
0: 	 Link 13: CRC Errors: 0
0: 
0: 	 Link 14: Replay Errors: 0
0: 	 Link 14: Recovery Errors: 0
0: 	 Link 14: CRC Errors: 0
0: 
0: 	 Link 15: Replay Errors: 0
0: 	 Link 15: Recovery Errors: 0
0: 	 Link 15: CRC Errors: 0
0: 
0: 	 Link 16: Replay Errors: 0
0: 	 Link 16: Recovery Errors: 0
0: 	 Link 16: CRC Errors: 0
0: 
0: 	 Link 17: Replay Errors: 0
0: 	 Link 17: Recovery Errors: 0
0: 	 Link 17: CRC Errors: 0
0: 
0: GPU 3: NVIDIA GH200 120GB (UUID: GPU-e4064920-aa88-c6bc-19ec-f05dcbeaa486)
0: 	 Link 0: Replay Errors: 0
0: 	 Link 0: Recovery Errors: 0
0: 	 Link 0: CRC Errors: 0
0: 
0: 	 Link 1: Replay Errors: 0
0: 	 Link 1: Recovery Errors: 0
0: 	 Link 1: CRC Errors: 0
0: 
0: 	 Link 2: Replay Errors: 0
0: 	 Link 2: Recovery Errors: 0
0: 	 Link 2: CRC Errors: 0
0: 
0: 	 Link 3: Replay Errors: 0
0: 	 Link 3: Recovery Errors: 0
0: 	 Link 3: CRC Errors: 0
0: 
0: 	 Link 4: Replay Errors: 0
0: 	 Link 4: Recovery Errors: 0
0: 	 Link 4: CRC Errors: 0
0: 
0: 	 Link 5: Replay Errors: 0
0: 	 Link 5: Recovery Errors: 0
0: 	 Link 5: CRC Errors: 0
0: 
0: 	 Link 6: Replay Errors: 0
0: 	 Link 6: Recovery Errors: 0
0: 	 Link 6: CRC Errors: 0
0: 
0: 	 Link 7: Replay Errors: 0
0: 	 Link 7: Recovery Errors: 0
0: 	 Link 7: CRC Errors: 0
0: 
0: 	 Link 8: Replay Errors: 0
0: 	 Link 8: Recovery Errors: 0
0: 	 Link 8: CRC Errors: 0
0: 
0: 	 Link 9: Replay Errors: 0
0: 	 Link 9: Recovery Errors: 0
0: 	 Link 9: CRC Errors: 0
0: 
0: 	 Link 10: Replay Errors: 0
0: 	 Link 10: Recovery Errors: 0
0: 	 Link 10: CRC Errors: 0
0: 
0: 	 Link 11: Replay Errors: 0
0: 	 Link 11: Recovery Errors: 0
0: 	 Link 11: CRC Errors: 0
0: 
0: 	 Link 12: Replay Errors: 0
0: 	 Link 12: Recover
0: y Errors: 0
0: 	 Link 12: CRC Errors: 0
0: 
0: 	 Link 13: Replay Errors: 0
0: 	 Link 13: Recovery Errors: 0
0: 	 Link 13: CRC Errors: 0
0: 
0: 	 Link 14: Replay Errors: 0
0: 	 Link 14: Recovery Errors: 0
0: 	 Link 14: CRC Errors: 0
0: 
0: 	 Link 15: Replay Errors: 0
0: 	 Link 15: Recovery Errors: 0
0: 	 Link 15: CRC Errors: 0
0: 
0: 	 Link 16: Replay Errors: 0
0: 	 Link 16: Recovery Errors: 0
0: 	 Link 16: CRC Errors: 0
0: 
0: 	 Link 17: Replay Errors: 0
0: 	 Link 17: Recovery Errors: 0
0: 	 Link 17: CRC Errors: 0
0: 
0: 
0: ##### pass 1/20  pair g0-g1  sendrecv_perf
0: # nccl-tests version 2.17.8 nccl-headers=22903 nccl-library=22903
0: # Collective test starting: sendrecv_perf
0: # nThread 1 nGpus 2 minBytes 8388608 maxBytes 268435456 step: 2(factor) warmup iters: 5 iters: 20 agg iters: 1 validation: 1 graph: 0
0: #
0: # Using devices
0: #  Rank  0 Group  0 Pid  54275 on  nid007195 device  0 [0009:01:00] NVIDIA GH200 120GB
0: #  Rank  1 Group  0 Pid  54275 on  nid007195 device  1 [0019:01:00] NVIDIA GH200 120GB
0: #
0: #                                                              out-of-place                       in-place          
0: #       size         count      type   redop    root     time   algbw   busbw  #wrong     time   algbw   busbw  #wrong 
0: #        (B)    (elements)                               (us)  (GB/s)  (GB/s)             (us)  (GB/s)  (GB/s)         
0:      8388608       2097152     float     sum      -1   119.86   69.99   69.99       0   115.35   72.72   72.72    N/A
0:     16777216       4194304     float     sum      -1   217.05   77.30   77.30       0   217.24   77.23   77.23    N/A
0:     33554432       8388608     float     sum      -1   420.76   79.75   79.75       0   420.44   79.81   79.81    N/A
0:     67108864      16777216     float     sum      -1   807.31   83.13   83.13       0   819.90   81.85   81.85    N/A
0:    134217728      33554432     float     sum      -1  1120.31  119.80  119.80       0  1123.10  119.51  119.51    N/A
0:    268435456      67108864     float     sum      -1  2206.03  121.68  121.68       0  2207.89  121.58  121.58    N/A
0: # Out of bounds values : 0 OK
0: # Avg bus bandwidth    : 92.0282 
0: #
0: # Collective test concluded: sendrecv_perf
0: #
0: 
0: 
0: ##### pass 1/20  pair g0-g2  sendrecv_perf
0: # nccl-tests version 2.17.8 nccl-headers=22903 nccl-library=22903
0: # Collective test starting: sendrecv_perf
0: # nThread 1 nGpus 2 minBytes 8388608 maxBytes 268435456 step: 2(factor) warmup iters: 5 iters: 20 agg iters: 1 validation: 1 graph: 0
0: #
0: # Using devices
0: #  Rank  0 Group  0 Pid  54349 on  nid007195 device  0 [0009:01:00] NVIDIA GH200 120GB
0: #  Rank  1 Group  0 Pid  54349 on  nid007195 device  1 [0029:01:00] NVIDIA GH200 120GB
0: #
0: #                                                              out-of-place                       in-place          
0: #       size         count      type   redop    root     time   algbw   busbw  #wrong     time   algbw   busbw  #wrong 
0: #        (B)    (elements)                               (us)  (GB/s)  (GB/s)             (us)  (GB/s)  (GB/s)         
0:      8388608       2097152     float     sum      -1   119.09   70.44   70.44       0   115.01   72.94   72.94    N/A
0:     16777216       4194304     float     sum      -1   221.89   75.61   75.61       0   221.93   75.60   75.60    N/A
0:     33554432       8388608     float     sum      -1   420.08   79.88   79.88       0   422.16   79.48   79.48    N/A
0:     67108864      16777216     float     sum      -1   811.28   82.72   82.72       0   820.53   81.79   81.79    N/A
0:    134217728      33554432     float     sum      -1  1119.01  119.94  119.94       0  1120.54  119.78  119.78    N/A
0:    268435456      67108864     float     sum      -1  2217.80  121.04  121.04       0  2206.75  121.64  121.64    N/A
0: # Out of bounds values : 0 OK
0: # Avg bus bandwidth    : 91.7378 
0: #
0: # Collective test concluded: sendrecv_perf
0: #
0: 
0: 
0: ##### pass 1/20  pair g0-g3  sendrecv_perf
0: # nccl-tests version 2.17.8 nccl-headers=22903 nccl-library=22903
0: # Collective test starting: sendrecv_perf
0: # nThread 1 nGpus 2 minBytes 8388608 maxBytes 268435456 step: 2(factor) warmup iters: 5 iters: 20 agg iters: 1 validation: 1 graph: 0
0: #
0: # Using devices
0: #  Rank  0 Group  0 Pid  54388 on  nid007195 device  0 [0009:01:00] NVIDIA GH200 120GB
0: #  Rank  1 Group  0 Pid  54388 on  nid007195 device  1 [0039:01:00] NVIDIA GH200 120GB
0: #
0: #                                                              out-of-place                       in-place          
0: #       size         count      type   redop    root     time   algbw   busbw  #wrong     time   algbw   busbw  #wrong 
0: #        (B)    (elements)                               (us)  (GB/s)  (GB/s)             (us)  (GB/s)  (GB/s)         
0:      8388608       2097152     float     sum      -1   116.12   72.24   72.24       0   115.46   72.65   72.65    N/A
0:     16777216       4194304     float     sum      -1   223.18   75.17   75.17       0   217.83   77.02   77.02    N/A
0:     33554432       8388608     float     sum      -1   423.32   79.27   79.27       0   422.13   79.49   79.49    N/A
0:     67108864      16777216     float     sum      -1   811.19   82.73   82.73       0   828.41   81.01   81.01    N/A
0:    134217728      33554432     float     sum      -1  1123.41  119.47  119.47       0  1121.34  119.69  119.69    N/A
0:    268435456      67108864     float     sum      -1  2205.38  121.72  121.72       0  2207.80  121.59  121.59    N/A
0: # Out of bounds values : 0 OK
0: # Avg bus bandwidth    : 91.8374 
0: #
0: # Collective test concluded: sendrecv_perf
0: #
0: 
0: 
0: ##### pass 1/20  pair g1-g2  sendrecv_perf
0: # nccl-tests version 2.17.8 nccl-headers=22903 nccl-library=22903
0: # Collective test starting: sendrecv_perf
0: # nThread 1 nGpus 2 minBytes 8388608 maxBytes 268435456 step: 2(factor) warmup iters: 5 iters: 20 agg iters: 1 validation: 1 graph: 0
0: #
0: # Using devices
0: #  Rank  0 Group  0 Pid  54427 on  nid007195 device  0 [0019:01:00] NVIDIA GH200 120GB
0: #  Rank  1 Group  0 Pid  54427 on  nid007195 device  1 [0029:01:00] NVIDIA GH200 120GB
0: #
0: #                                                              out-of-place                       in-place          
0: #       size         count      type   redop    root     time   algbw   busbw  #wrong     time   algbw   busbw  #wrong 
0: #        (B)    (elements)                               (us)  (GB/s)  (GB/s)             (us)  (GB/s)  (GB/s)         
0:      8388608       2097152     float     sum      -1   118.01   71.09   71.09       0   120.63   69.54   69.54    N/A
0:     16777216       4194304     float     sum      -1   216.85   77.37   77.37       0   221.51   75.74   75.74    N/A
0:     33554432       8388608     float     sum      -1   420.32   79.83   79.83       0   420.19   79.86   79.86    N/A
0:     67108864      16777216     float     sum      -1   811.45   82.70   82.70       0   821.60   81.68   81.68    N/A
0:    134217728      33554432     float     sum      -1  1118.25  120.02  120.02       0  1126.50  119.15  119.15    N/A
0:    268435456      67108864     float     sum      -1  2203.83  121.80  121.80       0  2208.59  121.54  121.54    N/A
0: # Out of bounds values : 0 OK
0: # Avg bus bandwidth    : 91.693 
0: #
0: # Collective test concluded: sendrecv_perf
0: #
0: 
0: 
0: ##### pass 1/20  pair g1-g3  sendrecv_perf
0: # nccl-tests version 2.17.8 nccl-headers=22903 nccl-library=22903
0: # Collective test starting: sendrecv_perf
0: # nThread 1 nGpus 2 minBytes 8388608 maxBytes 268435456 step: 2(factor) warmup iters: 5 iters: 20 agg iters: 1 validation: 1 graph: 0
0: #
0: # Using devices
0: #  Rank  0 Group  0 Pid  54466 on  nid007195 device  0 [0019:01:00] NVIDIA GH200 120GB
0: #  Rank  1 Group  0 Pid  54466 on  nid007195 device  1 [0039:01:00] NVIDIA GH200 120GB
0: #
0: #                                                              out-of-place                       in-place          
0: #       size         count      type   redop    root     time   algbw   busbw  #wrong     time   algbw   busbw  #wrong 
0: #        (B)    (elements)                               (us)  (GB/s)  (GB/s)             (us)  (GB/s)  (GB/s)         
0:      8388608       2097152     float     sum      -1   116.23   72.18   72.18       0   116.99   71.70   71.70    N/A
0:     16777216       4194304     float     sum      -1   222.19   75.51   75.51       0   217.33   77.20   77.20    N/A
0:     33554432       8388608     float     sum      -1   421.18   79.67   79.67       0   435.40   77.06   77.06    N/A
0:     67108864      16777216     float     sum      -1   822.75   81.57   81.57       0   824.59   81.38   81.38    N/A
0:    134217728      33554432     float     sum      -1  1123.53  119.46  119.46       0  1132.29  118.54  118.54    N/A
0:    268435456      67108864     float     sum      -1  2202.41  121.88  121.88       0  2210.63  121.43  121.43    N/A
0: # Out of bounds values : 0 OK
0: # Avg bus bandwidth    : 91.4647 
0: #
0: # Collective test concluded: sendrecv_perf
0: #
0: 
0: 
0: ##### pass 1/20  pair g2-g3  sendrecv_perf
0: # nccl-tests version 2.17.8 nccl-headers=22903 nccl-library=22903
0: # Collective test starting: sendrecv_perf
0: # nThread 1 nGpus 2 minBytes 8388608 maxBytes 268435456 step: 2(factor) warmup iters: 5 iters: 20 agg iters: 1 validation: 1 graph: 0
0: #
0: # Using devices
0: #  Rank  0 Group  0 Pid  54501 on  nid007195 device  0 [0029:01:00] NVIDIA GH200 120GB
0: #  Rank  1 Group  0 Pid  54501 on  nid007195 device  1 [0039:01:00] NVIDIA GH200 120GB
0: #
0: #                                                              out-of-place                       in-place          
0: #       size         count      type   redop    root     time   algbw   busbw  #wrong     time   algbw   busbw  #wrong 
0: #        (B)    (elements)                               (us)  (GB/s)  (GB/s)             (us)  (GB/s)  (GB/s)         
0:      8388608       2097152     float     sum      -1   116.03   72.30   72.30       0   120.34   69.71   69.71    N/A
0:     16777216       4194304     float     sum      -1   217.25   77.23   77.23       0   219.70   76.36   76.36    N/A
0:     33554432       8388608     float     sum      -1   422.86   79.35   79.35       0   422.55   79.41   79.41    N/A
0:     67108864      16777216     float     sum      -1   814.57   82.39   82.39       0   820.50   81.79   81.79    N/A
0:    134217728      33554432     float     sum      -1  1123.80  119.43  119.43       0  1124.47  119.36  119.36    N/A
0:    268435456      67108864     float     sum      -1  2209.20  121.51  121.51       0  2213.69  121.26  121.26    N/A
0: # Out of bounds values : 0 OK
0: # Avg bus bandwidth    : 91.6746 
0: #
0: # Collective test concluded: sendrecv_perf
0: #
0: 
0: 
0: ##### pass 2/20  pair g0-g1  sendrecv_perf
0: # nccl-tests version 2.17.8 nccl-headers=22903 nccl-library=22903
0: # Collective test starting: sendrecv_perf
0: # nThread 1 nGpus 2 minBytes 8388608 maxBytes 268435456 step: 2(factor) warmup iters: 5 iters: 20 agg iters: 1 validation: 1 graph: 0
0: #
0: # Using devices
0: #  Rank  0 Group  0 Pid  54540 on  nid007195 device  0 [0009:01:00] NVIDIA GH200 120GB
0: #  Rank  1 Group  0 Pid  54540 on  nid007195 device  1 [0019:01:00] NVIDIA GH200 120GB
0: #
0: #                                                              out-of-place                       in-place          
0: #       size         count      type   redop    root     time   algbw   busbw  #wrong     time   algbw   busbw  #wrong 
0: #        (B)    (elements)                               (us)  (GB/s)  (GB/s)             (us)  (GB/s)  (GB/s)         
0:      8388608       2097152     float     sum      -1   119.65   70.11   70.11       0   115.17   72.84   72.84    N/A
0:     16777216       4194304     float     sum      -1   216.74   77.41   77.41       0   216.42   77.52   77.52    N/A
0:     33554432       8388608     float     sum      -1   422.01   79.51   79.51       0   422.45   79.43   79.43    N/A
0:     67108864      16777216     float     sum      -1   814.05   82.44   82.44       0   817.87   82.05   82.05    N/A
0:    134217728      33554432     float     sum      -1  1122.03  119.62  119.62       0  1127.19  119.07  119.07    N/A
0:    268435456      67108864     float     sum      -1  2210.65  121.43  121.43       0  2207.47  121.60  121.60    N/A
0: # Out of bounds values : 0 OK
0: # Avg bus bandwidth    : 91.919 
0: #
0: # Collective test concluded: sendrecv_perf
0: #
0: 
0: 
0: ##### pass 2/20  pair g0-g2  sendrecv_perf
0: # nccl-tests version 2.17.8 nccl-headers=22903 nccl-library=22903
0: # Collective test starting: sendrecv_perf
0: # nThread 1 nGpus 2 minBytes 8388608 maxBytes 268435456 step: 2(factor) warmup iters: 5 iters: 20 agg iters: 1 validation: 1 graph: 0
0: #
0: # Using devices
0: #  Rank  0 Group  0 Pid  54575 on  nid007195 device  0 [0009:01:00] NVIDIA GH200 120GB
0: #  Rank  1 Group  0 Pid  54575 on  nid007195 device  1 [0029:01:00] NVIDIA GH200 120GB
0: #
0: #                                                              out-of-place                       in-place          
0: #       size         count      type   redop    root     time   algbw   busbw  #wrong     time   algbw   busbw  #wrong 
0: #        (B)    (elements)                               (us)  (GB/s)  (GB/s)             (us)  (GB/s)  (GB/s)         
0:      8388608       2097152     float     sum      -1   115.47   72.65   72.65       0   118.10   71.03   71.03    N/A
0:     16777216       4194304     float     sum      -1   221.52   75.74   75.74       0   221.20   75.85   75.85    N/A
0:     33554432       8388608     float     sum      -1   419.03   80.08   80.08       0   420.20   79.85   79.85    N/A
0:     67108864      16777216     float     sum      -1   808.64   82.99   82.99       0   817.53   82.09   82.09    N/A
0:    134217728      33554432     float     sum      -1  1119.68  119.87  119.87       0  1120.95  119.74  119.74    N/A
0:    268435456      67108864     float     sum      -1  2208.74  121.53  121.53       0  2212.95  121.30  121.30    N/A
0: # Out of bounds values : 0 OK
0: # Avg bus bandwidth    : 91.8928 
0: #
0: # Collective test concluded: sendrecv_perf
0: #
0: 
0: 
0: ##### pass 2/20  pair g0-g3  sendrecv_perf
0: # nccl-tests version 2.17.8 nccl-headers=22903 nccl-library=22903
0: # Collective test starting: sendrecv_perf
0: # nThread 1 nGpus 2 minBytes 8388608 maxBytes 268435456 step: 2(factor) warmup iters: 5 iters: 20 agg iters: 1 validation: 1 graph: 0
0: #
0: # Using devices
0: #  Rank  0 Group  0 Pid  54636 on  nid007195 device  0 [0009:01:00] NVIDIA GH200 120GB
0: #  Rank  1 Group  0 Pid  54636 on  nid007195 device  1 [0039:01:00] NVIDIA GH200 120GB
0: #
0: #                                                              out-of-place                       in-place          
0: #       size         count      type   redop    root     time   algbw   busbw  #wrong     time   algbw   busbw  #wrong 
0: #        (B)    (elements)                               (us)  (GB/s)  (GB/s)             (us)  (GB/s)  (GB/s)         
0:      8388608       2097152     float     sum      -1   116.40   72.07   72.07       0   115.86   72.40   72.40    N/A
0:     16777216       4194304     float     sum      -1   218.49   76.79   76.79       0   223.33   75.12   75.12    N/A
0:     33554432       8388608     float     sum      -1   422.66   79.39   79.39       0   422.26   79.46   79.46    N/A
0:     67108864      16777216     float     sum      -1   814.57   82.39   82.39       0   819.65   81.87   81.87    N/A
0:    134217728      33554432     float     sum      -1  1121.57  119.67  119.67       0  1126.67  119.13  119.13    N/A
0:    268435456      67108864     float     sum      -1  2214.72  121.21  121.21       0  2209.37  121.50  121.50    N/A
0: # Out of bounds values : 0 OK
0: # Avg bus bandwidth    : 91.7492 
0: #
0: # Collective test concluded: sendrecv_perf
0: #
0: 
0: 
0: ##### pass 2/20  pair g1-g2  sendrecv_perf
0: # nccl-tests version 2.17.8 nccl-headers=22903 nccl-library=22903
0: # Collective test starting: sendrecv_perf
0: # nThread 1 nGpus 2 minBytes 8388608 maxBytes 268435456 step: 2(factor) warmup iters: 5 iters: 20 agg iters: 1 validation: 1 graph: 0
0: #
0: # Using devices
0: #  Rank  0 Group  0 Pid  54673 on  nid007195 device  0 [0019:01:00] NVIDIA GH200 120GB
0: #  Rank  1 Group  0 Pid  54673 on  nid007195 device  1 [0029:01:00] NVIDIA GH200 120GB
0: #
0: #                                                              out-of-place                       in-place          
0: #       size         count      type   redop    root     time   algbw   busbw  #wrong     time   algbw   busbw  #wrong 
0: #        (B)    (elements)                               (us)  (GB/s)  (GB/s)             (us)  (GB/s)  (GB/s)         
0:      8388608       2097152     float     sum      -1   118.93   70.54   70.54       0   115.12   72.87   72.87    N/A
0:     16777216       4194304     float     sum      -1   216.94   77.34   77.34       0   216.94   77.34   77.34    N/A
0:     33554432       8388608     float     sum      -1   420.21   79.85   79.85       0   421.61   79.59   79.59    N/A
0:     67108864      16777216     float     sum      -1   812.40   82.61   82.61       0   820.65   81.78   81.78    N/A
0:    134217728      33554432     float     sum      -1  1119.30  119.91  119.91       0  1122.16  119.61  119.61    N/A
0:    268435456      67108864     float     sum      -1  2210.42  121.44  121.44       0  2213.95  121.25  121.25    N/A
0: # Out of bounds values : 0 OK
0: # Avg bus bandwidth    : 92.0086 
0: #
0: # Collective test concluded: sendrecv_perf
0: #
0: 
0: 
0: ##### pass 2/20  pair g1-g3  sendrecv_perf
0: # nccl-tests version 2.17.8 nccl-headers=22903 nccl-library=22903
0: # Collective test starting: sendrecv_perf
0: # nThread 1 nGpus 2 minBytes 8388608 maxBytes 268435456 step: 2(factor) warmup iters: 5 iters: 20 agg iters: 1 validation: 1 graph: 0
0: #
0: # Using devices
0: #  Rank  0 Group  0 Pid  54712 on  nid007195 device  0 [0019:01:00] NVIDIA GH200 120GB
0: #  Rank  1 Group  0 Pid  54712 on  nid007195 device  1 [0039:01:00] NVIDIA GH200 120GB
0: #
0: #                                                              out-of-place                       in-place          
0: #       size         count      type   redop    root     time   algbw   busbw  #wrong     time   algbw   busbw  #wrong 
0: #        (B)    (elements)                               (us)  (GB/s)  (GB/s)             (us)  (GB/s)  (GB/s)         
0:      8388608       2097152     float     sum      -1   116.05   72.29   72.29       0   117.26   71.54   71.54    N/A
0:     16777216       4194304     float     sum      -1   218.53   76.77   76.77       0   219.25   76.52   76.52    N/A
0:     33554432       8388608     float     sum      -1   423.11   79.30   79.30       0   422.73   79.38   79.38    N/A
0:     67108864      16777216     float     sum      -1   814.83   82.36   82.36       0   827.65   81.08   81.08    N/A
0:    134217728      33554432     float     sum      -1  1121.70  119.66  119.66       0  1119.47  119.89  119.89    N/A
0:    268435456      67108864     float     sum      -1  2209.03  121.52  121.52       0  2211.47  121.38  121.38    N/A
0: # Out of bounds values : 0 OK
0: # Avg bus bandwidth    : 91.8072 
0: #
0: # Collective test concluded: sendrecv_perf
0: #
0: 
0: 
0: ##### pass 2/20  pair g2-g3  sendrecv_perf
0: # nccl-tests version 2.17.8 nccl-headers=22903 nccl-library=22903
0: # Collective test starting: sendrecv_perf
0: # nThread 1 nGpus 2 minBytes 8388608 maxBytes 268435456 step: 2(factor) warmup iters: 5 iters: 20 agg iters: 1 validation: 1 graph: 0
0: #
0: # Using devices
0: #  Rank  0 Group  0 Pid  54749 on  nid007195 device  0 [0029:01:00] NVIDIA GH200 120GB
0: #  Rank  1 Group  0 Pid  54749 on  nid007195 device  1 [0039:01:00] NVIDIA GH200 120GB
0: #
0: #                                                              out-of-place                       in-place          
0: #       size         count      type   redop    root     time   algbw   busbw  #wrong     time   algbw   busbw  #wrong 
0: #        (B)    (elements)                               (us)  (GB/s)  (GB/s)             (us)  (GB/s)  (GB/s)         
0:      8388608       2097152     float     sum      -1   115.77   72.46   72.46       0   116.32   72.12   72.12    N/A
0:     16777216       4194304     float     sum      -1   222.20   75.51   75.51       0   222.36   75.45   75.45    N/A
0:     33554432       8388608     float     sum      -1   422.01   79.51   79.51       0   422.66   79.39   79.39    N/A
0:     67108864      16777216     float     sum      -1   818.54   81.99   81.99       0   819.96   81.84   81.84    N/A
0:    134217728      33554432     float     sum      -1  1122.42  119.58  119.58       0  1121.63  119.66  119.66    N/A
0:    268435456      67108864     float     sum      -1  2212.06  121.35  121.35       0  2208.06  121.57  121.57    N/A
0: # Out of bounds values : 0 OK
0: # Avg bus bandwidth    : 91.7023 
0: #
0: # Collective test concluded: sendrecv_perf
0: #
0: 
0: 
0: ##### pass 3/20  pair g0-g1  sendrecv_perf
0: # nccl-tests version 2.17.8 nccl-headers=22903 nccl-library=22903
0: # Collective test starting: sendrecv_perf
0: # nThread 1 nGpus 2 minBytes 8388608 maxBytes 268435456 step: 2(factor) warmup iters: 5 iters: 20 agg iters: 1 validation: 1 graph: 0
0: #
0: # Using devices
0: #  Rank  0 Group  0 Pid  54786 on  nid007195 device  0 [0009:01:00] NVIDIA GH200 120GB
0: #  Rank  1 Group  0 Pid  54786 on  nid007195 device  1 [0019:01:00] NVIDIA GH200 120GB
0: #
0: #                                                              out-of-place                       in-place          
0: #       size         count      type   redop    root     time   algbw   busbw  #wrong     time   algbw   busbw  #wrong 
0: #        (B)    (elements)                               (us)  (GB/s)  (GB/s)             (us)  (GB/s)  (GB/s)         
0:      8388608       2097152     float     sum      -1   116.63   71.93   71.93       0   121.34   69.13   69.13    N/A
0:     16777216       4194304     float     sum      -1   221.73   75.66   75.66       0   222.87   75.28   75.28    N/A
0:     33554432       8388608     float     sum      -1   422.34   79.45   79.45       0   423.39   79.25   79.25    N/A
0:     67108864      16777216     float     sum      -1   817.91   82.05   82.05       0   820.26   81.81   81.81    N/A
0:    134217728      33554432     float     sum      -1  1118.69  119.98  119.98       0  1119.31  119.91  119.91    N/A
0:    268435456      67108864     float     sum      -1  2199.31  122.05  122.05       0  2212.02  121.35  121.35    N/A
0: # Out of bounds values : 0 OK
0: # Avg bus bandwidth    : 91.4884 
0: #
0: # Collective test concluded: sendrecv_perf
0: #
0: 
0: 
0: ##### pass 3/20  pair g0-g2  sendrecv_perf
0: # nccl-tests version 2.17.8 nccl-headers=22903 nccl-library=22903
0: # Collective test starting: sendrecv_perf
0: # nThread 1 nGpus 2 minBytes 8388608 maxBytes 268435456 step: 2(factor) warmup iters: 5 iters: 20 agg iters: 1 validation: 1 graph: 0
0: #
0: # Using devices
0: #  Rank  0 Group  0 Pid  54825 on  nid007195 device  0 [0009:01:00] NVIDIA GH200 120GB
0: #  Rank  1 Group  0 Pid  54825 on  nid007195 device  1 [0029:01:00] NVIDIA GH200 120GB
0: #
0: #                                                              out-of-place                       in-place          
0: #       size         count      type   redop    root     time   algbw   busbw  #wrong     time   algbw   busbw  #wrong 
0: #        (B)    (elements)                               (us)  (GB/s)  (GB/s)             (us)  (GB/s)  (GB/s)         
0:      8388608       2097152     float     sum      -1   115.71   72.49   72.49       0   115.36   72.72   72.72    N/A
0:     16777216       4194304     float     sum      -1   217.26   77.22   77.22       0   222.31   75.47   75.47    N/A
0:     33554432       8388608     float     sum      -1   421.10   79.68   79.68       0   423.03   79.32   79.32    N/A
0:     67108864      16777216     float     sum      -1   811.51   82.70   82.70       0   823.66   81.48   81.48    N/A
0:    134217728      33554432     float     sum      -1  1119.15  119.93  119.93       0  1128.32  118.95  118.95    N/A
0:    268435456      67108864     float     sum      -1  2205.16  121.73  121.73       0  2212.22  121.34  121.34    N/A
0: # Out of bounds values : 0 OK
0: # Avg bus bandwidth    : 91.9189 
0: #
0: # Collective test concluded: sendrecv_perf
0: #
0: 
0: 
0: ##### pass 3/20  pair g0-g3  sendrecv_perf
0: # nccl-tests version 2.17.8 nccl-headers=22903 nccl-library=22903
0: # Collective test starting: sendrecv_perf
0: # nThread 1 nGpus 2 minBytes 8388608 maxBytes 268435456 step: 2(factor) warmup iters: 5 iters: 20 agg iters: 1 validation: 1 graph: 0
0: #
0: # Using devices
0: #  Rank  0 Group  0 Pid  54888 on  nid007195 device  0 [0009:01:00] NVIDIA GH200 120GB
0: #  Rank  1 Group  0 Pid  54888 on  nid007195 device  1 [0039:01:00] NVIDIA GH200 120GB
0: #
0: #                                                              out-of-place                       in-place          
0: #       size         count      type   redop    root     time   algbw   busbw  #wrong     time   algbw   busbw  #wrong 
0: #        (B)    (elements)                               (us)  (GB/s)  (GB/s)             (us)  (GB/s)  (GB/s)         
0:      8388608       2097152     float     sum      -1   117.14   71.61   71.61       0   115.75   72.47   72.47    N/A
0:     16777216       4194304     float     sum      -1   222.57   75.38   75.38       0   220.74   76.00   76.00    N/A
0:     33554432       8388608     float     sum      -1   423.09   79.31   79.31       0   425.29   78.90   78.90    N/A
0:     67108864      16777216     float     sum      -1   812.87   82.56   82.56       0   821.02   81.74   81.74    N/A
0:    134217728      33554432     float     sum      -1  1127.12  119.08  119.08       0  1125.18  119.29  119.29    N/A
0:    268435456      67108864     float     sum      -1  2205.13  121.73  121.73       0  2213.47  121.27  121.27    N/A
0: # Out of bounds values : 0 OK
0: # Avg bus bandwidth    : 91.6121 
0: #
0: # Collective test concluded: sendrecv_perf
0: #
0: 
0: 
0: ##### pass 3/20  pair g1-g2  sendrecv_perf
0: # nccl-tests version 2.17.8 nccl-headers=22903 nccl-library=22903
0: # Collective test starting: sendrecv_perf
0: # nThread 1 nGpus 2 minBytes 8388608 maxBytes 268435456 step: 2(factor) warmup iters: 5 iters: 20 agg iters: 1 validation: 1 graph: 0
0: #
0: # Using devices
0: #  Rank  0 Group  0 Pid  54924 on  nid007195 device  0 [0019:01:00] NVIDIA GH200 120GB
0: #  Rank  1 Group  0 Pid  54924 on  nid007195 device  1 [0029:01:00] NVIDIA GH200 120GB
0: #
0: #                                                              out-of-place                       in-place          
0: #       size         count      type   redop    root     time   algbw   busbw  #wrong     time   algbw   busbw  #wrong 
0: #        (B)    (elements)                               (us)  (GB/s)  (GB/s)             (us)  (GB/s)  (GB/s)         
0:      8388608       2097152     float     sum      -1   118.52   70.78   70.78       0   120.17   69.81   69.81    N/A
0:     16777216       4194304     float     sum      -1   221.93   75.60   75.60       0   220.40   76.12   76.12    N/A
0:     33554432       8388608     float     sum      -1   422.40   79.44   79.44       0   420.95   79.71   79.71    N/A
0:     67108864      16777216     float     sum      -1   814.57   82.39   82.39       0   820.81   81.76   81.76    N/A
0:    134217728      33554432     float     sum      -1  1120.11  119.83  119.83       0  1121.01  119.73  119.73    N/A
0:    268435456      67108864     float     sum      -1  2215.40  121.17  121.17       0  2202.68  121.87  121.87    N/A
0: # Out of bounds values : 0 OK
0: # Avg bus bandwidth    : 91.516 
0: #
0: # Collective test concluded: sendrecv_perf
0: #
0: 
0: 
0: ##### pass 3/20  pair g1-g3  sendrecv_perf
0: # nccl-tests version 2.17.8 nccl-headers=22903 nccl-library=22903
0: # Collective test starting: sendrecv_perf
0: # nThread 1 nGpus 2 minBytes 8388608 maxBytes 268435456 step: 2(factor) warmup iters: 5 iters: 20 agg iters: 1 validation: 1 graph: 0
0: #
0: # Using devices
0: #  Rank  0 Group  0 Pid  54962 on  nid007195 device  0 [0019:01:00] NVIDIA GH200 120GB
0: #  Rank  1 Group  0 Pid  54962 on  nid007195 device  1 [0039:01:00] NVIDIA GH200 120GB
0: #
0: #                                                              out-of-place                       in-place          
0: #       size         count      type   redop    root     time   algbw   busbw  #wrong     time   algbw   busbw  #wrong 
0: #        (B)    (elements)                               (us)  (GB/s)  (GB/s)             (us)  (GB/s)  (GB/s)         
0:      8388608       2097152     float     sum      -1   116.34   72.11   72.11       0   116.24   72.17   72.17    N/A
0:     16777216       4194304     float     sum      -1   223.90   74.93   74.93       0   218.72   76.71   76.71    N/A
0:     33554432       8388608     float     sum      -1   421.66   79.58   79.58       0   425.83   78.80   78.80    N/A
0:     67108864      16777216     float     sum      -1   818.04   82.04   82.04       0   827.03   81.14   81.14    N/A
0:    134217728      33554432     float     sum      -1  1127.25  119.07  119.07       0  1119.24  119.92  119.92    N/A
0:    268435456      67108864     float     sum      -1  2210.00  121.46  121.46       0  2211.61  121.38  121.38    N/A
0: # Out of bounds values : 0 OK
0: # Avg bus bandwidth    : 91.6076 
0: #
0: # Collective test concluded: sendrecv_perf
0: #
0: 
0: 
0: ##### pass 3/20  pair g2-g3  sendrecv_perf
0: # nccl-tests version 2.17.8 nccl-headers=22903 nccl-library=22903
0: # Collective test starting: sendrecv_perf
0: # nThread 1 nGpus 2 minBytes 8388608 maxBytes 268435456 step: 2(factor) warmup iters: 5 iters: 20 agg iters: 1 validation: 1 graph: 0
0: #
0: # Using devices
0: #  Rank  0 Group  0 Pid  55001 on  nid007195 device  0 [0029:01:00] NVIDIA GH200 120GB
0: #  Rank  1 Group  0 Pid  55001 on  nid007195 device  1 [0039:01:00] NVIDIA GH200 120GB
0: #
0: #                                                              out-of-place                       in-place          
0: #       size         count      type   redop    root     time   algbw   busbw  #wrong     time   algbw   busbw  #wrong 
0: #        (B)    (elements)                               (us)  (GB/s)  (GB/s)             (us)  (GB/s)  (GB/s)         
0:      8388608       2097152     float     sum      -1   116.62   71.93   71.93       0   115.83   72.42   72.42    N/A
0:     16777216       4194304     float     sum      -1   217.85   77.01   77.01       0   218.82   76.67   76.67    N/A
0:     33554432       8388608     float     sum      -1   422.47   79.42   79.42       0   423.89   79.16   79.16    N/A
0:     67108864      16777216     float     sum      -1   814.91   82.35   82.35       0   827.37   81.11   81.11    N/A
0:    134217728      33554432     float     sum      -1  1120.51  119.78  119.78       0  1120.24  119.81  119.81    N/A
0:    268435456      67108864     float     sum      -1  2216.17  121.13  121.13       0  2208.62  121.54  121.54    N/A
0: # Out of bounds values : 0 OK
0: # Avg bus bandwidth    : 91.8616 
0: #
0: # Collective test concluded: sendrecv_perf
0: #
0: 
0: 
0: ##### pass 4/20  pair g0-g1  sendrecv_perf
0: # nccl-tests version 2.17.8 nccl-headers=22903 nccl-library=22903
0: # Collective test starting: sendrecv_perf
0: # nThread 1 nGpus 2 minBytes 8388608 maxBytes 268435456 step: 2(factor) warmup iters: 5 iters: 20 agg iters: 1 validation: 1 graph: 0
0: #
0: # Using devices
0: #  Rank  0 Group  0 Pid  55037 on  nid007195 device  0 [0009:01:00] NVIDIA GH200 120GB
0: #  Rank  1 Group  0 Pid  55037 on  nid007195 device  1 [0019:01:00] NVIDIA GH200 120GB
0: #
0: #                                                              out-of-place                       in-place          
0: #       size         count      type   redop    root     time   algbw   busbw  #wrong     time   algbw   busbw  #wrong 
0: #        (B)    (elements)                               (us)  (GB/s)  (GB/s)             (us)  (GB/s)  (GB/s)         
0:      8388608       2097152     float     sum      -1   115.73   72.48   72.48       0   116.45   72.04   72.04    N/A
0:     16777216       4194304     float     sum      -1   220.12   76.22   76.22       0   216.82   77.38   77.38    N/A
0:     33554432       8388608     float     sum      -1   421.34   79.64   79.64       0   423.29   79.27   79.27    N/A
0:     67108864      16777216     float     sum      -1   815.69   82.27   82.27       0   819.44   81.90   81.90    N/A
0:    134217728      33554432     float     sum      -1  1122.61  119.56  119.56       0  1125.06  119.30  119.30    N/A
0:    268435456      67108864     float     sum      -1  2213.05  121.30  121.30       0  2204.22  121.78  121.78    N/A
0: # Out of bounds values : 0 OK
0: # Avg bus bandwidth    : 91.9278 
0: #
0: # Collective test concluded: sendrecv_perf
0: #
0: 
0: 
0: ##### pass 4/20  pair g0-g2  sendrecv_perf
0: # nccl-tests version 2.17.8 nccl-headers=22903 nccl-library=22903
0: # Collective test starting: sendrecv_perf
0: # nThread 1 nGpus 2 minBytes 8388608 maxBytes 268435456 step: 2(factor) warmup iters: 5 iters: 20 agg iters: 1 validation: 1 graph: 0
0: #
0: # Using devices
0: #  Rank  0 Group  0 Pid  55077 on  nid007195 device  0 [0009:01:00] NVIDIA GH200 120GB
0: #  Rank  1 Group  0 Pid  55077 on  nid007195 device  1 [0029:01:00] NVIDIA GH200 120GB
0: #
0: #                                                              out-of-place                       in-place          
0: #       size         count      type   redop    root     time   algbw   busbw  #wrong     time   algbw   busbw  #wrong 
0: #        (B)    (elements)                               (us)  (GB/s)  (GB/s)             (us)  (GB/s)  (GB/s)         
0:      8388608       2097152     float     sum      -1   118.75   70.64   70.64       0   117.81   71.20   71.20    N/A
0:     16777216       4194304     float     sum      -1   221.13   75.87   75.87       0   219.90   76.29   76.29    N/A
0:     33554432       8388608     float     sum      -1   418.70   80.14   80.14       0   416.49   80.57   80.57    N/A
0:     67108864      16777216     float     sum      -1   808.06   83.05   83.05       0   813.15   82.53   82.53    N/A
0:    134217728      33554432     float     sum      -1  1123.36  119.48  119.48       0  1119.13  119.93  119.93    N/A
0:    268435456      67108864     float     sum      -1  2211.60  121.38  121.38       0  2205.10  121.73  121.73    N/A
0: # Out of bounds values : 0 OK
0: # Avg bus bandwidth    : 91.9007 
0: #
0: # Collective test concluded: sendrecv_perf
0: #
0: 
0: 
0: ##### pass 4/20  pair g0-g3  sendrecv_perf
0: # nccl-tests version 2.17.8 nccl-headers=22903 nccl-library=22903
0: # Collective test starting: sendrecv_perf
0: # nThread 1 nGpus 2 minBytes 8388608 maxBytes 268435456 step: 2(factor) warmup iters: 5 iters: 20 agg iters: 1 validation: 1 graph: 0
0: #
0: # Using devices
0: #  Rank  0 Group  0 Pid  55112 on  nid007195 device  0 [0009:01:00] NVIDIA GH200 120GB
0: #  Rank  1 Group  0 Pid  55112 on  nid007195 device  1 [0039:01:00] NVIDIA GH200 120GB
0: #
0: #                                                              out-of-place                       in-place          
0: #       size         count      type   redop    root     time   algbw   busbw  #wrong     time   algbw   busbw  #wrong 
0: #        (B)    (elements)                               (us)  (GB/s)  (GB/s)             (us)  (GB/s)  (GB/s)         
0:      8388608       2097152     float     sum      -1   118.04   71.07   71.07       0   115.52   72.61   72.61    N/A
0:     16777216       4194304     float     sum      -1   218.18   76.90   76.90       0   222.38   75.44   75.44    N/A
0:     33554432       8388608     float     sum      -1   422.18   79.48   79.48       0   422.85   79.35   79.35    N/A
0:     67108864      16777216     float     sum      -1   814.74   82.37   82.37       0   816.85   82.16   82.16    N/A
0:    134217728      33554432     float     sum      -1  1123.23  119.49  119.49       0  1127.18  119.07  119.07    N/A
0:    268435456      67108864     float     sum      -1  2212.71  121.32  121.32       0  2206.32  121.67  121.67    N/A
0: # Out of bounds values : 0 OK
0: # Avg bus bandwidth    : 91.7437 
0: #
0: # Collective test concluded: sendrecv_perf
0: #
0: 
0: 
0: ##### pass 4/20  pair g1-g2  sendrecv_perf
0: # nccl-tests version 2.17.8 nccl-headers=22903 nccl-library=22903
0: # Collective test starting: sendrecv_perf
0: # nThread 1 nGpus 2 minBytes 8388608 maxBytes 268435456 step: 2(factor) warmup iters: 5 iters: 20 agg iters: 1 validation: 1 graph: 0
0: #
0: # Using devices
0: #  Rank  0 Group  0 Pid  55177 on  nid007195 device  0 [0019:01:00] NVIDIA GH200 120GB
0: #  Rank  1 Group  0 Pid  55177 on  nid007195 device  1 [0029:01:00] NVIDIA GH200 120GB
0: #
0: #                                                              out-of-place                       in-place          
0: #       size         count      type   redop    root     time   algbw   busbw  #wrong     time   algbw   busbw  #wrong 
0: #        (B)    (elements)                               (us)  (GB/s)  (GB/s)             (us)  (GB/s)  (GB/s)         
0:      8388608       2097152     float     sum      -1   116.49   72.01   72.01       0   119.44   70.23   70.23    N/A
0:     16777216       4194304     float     sum      -1   222.12   75.53   75.53       0   220.44   76.11   76.11    N/A
0:     33554432       8388608     float     sum      -1   423.37   79.26   79.26       0   422.63   79.39   79.39    N/A
0:     67108864      16777216     float     sum      -1   815.85   82.26   82.26       0   825.18   81.33   81.33    N/A
0:    134217728      33554432     float     sum      -1  1116.67  120.19  120.19       0  1116.79  120.18  120.18    N/A
0:    268435456      67108864     float     sum      -1  2208.40  121.55  121.55       0  2214.07  121.24  121.24    N/A
0: # Out of bounds values : 0 OK
0: # Avg bus bandwidth    : 91.607 
0: #
0: # Collective test concluded: sendrecv_perf
0: #
0: 
0: 
0: ##### pass 4/20  pair g1-g3  sendrecv_perf
0: # nccl-tests version 2.17.8 nccl-headers=22903 nccl-library=22903
0: # Collective test starting: sendrecv_perf
0: # nThread 1 nGpus 2 minBytes 8388608 maxBytes 268435456 step: 2(factor) warmup iters: 5 iters: 20 agg iters: 1 validation: 1 graph: 0
0: #
0: # Using devices
0: #  Rank  0 Group  0 Pid  55216 on  nid007195 device  0 [0019:01:00] NVIDIA GH200 120GB
0: #  Rank  1 Group  0 Pid  55216 on  nid007195 device  1 [0039:01:00] NVIDIA GH200 120GB
0: #
0: #                                                              out-of-place                       in-place          
0: #       size         count      type   redop    root     time   algbw   busbw  #wrong     time   algbw   busbw  #wrong 
0: #        (B)    (elements)                               (us)  (GB/s)  (GB/s)             (us)  (GB/s)  (GB/s)         
0:      8388608       2097152     float     sum      -1   116.66   71.91   71.91       0   116.23   72.17   72.17    N/A
0:     16777216       4194304     float     sum      -1   223.44   75.08   75.08       0   219.30   76.50   76.50    N/A
0:     33554432       8388608     float     sum      -1   423.44   79.24   79.24       0   422.30   79.46   79.46    N/A
0:     67108864      16777216     float     sum      -1   814.96   82.35   82.35       0   824.36   81.41   81.41    N/A
0:    134217728      33554432     float     sum      -1  1123.60  119.45  119.45       0  1124.85  119.32  119.32    N/A
0:    268435456      67108864     float     sum      -1  2212.91  121.30  121.30       0  2212.83  121.31  121.31    N/A
0: # Out of bounds values : 0 OK
0: # Avg bus bandwidth    : 91.6255 
0: #
0: # Collective test concluded: sendrecv_perf
0: #
0: 
0: 
0: ##### pass 4/20  pair g2-g3  sendrecv_perf
0: # nccl-tests version 2.17.8 nccl-headers=22903 nccl-library=22903
0: # Collective test starting: sendrecv_perf
0: # nThread 1 nGpus 2 minBytes 8388608 maxBytes 268435456 step: 2(factor) warmup iters: 5 iters: 20 agg iters: 1 validation: 1 graph: 0
0: #
0: # Using devices
0: #  Rank  0 Group  0 Pid  55252 on  nid007195 device  0 [0029:01:00] NVIDIA GH200 120GB
0: #  Rank  1 Group  0 Pid  55252 on  nid007195 device  1 [0039:01:00] NVIDIA GH200 120GB
0: #
0: #                                                              out-of-place                       in-place          
0: #       size         count      type   redop    root     time   algbw   busbw  #wrong     time   algbw   busbw  #wrong 
0: #        (B)    (elements)                               (us)  (GB/s)  (GB/s)             (us)  (GB/s)  (GB/s)         
0:      8388608       2097152     float     sum      -1   115.73   72.48   72.48       0   115.99   72.32   72.32    N/A
0:     16777216       4194304     float     sum      -1   218.16   76.90   76.90       0   219.09   76.58   76.58    N/A
0:     33554432       8388608     float     sum      -1   422.61   79.40   79.40       0   420.43   79.81   79.81    N/A
0:     67108864      16777216     float     sum      -1   814.86   82.36   82.36       0   816.73   82.17   82.17    N/A
0:    134217728      33554432     float     sum      -1  1120.89  119.74  119.74       0  1121.88  119.64  119.64    N/A
0:    268435456      67108864     float     sum      -1  2200.27  122.00  122.00       0  2214.15  121.24  121.24    N/A
0: # Out of bounds values : 0 OK
0: # Avg bus bandwidth    : 92.0528 
0: #
0: # Collective test concluded: sendrecv_perf
0: #
0: 
0: 
0: ##### pass 5/20  pair g0-g1  sendrecv_perf
0: # nccl-tests version 2.17.8 nccl-headers=22903 nccl-library=22903
0: # Collective test starting: sendrecv_perf
0: # nThread 1 nGpus 2 minBytes 8388608 maxBytes 268435456 step: 2(factor) warmup iters: 5 iters: 20 agg iters: 1 validation: 1 graph: 0
0: #
0: # Using devices
0: #  Rank  0 Group  0 Pid  55291 on  nid007195 device  0 [0009:01:00] NVIDIA GH200 120GB
0: #  Rank  1 Group  0 Pid  55291 on  nid007195 device  1 [0019:01:00] NVIDIA GH200 120GB
0: #
0: #                                                              out-of-place                       in-place          
0: #       size         count      type   redop    root     time   algbw   busbw  #wrong     time   algbw   busbw  #wrong 
0: #        (B)    (elements)                               (us)  (GB/s)  (GB/s)             (us)  (GB/s)  (GB/s)         
0:      8388608       2097152     float     sum      -1   118.35   70.88   70.88       0   116.22   72.18   72.18    N/A
0:     16777216       4194304     float     sum      -1   222.33   75.46   75.46       0   221.57   75.72   75.72    N/A
0:     33554432       8388608     float     sum      -1   422.72   79.38   79.38       0   422.26   79.46   79.46    N/A
0:     67108864      16777216     float     sum      -1   815.40   82.30   82.30       0   825.40   81.30   81.30    N/A
0:    134217728      33554432     float     sum      -1  1127.70  119.02  119.02       0  1117.64  120.09  120.09    N/A
0:    268435456      67108864     float     sum      -1  2209.19  121.51  121.51       0  2211.95  121.36  121.36    N/A
0: # Out of bounds values : 0 OK
0: # Avg bus bandwidth    : 91.5553 
0: #
0: # Collective test concluded: sendrecv_perf
0: #
0: 
0: 
0: ##### pass 5/20  pair g0-g2  sendrecv_perf
0: # nccl-tests version 2.17.8 nccl-headers=22903 nccl-library=22903
0: # Collective test starting: sendrecv_perf
0: # nThread 1 nGpus 2 minBytes 8388608 maxBytes 268435456 step: 2(factor) warmup iters: 5 iters: 20 agg iters: 1 validation: 1 graph: 0
0: #
0: # Using devices
0: #  Rank  0 Group  0 Pid  55329 on  nid007195 device  0 [0009:01:00] NVIDIA GH200 120GB
0: #  Rank  1 Group  0 Pid  55329 on  nid007195 device  1 [0029:01:00] NVIDIA GH200 120GB
0: #
0: #                                                              out-of-place                       in-place          
0: #       size         count      type   redop    root     time   algbw   busbw  #wrong     time   algbw   busbw  #wrong 
0: #        (B)    (elements)                               (us)  (GB/s)  (GB/s)             (us)  (GB/s)  (GB/s)         
0:      8388608       2097152     float     sum      -1   115.87   72.39   72.39       0   114.99   72.95   72.95    N/A
0:     16777216       4194304     float     sum      -1   220.91   75.94   75.94       0   219.79   76.33   76.33    N/A
0:     33554432       8388608     float     sum      -1   419.67   79.96   79.96       0   422.97   79.33   79.33    N/A
0:     67108864      16777216     float     sum      -1   813.70   82.47   82.47       0   823.51   81.49   81.49    N/A
0:    134217728      33554432     float     sum      -1  1125.10  119.29  119.29       0  1123.74  119.44  119.44    N/A
0:    268435456      67108864     float     sum      -1  2215.62  121.16  121.16       0  2213.81  121.25  121.25    N/A
0: # Out of bounds values : 0 OK
0: # Avg bus bandwidth    : 91.8348 
0: #
0: # Collective test concluded: sendrecv_perf
0: #
0: 
0: 
0: ##### pass 5/20  pair g0-g3  sendrecv_perf
0: # nccl-tests version 2.17.8 nccl-headers=22903 nccl-library=22903
0: # Collective test starting: sendrecv_perf
0: # nThread 1 nGpus 2 minBytes 8388608 maxBytes 268435456 step: 2(factor) warmup iters: 5 iters: 20 agg iters: 1 validation: 1 graph: 0
0: #
0: # Using devices
0: #  Rank  0 Group  0 Pid  55364 on  nid007195 device  0 [0009:01:00] NVIDIA GH200 120GB
0: #  Rank  1 Group  0 Pid  55364 on  nid007195 device  1 [0039:01:00] NVIDIA GH200 120GB
0: #
0: #                                                              out-of-place                       in-place          
0: #       size         count      type   redop    root     time   algbw   busbw  #wrong     time   algbw   busbw  #wrong 
0: #        (B)    (elements)                               (us)  (GB/s)  (GB/s)             (us)  (GB/s)  (GB/s)         
0:      8388608       2097152     float     sum      -1   116.38   72.08   72.08       0   117.10   71.63   71.63    N/A
0:     16777216       4194304     float     sum      -1   221.40   75.78   75.78       0   221.34   75.80   75.80    N/A
0:     33554432       8388608     float     sum      -1   425.26   78.90   78.90       0   422.30   79.46   79.46    N/A
0:     67108864      16777216     float     sum      -1   816.48   82.19   82.19       0   827.34   81.11   81.11    N/A
0:    134217728      33554432     float     sum      -1  1126.43  119.15  119.15       0  1122.51  119.57  119.57    N/A
0:    268435456      67108864     float     sum      -1  2208.85  121.53  121.53       0  2214.59  121.21  121.21    N/A
0: # Out of bounds values : 0 OK
0: # Avg bus bandwidth    : 91.5346 
0: #
0: # Collective test concluded: sendrecv_perf
0: #
0: 
0: 
0: ##### pass 5/20  pair g1-g2  sendrecv_perf
0: # nccl-tests version 2.17.8 nccl-headers=22903 nccl-library=22903
0: # Collective test starting: sendrecv_perf
0: # nThread 1 nGpus 2 minBytes 8388608 maxBytes 268435456 step: 2(factor) warmup iters: 5 iters: 20 agg iters: 1 validation: 1 graph: 0
0: #
0: # Using devices
0: #  Rank  0 Group  0 Pid  55428 on  nid007195 device  0 [0019:01:00] NVIDIA GH200 120GB
0: #  Rank  1 Group  0 Pid  55428 on  nid007195 device  1 [0029:01:00] NVIDIA GH200 120GB
0: #
0: #                                                              out-of-place                       in-place          
0: #       size         count      type   redop    root     time   algbw   busbw  #wrong     time   algbw   busbw  #wrong 
0: #        (B)    (elements)                               (us)  (GB/s)  (GB/s)             (us)  (GB/s)  (GB/s)         
0:      8388608       2097152     float     sum      -1   116.17   72.21   72.21       0   115.73   72.48   72.48    N/A
0:     16777216       4194304     float     sum      -1   219.05   76.59   76.59       0   220.30   76.16   76.16    N/A
0:     33554432       8388608     float     sum      -1   421.50   79.61   79.61       0   423.68   79.20   79.20    N/A
0:     67108864      16777216     float     sum      -1   813.44   82.50   82.50       0   816.64   82.18   82.18    N/A
0:    134217728      33554432     float     sum      -1  1119.10  119.93  119.93       0  1121.12  119.72  119.72    N/A
0:    268435456      67108864     float     sum      -1  2211.05  121.41  121.41       0  2212.33  121.34  121.34    N/A
0: # Out of bounds values : 0 OK
0: # Avg bus bandwidth    : 91.9429 
0: #
0: # Collective test concluded: sendrecv_perf
0: #
0: 
0: 
0: ##### pass 5/20  pair g1-g3  sendrecv_perf
0: # nccl-tests version 2.17.8 nccl-headers=22903 nccl-library=22903
0: # Collective test starting: sendrecv_perf
0: # nThread 1 nGpus 2 minBytes 8388608 maxBytes 268435456 step: 2(factor) warmup iters: 5 iters: 20 agg iters: 1 validation: 1 graph: 0
0: #
0: # Using devices
0: #  Rank  0 Group  0 Pid  55467 on  nid007195 device  0 [0019:01:00] NVIDIA GH200 120GB
0: #  Rank  1 Group  0 Pid  55467 on  nid007195 device  1 [0039:01:00] NVIDIA GH200 120GB
0: #
0: #                                                              out-of-place                       in-place          
0: #       size         count      type   redop    root     time   algbw   busbw  #wrong     time   algbw   busbw  #wrong 
0: #        (B)    (elements)                               (us)  (GB/s)  (GB/s)             (us)  (GB/s)  (GB/s)         
0:      8388608       2097152     float     sum      -1   117.08   71.65   71.65       0   115.87   72.40   72.40    N/A
0:     16777216       4194304     float     sum      -1   219.96   76.28   76.28       0   219.57   76.41   76.41    N/A
0:     33554432       8388608     float     sum      -1   424.27   79.09   79.09       0   425.04   78.94   78.94    N/A
0:     67108864      16777216     float     sum      -1   815.91   82.25   82.25       0   827.25   81.12   81.12    N/A
0:    134217728      33554432     float     sum      -1  1129.23  118.86  118.86       0  1129.93  118.78  118.78    N/A
0:    268435456      67108864     float     sum      -1  2210.15  121.46  121.46       0  2211.26  121.39  121.39    N/A
0: # Out of bounds values : 0 OK
0: # Avg bus bandwidth    : 91.5522 
0: #
0: # Collective test concluded: sendrecv_perf
0: #
0: 
0: 
0: ##### pass 5/20  pair g2-g3  sendrecv_perf
0: # nccl-tests version 2.17.8 nccl-headers=22903 nccl-library=22903
0: # Collective test starting: sendrecv_perf
0: # nThread 1 nGpus 2 minBytes 8388608 maxBytes 268435456 step: 2(factor) warmup iters: 5 iters: 20 agg iters: 1 validation: 1 graph: 0
0: #
0: # Using devices
0: #  Rank  0 Group  0 Pid  55503 on  nid007195 device  0 [0029:01:00] NVIDIA GH200 120GB
0: #  Rank  1 Group  0 Pid  55503 on  nid007195 device  1 [0039:01:00] NVIDIA GH200 120GB
0: #
0: #                                                              out-of-place                       in-place          
0: #       size         count      type   redop    root     time   algbw   busbw  #wrong     time   algbw   busbw  #wrong 
0: #        (B)    (elements)                               (us)  (GB/s)  (GB/s)             (us)  (GB/s)  (GB/s)         
0:      8388608       2097152     float     sum      -1   116.14   72.23   72.23       0   115.40   72.69   72.69    N/A
0:     16777216       4194304     float     sum      -1   220.51   76.08   76.08       0   221.86   75.62   75.62    N/A
0:     33554432       8388608     float     sum      -1   423.69   79.20   79.20       0   421.45   79.62   79.62    N/A
0:     67108864      16777216     float     sum      -1   814.45   82.40   82.40       0   818.76   81.96   81.96    N/A
0:    134217728      33554432     float     sum      -1  1127.38  119.05  119.05       0  1130.55  118.72  118.72    N/A
0:    268435456      67108864     float     sum      -1  2208.31  121.56  121.56       0  2213.86  121.25  121.25    N/A
0: # Out of bounds values : 0 OK
0: # Avg bus bandwidth    : 91.6983 
0: #
0: # Collective test concluded: sendrecv_perf
0: #
0: 
0: 
0: ##### pass 6/20  pair g0-g1  sendrecv_perf
0: # nccl-tests version 2.17.8 nccl-headers=22903 nccl-library=22903
0: # Collective test starting: sendrecv_perf
0: # nThread 1 nGpus 2 minBytes 8388608 maxBytes 268435456 step: 2(factor) warmup iters: 5 iters: 20 agg iters: 1 validation: 1 graph: 0
0: #
0: # Using devices
0: #  Rank  0 Group  0 Pid  55542 on  nid007195 device  0 [0009:01:00] NVIDIA GH200 120GB
0: #  Rank  1 Group  0 Pid  55542 on  nid007195 device  1 [0019:01:00] NVIDIA GH200 120GB
0: #
0: #                                                              out-of-place                       in-place          
0: #       size         count      type   redop    root     time   algbw   busbw  #wrong     time   algbw   busbw  #wrong 
0: #        (B)    (elements)                               (us)  (GB/s)  (GB/s)             (us)  (GB/s)  (GB/s)         
0:      8388608       2097152     float     sum      -1   118.24   70.95   70.95       0   115.39   72.70   72.70    N/A
0:     16777216       4194304     float     sum      -1   218.79   76.68   76.68       0   219.86   76.31   76.31    N/A
0:     33554432       8388608     float     sum      -1   423.56   79.22   79.22       0   423.97   79.14   79.14    N/A
0:     67108864      16777216     float     sum      -1   810.85   82.76   82.76       0   831.59   80.70   80.70    N/A
0:    134217728      33554432     float     sum      -1  1123.56  119.46  119.46       0  1125.59  119.24  119.24    N/A
0:    268435456      67108864     float     sum      -1  2199.59  122.04  122.04       0  2209.09  121.51  121.51    N/A
0: # Out of bounds values : 0 OK
0: # Avg bus bandwidth    : 91.7264 
0: #
0: # Collective test concluded: sendrecv_perf
0: #
0: 
0: 
0: ##### pass 6/20  pair g0-g2  sendrecv_perf
0: # nccl-tests version 2.17.8 nccl-headers=22903 nccl-library=22903
0: # Collective test starting: sendrecv_perf
0: # nThread 1 nGpus 2 minBytes 8388608 maxBytes 268435456 step: 2(factor) warmup iters: 5 iters: 20 agg iters: 1 validation: 1 graph: 0
0: #
0: # Using devices
0: #  Rank  0 Group  0 Pid  55577 on  nid007195 device  0 [0009:01:00] NVIDIA GH200 120GB
0: #  Rank  1 Group  0 Pid  55577 on  nid007195 device  1 [0029:01:00] NVIDIA GH200 120GB
0: #
0: #                                                              out-of-place                       in-place          
0: #       size         count      type   redop    root     time   algbw   busbw  #wrong     time   algbw   busbw  #wrong 
0: #        (B)    (elements)                               (us)  (GB/s)  (GB/s)             (us)  (GB/s)  (GB/s)         
0:      8388608       2097152     float     sum      -1   115.72   72.49   72.49       0   115.18   72.83   72.83    N/A
0:     16777216       4194304     float     sum      -1   222.39   75.44   75.44       0   217.23   77.23   77.23    N/A
0:     33554432       8388608     float     sum      -1   422.18   79.48   79.48       0   422.38   79.44   79.44    N/A
0:     67108864      16777216     float     sum      -1   818.60   81.98   81.98       0   825.07   81.34   81.34    N/A
0:    134217728      33554432     float     sum      -1  1131.54  118.61  118.61       0  1122.43  119.58  119.58    N/A
0:    268435456      67108864     float     sum      -1  2207.92  121.58  121.58       0  2203.50  121.82  121.82    N/A
0: # Out of bounds values : 0 OK
0: # Avg bus bandwidth    : 91.8184 
0: #
0: # Collective test concluded: sendrecv_perf
0: #
0: 
0: 
0: ##### pass 6/20  pair g0-g3  sendrecv_perf
0: # nccl-tests version 2.17.8 nccl-headers=22903 nccl-library=22903
0: # Collective test starting: sendrecv_perf
0: # nThread 1 nGpus 2 minBytes 8388608 maxBytes 268435456 step: 2(factor) warmup iters: 5 iters: 20 agg iters: 1 validation: 1 graph: 0
0: #
0: # Using devices
0: #  Rank  0 Group  0 Pid  55616 on  nid007195 device  0 [0009:01:00] NVIDIA GH200 120GB
0: #  Rank  1 Group  0 Pid  55616 on  nid007195 device  1 [0039:01:00] NVIDIA GH200 120GB
0: #
0: #                                                              out-of-place                       in-place          
0: #       size         count      type   redop    root     time   algbw   busbw  #wrong     time   algbw   busbw  #wrong 
0: #        (B)    (elements)                               (us)  (GB/s)  (GB/s)             (us)  (GB/s)  (GB/s)         
0:      8388608       2097152     float     sum      -1   116.47   72.02   72.02       0   116.30   72.13   72.13    N/A
0:     16777216       4194304     float     sum      -1   223.44   75.09   75.09       0   223.19   75.17   75.17    N/A
0:     33554432       8388608     float     sum      -1   422.15   79.48   79.48       0   423.93   79.15   79.15    N/A
0:     67108864      16777216     float     sum      -1   815.28   82.31   82.31       0   823.09   81.53   81.53    N/A
0:    134217728      33554432     float     sum      -1  1124.75  119.33  119.33       0  1117.59  120.10  120.10    N/A
0:    268435456      67108864     float     sum      -1  2202.48  121.88  121.88       0  2218.77  120.98  120.98    N/A
0: # Out of bounds values : 0 OK
0: # Avg bus bandwidth    : 91.598 
0: #
0: # Collective test concluded: sendrecv_perf
0: #
0: 
0: 
0: ##### pass 6/20  pair g1-g2  sendrecv_perf
0: # nccl-tests version 2.17.8 nccl-headers=22903 nccl-library=22903
0: # Collective test starting: sendrecv_perf
0: # nThread 1 nGpus 2 minBytes 8388608 maxBytes 268435456 step: 2(factor) warmup iters: 5 iters: 20 agg iters: 1 validation: 1 graph: 0
0: #
0: # Using devices
0: #  Rank  0 Group  0 Pid  55675 on  nid007195 device  0 [0019:01:00] NVIDIA GH200 120GB
0: #  Rank  1 Group  0 Pid  55675 on  nid007195 device  1 [0029:01:00] NVIDIA GH200 120GB
0: #
0: #                                                              out-of-place                       in-place          
0: #       size         count      type   redop    root     time   algbw   busbw  #wrong     time   algbw   busbw  #wrong 
0: #        (B)    (elements)                               (us)  (GB/s)  (GB/s)             (us)  (GB/s)  (GB/s)         
0:      8388608       2097152     float     sum      -1   116.18   72.20   72.20       0   119.96   69.93   69.93    N/A
0:     16777216       4194304     float     sum      -1   222.37   75.45   75.45       0   221.74   75.66   75.66    N/A
0:     33554432       8388608     float     sum      -1   422.18   79.48   79.48       0   423.64   79.20   79.20    N/A
0:     67108864      16777216     float     sum      -1   816.82   82.16   82.16       0   822.33   81.61   81.61    N/A
0:    134217728      33554432     float     sum      -1  1121.57  119.67  119.67       0  1125.94  119.21  119.21    N/A
0:    268435456      67108864     float     sum      -1  2212.44  121.33  121.33       0  2215.89  121.14  121.14    N/A
0: # Out of bounds values : 0 OK
0: # Avg bus bandwidth    : 91.42 
0: #
0: # Collective test concluded: sendrecv_perf
0: #
0: 
0: 
0: ##### pass 6/20  pair g1-g3  sendrecv_perf
0: # nccl-tests version 2.17.8 nccl-headers=22903 nccl-library=22903
0: # Collective test starting: sendrecv_perf
0: # nThread 1 nGpus 2 minBytes 8388608 maxBytes 268435456 step: 2(factor) warmup iters: 5 iters: 20 agg iters: 1 validation: 1 graph: 0
0: #
0: # Using devices
0: #  Rank  0 Group  0 Pid  55714 on  nid007195 device  0 [0019:01:00] NVIDIA GH200 120GB
0: #  Rank  1 Group  0 Pid  55714 on  nid007195 device  1 [0039:01:00] NVIDIA GH200 120GB
0: #
0: #                                                              out-of-place                       in-place          
0: #       size         count      type   redop    root     time   algbw   busbw  #wrong     time   algbw   busbw  #wrong 
0: #        (B)    (elements)                               (us)  (GB/s)  (GB/s)             (us)  (GB/s)  (GB/s)         
0:      8388608       2097152     float     sum      -1   116.68   71.90   71.90       0   119.54   70.17   70.17    N/A
0:     16777216       4194304     float     sum      -1   221.85   75.62   75.62       0   218.92   76.64   76.64    N/A
0:     33554432       8388608     float     sum      -1   424.81   78.99   78.99       0   425.37   78.88   78.88    N/A
0:     67108864      16777216     float     sum      -1   814.46   82.40   82.40       0   825.93   81.25   81.25    N/A
0:    134217728      33554432     float     sum      -1  1127.16  119.08  119.08       0  1116.31  120.23  120.23    N/A
0:    268435456      67108864     float     sum      -1  2214.11  121.24  121.24       0  2209.94  121.47  121.47    N/A
0: # Out of bounds values : 0 OK
0: # Avg bus bandwidth    : 91.4888 
0: #
0: # Collective test concluded: sendrecv_perf
0: #
0: 
0: 
0: ##### pass 6/20  pair g2-g3  sendrecv_perf
0: # nccl-tests version 2.17.8 nccl-headers=22903 nccl-library=22903
0: # Collective test starting: sendrecv_perf
0: # nThread 1 nGpus 2 minBytes 8388608 maxBytes 268435456 step: 2(factor) warmup iters: 5 iters: 20 agg iters: 1 validation: 1 graph: 0
0: #
0: # Using devices
0: #  Rank  0 Group  0 Pid  55753 on  nid007195 device  0 [0029:01:00] NVIDIA GH200 120GB
0: #  Rank  1 Group  0 Pid  55753 on  nid007195 device  1 [0039:01:00] NVIDIA GH200 120GB
0: #
0: #                                                              out-of-place                       in-place          
0: #       size         count      type   redop    root     time   algbw   busbw  #wrong     time   algbw   busbw  #wrong 
0: #        (B)    (elements)                               (us)  (GB/s)  (GB/s)             (us)  (GB/s)  (GB/s)         
0:      8388608       2097152     float     sum      -1   119.78   70.04   70.04       0   115.78   72.45   72.45    N/A
0:     16777216       4194304     float     sum      -1   221.77   75.65   75.65       0   217.46   77.15   77.15    N/A
0:     33554432       8388608     float     sum      -1   421.28   79.65   79.65       0   422.57   79.40   79.40    N/A
0:     67108864      16777216     float     sum      -1   816.72   82.17   82.17       0   824.89   81.36   81.36    N/A
0:    134217728      33554432     float     sum      -1  1126.08  119.19  119.19       0  1117.09  120.15  120.15    N/A
0:    268435456      67108864     float     sum      -1  2210.63  121.43  121.43       0  2206.54  121.65  121.65    N/A
0: # Out of bounds values : 0 OK
0: # Avg bus bandwidth    : 91.6912 
0: #
0: # Collective test concluded: sendrecv_perf
0: #
0: 
0: 
0: ##### pass 7/20  pair g0-g1  sendrecv_perf
0: # nccl-tests version 2.17.8 nccl-headers=22903 nccl-library=22903
0: # Collective test starting: sendrecv_perf
0: # nThread 1 nGpus 2 minBytes 8388608 maxBytes 268435456 step: 2(factor) warmup iters: 5 iters: 20 agg iters: 1 validation: 1 graph: 0
0: #
0: # Using devices
0: #  Rank  0 Group  0 Pid  55789 on  nid007195 device  0 [0009:01:00] NVIDIA GH200 120GB
0: #  Rank  1 Group  0 Pid  55789 on  nid007195 device  1 [0019:01:00] NVIDIA GH200 120GB
0: #
0: #                                                              out-of-place                       in-place          
0: #       size         count      type   redop    root     time   algbw   busbw  #wrong     time   algbw   busbw  #wrong 
0: #        (B)    (elements)                               (us)  (GB/s)  (GB/s)             (us)  (GB/s)  (GB/s)         
0:      8388608       2097152     float     sum      -1   116.19   72.20   72.20       0   115.89   72.38   72.38    N/A
0:     16777216       4194304     float     sum      -1   218.80   76.68   76.68       0   223.93   74.92   74.92    N/A
0:     33554432       8388608     float     sum      -1   424.82   78.98   78.98       0   425.74   78.82   78.82    N/A
0:     67108864      16777216     float     sum      -1   814.25   82.42   82.42       0   830.58   80.80   80.80    N/A
0:    134217728      33554432     float     sum      -1  1120.33  119.80  119.80       0  1122.61  119.56  119.56    N/A
0:    268435456      67108864     float     sum      -1  2206.81  121.64  121.64       0  2210.72  121.42  121.42    N/A
0: # Out of bounds values : 0 OK
0: # Avg bus bandwidth    : 91.6353 
0: #
0: # Collective test concluded: sendrecv_perf
0: #
0: 
0: 
0: ##### pass 7/20  pair g0-g2  sendrecv_perf
0: # nccl-tests version 2.17.8 nccl-headers=22903 nccl-library=22903
0: # Collective test starting: sendrecv_perf
0: # nThread 1 nGpus 2 minBytes 8388608 maxBytes 268435456 step: 2(factor) warmup iters: 5 iters: 20 agg iters: 1 validation: 1 graph: 0
0: #
0: # Using devices
0: #  Rank  0 Group  0 Pid  55828 on  nid007195 device  0 [0009:01:00] NVIDIA GH200 120GB
0: #  Rank  1 Group  0 Pid  55828 on  nid007195 device  1 [0029:01:00] NVIDIA GH200 120GB
0: #
0: #                                                              out-of-place                       in-place          
0: #       size         count      type   redop    root     time   algbw   busbw  #wrong     time   algbw   busbw  #wrong 
0: #        (B)    (elements)                               (us)  (GB/s)  (GB/s)             (us)  (GB/s)  (GB/s)         
0:      8388608       2097152     float     sum      -1   115.97   72.33   72.33       0   118.22   70.96   70.96    N/A
0:     16777216       4194304     float     sum      -1   219.56   76.41   76.41       0   223.59   75.04   75.04    N/A
0:     33554432       8388608     float     sum      -1   421.38   79.63   79.63       0   425.10   78.93   78.93    N/A
0:     67108864      16777216     float     sum      -1   812.16   82.63   82.63       0   824.75   81.37   81.37    N/A
0:    134217728      33554432     float     sum      -1  1125.29  119.27  119.27       0  1125.60  119.24  119.24    N/A
0:    268435456      67108864     float     sum      -1  2210.84  121.42  121.42       0  2216.25  121.12  121.12    N/A
0: # Out of bounds values : 0 OK
0: # Avg bus bandwidth    : 91.5296 
0: #
0: # Collective test concluded: sendrecv_perf
0: #
0: 
0: 
0: ##### pass 7/20  pair g0-g3  sendrecv_perf
0: # nccl-tests version 2.17.8 nccl-headers=22903 nccl-library=22903
0: # Collective test starting: sendrecv_perf
0: # nThread 1 nGpus 2 minBytes 8388608 maxBytes 268435456 step: 2(factor) warmup iters: 5 iters: 20 agg iters: 1 validation: 1 graph: 0
0: #
0: # Using devices
0: #  Rank  0 Group  0 Pid  55863 on  nid007195 device  0 [0009:01:00] NVIDIA GH200 120GB
0: #  Rank  1 Group  0 Pid  55863 on  nid007195 device  1 [0039:01:00] NVIDIA GH200 120GB
0: #
0: #                                                              out-of-place                       in-place          
0: #       size         count      type   redop    root     time   algbw   busbw  #wrong     time   algbw   busbw  #wrong 
0: #        (B)    (elements)                               (us)  (GB/s)  (GB/s)             (us)  (GB/s)  (GB/s)         
0:      8388608       2097152     float     sum      -1   116.18   72.20   72.20       0   119.31   70.31   70.31    N/A
0:     16777216       4194304     float     sum      -1   222.08   75.55   75.55       0   224.51   74.73   74.73    N/A
0:     33554432       8388608     float     sum      -1   422.95   79.33   79.33       0   426.66   78.64   78.64    N/A
0:     67108864      16777216     float     sum      -1   816.33   82.21   82.21       0   828.59   80.99   80.99    N/A
0:    134217728      33554432     float     sum      -1  1120.83  119.75  119.75       0  1123.11  119.51  119.51    N/A
0:    268435456      67108864     float     sum      -1  2205.61  121.71  121.71       0  2210.09  121.46  121.46    N/A
0: # Out of bounds values : 0 OK
0: # Avg bus bandwidth    : 91.3649 
0: #
0: # Collective test concluded: sendrecv_perf
0: #
0: 
0: 
0: ##### pass 7/20  pair g1-g2  sendrecv_perf
0: # nccl-tests version 2.17.8 nccl-headers=22903 nccl-library=22903
0: # Collective test starting: sendrecv_perf
0: # nThread 1 nGpus 2 minBytes 8388608 maxBytes 268435456 step: 2(factor) warmup iters: 5 iters: 20 agg iters: 1 validation: 1 graph: 0
0: #
0: # Using devices
0: #  Rank  0 Group  0 Pid  55901 on  nid007195 device  0 [0019:01:00] NVIDIA GH200 120GB
0: #  Rank  1 Group  0 Pid  55901 on  nid007195 device  1 [0029:01:00] NVIDIA GH200 120GB
0: #
0: #                                                              out-of-place                       in-place          
0: #       size         count      type   redop    root     time   algbw   busbw  #wrong     time   algbw   busbw  #wrong 
0: #        (B)    (elements)                               (us)  (GB/s)  (GB/s)             (us)  (GB/s)  (GB/s)         
0:      8388608       2097152     float     sum      -1   119.94   69.94   69.94       0   120.71   69.49   69.49    N/A
0:     16777216       4194304     float     sum      -1   219.39   76.47   76.47       0   220.63   76.04   76.04    N/A
0:     33554432       8388608     float     sum      -1   422.41   79.44   79.44       0   422.16   79.48   79.48    N/A
0:     67108864      16777216     float     sum      -1   815.58   82.28   82.28       0   825.67   81.28   81.28    N/A
0:    134217728      33554432     float     sum      -1  1122.80  119.54  119.54       0  1121.73  119.65  119.65    N/A
0:    268435456      67108864     float     sum      -1  2213.83  121.25  121.25       0  2214.54  121.22  121.22    N/A
0: # Out of bounds values : 0 OK
0: # Avg bus bandwidth    : 91.3401 
0: #
0: # Collective test concluded: sendrecv_perf
0: #
0: 
0: 
0: ##### pass 7/20  pair g1-g3  sendrecv_perf
0: # nccl-tests version 2.17.8 nccl-headers=22903 nccl-library=22903
0: # Collective test starting: sendrecv_perf
0: # nThread 1 nGpus 2 minBytes 8388608 maxBytes 268435456 step: 2(factor) warmup iters: 5 iters: 20 agg iters: 1 validation: 1 graph: 0
0: #
0: # Using devices
0: #  Rank  0 Group  0 Pid  55964 on  nid007195 device  0 [0019:01:00] NVIDIA GH200 120GB
0: #  Rank  1 Group  0 Pid  55964 on  nid007195 device  1 [0039:01:00] NVIDIA GH200 120GB
0: #
0: #                                                              out-of-place                       in-place          
0: #       size         count      type   redop    root     time   algbw   busbw  #wrong     time   algbw   busbw  #wrong 
0: #        (B)    (elements)                               (us)  (GB/s)  (GB/s)             (us)  (GB/s)  (GB/s)         
0:      8388608       2097152     float     sum      -1   118.62   70.72   70.72       0   115.94   72.36   72.36    N/A
0:     16777216       4194304     float     sum      -1   218.21   76.88   76.88       0   218.12   76.92   76.92    N/A
0:     33554432       8388608     float     sum      -1   424.83   78.98   78.98       0   422.20   79.48   79.48    N/A
0:     67108864      16777216     float     sum      -1   813.80   82.46   82.46       0   828.61   80.99   80.99    N/A
0:    134217728      33554432     float     sum      -1  1124.21  119.39  119.39       0  1125.64  119.24  119.24    N/A
0:    268435456      67108864     float     sum      -1  2207.09  121.62  121.62       0  2212.14  121.35  121.35    N/A
0: # Out of bounds values : 0 OK
0: # Avg bus bandwidth    : 91.6987 
0: #
0: # Collective test concluded: sendrecv_perf
0: #
0: 
0: 
0: ##### pass 7/20  pair g2-g3  sendrecv_perf
0: # nccl-tests version 2.17.8 nccl-headers=22903 nccl-library=22903
0: # Collective test starting: sendrecv_perf
0: # nThread 1 nGpus 2 minBytes 8388608 maxBytes 268435456 step: 2(factor) warmup iters: 5 iters: 20 agg iters: 1 validation: 1 graph: 0
0: #
0: # Using devices
0: #  Rank  0 Group  0 Pid  56002 on  nid007195 device  0 [0029:01:00] NVIDIA GH200 120GB
0: #  Rank  1 Group  0 Pid  56002 on  nid007195 device  1 [0039:01:00] NVIDIA GH200 120GB
0: #
0: #                                                              out-of-place                       in-place          
0: #       size         count      type   redop    root     time   algbw   busbw  #wrong     time   algbw   busbw  #wrong 
0: #        (B)    (elements)                               (us)  (GB/s)  (GB/s)             (us)  (GB/s)  (GB/s)         
0:      8388608       2097152     float     sum      -1   115.32   72.74   72.74       0   115.38   72.71   72.71    N/A
0:     16777216       4194304     float     sum      -1   218.73   76.70   76.70       0   224.04   74.89   74.89    N/A
0:     33554432       8388608     float     sum      -1   421.17   79.67   79.67       0   420.80   79.74   79.74    N/A
0:     67108864      16777216     float     sum      -1   809.60   82.89   82.89       0   818.68   81.97   81.97    N/A
0:    134217728      33554432     float     sum      -1  1118.04  120.05  120.05       0  1121.35  119.69  119.69    N/A
0:    268435456      67108864     float     sum      -1  2209.91  121.47  121.47       0  2214.10  121.24  121.24    N/A
0: # Out of bounds values : 0 OK
0: # Avg bus bandwidth    : 91.9798 
0: #
0: # Collective test concluded: sendrecv_perf
0: #
0: 
0: 
0: ##### pass 8/20  pair g0-g1  sendrecv_perf
0: # nccl-tests version 2.17.8 nccl-headers=22903 nccl-library=22903
0: # Collective test starting: sendrecv_perf
0: # nThread 1 nGpus 2 minBytes 8388608 maxBytes 268435456 step: 2(factor) warmup iters: 5 iters: 20 agg iters: 1 validation: 1 graph: 0
0: #
0: # Using devices
0: #  Rank  0 Group  0 Pid  56057 on  nid007195 device  0 [0009:01:00] NVIDIA GH200 120GB
0: #  Rank  1 Group  0 Pid  56057 on  nid007195 device  1 [0019:01:00] NVIDIA GH200 120GB
0: #
0: #                                                              out-of-place                       in-place          
0: #       size         count      type   redop    root     time   algbw   busbw  #wrong     time   algbw   busbw  #wrong 
0: #        (B)    (elements)                               (us)  (GB/s)  (GB/s)             (us)  (GB/s)  (GB/s)         
0:      8388608       2097152     float     sum      -1   116.38   72.08   72.08       0   115.67   72.52   72.52    N/A
0:     16777216       4194304     float     sum      -1   220.57   76.06   76.06       0   219.30   76.50   76.50    N/A
0:     33554432       8388608     float     sum      -1   422.78   79.37   79.37       0   425.50   78.86   78.86    N/A
0:     67108864      16777216     float     sum      -1   818.63   81.98   81.98       0   828.17   81.03   81.03    N/A
0:    134217728      33554432     float     sum      -1  1127.41  119.05  119.05       0  1123.91  119.42  119.42    N/A
0:    268435456      67108864     float     sum      -1  2214.71  121.21  121.21       0  2205.45  121.71  121.71    N/A
0: # Out of bounds values : 0 OK
0: # Avg bus bandwidth    : 91.6494 
0: #
0: # Collective test concluded: sendrecv_perf
0: #
0: 
0: 
0: ##### pass 8/20  pair g0-g2  sendrecv_perf
0: # nccl-tests version 2.17.8 nccl-headers=22903 nccl-library=22903
0: # Collective test starting: sendrecv_perf
0: # nThread 1 nGpus 2 minBytes 8388608 maxBytes 268435456 step: 2(factor) warmup iters: 5 iters: 20 agg iters: 1 validation: 1 graph: 0
0: #
0: # Using devices
0: #  Rank  0 Group  0 Pid  56098 on  nid007195 device  0 [0009:01:00] NVIDIA GH200 120GB
0: #  Rank  1 Group  0 Pid  56098 on  nid007195 device  1 [0029:01:00] NVIDIA GH200 120GB
0: #
0: #                                                              out-of-place                       in-place          
0: #       size         count      type   redop    root     time   algbw   busbw  #wrong     time   algbw   busbw  #wrong 
0: #        (B)    (elements)                               (us)  (GB/s)  (GB/s)             (us)  (GB/s)  (GB/s)         
0:      8388608       2097152     float     sum      -1   121.11   69.26   69.26       0   115.57   72.58   72.58    N/A
0:     16777216       4194304     float     sum      -1   222.96   75.25   75.25       0   222.19   75.51   75.51    N/A
0:     33554432       8388608     float     sum      -1   421.17   79.67   79.67       0   420.22   79.85   79.85    N/A
0:     67108864      16777216     float     sum      -1   816.18   82.22   82.22       0   816.67   82.17   82.17    N/A
0:    134217728      33554432     float     sum      -1  1121.75  119.65  119.65       0  1121.32  119.70  119.70    N/A
0:    268435456      67108864     float     sum      -1  2214.84  121.20  121.20       0  2208.61  121.54  121.54    N/A
0: # Out of bounds values : 0 OK
0: # Avg bus bandwidth    : 91.55 
0: #
0: # Collective test concluded: sendrecv_perf
0: #
0: 
0: 
0: ##### pass 8/20  pair g0-g3  sendrecv_perf
0: # nccl-tests version 2.17.8 nccl-headers=22903 nccl-library=22903
0: # Collective test starting: sendrecv_perf
0: # nThread 1 nGpus 2 minBytes 8388608 maxBytes 268435456 step: 2(factor) warmup iters: 5 iters: 20 agg iters: 1 validation: 1 graph: 0
0: #
0: # Using devices
0: #  Rank  0 Group  0 Pid  56136 on  nid007195 device  0 [0009:01:00] NVIDIA GH200 120GB
0: #  Rank  1 Group  0 Pid  56136 on  nid007195 device  1 [0039:01:00] NVIDIA GH200 120GB
0: #
0: #                                                              out-of-place                       in-place          
0: #       size         count      type   redop    root     time   algbw   busbw  #wrong     time   algbw   busbw  #wrong 
0: #        (B)    (elements)                               (us)  (GB/s)  (GB/s)             (us)  (GB/s)  (GB/s)         
0:      8388608       2097152     float     sum      -1   116.34   72.10   72.10       0   116.11   72.25   72.25    N/A
0:     16777216       4194304     float     sum      -1   222.40   75.44   75.44       0   220.00   76.26   76.26    N/A
0:     33554432       8388608     float     sum      -1   421.67   79.57   79.57       0   423.64   79.21   79.21    N/A
0:     67108864      16777216     float     sum      -1   813.13   82.53   82.53       0   824.12   81.43   81.43    N/A
0:    134217728      33554432     float     sum      -1  1128.68  118.92  118.92       0  1117.59  120.10  120.10    N/A
0:    268435456      67108864     float     sum      -1  2210.97  121.41  121.41       0  2210.76  121.42  121.42    N/A
0: # Out of bounds values : 0 OK
0: # Avg bus bandwidth    : 91.7198 
0: #
0: # Collective test concluded: sendrecv_perf
0: #
0: 
0: 
0: ##### pass 8/20  pair g1-g2  sendrecv_perf
0: # nccl-tests version 2.17.8 nccl-headers=22903 nccl-library=22903
0: # Collective test starting: sendrecv_perf
0: # nThread 1 nGpus 2 minBytes 8388608 maxBytes 268435456 step: 2(factor) warmup iters: 5 iters: 20 agg iters: 1 validation: 1 graph: 0
0: #
0: # Using devices
0: #  Rank  0 Group  0 Pid  56173 on  nid007195 device  0 [0019:01:00] NVIDIA GH200 120GB
0: #  Rank  1 Group  0 Pid  56173 on  nid007195 device  1 [0029:01:00] NVIDIA GH200 120GB
0: #
0: #                                                              out-of-place                       in-place          
0: #       size         count      type   redop    root     time   algbw   busbw  #wrong     time   algbw   busbw  #wrong 
0: #        (B)    (elements)                               (us)  (GB/s)  (GB/s)             (us)  (GB/s)  (GB/s)         
0:      8388608       2097152     float     sum      -1   115.95   72.35   72.35       0   115.23   72.80   72.80    N/A
0:     16777216       4194304     float     sum      -1   222.45   75.42   75.42       0   218.86   76.66   76.66    N/A
0:     33554432       8388608     float     sum      -1   422.30   79.46   79.46       0   422.47   79.43   79.43    N/A
0:     67108864      16777216     float     sum      -1   816.82   82.16   82.16       0   821.10   81.73   81.73    N/A
0:    134217728      33554432     float     sum      -1  1126.26  119.17  119.17       0  1124.64  119.34  119.34    N/A
0:    268435456      67108864     float     sum      -1  2211.59  121.38  121.38       0  2215.35  121.17  121.17    N/A
0: # Out of bounds values : 0 OK
0: # Avg bus bandwidth    : 91.7548 
0: #
0: # Collective test concluded: sendrecv_perf
0: #
0: 
0: 
0: ##### pass 8/20  pair g1-g3  sendrecv_perf
0: # nccl-tests version 2.17.8 nccl-headers=22903 nccl-library=22903
0: # Collective test starting: sendrecv_perf
0: # nThread 1 nGpus 2 minBytes 8388608 maxBytes 268435456 step: 2(factor) warmup iters: 5 iters: 20 agg iters: 1 validation: 1 graph: 0
0: #
0: # Using devices
0: #  Rank  0 Group  0 Pid  56236 on  nid007195 device  0 [0019:01:00] NVIDIA GH200 120GB
0: #  Rank  1 Group  0 Pid  56236 on  nid007195 device  1 [0039:01:00] NVIDIA GH200 120GB
0: #
0: #                                                              out-of-place                       in-place          
0: #       size         count      type   redop    root     time   algbw   busbw  #wrong     time   algbw   busbw  #wrong 
0: #        (B)    (elements)                               (us)  (GB/s)  (GB/s)             (us)  (GB/s)  (GB/s)         
0:      8388608       2097152     float     sum      -1   118.60   70.73   70.73       0   115.88   72.39   72.39    N/A
0:     16777216       4194304     float     sum      -1   217.98   76.97   76.97       0   218.26   76.87   76.87    N/A
0:     33554432       8388608     float     sum      -1   422.11   79.49   79.49       0   424.40   79.06   79.06    N/A
0:     67108864      16777216     float     sum      -1   819.69   81.87   81.87       0   827.78   81.07   81.07    N/A
0:    134217728      33554432     float     sum      -1  1122.73  119.55  119.55       0  1119.67  119.87  119.87    N/A
0:    268435456      67108864     float     sum      -1  2215.46  121.16  121.16       0  2209.19  121.51  121.51    N/A
0: # Out of bounds values : 0 OK
0: # Avg bus bandwidth    : 91.712 
0: #
0: # Collective test concluded: sendrecv_perf
0: #
0: 
0: 
0: ##### pass 8/20  pair g2-g3  sendrecv_perf
0: # nccl-tests version 2.17.8 nccl-headers=22903 nccl-library=22903
0: # Collective test starting: sendrecv_perf
0: # nThread 1 nGpus 2 minBytes 8388608 maxBytes 268435456 step: 2(factor) warmup iters: 5 iters: 20 agg iters: 1 validation: 1 graph: 0
0: #
0: # Using devices
0: #  Rank  0 Group  0 Pid  56275 on  nid007195 device  0 [0029:01:00] NVIDIA GH200 120GB
0: #  Rank  1 Group  0 Pid  56275 on  nid007195 device  1 [0039:01:00] NVIDIA GH200 120GB
0: #
0: #                                                              out-of-place                       in-place          
0: #       size         count      type   redop    root     time   algbw   busbw  #wrong     time   algbw   busbw  #wrong 
0: #        (B)    (elements)                               (us)  (GB/s)  (GB/s)             (us)  (GB/s)  (GB/s)         
0:      8388608       2097152     float     sum      -1   115.87   72.39   72.39       0   115.34   72.73   72.73    N/A
0:     16777216       4194304     float     sum      -1   216.65   77.44   77.44       0   217.46   77.15   77.15    N/A
0:     33554432       8388608     float     sum      -1   421.15   79.67   79.67       0   420.09   79.87   79.87    N/A
0:     67108864      16777216     float     sum      -1   811.17   82.73   82.73       0   822.63   81.58   81.58    N/A
0:    134217728      33554432     float     sum      -1  1124.16  119.39  119.39       0  1125.55  119.25  119.25    N/A
0:    268435456      67108864     float     sum      -1  2206.45  121.66  121.66       0  2214.78  121.20  121.20    N/A
0: # Out of bounds values : 0 OK
0: # Avg bus bandwidth    : 92.0894 
0: #
0: # Collective test concluded: sendrecv_perf
0: #
0: 
0: 
0: ##### pass 9/20  pair g0-g1  sendrecv_perf
0: # nccl-tests version 2.17.8 nccl-headers=22903 nccl-library=22903
0: # Collective test starting: sendrecv_perf
0: # nThread 1 nGpus 2 minBytes 8388608 maxBytes 268435456 step: 2(factor) warmup iters: 5 iters: 20 agg iters: 1 validation: 1 graph: 0
0: #
0: # Using devices
0: #  Rank  0 Group  0 Pid  56310 on  nid007195 device  0 [0009:01:00] NVIDIA GH200 120GB
0: #  Rank  1 Group  0 Pid  56310 on  nid007195 device  1 [0019:01:00] NVIDIA GH200 120GB
0: #
0: #                                                              out-of-place                       in-place          
0: #       size         count      type   redop    root     time   algbw   busbw  #wrong     time   algbw   busbw  #wrong 
0: #        (B)    (elements)                               (us)  (GB/s)  (GB/s)             (us)  (GB/s)  (GB/s)         
0:      8388608       2097152     float     sum      -1   116.03   72.30   72.30       0   121.45   69.07   69.07    N/A
0:     16777216       4194304     float     sum      -1   221.45   75.76   75.76       0   223.09   75.20   75.20    N/A
0:     33554432       8388608     float     sum      -1   423.80   79.17   79.17       0   423.90   79.16   79.16    N/A
0:     67108864      16777216     float     sum      -1   812.95   82.55   82.55       0   821.82   81.66   81.66    N/A
0:    134217728      33554432     float     sum      -1  1123.91  119.42  119.42       0  1120.10  119.83  119.83    N/A
0:    268435456      67108864     float     sum      -1  2215.40  121.17  121.17       0  2212.12  121.35  121.35    N/A
0: # Out of bounds values : 0 OK
0: # Avg bus bandwidth    : 91.3859 
0: #
0: # Collective test concluded: sendrecv_perf
0: #
0: 
0: 
0: ##### pass 9/20  pair g0-g2  sendrecv_perf
0: # nccl-tests version 2.17.8 nccl-headers=22903 nccl-library=22903
0: # Collective test starting: sendrecv_perf
0: # nThread 1 nGpus 2 minBytes 8388608 maxBytes 268435456 step: 2(factor) warmup iters: 5 iters: 20 agg iters: 1 validation: 1 graph: 0
0: #
0: # Using devices
0: #  Rank  0 Group  0 Pid  56348 on  nid007195 device  0 [0009:01:00] NVIDIA GH200 120GB
0: #  Rank  1 Group  0 Pid  56348 on  nid007195 device  1 [0029:01:00] NVIDIA GH200 120GB
0: #
0: #                                                              out-of-place                       in-place          
0: #       size         count      type   redop    root     time   algbw   busbw  #wrong     time   algbw   busbw  #wrong 
0: #        (B)    (elements)                               (us)  (GB/s)  (GB/s)             (us)  (GB/s)  (GB/s)         
0:      8388608       2097152     float     sum      -1   116.50   72.01   72.01       0   115.67   72.53   72.53    N/A
0:     16777216       4194304     float     sum      -1   222.29   75.47   75.47       0   218.36   76.83   76.83    N/A
0:     33554432       8388608     float     sum      -1   423.29   79.27   79.27       0   425.01   78.95   78.95    N/A
0:     67108864      16777216     float     sum      -1   816.79   82.16   82.16       0   819.75   81.86   81.86    N/A
0:    134217728      33554432     float     sum      -1  1124.95  119.31  119.31       0  1129.68  118.81  118.81    N/A
0:    268435456      67108864     float     sum      -1  2208.03  121.57  121.57       0  2214.87  121.20  121.20    N/A
0: # Out of bounds values : 0 OK
0: # Avg bus bandwidth    : 91.6647 
0: #
0: # Collective test concluded: sendrecv_perf
0: #
0: 
0: 
0: ##### pass 9/20  pair g0-g3  sendrecv_perf
0: # nccl-tests version 2.17.8 nccl-headers=22903 nccl-library=22903
0: # Collective test starting: sendrecv_perf
0: # nThread 1 nGpus 2 minBytes 8388608 maxBytes 268435456 step: 2(factor) warmup iters: 5 iters: 20 agg iters: 1 validation: 1 graph: 0
0: #
0: # Using devices
0: #  Rank  0 Group  0 Pid  56384 on  nid007195 device  0 [0009:01:00] NVIDIA GH200 120GB
0: #  Rank  1 Group  0 Pid  56384 on  nid007195 device  1 [0039:01:00] NVIDIA GH200 120GB
0: #
0: #                                                              out-of-place                       in-place          
0: #       size         count      type   redop    root     time   algbw   busbw  #wrong     time   algbw   busbw  #wrong 
0: #        (B)    (elements)                               (us)  (GB/s)  (GB/s)             (us)  (GB/s)  (GB/s)         
0:      8388608       2097152     float     sum      -1   116.17   72.21   72.21       0   115.71   72.50   72.50    N/A
0:     16777216       4194304     float     sum      -1   217.71   77.06   77.06       0   218.71   76.71   76.71    N/A
0:     33554432       8388608     float     sum      -1   422.61   79.40   79.40       0   424.28   79.09   79.09    N/A
0:     67108864      16777216     float     sum      -1   818.28   82.01   82.01       0   821.70   81.67   81.67    N/A
0:    134217728      33554432     float     sum      -1  1124.76  119.33  119.33       0  1127.26  119.07  119.07    N/A
0:    268435456      67108864     float     sum      -1  2212.78  121.31  121.31       0  2208.38  121.55  121.55    N/A
0: # Out of bounds values : 0 OK
0: # Avg bus bandwidth    : 91.8254 
0: #
0: # Collective test concluded: sendrecv_perf
0: #
0: 
0: 
0: ##### pass 9/20  pair g1-g2  sendrecv_perf
0: # nccl-tests version 2.17.8 nccl-headers=22903 nccl-library=22903
0: # Collective test starting: sendrecv_perf
0: # nThread 1 nGpus 2 minBytes 8388608 maxBytes 268435456 step: 2(factor) warmup iters: 5 iters: 20 agg iters: 1 validation: 1 graph: 0
0: #
0: # Using devices
0: #  Rank  0 Group  0 Pid  56426 on  nid007195 device  0 [0019:01:00] NVIDIA GH200 120GB
0: #  Rank  1 Group  0 Pid  56426 on  nid007195 device  1 [0029:01:00] NVIDIA GH200 120GB
0: #
0: #                                                              out-of-place                       in-place          
0: #       size         count      type   redop    root     time   algbw   busbw  #wrong     time   algbw   busbw  #wrong 
0: #        (B)    (elements)                               (us)  (GB/s)  (GB/s)             (us)  (GB/s)  (GB/s)         
0:      8388608       2097152     float     sum      -1   116.00   72.31   72.31       0   115.83   72.42   72.42    N/A
0:     16777216       4194304     float     sum      -1   219.69   76.37   76.37       0   223.65   75.02   75.02    N/A
0:     33554432       8388608     float     sum      -1   423.66   79.20   79.20       0   425.54   78.85   78.85    N/A
0:     67108864      16777216     float     sum      -1   819.16   81.92   81.92       0   825.43   81.30   81.30    N/A
0:    134217728      33554432     float     sum      -1  1126.18  119.18  119.18       0  1122.77  119.54  119.54    N/A
0:    268435456      67108864     float     sum      -1  2208.37  121.55  121.55       0  2209.66  121.48  121.48    N/A
0: # Out of bounds values : 0 OK
0: # Avg bus bandwidth    : 91.596 
0: #
0: # Collective test concluded: sendrecv_perf
0: #
0: 
0: 
0: ##### pass 9/20  pair g1-g3  sendrecv_perf
0: # nccl-tests version 2.17.8 nccl-headers=22903 nccl-library=22903
0: # Collective test starting: sendrecv_perf
0: # nThread 1 nGpus 2 minBytes 8388608 maxBytes 268435456 step: 2(factor) warmup iters: 5 iters: 20 agg iters: 1 validation: 1 graph: 0
0: #
0: # Using devices
0: #  Rank  0 Group  0 Pid  56483 on  nid007195 device  0 [0019:01:00] NVIDIA GH200 120GB
0: #  Rank  1 Group  0 Pid  56483 on  nid007195 device  1 [0039:01:00] NVIDIA GH200 120GB
0: #
0: #                                                              out-of-place                       in-place          
0: #       size         count      type   redop    root     time   algbw   busbw  #wrong     time   algbw   busbw  #wrong 
0: #        (B)    (elements)                               (us)  (GB/s)  (GB/s)             (us)  (GB/s)  (GB/s)         
0:      8388608       2097152     float     sum      -1   118.86   70.58   70.58       0   116.39   72.08   72.08    N/A
0:     16777216       4194304     float     sum      -1   223.20   75.17   75.17       0   221.58   75.72   75.72    N/A
0:     33554432       8388608     float     sum      -1   423.72   79.19   79.19       0   423.83   79.17   79.17    N/A
0:     67108864      16777216     float     sum      -1   813.19   82.53   82.53       0   828.31   81.02   81.02    N/A
0:    134217728      33554432     float     sum      -1  1122.07  119.62  119.62       0  1128.96  118.89  118.89    N/A
0:    268435456      67108864     float     sum      -1  2206.33  121.67  121.67       0  2212.21  121.34  121.34    N/A
0: # Out of bounds values : 0 OK
0: # Avg bus bandwidth    : 91.4127 
0: #
0: # Collective test concluded: sendrecv_perf
0: #
0: 
0: 
0: ##### pass 9/20  pair g2-g3  sendrecv_perf
0: # nccl-tests version 2.17.8 nccl-headers=22903 nccl-library=22903
0: # Collective test starting: sendrecv_perf
0: # nThread 1 nGpus 2 minBytes 8388608 maxBytes 268435456 step: 2(factor) warmup iters: 5 iters: 20 agg iters: 1 validation: 1 graph: 0
0: #
0: # Using devices
0: #  Rank  0 Group  0 Pid  56520 on  nid007195 device  0 [0029:01:00] NVIDIA GH200 120GB
0: #  Rank  1 Group  0 Pid  56520 on  nid007195 device  1 [0039:01:00] NVIDIA GH200 120GB
0: #
0: #                                                              out-of-place                       in-place          
0: #       size         count      type   redop    root     time   algbw   busbw  #wrong     time   algbw   busbw  #wrong 
0: #        (B)    (elements)                               (us)  (GB/s)  (GB/s)             (us)  (GB/s)  (GB/s)         
0:      8388608       2097152     float     sum      -1   116.42   72.05   72.05       0   118.22   70.96   70.96    N/A
0:     16777216       4194304     float     sum      -1   223.50   75.07   75.07       0   220.67   76.03   76.03    N/A
0:     33554432       8388608     float     sum      -1   422.82   79.36   79.36       0   422.92   79.34   79.34    N/A
0:     67108864      16777216     float     sum      -1   816.46   82.20   82.20       0   825.24   81.32   81.32    N/A
0:    134217728      33554432     float     sum      -1  1120.10  119.83  119.83       0  1127.50  119.04  119.04    N/A
0:    268435456      67108864     float     sum      -1  2214.78  121.20  121.20       0  2213.69  121.26  121.26    N/A
0: # Out of bounds values : 0 OK
0: # Avg bus bandwidth    : 91.4709 
0: #
0: # Collective test concluded: sendrecv_perf
0: #
0: 
0: 
0: ##### pass 10/20  pair g0-g1  sendrecv_perf
0: # nccl-tests version 2.17.8 nccl-headers=22903 nccl-library=22903
0: # Collective test starting: sendrecv_perf
0: # nThread 1 nGpus 2 minBytes 8388608 maxBytes 268435456 step: 2(factor) warmup iters: 5 iters: 20 agg iters: 1 validation: 1 graph: 0
0: #
0: # Using devices
0: #  Rank  0 Group  0 Pid  56559 on  nid007195 device  0 [0009:01:00] NVIDIA GH200 120GB
0: #  Rank  1 Group  0 Pid  56559 on  nid007195 device  1 [0019:01:00] NVIDIA GH200 120GB
0: #
0: #                                                              out-of-place                       in-place          
0: #       size         count      type   redop    root     time   algbw   busbw  #wrong     time   algbw   busbw  #wrong 
0: #        (B)    (elements)                               (us)  (GB/s)  (GB/s)             (us)  (GB/s)  (GB/s)         
0:      8388608       2097152     float     sum      -1   119.76   70.04   70.04       0   118.71   70.66   70.66    N/A
0:     16777216       4194304     float     sum      -1   223.15   75.18   75.18       0   222.93   75.26   75.26    N/A
0:     33554432       8388608     float     sum      -1   422.68   79.38   79.38       0   421.27   79.65   79.65    N/A
0:     67108864      16777216     float     sum      -1   813.71   82.47   82.47       0   828.55   81.00   81.00    N/A
0:    134217728      33554432     float     sum      -1  1124.11  119.40  119.40       0  1128.21  118.97  118.97    N/A
0:    268435456      67108864     float     sum      -1  2209.80  121.47  121.47       0  2205.94  121.69  121.69    N/A
0: # Out of bounds values : 0 OK
0: # Avg bus bandwidth    : 91.2649 
0: #
0: # Collective test concluded: sendrecv_perf
0: #
0: 
0: 
0: ##### pass 10/20  pair g0-g2  sendrecv_perf
0: # nccl-tests version 2.17.8 nccl-headers=22903 nccl-library=22903
0: # Collective test starting: sendrecv_perf
0: # nThread 1 nGpus 2 minBytes 8388608 maxBytes 268435456 step: 2(factor) warmup iters: 5 iters: 20 agg iters: 1 validation: 1 graph: 0
0: #
0: # Using devices
0: #  Rank  0 Group  0 Pid  56595 on  nid007195 device  0 [0009:01:00] NVIDIA GH200 120GB
0: #  Rank  1 Group  0 Pid  56595 on  nid007195 device  1 [0029:01:00] NVIDIA GH200 120GB
0: #
0: #                                                              out-of-place                       in-place          
0: #       size         count      type   redop    root     time   algbw   busbw  #wrong     time   algbw   busbw  #wrong 
0: #        (B)    (elements)                               (us)  (GB/s)  (GB/s)             (us)  (GB/s)  (GB/s)         
0:      8388608       2097152     float     sum      -1   117.62   71.32   71.32       0   116.48   72.02   72.02    N/A
0:     16777216       4194304     float     sum      -1   223.23   75.16   75.16       0   221.25   75.83   75.83    N/A
0:     33554432       8388608     float     sum      -1   422.03   79.51   79.51       0   425.99   78.77   78.77    N/A
0:     67108864      16777216     float     sum      -1   814.86   82.36   82.36       0   822.84   81.56   81.56    N/A
0:    134217728      33554432     float     sum      -1  1127.67  119.02  119.02       0  1117.81  120.07  120.07    N/A
0:    268435456      67108864     float     sum      -1  2214.43  121.22  121.22       0  2209.81  121.47  121.47    N/A
0: # Out of bounds values : 0 OK
0: # Avg bus bandwidth    : 91.525 
0: #
0: # Collective test concluded: sendrecv_perf
0: #
0: 
0: 
0: ##### pass 10/20  pair g0-g3  sendrecv_perf
0: # nccl-tests version 2.17.8 nccl-headers=22903 nccl-library=22903
0: # Collective test starting: sendrecv_perf
0: # nThread 1 nGpus 2 minBytes 8388608 maxBytes 268435456 step: 2(factor) warmup iters: 5 iters: 20 agg iters: 1 validation: 1 graph: 0
0: #
0: # Using devices
0: #  Rank  0 Group  0 Pid  56633 on  nid007195 device  0 [0009:01:00] NVIDIA GH200 120GB
0: #  Rank  1 Group  0 Pid  56633 on  nid007195 device  1 [0039:01:00] NVIDIA GH200 120GB
0: #
0: #                                                              out-of-place                       in-place          
0: #       size         count      type   redop    root     time   algbw   busbw  #wrong     time   algbw   busbw  #wrong 
0: #        (B)    (elements)                               (us)  (GB/s)  (GB/s)             (us)  (GB/s)  (GB/s)         
0:      8388608       2097152     float     sum      -1   116.23   72.17   72.17       0   116.39   72.08   72.08    N/A
0:     16777216       4194304     float     sum      -1   220.98   75.92   75.92       0   223.68   75.00   75.00    N/A
0:     33554432       8388608     float     sum      -1   422.47   79.42   79.42       0   422.91   79.34   79.34    N/A
0:     67108864      16777216     float     sum      -1   817.50   82.09   82.09       0   821.61   81.68   81.68    N/A
0:    134217728      33554432     float     sum      -1  1119.06  119.94  119.94       0  1117.30  120.13  120.13    N/A
0:    268435456      67108864     float     sum      -1  2205.99  121.68  121.68       0  2211.78  121.37  121.37    N/A
0: # Out of bounds values : 0 OK
0: # Avg bus bandwidth    : 91.7354 
0: #
0: # Collective test concluded: sendrecv_perf
0: #
0: 
0: 
0: ##### pass 10/20  pair g1-g2  sendrecv_perf
0: # nccl-tests version 2.17.8 nccl-headers=22903 nccl-library=22903
0: # Collective test starting: sendrecv_perf
0: # nThread 1 nGpus 2 minBytes 8388608 maxBytes 268435456 step: 2(factor) warmup iters: 5 iters: 20 agg iters: 1 validation: 1 graph: 0
0: #
0: # Using devices
0: #  Rank  0 Group  0 Pid  56671 on  nid007195 device  0 [0019:01:00] NVIDIA GH200 120GB
0: #  Rank  1 Group  0 Pid  56671 on  nid007195 device  1 [0029:01:00] NVIDIA GH200 120GB
0: #
0: #                                                              out-of-place                       in-place          
0: #       size         count      type   redop    root     time   algbw   busbw  #wrong     time   algbw   busbw  #wrong 
0: #        (B)    (elements)                               (us)  (GB/s)  (GB/s)             (us)  (GB/s)  (GB/s)         
0:      8388608       2097152     float     sum      -1   116.37   72.09   72.09       0   115.58   72.58   72.58    N/A
0:     16777216       4194304     float     sum      -1   222.27   75.48   75.48       0   219.68   76.37   76.37    N/A
0:     33554432       8388608     float     sum      -1   423.75   79.18   79.18       0   424.97   78.96   78.96    N/A
0:     67108864      16777216     float     sum      -1   815.12   82.33   82.33       0   824.06   81.44   81.44    N/A
0:    134217728      33554432     float     sum      -1  1122.64  119.55  119.55       0  1122.90  119.53  119.53    N/A
0:    268435456      67108864     float     sum      -1  2218.44  121.00  121.00       0  2213.08  121.29  121.29    N/A
0: # Out of bounds values : 0 OK
0: # Avg bus bandwidth    : 91.6503 
0: #
0: # Collective test concluded: sendrecv_perf
0: #
0: 
0: 
0: ##### pass 10/20  pair g1-g3  sendrecv_perf
0: # nccl-tests version 2.17.8 nccl-headers=22903 nccl-library=22903
0: # Collective test starting: sendrecv_perf
0: # nThread 1 nGpus 2 minBytes 8388608 maxBytes 268435456 step: 2(factor) warmup iters: 5 iters: 20 agg iters: 1 validation: 1 graph: 0
0: #
0: # Using devices
0: #  Rank  0 Group  0 Pid  56708 on  nid007195 device  0 [0019:01:00] NVIDIA GH200 120GB
0: #  Rank  1 Group  0 Pid  56708 on  nid007195 device  1 [0039:01:00] NVIDIA GH200 120GB
0: #
0: #                                                              out-of-place                       in-place          
0: #       size         count      type   redop    root     time   algbw   busbw  #wrong     time   algbw   busbw  #wrong 
0: #        (B)    (elements)                               (us)  (GB/s)  (GB/s)             (us)  (GB/s)  (GB/s)         
0:      8388608       2097152     float     sum      -1   118.96   70.51   70.51       0   115.27   72.77   72.77    N/A
0:     16777216       4194304     float     sum      -1   221.16   75.86   75.86       0   223.07   75.21   75.21    N/A
0:     33554432       8388608     float     sum      -1   421.41   79.62   79.62       0   421.38   79.63   79.63    N/A
0:     67108864      16777216     float     sum      -1   816.06   82.23   82.23       0   824.21   81.42   81.42    N/A
0:    134217728      33554432     float     sum      -1  1123.67  119.45  119.45       0  1122.91  119.53  119.53    N/A
0:    268435456      67108864     float     sum      -1  2199.13  122.06  122.06       0  2206.53  121.65  121.65    N/A
0: # Out of bounds values : 0 OK
0: # Avg bus bandwidth    : 91.6633 
0: #
0: # Collective test concluded: sendrecv_perf
0: #
0: 
0: 
0: ##### pass 10/20  pair g2-g3  sendrecv_perf
0: # nccl-tests version 2.17.8 nccl-headers=22903 nccl-library=22903
0: # Collective test starting: sendrecv_perf
0: # nThread 1 nGpus 2 minBytes 8388608 maxBytes 268435456 step: 2(factor) warmup iters: 5 iters: 20 agg iters: 1 validation: 1 graph: 0
0: #
0: # Using devices
0: #  Rank  0 Group  0 Pid  56772 on  nid007195 device  0 [0029:01:00] NVIDIA GH200 120GB
0: #  Rank  1 Group  0 Pid  56772 on  nid007195 device  1 [0039:01:00] NVIDIA GH200 120GB
0: #
0: #                                                              out-of-place                       in-place          
0: #       size         count      type   redop    root     time   algbw   busbw  #wrong     time   algbw   busbw  #wrong 
0: #        (B)    (elements)                               (us)  (GB/s)  (GB/s)             (us)  (GB/s)  (GB/s)         
0:      8388608       2097152     float     sum      -1   120.79   69.45   69.45       0   115.93   72.36   72.36    N/A
0:     16777216       4194304     float     sum      -1   220.24   76.18   76.18       0   221.35   75.80   75.80    N/A
0:     33554432       8388608     float     sum      -1   422.74   79.37   79.37       0   421.96   79.52   79.52    N/A
0:     67108864      16777216     float     sum      -1   817.11   82.13   82.13       0   824.28   81.42   81.42    N/A
0:    134217728      33554432     float     sum      -1  1122.48  119.57  119.57       0  1123.00  119.52  119.52    N/A
0:    268435456      67108864     float     sum      -1  2218.39  121.00  121.00       0  2220.29  120.90  120.90    N/A
0: # Out of bounds values : 0 OK
0: # Avg bus bandwidth    : 91.4341 
0: #
0: # Collective test concluded: sendrecv_perf
0: #
0: 
0: 
0: ##### pass 11/20  pair g0-g1  sendrecv_perf
0: # nccl-tests version 2.17.8 nccl-headers=22903 nccl-library=22903
0: # Collective test starting: sendrecv_perf
0: # nThread 1 nGpus 2 minBytes 8388608 maxBytes 268435456 step: 2(factor) warmup iters: 5 iters: 20 agg iters: 1 validation: 1 graph: 0
0: #
0: # Using devices
0: #  Rank  0 Group  0 Pid  56808 on  nid007195 device  0 [0009:01:00] NVIDIA GH200 120GB
0: #  Rank  1 Group  0 Pid  56808 on  nid007195 device  1 [0019:01:00] NVIDIA GH200 120GB
0: #
0: #                                                              out-of-place                       in-place          
0: #       size         count      type   redop    root     time   algbw   busbw  #wrong     time   algbw   busbw  #wrong 
0: #        (B)    (elements)                               (us)  (GB/s)  (GB/s)             (us)  (GB/s)  (GB/s)         
0:      8388608       2097152     float     sum      -1   116.26   72.15   72.15       0   116.03   72.30   72.30    N/A
0:     16777216       4194304     float     sum      -1   219.73   76.35   76.35       0   224.07   74.87   74.87    N/A
0:     33554432       8388608     float     sum      -1   423.15   79.30   79.30       0   425.85   78.79   78.79    N/A
0:     67108864      16777216     float     sum      -1   814.99   82.34   82.34       0   823.17   81.53   81.53    N/A
0:    134217728      33554432     float     sum      -1  1119.98  119.84  119.84       0  1123.32  119.48  119.48    N/A
0:    268435456      67108864     float     sum      -1  2212.35  121.33  121.33       0  2214.92  121.19  121.19    N/A
0: # Out of bounds values : 0 OK
0: # Avg bus bandwidth    : 91.6246 
0: #
0: # Collective test concluded: sendrecv_perf
0: #
0: 
0: 
0: ##### pass 11/20  pair g0-g2  sendrecv_perf
0: # nccl-tests version 2.17.8 nccl-headers=22903 nccl-library=22903
0: # Collective test starting: sendrecv_perf
0: # nThread 1 nGpus 2 minBytes 8388608 maxBytes 268435456 step: 2(factor) warmup iters: 5 iters: 20 agg iters: 1 validation: 1 graph: 0
0: #
0: # Using devices
0: #  Rank  0 Group  0 Pid  56850 on  nid007195 device  0 [0009:01:00] NVIDIA GH200 120GB
0: #  Rank  1 Group  0 Pid  56850 on  nid007195 device  1 [0029:01:00] NVIDIA GH200 120GB
0: #
0: #                                                              out-of-place                       in-place          
0: #       size         count      type   redop    root     time   algbw   busbw  #wrong     time   algbw   busbw  #wrong 
0: #        (B)    (elements)                               (us)  (GB/s)  (GB/s)             (us)  (GB/s)  (GB/s)         
0:      8388608       2097152     float     sum      -1   116.34   72.11   72.11       0   116.32   72.11   72.11    N/A
0:     16777216       4194304     float     sum      -1   222.47   75.41   75.41       0   217.51   77.13   77.13    N/A
0:     33554432       8388608     float     sum      -1   423.93   79.15   79.15       0   426.05   78.76   78.76    N/A
0:     67108864      16777216     float     sum      -1   818.11   82.03   82.03       0   823.54   81.49   81.49    N/A
0:    134217728      33554432     float     sum      -1  1124.03  119.41  119.41       0  1127.56  119.03  119.03    N/A
0:    268435456      67108864     float     sum      -1  2204.88  121.75  121.75       0  2208.94  121.52  121.52    N/A
0: # Out of bounds values : 0 OK
0: # Avg bus bandwidth    : 91.6585 
0: #
0: # Collective test concluded: sendrecv_perf
0: #
0: 
0: 
0: ##### pass 11/20  pair g0-g3  sendrecv_perf
0: # nccl-tests version 2.17.8 nccl-headers=22903 nccl-library=22903
0: # Collective test starting: sendrecv_perf
0: # nThread 1 nGpus 2 minBytes 8388608 maxBytes 268435456 step: 2(factor) warmup iters: 5 iters: 20 agg iters: 1 validation: 1 graph: 0
0: #
0: # Using devices
0: #  Rank  0 Group  0 Pid  56885 on  nid007195 device  0 [0009:01:00] NVIDIA GH200 120GB
0: #  Rank  1 Group  0 Pid  56885 on  nid007195 device  1 [0039:01:00] NVIDIA GH200 120GB
0: #
0: #                                                              out-of-place                       in-place          
0: #       size         count      type   redop    root     time   algbw   busbw  #wrong     time   algbw   busbw  #wrong 
0: #        (B)    (elements)                               (us)  (GB/s)  (GB/s)             (us)  (GB/s)  (GB/s)         
0:      8388608       2097152     float     sum      -1   116.07   72.27   72.27       0   115.77   72.46   72.46    N/A
0:     16777216       4194304     float     sum      -1   222.36   75.45   75.45       0   222.81   75.30   75.30    N/A
0:     33554432       8388608     float     sum      -1   421.47   79.61   79.61       0   425.07   78.94   78.94    N/A
0:     67108864      16777216     float     sum      -1   817.29   82.11   82.11       0   823.49   81.49   81.49    N/A
0:    134217728      33554432     float     sum      -1  1118.38  120.01  120.01       0  1124.71  119.34  119.34    N/A
0:    268435456      67108864     float     sum      -1  2211.22  121.40  121.40       0  2214.60  121.21  121.21    N/A
0: # Out of bounds values : 0 OK
0: # Avg bus bandwidth    : 91.633 
0: #
0: # Collective test concluded: sendrecv_perf
0: #
0: 
0: 
0: ##### pass 11/20  pair g1-g2  sendrecv_perf
0: # nccl-tests version 2.17.8 nccl-headers=22903 nccl-library=22903
0: # Collective test starting: sendrecv_perf
0: # nThread 1 nGpus 2 minBytes 8388608 maxBytes 268435456 step: 2(factor) warmup iters: 5 iters: 20 agg iters: 1 validation: 1 graph: 0
0: #
0: # Using devices
0: #  Rank  0 Group  0 Pid  56926 on  nid007195 device  0 [0019:01:00] NVIDIA GH200 120GB
0: #  Rank  1 Group  0 Pid  56926 on  nid007195 device  1 [0029:01:00] NVIDIA GH200 120GB
0: #
0: #                                                              out-of-place                       in-place          
0: #       size         count      type   redop    root     time   algbw   busbw  #wrong     time   algbw   busbw  #wrong 
0: #        (B)    (elements)                               (us)  (GB/s)  (GB/s)             (us)  (GB/s)  (GB/s)         
0:      8388608       2097152     float     sum      -1   115.97   72.33   72.33       0   115.57   72.59   72.59    N/A
0:     16777216       4194304     float     sum      -1   222.30   75.47   75.47       0   222.83   75.29   75.29    N/A
0:     33554432       8388608     float     sum      -1   423.04   79.32   79.32       0   421.92   79.53   79.53    N/A
0:     67108864      16777216     float     sum      -1   811.30   82.72   82.72       0   821.44   81.70   81.70    N/A
0:    134217728      33554432     float     sum      -1  1125.15  119.29  119.29       0  1121.27  119.70  119.70    N/A
0:    268435456      67108864     float     sum      -1  2210.29  121.45  121.45       0  2209.44  121.49  121.49    N/A
0: # Out of bounds values : 0 OK
0: # Avg bus bandwidth    : 91.7395 
0: #
0: # Collective test concluded: sendrecv_perf
0: #
0: 
0: 
0: ##### pass 11/20  pair g1-g3  sendrecv_perf
0: # nccl-tests version 2.17.8 nccl-headers=22903 nccl-library=22903
0: # Collective test starting: sendrecv_perf
0: # nThread 1 nGpus 2 minBytes 8388608 maxBytes 268435456 step: 2(factor) warmup iters: 5 iters: 20 agg iters: 1 validation: 1 graph: 0
0: #
0: # Using devices
0: #  Rank  0 Group  0 Pid  56962 on  nid007195 device  0 [0019:01:00] NVIDIA GH200 120GB
0: #  Rank  1 Group  0 Pid  56962 on  nid007195 device  1 [0039:01:00] NVIDIA GH200 120GB
0: #
0: #                                                              out-of-place                       in-place          
0: #       size         count      type   redop    root     time   algbw   busbw  #wrong     time   algbw   busbw  #wrong 
0: #        (B)    (elements)                               (us)  (GB/s)  (GB/s)             (us)  (GB/s)  (GB/s)         
0:      8388608       2097152     float     sum      -1   119.73   70.06   70.06       0   116.17   72.21   72.21    N/A
0:     16777216       4194304     float     sum      -1   217.33   77.20   77.20       0   222.58   75.38   75.38    N/A
0:     33554432       8388608     float     sum      -1   421.06   79.69   79.69       0   421.08   79.69   79.69    N/A
0:     67108864      16777216     float     sum      -1   810.08   82.84   82.84       0   812.70   82.58   82.58    N/A
0:    134217728      33554432     float     sum      -1  1127.17  119.07  119.07       0  1124.53  119.35  119.35    N/A
0:    268435456      67108864     float     sum      -1  2204.14  121.79  121.79       0  2209.21  121.51  121.51    N/A
0: # Out of bounds values : 0 OK
0: # Avg bus bandwidth    : 91.7803 
0: #
0: # Collective test concluded: sendrecv_perf
0: #
0: 
0: 
0: ##### pass 11/20  pair g2-g3  sendrecv_perf
0: # nccl-tests version 2.17.8 nccl-headers=22903 nccl-library=22903
0: # Collective test starting: sendrecv_perf
0: # nThread 1 nGpus 2 minBytes 8388608 maxBytes 268435456 step: 2(factor) warmup iters: 5 iters: 20 agg iters: 1 validation: 1 graph: 0
0: #
0: # Using devices
0: #  Rank  0 Group  0 Pid  57028 on  nid007195 device  0 [0029:01:00] NVIDIA GH200 120GB
0: #  Rank  1 Group  0 Pid  57028 on  nid007195 device  1 [0039:01:00] NVIDIA GH200 120GB
0: #
0: #                                                              out-of-place                       in-place          
0: #       size         count      type   redop    root     time   algbw   busbw  #wrong     time   algbw   busbw  #wrong 
0: #        (B)    (elements)                               (us)  (GB/s)  (GB/s)             (us)  (GB/s)  (GB/s)         
0:      8388608       2097152     float     sum      -1   120.42   69.66   69.66       0   115.30   72.75   72.75    N/A
0:     16777216       4194304     float     sum      -1   221.27   75.82   75.82       0   217.40   77.17   77.17    N/A
0:     33554432       8388608     float     sum      -1   422.53   79.41   79.41       0   421.37   79.63   79.63    N/A
0:     67108864      16777216     float     sum      -1   817.07   82.13   82.13       0   820.50   81.79   81.79    N/A
0:    134217728      33554432     float     sum      -1  1124.71  119.34  119.34       0  1119.76  119.86  119.86    N/A
0:    268435456      67108864     float     sum      -1  2207.39  121.61  121.61       0  2209.30  121.50  121.50    N/A
0: # Out of bounds values : 0 OK
0: # Avg bus bandwidth    : 91.7239 
0: #
0: # Collective test concluded: sendrecv_perf
0: #
0: 
0: 
0: ##### pass 12/20  pair g0-g1  sendrecv_perf
0: # nccl-tests version 2.17.8 nccl-headers=22903 nccl-library=22903
0: # Collective test starting: sendrecv_perf
0: # nThread 1 nGpus 2 minBytes 8388608 maxBytes 268435456 step: 2(factor) warmup iters: 5 iters: 20 agg iters: 1 validation: 1 graph: 0
0: #
0: # Using devices
0: #  Rank  0 Group  0 Pid  57064 on  nid007195 device  0 [0009:01:00] NVIDIA GH200 120GB
0: #  Rank  1 Group  0 Pid  57064 on  nid007195 device  1 [0019:01:00] NVIDIA GH200 120GB
0: #
0: #                                                              out-of-place                       in-place          
0: #       size         count      type   redop    root     time   algbw   busbw  #wrong     time   algbw   busbw  #wrong 
0: #        (B)    (elements)                               (us)  (GB/s)  (GB/s)             (us)  (GB/s)  (GB/s)         
0:      8388608       2097152     float     sum      -1   115.90   72.38   72.38       0   115.75   72.47   72.47    N/A
0:     16777216       4194304     float     sum      -1   220.20   76.19   76.19       0   217.34   77.19   77.19    N/A
0:     33554432       8388608     float     sum      -1   424.82   78.98   78.98       0   424.13   79.11   79.11    N/A
0:     67108864      16777216     float     sum      -1   814.89   82.35   82.35       0   828.88   80.96   80.96    N/A
0:    134217728      33554432     float     sum      -1  1118.81  119.97  119.97       0  1121.84  119.64  119.64    N/A
0:    268435456      67108864     float     sum      -1  2210.33  121.45  121.45       0  2212.20  121.34  121.34    N/A
0: # Out of bounds values : 0 OK
0: # Avg bus bandwidth    : 91.8372 
0: #
0: # Collective test concluded: sendrecv_perf
0: #
0: 
0: 
0: ##### pass 12/20  pair g0-g2  sendrecv_perf
0: # nccl-tests version 2.17.8 nccl-headers=22903 nccl-library=22903
0: # Collective test starting: sendrecv_perf
0: # nThread 1 nGpus 2 minBytes 8388608 maxBytes 268435456 step: 2(factor) warmup iters: 5 iters: 20 agg iters: 1 validation: 1 graph: 0
0: #
0: # Using devices
0: #  Rank  0 Group  0 Pid  57103 on  nid007195 device  0 [0009:01:00] NVIDIA GH200 120GB
0: #  Rank  1 Group  0 Pid  57103 on  nid007195 device  1 [0029:01:00] NVIDIA GH200 120GB
0: #
0: #                                                              out-of-place                       in-place          
0: #       size         count      type   redop    root     time   algbw   busbw  #wrong     time   algbw   busbw  #wrong 
0: #        (B)    (elements)                               (us)  (GB/s)  (GB/s)             (us)  (GB/s)  (GB/s)         
0:      8388608       2097152     float     sum      -1   116.15   72.22   72.22       0   115.62   72.55   72.55    N/A
0:     16777216       4194304     float     sum      -1   224.40   74.77   74.77       0   220.56   76.07   76.07    N/A
0:     33554432       8388608     float     sum      -1   423.87   79.16   79.16       0   423.35   79.26   79.26    N/A
0:     67108864      16777216     float     sum      -1   816.14   82.23   82.23       0   823.75   81.47   81.47    N/A
0:    134217728      33554432     float     sum      -1  1119.99  119.84  119.84       0  1123.28  119.49  119.49    N/A
0:    268435456      67108864     float     sum      -1  2212.45  121.33  121.33       0  2206.21  121.67  121.67    N/A
0: # Out of bounds values : 0 OK
0: # Avg bus bandwidth    : 91.6709 
0: #
0: # Collective test concluded: sendrecv_perf
0: #
0: 
0: 
0: ##### pass 12/20  pair g0-g3  sendrecv_perf
0: # nccl-tests version 2.17.8 nccl-headers=22903 nccl-library=22903
0: # Collective test starting: sendrecv_perf
0: # nThread 1 nGpus 2 minBytes 8388608 maxBytes 268435456 step: 2(factor) warmup iters: 5 iters: 20 agg iters: 1 validation: 1 graph: 0
0: #
0: # Using devices
0: #  Rank  0 Group  0 Pid  57140 on  nid007195 device  0 [0009:01:00] NVIDIA GH200 120GB
0: #  Rank  1 Group  0 Pid  57140 on  nid007195 device  1 [0039:01:00] NVIDIA GH200 120GB
0: #
0: #                                                              out-of-place                       in-place          
0: #       size         count      type   redop    root     time   algbw   busbw  #wrong     time   algbw   busbw  #wrong 
0: #        (B)    (elements)                               (us)  (GB/s)  (GB/s)             (us)  (GB/s)  (GB/s)         
0:      8388608       2097152     float     sum      -1   116.02   72.30   72.30       0   118.80   70.61   70.61    N/A
0:     16777216       4194304     float     sum      -1   221.49   75.75   75.75       0   220.10   76.22   76.22    N/A
0:     33554432       8388608     float     sum      -1   421.15   79.67   79.67       0   421.88   79.54   79.54    N/A
0:     67108864      16777216     float     sum      -1   815.91   82.25   82.25       0   825.63   81.28   81.28    N/A
0:    134217728      33554432     float     sum      -1  1125.61  119.24  119.24       0  1119.00  119.94  119.94    N/A
0:    268435456      67108864     float     sum      -1  2209.40  121.50  121.50       0  2205.08  121.74  121.74    N/A
0: # Out of bounds values : 0 OK
0: # Avg bus bandwidth    : 91.67 
0: #
0: # Collective test concluded: sendrecv_perf
0: #
0: 
0: 
0: ##### pass 12/20  pair g1-g2  sendrecv_perf
0: # nccl-tests version 2.17.8 nccl-headers=22903 nccl-library=22903
0: # Collective test starting: sendrecv_perf
0: # nThread 1 nGpus 2 minBytes 8388608 maxBytes 268435456 step: 2(factor) warmup iters: 5 iters: 20 agg iters: 1 validation: 1 graph: 0
0: #
0: # Using devices
0: #  Rank  0 Group  0 Pid  57179 on  nid007195 device  0 [0019:01:00] NVIDIA GH200 120GB
0: #  Rank  1 Group  0 Pid  57179 on  nid007195 device  1 [0029:01:00] NVIDIA GH200 120GB
0: #
0: #                                                              out-of-place                       in-place          
0: #       size         count      type   redop    root     time   algbw   busbw  #wrong     time   algbw   busbw  #wrong 
0: #        (B)    (elements)                               (us)  (GB/s)  (GB/s)             (us)  (GB/s)  (GB/s)         
0:      8388608       2097152     float     sum      -1   121.54   69.02   69.02       0   115.99   72.32   72.32    N/A
0:     16777216       4194304     float     sum      -1   218.01   76.96   76.96       0   222.00   75.57   75.57    N/A
0:     33554432       8388608     float     sum      -1   423.73   79.19   79.19       0   425.44   78.87   78.87    N/A
0:     67108864      16777216     float     sum      -1   814.44   82.40   82.40       0   822.72   81.57   81.57    N/A
0:    134217728      33554432     float     sum      -1  1125.51  119.25  119.25       0  1125.89  119.21  119.21    N/A
0:    268435456      67108864     float     sum      -1  2217.28  121.07  121.07       0  2215.97  121.14  121.14    N/A
0: # Out of bounds values : 0 OK
0: # Avg bus bandwidth    : 91.3804 
0: #
0: # Collective test concluded: sendrecv_perf
0: #
0: 
0: 
0: ##### pass 12/20  pair g1-g3  sendrecv_perf
0: # nccl-tests version 2.17.8 nccl-headers=22903 nccl-library=22903
0: # Collective test starting: sendrecv_perf
0: # nThread 1 nGpus 2 minBytes 8388608 maxBytes 268435456 step: 2(factor) warmup iters: 5 iters: 20 agg iters: 1 validation: 1 graph: 0
0: #
0: # Using devices
0: #  Rank  0 Group  0 Pid  57214 on  nid007195 device  0 [0019:01:00] NVIDIA GH200 120GB
0: #  Rank  1 Group  0 Pid  57214 on  nid007195 device  1 [0039:01:00] NVIDIA GH200 120GB
0: #
0: #                                                              out-of-place                       in-place          
0: #       size         count      type   redop    root     time   algbw   busbw  #wrong     time   algbw   busbw  #wrong 
0: #        (B)    (elements)                               (us)  (GB/s)  (GB/s)             (us)  (GB/s)  (GB/s)         
0:      8388608       2097152     float     sum      -1   115.94   72.35   72.35       0   115.66   72.53   72.53    N/A
0:     16777216       4194304     float     sum      -1   221.33   75.80   75.80       0   221.36   75.79   75.79    N/A
0:     33554432       8388608     float     sum      -1   421.23   79.66   79.66       0   420.79   79.74   79.74    N/A
0:     67108864      16777216     float     sum      -1   817.00   82.14   82.14       0   821.28   81.71   81.71    N/A
0:    134217728      33554432     float     sum      -1  1124.71  119.34  119.34       0  1117.98  120.05  120.05    N/A
0:    268435456      67108864     float     sum      -1  2211.83  121.36  121.36       0  2210.27  121.45  121.45    N/A
0: # Out of bounds values : 0 OK
0: # Avg bus bandwidth    : 91.8274 
0: #
0: # Collective test concluded: sendrecv_perf
0: #
0: 
0: 
0: ##### pass 12/20  pair g2-g3  sendrecv_perf
0: # nccl-tests version 2.17.8 nccl-headers=22903 nccl-library=22903
0: # Collective test starting: sendrecv_perf
0: # nThread 1 nGpus 2 minBytes 8388608 maxBytes 268435456 step: 2(factor) warmup iters: 5 iters: 20 agg iters: 1 validation: 1 graph: 0
0: #
0: # Using devices
0: #  Rank  0 Group  0 Pid  57253 on  nid007195 device  0 [0029:01:00] NVIDIA GH200 120GB
0: #  Rank  1 Group  0 Pid  57253 on  nid007195 device  1 [0039:01:00] NVIDIA GH200 120GB
0: #
0: #                                                              out-of-place                       in-place          
0: #       size         count      type   redop    root     time   algbw   busbw  #wrong     time   algbw   busbw  #wrong 
0: #        (B)    (elements)                               (us)  (GB/s)  (GB/s)             (us)  (GB/s)  (GB/s)         
0:      8388608       2097152     float     sum      -1   120.31   69.72   69.72       0   116.11   72.25   72.25    N/A
0:     16777216       4194304     float     sum      -1   221.93   75.60   75.60       0   222.12   75.53   75.53    N/A
0:     33554432       8388608     float     sum      -1   422.72   79.38   79.38       0   422.81   79.36   79.36    N/A
0:     67108864      16777216     float     sum      -1   814.73   82.37   82.37       0   822.23   81.62   81.62    N/A
0:    134217728      33554432     float     sum      -1  1121.43  119.68  119.68       0  1122.13  119.61  119.61    N/A
0:    268435456      67108864     float     sum      -1  2215.77  121.15  121.15       0  2209.77  121.48  121.48    N/A
0: # Out of bounds values : 0 OK
0: # Avg bus bandwidth    : 91.4787 
0: #
0: # Collective test concluded: sendrecv_perf
0: #
0: 
0: 
0: ##### pass 13/20  pair g0-g1  sendrecv_perf
0: # nccl-tests version 2.17.8 nccl-headers=22903 nccl-library=22903
0: # Collective test starting: sendrecv_perf
0: # nThread 1 nGpus 2 minBytes 8388608 maxBytes 268435456 step: 2(factor) warmup iters: 5 iters: 20 agg iters: 1 validation: 1 graph: 0
0: #
0: # Using devices
0: #  Rank  0 Group  0 Pid  57315 on  nid007195 device  0 [0009:01:00] NVIDIA GH200 120GB
0: #  Rank  1 Group  0 Pid  57315 on  nid007195 device  1 [0019:01:00] NVIDIA GH200 120GB
0: #
0: #                                                              out-of-place                       in-place          
0: #       size         count      type   redop    root     time   algbw   busbw  #wrong     time   algbw   busbw  #wrong 
0: #        (B)    (elements)                               (us)  (GB/s)  (GB/s)             (us)  (GB/s)  (GB/s)         
0:      8388608       2097152     float     sum      -1   116.31   72.12   72.12       0   116.06   72.28   72.28    N/A
0:     16777216       4194304     float     sum      -1   218.50   76.78   76.78       0   219.05   76.59   76.59    N/A
0:     33554432       8388608     float     sum      -1   422.51   79.42   79.42       0   426.16   78.74   78.74    N/A
0:     67108864      16777216     float     sum      -1   815.71   82.27   82.27       0   829.51   80.90   80.90    N/A
0:    134217728      33554432     float     sum      -1  1118.41  120.01  120.01       0  1131.32  118.64  118.64    N/A
0:    268435456      67108864     float     sum      -1  2212.99  121.30  121.30       0  2216.91  121.09  121.09    N/A
0: # Out of bounds values : 0 OK
0: # Avg bus bandwidth    : 91.6777 
0: #
0: # Collective test concluded: sendrecv_perf
0: #
0: 
0: 
0: ##### pass 13/20  pair g0-g2  sendrecv_perf
0: # nccl-tests version 2.17.8 nccl-headers=22903 nccl-library=22903
0: # Collective test starting: sendrecv_perf
0: # nThread 1 nGpus 2 minBytes 8388608 maxBytes 268435456 step: 2(factor) warmup iters: 5 iters: 20 agg iters: 1 validation: 1 graph: 0
0: #
0: # Using devices
0: #  Rank  0 Group  0 Pid  57354 on  nid007195 device  0 [0009:01:00] NVIDIA GH200 120GB
0: #  Rank  1 Group  0 Pid  57354 on  nid007195 device  1 [0029:01:00] NVIDIA GH200 120GB
0: #
0: #                                                              out-of-place                       in-place          
0: #       size         count      type   redop    root     time   algbw   busbw  #wrong     time   algbw   busbw  #wrong 
0: #        (B)    (elements)                               (us)  (GB/s)  (GB/s)             (us)  (GB/s)  (GB/s)         
0:      8388608       2097152     float     sum      -1   116.43   72.05   72.05       0   117.72   71.26   71.26    N/A
0:     16777216       4194304     float     sum      -1   221.54   75.73   75.73       0   224.47   74.74   74.74    N/A
0:     33554432       8388608     float     sum      -1   423.59   79.21   79.21       0   425.43   78.87   78.87    N/A
0:     67108864      16777216     float     sum      -1   813.22   82.52   82.52       0   830.39   80.82   80.82    N/A
0:    134217728      33554432     float     sum      -1  1127.87  119.00  119.00       0  1125.67  119.23  119.23    N/A
0:    268435456      67108864     float     sum      -1  2213.17  121.29  121.29       0  2222.15  120.80  120.80    N/A
0: # Out of bounds values : 0 OK
0: # Avg bus bandwidth    : 91.294 
0: #
0: # Collective test concluded: sendrecv_perf
0: #
0: 
0: 
0: ##### pass 13/20  pair g0-g3  sendrecv_perf
0: # nccl-tests version 2.17.8 nccl-headers=22903 nccl-library=22903
0: # Collective test starting: sendrecv_perf
0: # nThread 1 nGpus 2 minBytes 8388608 maxBytes 268435456 step: 2(factor) warmup iters: 5 iters: 20 agg iters: 1 validation: 1 graph: 0
0: #
0: # Using devices
0: #  Rank  0 Group  0 Pid  57392 on  nid007195 device  0 [0009:01:00] NVIDIA GH200 120GB
0: #  Rank  1 Group  0 Pid  57392 on  nid007195 device  1 [0039:01:00] NVIDIA GH200 120GB
0: #
0: #                                                              out-of-place                       in-place          
0: #       size         count      type   redop    root     time   algbw   busbw  #wrong     time   algbw   busbw  #wrong 
0: #        (B)    (elements)                               (us)  (GB/s)  (GB/s)             (us)  (GB/s)  (GB/s)         
0:      8388608       2097152     float     sum      -1   116.30   72.13   72.13       0   120.48   69.63   69.63    N/A
0:     16777216       4194304     float     sum      -1   219.79   76.33   76.33       0   222.51   75.40   75.40    N/A
0:     33554432       8388608     float     sum      -1   422.19   79.48   79.48       0   421.59   79.59   79.59    N/A
0:     67108864      16777216     float     sum      -1   814.57   82.39   82.39       0   827.85   81.06   81.06    N/A
0:    134217728      33554432     float     sum      -1  1122.36  119.59  119.59       0  1127.97  118.99  118.99    N/A
0:    268435456      67108864     float     sum      -1  2212.36  121.33  121.33       0  2215.30  121.17  121.17    N/A
0: # Out of bounds values : 0 OK
0: # Avg bus bandwidth    : 91.4242 
0: #
0: # Collective test concluded: sendrecv_perf
0: #
0: 
0: 
0: ##### pass 13/20  pair g1-g2  sendrecv_perf
0: # nccl-tests version 2.17.8 nccl-headers=22903 nccl-library=22903
0: # Collective test starting: sendrecv_perf
0: # nThread 1 nGpus 2 minBytes 8388608 maxBytes 268435456 step: 2(factor) warmup iters: 5 iters: 20 agg iters: 1 validation: 1 graph: 0
0: #
0: # Using devices
0: #  Rank  0 Group  0 Pid  57428 on  nid007195 device  0 [0019:01:00] NVIDIA GH200 120GB
0: #  Rank  1 Group  0 Pid  57428 on  nid007195 device  1 [0029:01:00] NVIDIA GH200 120GB
0: #
0: #                                                              out-of-place                       in-place          
0: #       size         count      type   redop    root     time   algbw   busbw  #wrong     time   algbw   busbw  #wrong 
0: #        (B)    (elements)                               (us)  (GB/s)  (GB/s)             (us)  (GB/s)  (GB/s)         
0:      8388608       2097152     float     sum      -1   116.17   72.21   72.21       0   115.68   72.51   72.51    N/A
0:     16777216       4194304     float     sum      -1   217.90   76.99   76.99       0   224.54   74.72   74.72    N/A
0:     33554432       8388608     float     sum      -1   423.60   79.21   79.21       0   423.32   79.26   79.26    N/A
0:     67108864      16777216     float     sum      -1   819.13   81.93   81.93       0   830.58   80.80   80.80    N/A
0:    134217728      33554432     float     sum      -1  1134.21  118.34  118.34       0  1125.34  119.27  119.27    N/A
0:    268435456      67108864     float     sum      -1  2213.77  121.26  121.26       0  2208.26  121.56  121.56    N/A
0: # Out of bounds values : 0 OK
0: # Avg bus bandwidth    : 91.5046 
0: #
0: # Collective test concluded: sendrecv_perf
0: #
0: 
0: 
0: ##### pass 13/20  pair g1-g3  sendrecv_perf
0: # nccl-tests version 2.17.8 nccl-headers=22903 nccl-library=22903
0: # Collective test starting: sendrecv_perf
0: # nThread 1 nGpus 2 minBytes 8388608 maxBytes 268435456 step: 2(factor) warmup iters: 5 iters: 20 agg iters: 1 validation: 1 graph: 0
0: #
0: # Using devices
0: #  Rank  0 Group  0 Pid  57467 on  nid007195 device  0 [0019:01:00] NVIDIA GH200 120GB
0: #  Rank  1 Group  0 Pid  57467 on  nid007195 device  1 [0039:01:00] NVIDIA GH200 120GB
0: #
0: #                                                              out-of-place                       in-place          
0: #       size         count      type   redop    root     time   algbw   busbw  #wrong     time   algbw   busbw  #wrong 
0: #        (B)    (elements)                               (us)  (GB/s)  (GB/s)             (us)  (GB/s)  (GB/s)         
0:      8388608       2097152     float     sum      -1   115.72   72.49   72.49       0   115.81   72.43   72.43    N/A
0:     16777216       4194304     float     sum      -1   220.20   76.19   76.19       0   223.14   75.19   75.19    N/A
0:     33554432       8388608     float     sum      -1   422.24   79.47   79.47       0   422.55   79.41   79.41    N/A
0:     67108864      16777216     float     sum      -1   817.69   82.07   82.07       0   820.49   81.79   81.79    N/A
0:    134217728      33554432     float     sum      -1  1124.05  119.41  119.41       0  1125.45  119.26  119.26    N/A
0:    268435456      67108864     float     sum      -1  2210.77  121.42  121.42       0  2211.70  121.37  121.37    N/A
0: # Out of bounds values : 0 OK
0: # Avg bus bandwidth    : 91.7083 
0: #
0: # Collective test concluded: sendrecv_perf
0: #
0: 
0: 
0: ##### pass 13/20  pair g2-g3  sendrecv_perf
0: # nccl-tests version 2.17.8 nccl-headers=22903 nccl-library=22903
0: # Collective test starting: sendrecv_perf
0: # nThread 1 nGpus 2 minBytes 8388608 maxBytes 268435456 step: 2(factor) warmup iters: 5 iters: 20 agg iters: 1 validation: 1 graph: 0
0: #
0: # Using devices
0: #  Rank  0 Group  0 Pid  57502 on  nid007195 device  0 [0029:01:00] NVIDIA GH200 120GB
0: #  Rank  1 Group  0 Pid  57502 on  nid007195 device  1 [0039:01:00] NVIDIA GH200 120GB
0: #
0: #                                                              out-of-place                       in-place          
0: #       size         count      type   redop    root     time   algbw   busbw  #wrong     time   algbw   busbw  #wrong 
0: #        (B)    (elements)                               (us)  (GB/s)  (GB/s)             (us)  (GB/s)  (GB/s)         
0:      8388608       2097152     float     sum      -1   118.57   70.75   70.75       0   117.00   71.70   71.70    N/A
0:     16777216       4194304     float     sum      -1   222.59   75.37   75.37       0   222.19   75.51   75.51    N/A
0:     33554432       8388608     float     sum      -1   421.97   79.52   79.52       0   423.52   79.23   79.23    N/A
0:     67108864      16777216     float     sum      -1   814.79   82.36   82.36       0   818.75   81.97   81.97    N/A
0:    134217728      33554432     float     sum      -1  1122.83  119.54  119.54       0  1126.83  119.11  119.11    N/A
0:    268435456      67108864     float     sum      -1  2201.26  121.95  121.95       0  2211.40  121.39  121.39    N/A
0: # Out of bounds values : 0 OK
0: # Avg bus bandwidth    : 91.5316 
0: #
0: # Collective test concluded: sendrecv_perf
0: #
0: 
0: 
0: ##### pass 14/20  pair g0-g1  sendrecv_perf
0: # nccl-tests version 2.17.8 nccl-headers=22903 nccl-library=22903
0: # Collective test starting: sendrecv_perf
0: # nThread 1 nGpus 2 minBytes 8388608 maxBytes 268435456 step: 2(factor) warmup iters: 5 iters: 20 agg iters: 1 validation: 1 graph: 0
0: #
0: # Using devices
0: #  Rank  0 Group  0 Pid  57568 on  nid007195 device  0 [0009:01:00] NVIDIA GH200 120GB
0: #  Rank  1 Group  0 Pid  57568 on  nid007195 device  1 [0019:01:00] NVIDIA GH200 120GB
0: #
0: #                                                              out-of-place                       in-place          
0: #       size         count      type   redop    root     time   algbw   busbw  #wrong     time   algbw   busbw  #wrong 
0: #        (B)    (elements)                               (us)  (GB/s)  (GB/s)             (us)  (GB/s)  (GB/s)         
0:      8388608       2097152     float     sum      -1   117.57   71.35   71.35       0   115.83   72.42   72.42    N/A
0:     16777216       4194304     float     sum      -1   222.07   75.55   75.55       0   223.49   75.07   75.07    N/A
0:     33554432       8388608     float     sum      -1   423.71   79.19   79.19       0   422.24   79.47   79.47    N/A
0:     67108864      16777216     float     sum      -1   814.71   82.37   82.37       0   827.23   81.12   81.12    N/A
0:    134217728      33554432     float     sum      -1  1121.22  119.71  119.71       0  1120.92  119.74  119.74    N/A
0:    268435456      67108864     float     sum      -1  2213.93  121.25  121.25       0  2209.20  121.51  121.51    N/A
0: # Out of bounds values : 0 OK
0: # Avg bus bandwidth    : 91.5624 
0: #
0: # Collective test concluded: sendrecv_perf
0: #
0: 
0: 
0: ##### pass 14/20  pair g0-g2  sendrecv_perf
0: # nccl-tests version 2.17.8 nccl-headers=22903 nccl-library=22903
0: # Collective test starting: sendrecv_perf
0: # nThread 1 nGpus 2 minBytes 8388608 maxBytes 268435456 step: 2(factor) warmup iters: 5 iters: 20 agg iters: 1 validation: 1 graph: 0
0: #
0: # Using devices
0: #  Rank  0 Group  0 Pid  57608 on  nid007195 device  0 [0009:01:00] NVIDIA GH200 120GB
0: #  Rank  1 Group  0 Pid  57608 on  nid007195 device  1 [0029:01:00] NVIDIA GH200 120GB
0: #
0: #                                                              out-of-place                       in-place          
0: #       size         count      type   redop    root     time   algbw   busbw  #wrong     time   algbw   busbw  #wrong 
0: #        (B)    (elements)                               (us)  (GB/s)  (GB/s)             (us)  (GB/s)  (GB/s)         
0:      8388608       2097152     float     sum      -1   120.94   69.36   69.36       0   115.91   72.37   72.37    N/A
0:     16777216       4194304     float     sum      -1   219.24   76.52   76.52       0   223.27   75.14   75.14    N/A
0:     33554432       8388608     float     sum      -1   423.26   79.28   79.28       0   424.77   78.99   78.99    N/A
0:     67108864      16777216     float     sum      -1   812.89   82.56   82.56       0   828.37   81.01   81.01    N/A
0:    134217728      33554432     float     sum      -1  1125.59  119.24  119.24       0  1117.00  120.16  120.16    N/A
0:    268435456      67108864     float     sum      -1  2215.44  121.17  121.17       0  2210.45  121.44  121.44    N/A
0: # Out of bounds values : 0 OK
0: # Avg bus bandwidth    : 91.4373 
0: #
0: # Collective test concluded: sendrecv_perf
0: #
0: 
0: 
0: ##### pass 14/20  pair g0-g3  sendrecv_perf
0: # nccl-tests version 2.17.8 nccl-headers=22903 nccl-library=22903
0: # Collective test starting: sendrecv_perf
0: # nThread 1 nGpus 2 minBytes 8388608 maxBytes 268435456 step: 2(factor) warmup iters: 5 iters: 20 agg iters: 1 validation: 1 graph: 0
0: #
0: # Using devices
0: #  Rank  0 Group  0 Pid  57647 on  nid007195 device  0 [0009:01:00] NVIDIA GH200 120GB
0: #  Rank  1 Group  0 Pid  57647 on  nid007195 device  1 [0039:01:00] NVIDIA GH200 120GB
0: #
0: #                                                              out-of-place                       in-place          
0: #       size         count      type   redop    root     time   algbw   busbw  #wrong     time   algbw   busbw  #wrong 
0: #        (B)    (elements)                               (us)  (GB/s)  (GB/s)             (us)  (GB/s)  (GB/s)         
0:      8388608       2097152     float     sum      -1   116.31   72.12   72.12       0   117.45   71.43   71.43    N/A
0:     16777216       4194304     float     sum      -1   218.82   76.67   76.67       0   223.27   75.14   75.14    N/A
0:     33554432       8388608     float     sum      -1   419.19   80.05   80.05       0   424.46   79.05   79.05    N/A
0:     67108864      16777216     float     sum      -1   815.96   82.25   82.25       0   823.19   81.52   81.52    N/A
0:    134217728      33554432     float     sum      -1  1129.04  118.88  118.88       0  1127.21  119.07  119.07    N/A
0:    268435456      67108864     float     sum      -1  2214.97  121.19  121.19       0  2205.47  121.71  121.71    N/A
0: # Out of bounds values : 0 OK
0: # Avg bus bandwidth    : 91.5903 
0: #
0: # Collective test concluded: sendrecv_perf
0: #
0: 
0: 
0: ##### pass 14/20  pair g1-g2  sendrecv_perf
0: # nccl-tests version 2.17.8 nccl-headers=22903 nccl-library=22903
0: # Collective test starting: sendrecv_perf
0: # nThread 1 nGpus 2 minBytes 8388608 maxBytes 268435456 step: 2(factor) warmup iters: 5 iters: 20 agg iters: 1 validation: 1 graph: 0
0: #
0: # Using devices
0: #  Rank  0 Group  0 Pid  57683 on  nid007195 device  0 [0019:01:00] NVIDIA GH200 120GB
0: #  Rank  1 Group  0 Pid  57683 on  nid007195 device  1 [0029:01:00] NVIDIA GH200 120GB
0: #
0: #                                                              out-of-place                       in-place          
0: #       size         count      type   redop    root     time   algbw   busbw  #wrong     time   algbw   busbw  #wrong 
0: #        (B)    (elements)                               (us)  (GB/s)  (GB/s)             (us)  (GB/s)  (GB/s)         
0:      8388608       2097152     float     sum      -1   116.21   72.19   72.19       0   120.45   69.65   69.65    N/A
0:     16777216       4194304     float     sum      -1   221.51   75.74   75.74       0   221.96   75.59   75.59    N/A
0:     33554432       8388608     float     sum      -1   423.77   79.18   79.18       0   424.13   79.11   79.11    N/A
0:     67108864      16777216     float     sum      -1   814.01   82.44   82.44       0   822.18   81.62   81.62    N/A
0:    134217728      33554432     float     sum      -1  1123.25  119.49  119.49       0  1125.46  119.26  119.26    N/A
0:    268435456      67108864     float     sum      -1  2214.71  121.21  121.21       0  2209.25  121.51  121.51    N/A
0: # Out of bounds values : 0 OK
0: # Avg bus bandwidth    : 91.4147 
0: #
0: # Collective test concluded: sendrecv_perf
0: #
0: 
0: 
0: ##### pass 14/20  pair g1-g3  sendrecv_perf
0: # nccl-tests version 2.17.8 nccl-headers=22903 nccl-library=22903
0: # Collective test starting: sendrecv_perf
0: # nThread 1 nGpus 2 minBytes 8388608 maxBytes 268435456 step: 2(factor) warmup iters: 5 iters: 20 agg iters: 1 validation: 1 graph: 0
0: #
0: # Using devices
0: #  Rank  0 Group  0 Pid  57721 on  nid007195 device  0 [0019:01:00] NVIDIA GH200 120GB
0: #  Rank  1 Group  0 Pid  57721 on  nid007195 device  1 [0039:01:00] NVIDIA GH200 120GB
0: #
0: #                                                              out-of-place                       in-place          
0: #       size         count      type   redop    root     time   algbw   busbw  #wrong     time   algbw   busbw  #wrong 
0: #        (B)    (elements)                               (us)  (GB/s)  (GB/s)             (us)  (GB/s)  (GB/s)         
0:      8388608       2097152     float     sum      -1   117.41   71.45   71.45       0   116.08   72.27   72.27    N/A
0:     16777216       4194304     float     sum      -1   222.76   75.32   75.32       0   222.87   75.28   75.28    N/A
0:     33554432       8388608     float     sum      -1   424.21   79.10   79.10       0   424.72   79.00   79.00    N/A
0:     67108864      16777216     float     sum      -1   817.20   82.12   82.12       0   826.34   81.21   81.21    N/A
0:    134217728      33554432     float     sum      -1  1123.67  119.45  119.45       0  1122.57  119.56  119.56    N/A
0:    268435456      67108864     float     sum      -1  2213.34  121.28  121.28       0  2206.91  121.63  121.63    N/A
0: # Out of bounds values : 0 OK
0: # Avg bus bandwidth    : 91.472 
0: #
0: # Collective test concluded: sendrecv_perf
0: #
0: 
0: 
0: ##### pass 14/20  pair g2-g3  sendrecv_perf
0: # nccl-tests version 2.17.8 nccl-headers=22903 nccl-library=22903
0: # Collective test starting: sendrecv_perf
0: # nThread 1 nGpus 2 minBytes 8388608 maxBytes 268435456 step: 2(factor) warmup iters: 5 iters: 20 agg iters: 1 validation: 1 graph: 0
0: #
0: # Using devices
0: #  Rank  0 Group  0 Pid  57759 on  nid007195 device  0 [0029:01:00] NVIDIA GH200 120GB
0: #  Rank  1 Group  0 Pid  57759 on  nid007195 device  1 [0039:01:00] NVIDIA GH200 120GB
0: #
0: #                                                              out-of-place                       in-place          
0: #       size         count      type   redop    root     time   algbw   busbw  #wrong     time   algbw   busbw  #wrong 
0: #        (B)    (elements)                               (us)  (GB/s)  (GB/s)             (us)  (GB/s)  (GB/s)         
0:      8388608       2097152     float     sum      -1   120.12   69.83   69.83       0   115.78   72.45   72.45    N/A
0:     16777216       4194304     float     sum      -1   217.80   77.03   77.03       0   219.55   76.42   76.42    N/A
0:     33554432       8388608     float     sum      -1   422.81   79.36   79.36       0   424.82   78.99   78.99    N/A
0:     67108864      16777216     float     sum      -1   816.32   82.21   82.21       0   827.15   81.13   81.13    N/A
0:    134217728      33554432     float     sum      -1  1129.93  118.78  118.78       0  1123.04  119.51  119.51    N/A
0:    268435456      67108864     float     sum      -1  2214.54  121.21  121.21       0  2201.63  121.93  121.93    N/A
0: # Out of bounds values : 0 OK
0: # Avg bus bandwidth    : 91.5717 
0: #
0: # Collective test concluded: sendrecv_perf
0: #
0: 
0: 
0: ##### pass 15/20  pair g0-g1  sendrecv_perf
0: # nccl-tests version 2.17.8 nccl-headers=22903 nccl-library=22903
0: # Collective test starting: sendrecv_perf
0: # nThread 1 nGpus 2 minBytes 8388608 maxBytes 268435456 step: 2(factor) warmup iters: 5 iters: 20 agg iters: 1 validation: 1 graph: 0
0: #
0: # Using devices
0: #  Rank  0 Group  0 Pid  57821 on  nid007195 device  0 [0009:01:00] NVIDIA GH200 120GB
0: #  Rank  1 Group  0 Pid  57821 on  nid007195 device  1 [0019:01:00] NVIDIA GH200 120GB
0: #
0: #                                                              out-of-place                       in-place          
0: #       size         count      type   redop    root     time   algbw   busbw  #wrong     time   algbw   busbw  #wrong 
0: #        (B)    (elements)                               (us)  (GB/s)  (GB/s)             (us)  (GB/s)  (GB/s)         
0:      8388608       2097152     float     sum      -1   116.15   72.22   72.22       0   116.06   72.28   72.28    N/A
0:     16777216       4194304     float     sum      -1   219.05   76.59   76.59       0   218.66   76.73   76.73    N/A
0:     33554432       8388608     float     sum      -1   424.08   79.12   79.12       0   424.40   79.06   79.06    N/A
0:     67108864      16777216     float     sum      -1   816.01   82.24   82.24       0   826.96   81.15   81.15    N/A
0:    134217728      33554432     float     sum      -1  1126.00  119.20  119.20       0  1124.13  119.40  119.40    N/A
0:    268435456      67108864     float     sum      -1  2213.39  121.28  121.28       0  2208.86  121.53  121.53    N/A
0: # Out of bounds values : 0 OK
0: # Avg bus bandwidth    : 91.7329 
0: #
0: # Collective test concluded: sendrecv_perf
0: #
0: 
0: 
0: ##### pass 15/20  pair g0-g2  sendrecv_perf
0: # nccl-tests version 2.17.8 nccl-headers=22903 nccl-library=22903
0: # Collective test starting: sendrecv_perf
0: # nThread 1 nGpus 2 minBytes 8388608 maxBytes 268435456 step: 2(factor) warmup iters: 5 iters: 20 agg iters: 1 validation: 1 graph: 0
0: #
0: # Using devices
0: #  Rank  0 Group  0 Pid  57860 on  nid007195 device  0 [0009:01:00] NVIDIA GH200 120GB
0: #  Rank  1 Group  0 Pid  57860 on  nid007195 device  1 [0029:01:00] NVIDIA GH200 120GB
0: #
0: #                                                              out-of-place                       in-place          
0: #       size         count      type   redop    root     time   algbw   busbw  #wrong     time   algbw   busbw  #wrong 
0: #        (B)    (elements)                               (us)  (GB/s)  (GB/s)             (us)  (GB/s)  (GB/s)         
0:      8388608       2097152     float     sum      -1   116.66   71.91   71.91       0   115.85   72.41   72.41    N/A
0:     16777216       4194304     float     sum      -1   217.99   76.96   76.96       0   219.47   76.44   76.44    N/A
0:     33554432       8388608     float     sum      -1   422.67   79.39   79.39       0   426.72   78.63   78.63    N/A
0:     67108864      16777216     float     sum      -1   816.70   82.17   82.17       0   828.87   80.96   80.96    N/A
0:    134217728      33554432     float     sum      -1  1123.73  119.44  119.44       0  1125.47  119.25  119.25    N/A
0:    268435456      67108864     float     sum      -1  2217.75  121.04  121.04       0  2207.97  121.58  121.58    N/A
0: # Out of bounds values : 0 OK
0: # Avg bus bandwidth    : 91.6828 
0: #
0: # Collective test concluded: sendrecv_perf
0: #
0: 
0: 
0: ##### pass 15/20  pair g0-g3  sendrecv_perf
0: # nccl-tests version 2.17.8 nccl-headers=22903 nccl-library=22903
0: # Collective test starting: sendrecv_perf
0: # nThread 1 nGpus 2 minBytes 8388608 maxBytes 268435456 step: 2(factor) warmup iters: 5 iters: 20 agg iters: 1 validation: 1 graph: 0
0: #
0: # Using devices
0: #  Rank  0 Group  0 Pid  57897 on  nid007195 device  0 [0009:01:00] NVIDIA GH200 120GB
0: #  Rank  1 Group  0 Pid  57897 on  nid007195 device  1 [0039:01:00] NVIDIA GH200 120GB
0: #
0: #                                                              out-of-place                       in-place          
0: #       size         count      type   redop    root     time   algbw   busbw  #wrong     time   algbw   busbw  #wrong 
0: #        (B)    (elements)                               (us)  (GB/s)  (GB/s)             (us)  (GB/s)  (GB/s)         
0:      8388608       2097152     float     sum      -1   116.31   72.12   72.12       0   115.30   72.76   72.76    N/A
0:     16777216       4194304     float     sum      -1   221.82   75.63   75.63       0   221.60   75.71   75.71    N/A
0:     33554432       8388608     float     sum      -1   424.37   79.07   79.07       0   424.85   78.98   78.98    N/A
0:     67108864      16777216     float     sum      -1   815.36   82.31   82.31       0   822.63   81.58   81.58    N/A
0:    134217728      33554432     float     sum      -1  1125.91  119.21  119.21       0  1125.01  119.30  119.30    N/A
0:    268435456      67108864     float     sum      -1  2217.47  121.06  121.06       0  2216.45  121.11  121.11    N/A
0: # Out of bounds values : 0 OK
0: # Avg bus bandwidth    : 91.5692 
0: #
0: # Collective test concluded: sendrecv_perf
0: #
0: 
0: 
0: ##### pass 15/20  pair g1-g2  sendrecv_perf
0: # nccl-tests version 2.17.8 nccl-headers=22903 nccl-library=22903
0: # Collective test starting: sendrecv_perf
0: # nThread 1 nGpus 2 minBytes 8388608 maxBytes 268435456 step: 2(factor) warmup iters: 5 iters: 20 agg iters: 1 validation: 1 graph: 0
0: #
0: # Using devices
0: #  Rank  0 Group  0 Pid  57937 on  nid007195 device  0 [0019:01:00] NVIDIA GH200 120GB
0: #  Rank  1 Group  0 Pid  57937 on  nid007195 device  1 [0029:01:00] NVIDIA GH200 120GB
0: #
0: #                                                              out-of-place                       in-place          
0: #       size         count      type   redop    root     time   algbw   busbw  #wrong     time   algbw   busbw  #wrong 
0: #        (B)    (elements)                               (us)  (GB/s)  (GB/s)             (us)  (GB/s)  (GB/s)         
0:      8388608       2097152     float     sum      -1   115.87   72.39   72.39       0   118.44   70.82   70.82    N/A
0:     16777216       4194304     float     sum      -1   221.64   75.69   75.69       0   221.15   75.86   75.86    N/A
0:     33554432       8388608     float     sum      -1   422.50   79.42   79.42       0   424.65   79.02   79.02    N/A
0:     67108864      16777216     float     sum      -1   814.62   82.38   82.38       0   826.04   81.24   81.24    N/A
0:    134217728      33554432     float     sum      -1  1122.09  119.61  119.61       0  1121.04  119.73  119.73    N/A
0:    268435456      67108864     float     sum      -1  2218.07  121.02  121.02       0  2208.10  121.57  121.57    N/A
0: # Out of bounds values : 0 OK
0: # Avg bus bandwidth    : 91.5637 
0: #
0: # Collective test concluded: sendrecv_perf
0: #
0: 
0: 
0: ##### pass 15/20  pair g1-g3  sendrecv_perf
0: # nccl-tests version 2.17.8 nccl-headers=22903 nccl-library=22903
0: # Collective test starting: sendrecv_perf
0: # nThread 1 nGpus 2 minBytes 8388608 maxBytes 268435456 step: 2(factor) warmup iters: 5 iters: 20 agg iters: 1 validation: 1 graph: 0
0: #
0: # Using devices
0: #  Rank  0 Group  0 Pid  57975 on  nid007195 device  0 [0019:01:00] NVIDIA GH200 120GB
0: #  Rank  1 Group  0 Pid  57975 on  nid007195 device  1 [0039:01:00] NVIDIA GH200 120GB
0: #
0: #                                                              out-of-place                       in-place          
0: #       size         count      type   redop    root     time   algbw   busbw  #wrong     time   algbw   busbw  #wrong 
0: #        (B)    (elements)                               (us)  (GB/s)  (GB/s)             (us)  (GB/s)  (GB/s)         
0:      8388608       2097152     float     sum      -1   120.40   69.67   69.67       0   117.25   71.54   71.54    N/A
0:     16777216       4194304     float     sum      -1   217.67   77.07   77.07       0   216.82   77.38   77.38    N/A
0:     33554432       8388608     float     sum      -1   422.21   79.47   79.47       0   423.46   79.24   79.24    N/A
0:     67108864      16777216     float     sum      -1   817.09   82.13   82.13       0   820.56   81.78   81.78    N/A
0:    134217728      33554432     float     sum      -1  1123.55  119.46  119.46       0  1126.13  119.18  119.18    N/A
0:    268435456      67108864     float     sum      -1  2215.01  121.19  121.19       0  2208.85  121.53  121.53    N/A
0: # Out of bounds values : 0 OK
0: # Avg bus bandwidth    : 91.6383 
0: #
0: # Collective test concluded: sendrecv_perf
0: #
0: 
0: 
0: ##### pass 15/20  pair g2-g3  sendrecv_perf
0: # nccl-tests version 2.17.8 nccl-headers=22903 nccl-library=22903
0: # Collective test starting: sendrecv_perf
0: # nThread 1 nGpus 2 minBytes 8388608 maxBytes 268435456 step: 2(factor) warmup iters: 5 iters: 20 agg iters: 1 validation: 1 graph: 0
0: #
0: # Using devices
0: #  Rank  0 Group  0 Pid  58014 on  nid007195 device  0 [0029:01:00] NVIDIA GH200 120GB
0: #  Rank  1 Group  0 Pid  58014 on  nid007195 device  1 [0039:01:00] NVIDIA GH200 120GB
0: #
0: #                                                              out-of-place                       in-place          
0: #       size         count      type   redop    root     time   algbw   busbw  #wrong     time   algbw   busbw  #wrong 
0: #        (B)    (elements)                               (us)  (GB/s)  (GB/s)             (us)  (GB/s)  (GB/s)         
0:      8388608       2097152     float     sum      -1   117.04   71.67   71.67       0   117.79   71.22   71.22    N/A
0:     16777216       4194304     float     sum      -1   222.53   75.39   75.39       0   221.73   75.66   75.66    N/A
0:     33554432       8388608     float     sum      -1   422.60   79.40   79.40       0   423.20   79.29   79.29    N/A
0:     67108864      16777216     float     sum      -1   813.43   82.50   82.50       0   821.10   81.73   81.73    N/A
0:    134217728      33554432     float     sum      -1  1124.57  119.35  119.35       0  1121.27  119.70  119.70    N/A
0:    268435456      67108864     float     sum      -1  2213.23  121.29  121.29       0  2210.00  121.46  121.46    N/A
0: # Out of bounds values : 0 OK
0: # Avg bus bandwidth    : 91.5555 
0: #
0: # Collective test concluded: sendrecv_perf
0: #
0: 
0: 
0: ##### pass 16/20  pair g0-g1  sendrecv_perf
0: # nccl-tests version 2.17.8 nccl-headers=22903 nccl-library=22903
0: # Collective test starting: sendrecv_perf
0: # nThread 1 nGpus 2 minBytes 8388608 maxBytes 268435456 step: 2(factor) warmup iters: 5 iters: 20 agg iters: 1 validation: 1 graph: 0
0: #
0: # Using devices
0: #  Rank  0 Group  0 Pid  58080 on  nid007195 device  0 [0009:01:00] NVIDIA GH200 120GB
0: #  Rank  1 Group  0 Pid  58080 on  nid007195 device  1 [0019:01:00] NVIDIA GH200 120GB
0: #
0: #                                                              out-of-place                       in-place          
0: #       size         count      type   redop    root     time   algbw   busbw  #wrong     time   algbw   busbw  #wrong 
0: #        (B)    (elements)                               (us)  (GB/s)  (GB/s)             (us)  (GB/s)  (GB/s)         
0:      8388608       2097152     float     sum      -1   116.08   72.26   72.26       0   119.18   70.39   70.39    N/A
0:     16777216       4194304     float     sum      -1   222.02   75.57   75.57       0   220.28   76.16   76.16    N/A
0:     33554432       8388608     float     sum      -1   423.42   79.25   79.25       0   422.67   79.39   79.39    N/A
0:     67108864      16777216     float     sum      -1   815.51   82.29   82.29       0   821.94   81.65   81.65    N/A
0:    134217728      33554432     float     sum      -1  1120.56  119.78  119.78       0  1123.09  119.51  119.51    N/A
0:    268435456      67108864     float     sum      -1  2209.22  121.51  121.51       0  2210.03  121.46  121.46    N/A
0: # Out of bounds values : 0 OK
0: # Avg bus bandwidth    : 91.6006 
0: #
0: # Collective test concluded: sendrecv_perf
0: #
0: 
0: 
0: ##### pass 16/20  pair g0-g2  sendrecv_perf
0: # nccl-tests version 2.17.8 nccl-headers=22903 nccl-library=22903
0: # Collective test starting: sendrecv_perf
0: # nThread 1 nGpus 2 minBytes 8388608 maxBytes 268435456 step: 2(factor) warmup iters: 5 iters: 20 agg iters: 1 validation: 1 graph: 0
0: #
0: # Using devices
0: #  Rank  0 Group  0 Pid  58119 on  nid007195 device  0 [0009:01:00] NVIDIA GH200 120GB
0: #  Rank  1 Group  0 Pid  58119 on  nid007195 device  1 [0029:01:00] NVIDIA GH200 120GB
0: #
0: #                                                              out-of-place                       in-place          
0: #       size         count      type   redop    root     time   algbw   busbw  #wrong     time   algbw   busbw  #wrong 
0: #        (B)    (elements)                               (us)  (GB/s)  (GB/s)             (us)  (GB/s)  (GB/s)         
0:      8388608       2097152     float     sum      -1   116.65   71.91   71.91       0   118.37   70.87   70.87    N/A
0:     16777216       4194304     float     sum      -1   220.88   75.96   75.96       0   221.53   75.73   75.73    N/A
0:     33554432       8388608     float     sum      -1   422.41   79.44   79.44       0   420.55   79.79   79.79    N/A
0:     67108864      16777216     float     sum      -1   816.89   82.15   82.15       0   818.50   81.99   81.99    N/A
0:    134217728      33554432     float     sum      -1  1124.69  119.34  119.34       0  1118.41  120.01  120.01    N/A
0:    268435456      67108864     float     sum      -1  2208.82  121.53  121.53       0  2210.70  121.43  121.43    N/A
0: # Out of bounds values : 0 OK
0: # Avg bus bandwidth    : 91.678 
0: #
0: # Collective test concluded: sendrecv_perf
0: #
0: 
0: 
0: ##### pass 16/20  pair g0-g3  sendrecv_perf
0: # nccl-tests version 2.17.8 nccl-headers=22903 nccl-library=22903
0: # Collective test starting: sendrecv_perf
0: # nThread 1 nGpus 2 minBytes 8388608 maxBytes 268435456 step: 2(factor) warmup iters: 5 iters: 20 agg iters: 1 validation: 1 graph: 0
0: #
0: # Using devices
0: #  Rank  0 Group  0 Pid  58155 on  nid007195 device  0 [0009:01:00] NVIDIA GH200 120GB
0: #  Rank  1 Group  0 Pid  58155 on  nid007195 device  1 [0039:01:00] NVIDIA GH200 120GB
0: #
0: #                                                              out-of-place                       in-place          
0: #       size         count      type   redop    root     time   algbw   busbw  #wrong     time   algbw   busbw  #wrong 
0: #        (B)    (elements)                               (us)  (GB/s)  (GB/s)             (us)  (GB/s)  (GB/s)         
0:      8388608       2097152     float     sum      -1   115.69   72.51   72.51       0   117.34   71.49   71.49    N/A
0:     16777216       4194304     float     sum      -1   221.08   75.89   75.89       0   224.13   74.86   74.86    N/A
0:     33554432       8388608     float     sum      -1   423.13   79.30   79.30       0   422.03   79.51   79.51    N/A
0:     67108864      16777216     float     sum      -1   814.78   82.36   82.36       0   828.57   80.99   80.99    N/A
0:    134217728      33554432     float     sum      -1  1123.02  119.52  119.52       0  1120.78  119.75  119.75    N/A
0:    268435456      67108864     float     sum      -1  2205.73  121.70  121.70       0  2210.31  121.45  121.45    N/A
0: # Out of bounds values : 0 OK
0: # Avg bus bandwidth    : 91.6104 
0: #
0: # Collective test concluded: sendrecv_perf
0: #
0: 
0: 
0: ##### pass 16/20  pair g1-g2  sendrecv_perf
0: # nccl-tests version 2.17.8 nccl-headers=22903 nccl-library=22903
0: # Collective test starting: sendrecv_perf
0: # nThread 1 nGpus 2 minBytes 8388608 maxBytes 268435456 step: 2(factor) warmup iters: 5 iters: 20 agg iters: 1 validation: 1 graph: 0
0: #
0: # Using devices
0: #  Rank  0 Group  0 Pid  58193 on  nid007195 device  0 [0019:01:00] NVIDIA GH200 120GB
0: #  Rank  1 Group  0 Pid  58193 on  nid007195 device  1 [0029:01:00] NVIDIA GH200 120GB
0: #
0: #                                                              out-of-place                       in-place          
0: #       size         count      type   redop    root     time   algbw   busbw  #wrong     time   algbw   busbw  #wrong 
0: #        (B)    (elements)                               (us)  (GB/s)  (GB/s)             (us)  (GB/s)  (GB/s)         
0:      8388608       2097152     float     sum      -1   115.66   72.53   72.53       0   117.49   71.40   71.40    N/A
0:     16777216       4194304     float     sum      -1   220.92   75.94   75.94       0   217.15   77.26   77.26    N/A
0:     33554432       8388608     float     sum      -1   421.12   79.68   79.68       0   420.79   79.74   79.74    N/A
0:     67108864      16777216     float     sum      -1   810.56   82.79   82.79       0   822.22   81.62   81.62    N/A
0:    134217728      33554432     float     sum      -1  1121.11  119.72  119.72       0  1119.82  119.86  119.86    N/A
0:    268435456      67108864     float     sum      -1  2202.93  121.85  121.85       0  2213.87  121.25  121.25    N/A
0: # Out of bounds values : 0 OK
0: # Avg bus bandwidth    : 91.9698 
0: #
0: # Collective test concluded: sendrecv_perf
0: #
0: 
0: 
0: ##### pass 16/20  pair g1-g3  sendrecv_perf
0: # nccl-tests version 2.17.8 nccl-headers=22903 nccl-library=22903
0: # Collective test starting: sendrecv_perf
0: # nThread 1 nGpus 2 minBytes 8388608 maxBytes 268435456 step: 2(factor) warmup iters: 5 iters: 20 agg iters: 1 validation: 1 graph: 0
0: #
0: # Using devices
0: #  Rank  0 Group  0 Pid  58232 on  nid007195 device  0 [0019:01:00] NVIDIA GH200 120GB
0: #  Rank  1 Group  0 Pid  58232 on  nid007195 device  1 [0039:01:00] NVIDIA GH200 120GB
0: #
0: #                                                              out-of-place                       in-place          
0: #       size         count      type   redop    root     time   algbw   busbw  #wrong     time   algbw   busbw  #wrong 
0: #        (B)    (elements)                               (us)  (GB/s)  (GB/s)             (us)  (GB/s)  (GB/s)         
0:      8388608       2097152     float     sum      -1   117.85   71.18   71.18       0   121.13   69.25   69.25    N/A
0:     16777216       4194304     float     sum      -1   222.89   75.27   75.27       0   217.47   77.15   77.15    N/A
0:     33554432       8388608     float     sum      -1   421.93   79.53   79.53       0   424.45   79.05   79.05    N/A
0:     67108864      16777216     float     sum      -1   814.93   82.35   82.35       0   825.91   81.25   81.25    N/A
0:    134217728      33554432     float     sum      -1  1125.61  119.24  119.24       0  1121.77  119.65  119.65    N/A
0:    268435456      67108864     float     sum      -1  2210.32  121.45  121.45       0  2210.85  121.42  121.42    N/A
0: # Out of bounds values : 0 OK
0: # Avg bus bandwidth    : 91.399 
0: #
0: # Collective test concluded: sendrecv_perf
0: #
0: 
0: 
0: ##### pass 16/20  pair g2-g3  sendrecv_perf
0: # nccl-tests version 2.17.8 nccl-headers=22903 nccl-library=22903
0: # Collective test starting: sendrecv_perf
0: # nThread 1 nGpus 2 minBytes 8388608 maxBytes 268435456 step: 2(factor) warmup iters: 5 iters: 20 agg iters: 1 validation: 1 graph: 0
0: #
0: # Using devices
0: #  Rank  0 Group  0 Pid  58268 on  nid007195 device  0 [0029:01:00] NVIDIA GH200 120GB
0: #  Rank  1 Group  0 Pid  58268 on  nid007195 device  1 [0039:01:00] NVIDIA GH200 120GB
0: #
0: #                                                              out-of-place                       in-place          
0: #       size         count      type   redop    root     time   algbw   busbw  #wrong     time   algbw   busbw  #wrong 
0: #        (B)    (elements)                               (us)  (GB/s)  (GB/s)             (us)  (GB/s)  (GB/s)         
0:      8388608       2097152     float     sum      -1   116.46   72.03   72.03       0   116.74   71.86   71.86    N/A
0:     16777216       4194304     float     sum      -1   219.68   76.37   76.37       0   223.59   75.04   75.04    N/A
0:     33554432       8388608     float     sum      -1   422.53   79.41   79.41       0   423.11   79.30   79.30    N/A
0:     67108864      16777216     float     sum      -1   817.66   82.07   82.07       0   823.48   81.49   81.49    N/A
0:    134217728      33554432     float     sum      -1  1126.73  119.12  119.12       0  1126.49  119.15  119.15    N/A
0:    268435456      67108864     float     sum      -1  2215.71  121.15  121.15       0  2208.68  121.54  121.54    N/A
0: # Out of bounds values : 0 OK
0: # Avg bus bandwidth    : 91.5447 
0: #
0: # Collective test concluded: sendrecv_perf
0: #
0: 
0: 
0: ##### pass 17/20  pair g0-g1  sendrecv_perf
0: # nccl-tests version 2.17.8 nccl-headers=22903 nccl-library=22903
0: # Collective test starting: sendrecv_perf
0: # nThread 1 nGpus 2 minBytes 8388608 maxBytes 268435456 step: 2(factor) warmup iters: 5 iters: 20 agg iters: 1 validation: 1 graph: 0
0: #
0: # Using devices
0: #  Rank  0 Group  0 Pid  58304 on  nid007195 device  0 [0009:01:00] NVIDIA GH200 120GB
0: #  Rank  1 Group  0 Pid  58304 on  nid007195 device  1 [0019:01:00] NVIDIA GH200 120GB
0: #
0: #                                                              out-of-place                       in-place          
0: #       size         count      type   redop    root     time   algbw   busbw  #wrong     time   algbw   busbw  #wrong 
0: #        (B)    (elements)                               (us)  (GB/s)  (GB/s)             (us)  (GB/s)  (GB/s)         
0:      8388608       2097152     float     sum      -1   118.79   70.62   70.62       0   115.13   72.86   72.86    N/A
0:     16777216       4194304     float     sum      -1   220.97   75.92   75.92       0   218.48   76.79   76.79    N/A
0:     33554432       8388608     float     sum      -1   421.03   79.70   79.70       0   423.58   79.22   79.22    N/A
0:     67108864      16777216     float     sum      -1   813.37   82.51   82.51       0   821.89   81.65   81.65    N/A
0:    134217728      33554432     float     sum      -1  1120.01  119.84  119.84       0  1120.00  119.84  119.84    N/A
0:    268435456      67108864     float     sum      -1  2205.49  121.71  121.71       0  2205.30  121.72  121.72    N/A
0: # Out of bounds values : 0 OK
0: # Avg bus bandwidth    : 91.8644 
0: #
0: # Collective test concluded: sendrecv_perf
0: #
0: 
0: 
0: ##### pass 17/20  pair g0-g2  sendrecv_perf
0: # nccl-tests version 2.17.8 nccl-headers=22903 nccl-library=22903
0: # Collective test starting: sendrecv_perf
0: # nThread 1 nGpus 2 minBytes 8388608 maxBytes 268435456 step: 2(factor) warmup iters: 5 iters: 20 agg iters: 1 validation: 1 graph: 0
0: #
0: # Using devices
0: #  Rank  0 Group  0 Pid  58367 on  nid007195 device  0 [0009:01:00] NVIDIA GH200 120GB
0: #  Rank  1 Group  0 Pid  58367 on  nid007195 device  1 [0029:01:00] NVIDIA GH200 120GB
0: #
0: #                                                              out-of-place                       in-place          
0: #       size         count      type   redop    root     time   algbw   busbw  #wrong     time   algbw   busbw  #wrong 
0: #        (B)    (elements)                               (us)  (GB/s)  (GB/s)             (us)  (GB/s)  (GB/s)         
0:      8388608       2097152     float     sum      -1   118.14   71.00   71.00       0   115.64   72.54   72.54    N/A
0:     16777216       4194304     float     sum      -1   220.77   75.99   75.99       0   221.76   75.65   75.65    N/A
0:     33554432       8388608     float     sum      -1   423.61   79.21   79.21       0   422.00   79.51   79.51    N/A
0:     67108864      16777216     float     sum      -1   816.04   82.24   82.24       0   826.72   81.17   81.17    N/A
0:    134217728      33554432     float     sum      -1  1121.80  119.65  119.65       0  1127.90  119.00  119.00    N/A
0:    268435456      67108864     float     sum      -1  2214.80  121.20  121.20       0  2209.70  121.48  121.48    N/A
0: # Out of bounds values : 0 OK
0: # Avg bus bandwidth    : 91.5539 
0: #
0: # Collective test concluded: sendrecv_perf
0: #
0: 
0: 
0: ##### pass 17/20  pair g0-g3  sendrecv_perf
0: # nccl-tests version 2.17.8 nccl-headers=22903 nccl-library=22903
0: # Collective test starting: sendrecv_perf
0: # nThread 1 nGpus 2 minBytes 8388608 maxBytes 268435456 step: 2(factor) warmup iters: 5 iters: 20 agg iters: 1 validation: 1 graph: 0
0: #
0: # Using devices
0: #  Rank  0 Group  0 Pid  58403 on  nid007195 device  0 [0009:01:00] NVIDIA GH200 120GB
0: #  Rank  1 Group  0 Pid  58403 on  nid007195 device  1 [0039:01:00] NVIDIA GH200 120GB
0: #
0: #                                                              out-of-place                       in-place          
0: #       size         count      type   redop    root     time   algbw   busbw  #wrong     time   algbw   busbw  #wrong 
0: #        (B)    (elements)                               (us)  (GB/s)  (GB/s)             (us)  (GB/s)  (GB/s)         
0:      8388608       2097152     float     sum      -1   118.36   70.88   70.88       0   118.95   70.52   70.52    N/A
0:     16777216       4194304     float     sum      -1   222.17   75.51   75.51       0   222.14   75.53   75.53    N/A
0:     33554432       8388608     float     sum      -1   422.56   79.41   79.41       0   423.26   79.28   79.28    N/A
0:     67108864      16777216     float     sum      -1   816.30   82.21   82.21       0   819.49   81.89   81.89    N/A
0:    134217728      33554432     float     sum      -1  1124.43  119.37  119.37       0  1126.92  119.10  119.10    N/A
0:    268435456      67108864     float     sum      -1  2217.90  121.03  121.03       0  2207.14  121.62  121.62    N/A
0: # Out of bounds values : 0 OK
0: # Avg bus bandwidth    : 91.3619 
0: #
0: # Collective test concluded: sendrecv_perf
0: #
0: 
0: 
0: ##### pass 17/20  pair g1-g2  sendrecv_perf
0: # nccl-tests version 2.17.8 nccl-headers=22903 nccl-library=22903
0: # Collective test starting: sendrecv_perf
0: # nThread 1 nGpus 2 minBytes 8388608 maxBytes 268435456 step: 2(factor) warmup iters: 5 iters: 20 agg iters: 1 validation: 1 graph: 0
0: #
0: # Using devices
0: #  Rank  0 Group  0 Pid  58442 on  nid007195 device  0 [0019:01:00] NVIDIA GH200 120GB
0: #  Rank  1 Group  0 Pid  58442 on  nid007195 device  1 [0029:01:00] NVIDIA GH200 120GB
0: #
0: #                                                              out-of-place                       in-place          
0: #       size         count      type   redop    root     time   algbw   busbw  #wrong     time   algbw   busbw  #wrong 
0: #        (B)    (elements)                               (us)  (GB/s)  (GB/s)             (us)  (GB/s)  (GB/s)         
0:      8388608       2097152     float     sum      -1   115.68   72.52   72.52       0   120.81   69.44   69.44    N/A
0:     16777216       4194304     float     sum      -1   221.58   75.72   75.72       0   221.41   75.77   75.77    N/A
0:     33554432       8388608     float     sum      -1   419.82   79.93   79.93       0   421.78   79.55   79.55    N/A
0:     67108864      16777216     float     sum      -1   810.97   82.75   82.75       0   821.33   81.71   81.71    N/A
0:    134217728      33554432     float     sum      -1  1121.42  119.69  119.69       0  1126.52  119.14  119.14    N/A
0:    268435456      67108864     float     sum      -1  2206.62  121.65  121.65       0  2205.42  121.72  121.72    N/A
0: # Out of bounds values : 0 OK
0: # Avg bus bandwidth    : 91.6316 
0: #
0: # Collective test concluded: sendrecv_perf
0: #
0: 
0: 
0: ##### pass 17/20  pair g1-g3  sendrecv_perf
0: # nccl-tests version 2.17.8 nccl-headers=22903 nccl-library=22903
0: # Collective test starting: sendrecv_perf
0: # nThread 1 nGpus 2 minBytes 8388608 maxBytes 268435456 step: 2(factor) warmup iters: 5 iters: 20 agg iters: 1 validation: 1 graph: 0
0: #
0: # Using devices
0: #  Rank  0 Group  0 Pid  58481 on  nid007195 device  0 [0019:01:00] NVIDIA GH200 120GB
0: #  Rank  1 Group  0 Pid  58481 on  nid007195 device  1 [0039:01:00] NVIDIA GH200 120GB
0: #
0: #                                                              out-of-place                       in-place          
0: #       size         count      type   redop    root     time   algbw   busbw  #wrong     time   algbw   busbw  #wrong 
0: #        (B)    (elements)                               (us)  (GB/s)  (GB/s)             (us)  (GB/s)  (GB/s)         
0:      8388608       2097152     float     sum      -1   115.95   72.35   72.35       0   116.19   72.20   72.20    N/A
0:     16777216       4194304     float     sum      -1   220.06   76.24   76.24       0   220.49   76.09   76.09    N/A
0:     33554432       8388608     float     sum      -1   423.09   79.31   79.31       0   423.65   79.20   79.20    N/A
0:     67108864      16777216     float     sum      -1   814.52   82.39   82.39       0   819.32   81.91   81.91    N/A
0:    134217728      33554432     float     sum      -1  1128.01  118.99  118.99       0  1120.16  119.82  119.82    N/A
0:    268435456      67108864     float     sum      -1  2207.31  121.61  121.61       0  2208.27  121.56  121.56    N/A
0: # Out of bounds values : 0 OK
0: # Avg bus bandwidth    : 91.8055 
0: #
0: # Collective test concluded: sendrecv_perf
0: #
0: 
0: 
0: ##### pass 17/20  pair g2-g3  sendrecv_perf
0: # nccl-tests version 2.17.8 nccl-headers=22903 nccl-library=22903
0: # Collective test starting: sendrecv_perf
0: # nThread 1 nGpus 2 minBytes 8388608 maxBytes 268435456 step: 2(factor) warmup iters: 5 iters: 20 agg iters: 1 validation: 1 graph: 0
0: #
0: # Using devices
0: #  Rank  0 Group  0 Pid  58517 on  nid007195 device  0 [0029:01:00] NVIDIA GH200 120GB
0: #  Rank  1 Group  0 Pid  58517 on  nid007195 device  1 [0039:01:00] NVIDIA GH200 120GB
0: #
0: #                                                              out-of-place                       in-place          
0: #       size         count      type   redop    root     time   algbw   busbw  #wrong     time   algbw   busbw  #wrong 
0: #        (B)    (elements)                               (us)  (GB/s)  (GB/s)             (us)  (GB/s)  (GB/s)         
0:      8388608       2097152     float     sum      -1   116.00   72.32   72.32       0   116.06   72.28   72.28    N/A
0:     16777216       4194304     float     sum      -1   221.68   75.68   75.68       0   216.69   77.42   77.42    N/A
0:     33554432       8388608     float     sum      -1   419.78   79.93   79.93       0   421.05   79.69   79.69    N/A
0:     67108864      16777216     float     sum      -1   808.27   83.03   83.03       0   818.09   82.03   82.03    N/A
0:    134217728      33554432     float     sum      -1  1120.05  119.83  119.83       0  1122.65  119.55  119.55    N/A
0:    268435456      67108864     float     sum      -1  2212.73  121.31  121.31       0  2210.03  121.46  121.46    N/A
0: # Out of bounds values : 0 OK
0: # Avg bus bandwidth    : 92.0457 
0: #
0: # Collective test concluded: sendrecv_perf
0: #
0: 
0: 
0: ##### pass 18/20  pair g0-g1  sendrecv_perf
0: # nccl-tests version 2.17.8 nccl-headers=22903 nccl-library=22903
0: # Collective test starting: sendrecv_perf
0: # nThread 1 nGpus 2 minBytes 8388608 maxBytes 268435456 step: 2(factor) warmup iters: 5 iters: 20 agg iters: 1 validation: 1 graph: 0
0: #
0: # Using devices
0: #  Rank  0 Group  0 Pid  58555 on  nid007195 device  0 [0009:01:00] NVIDIA GH200 120GB
0: #  Rank  1 Group  0 Pid  58555 on  nid007195 device  1 [0019:01:00] NVIDIA GH200 120GB
0: #
0: #                                                              out-of-place                       in-place          
0: #       size         count      type   redop    root     time   algbw   busbw  #wrong     time   algbw   busbw  #wrong 
0: #        (B)    (elements)                               (us)  (GB/s)  (GB/s)             (us)  (GB/s)  (GB/s)         
0:      8388608       2097152     float     sum      -1   121.33   69.14   69.14       0   118.73   70.65   70.65    N/A
0:     16777216       4194304     float     sum      -1   218.44   76.81   76.81       0   223.00   75.23   75.23    N/A
0:     33554432       8388608     float     sum      -1   422.20   79.48   79.48       0   423.67   79.20   79.20    N/A
0:     67108864      16777216     float     sum      -1   817.14   82.13   82.13       0   826.04   81.24   81.24    N/A
0:    134217728      33554432     float     sum      -1  1130.83  118.69  118.69       0  1119.95  119.84  119.84    N/A
0:    268435456      67108864     float     sum      -1  2205.01  121.74  121.74       0  2203.46  121.82  121.82    N/A
0: # Out of bounds values : 0 OK
0: # Avg bus bandwidth    : 91.3309 
0: #
0: # Collective test concluded: sendrecv_perf
0: #
0: 
0: 
0: ##### pass 18/20  pair g0-g2  sendrecv_perf
0: # nccl-tests version 2.17.8 nccl-headers=22903 nccl-library=22903
0: # Collective test starting: sendrecv_perf
0: # nThread 1 nGpus 2 minBytes 8388608 maxBytes 268435456 step: 2(factor) warmup iters: 5 iters: 20 agg iters: 1 validation: 1 graph: 0
0: #
0: # Using devices
0: #  Rank  0 Group  0 Pid  58617 on  nid007195 device  0 [0009:01:00] NVIDIA GH200 120GB
0: #  Rank  1 Group  0 Pid  58617 on  nid007195 device  1 [0029:01:00] NVIDIA GH200 120GB
0: #
0: #                                                              out-of-place                       in-place          
0: #       size         count      type   redop    root     time   algbw   busbw  #wrong     time   algbw   busbw  #wrong 
0: #        (B)    (elements)                               (us)  (GB/s)  (GB/s)             (us)  (GB/s)  (GB/s)         
0:      8388608       2097152     float     sum      -1   119.88   69.98   69.98       0   115.04   72.92   72.92    N/A
0:     16777216       4194304     float     sum      -1   222.38   75.44   75.44       0   217.15   77.26   77.26    N/A
0:     33554432       8388608     float     sum      -1   421.21   79.66   79.66       0   422.54   79.41   79.41    N/A
0:     67108864      16777216     float     sum      -1   815.18   82.32   82.32       0   825.73   81.27   81.27    N/A
0:    134217728      33554432     float     sum      -1  1119.92  119.85  119.85       0  1121.09  119.72  119.72    N/A
0:    268435456      67108864     float     sum      -1  2198.49  122.10  122.10       0  2209.43  121.50  121.50    N/A
0: # Out of bounds values : 0 OK
0: # Avg bus bandwidth    : 91.7861 
0: #
0: # Collective test concluded: sendrecv_perf
0: #
0: 
0: 
0: ##### pass 18/20  pair g0-g3  sendrecv_perf
0: # nccl-tests version 2.17.8 nccl-headers=22903 nccl-library=22903
0: # Collective test starting: sendrecv_perf
0: # nThread 1 nGpus 2 minBytes 8388608 maxBytes 268435456 step: 2(factor) warmup iters: 5 iters: 20 agg iters: 1 validation: 1 graph: 0
0: #
0: # Using devices
0: #  Rank  0 Group  0 Pid  58674 on  nid007195 device  0 [0009:01:00] NVIDIA GH200 120GB
0: #  Rank  1 Group  0 Pid  58674 on  nid007195 device  1 [0039:01:00] NVIDIA GH200 120GB
0: #
0: #                                                              out-of-place                       in-place          
0: #       size         count      type   redop    root     time   algbw   busbw  #wrong     time   algbw   busbw  #wrong 
0: #        (B)    (elements)                               (us)  (GB/s)  (GB/s)             (us)  (GB/s)  (GB/s)         
0:      8388608       2097152     float     sum      -1   116.70   71.88   71.88       0   115.03   72.93   72.93    N/A
0:     16777216       4194304     float     sum      -1   217.16   77.26   77.26       0   216.79   77.39   77.39    N/A
0:     33554432       8388608     float     sum      -1   419.75   79.94   79.94       0   422.70   79.38   79.38    N/A
0:     67108864      16777216     float     sum      -1   810.11   82.84   82.84       0   820.41   81.80   81.80    N/A
0:    134217728      33554432     float     sum      -1  1125.39  119.26  119.26       0  1120.35  119.80  119.80    N/A
0:    268435456      67108864     float     sum      -1  2208.95  121.52  121.52       0  2201.08  121.96  121.96    N/A
0: # Out of bounds values : 0 OK
0: # Avg bus bandwidth    : 92.1629 
0: #
0: # Collective test concluded: sendrecv_perf
0: #
0: 
0: 
0: ##### pass 18/20  pair g1-g2  sendrecv_perf
0: # nccl-tests version 2.17.8 nccl-headers=22903 nccl-library=22903
0: # Collective test starting: sendrecv_perf
0: # nThread 1 nGpus 2 minBytes 8388608 maxBytes 268435456 step: 2(factor) warmup iters: 5 iters: 20 agg iters: 1 validation: 1 graph: 0
0: #
0: # Using devices
0: #  Rank  0 Group  0 Pid  58711 on  nid007195 device  0 [0019:01:00] NVIDIA GH200 120GB
0: #  Rank  1 Group  0 Pid  58711 on  nid007195 device  1 [0029:01:00] NVIDIA GH200 120GB
0: #
0: #                                                              out-of-place                       in-place          
0: #       size         count      type   redop    root     time   algbw   busbw  #wrong     time   algbw   busbw  #wrong 
0: #        (B)    (elements)                               (us)  (GB/s)  (GB/s)             (us)  (GB/s)  (GB/s)         
0:      8388608       2097152     float     sum      -1   119.30   70.31   70.31       0   115.05   72.91   72.91    N/A
0:     16777216       4194304     float     sum      -1   217.27   77.22   77.22       0   220.53   76.08   76.08    N/A
0:     33554432       8388608     float     sum      -1   421.06   79.69   79.69       0   421.51   79.61   79.61    N/A
0:     67108864      16777216     float     sum      -1   810.90   82.76   82.76       0   824.70   81.37   81.37    N/A
0:    134217728      33554432     float     sum      -1  1122.14  119.61  119.61       0  1123.42  119.47  119.47    N/A
0:    268435456      67108864     float     sum      -1  2207.84  121.58  121.58       0  2206.42  121.66  121.66    N/A
0: # Out of bounds values : 0 OK
0: # Avg bus bandwidth    : 91.856 
0: #
0: # Collective test concluded: sendrecv_perf
0: #
0: 
0: 
0: ##### pass 18/20  pair g1-g3  sendrecv_perf
0: # nccl-tests version 2.17.8 nccl-headers=22903 nccl-library=22903
0: # Collective test starting: sendrecv_perf
0: # nThread 1 nGpus 2 minBytes 8388608 maxBytes 268435456 step: 2(factor) warmup iters: 5 iters: 20 agg iters: 1 validation: 1 graph: 0
0: #
0: # Using devices
0: #  Rank  0 Group  0 Pid  58750 on  nid007195 device  0 [0019:01:00] NVIDIA GH200 120GB
0: #  Rank  1 Group  0 Pid  58750 on  nid007195 device  1 [0039:01:00] NVIDIA GH200 120GB
0: #
0: #                                                              out-of-place                       in-place          
0: #       size         count      type   redop    root     time   algbw   busbw  #wrong     time   algbw   busbw  #wrong 
0: #        (B)    (elements)                               (us)  (GB/s)  (GB/s)             (us)  (GB/s)  (GB/s)         
0:      8388608       2097152     float     sum      -1   115.84   72.41   72.41       0   115.28   72.77   72.77    N/A
0:     16777216       4194304     float     sum      -1   216.84   77.37   77.37       0   220.64   76.04   76.04    N/A
0:     33554432       8388608     float     sum      -1   420.30   79.83   79.83       0   421.49   79.61   79.61    N/A
0:     67108864      16777216     float     sum      -1   811.47   82.70   82.70       0   822.36   81.61   81.61    N/A
0:    134217728      33554432     float     sum      -1  1120.73  119.76  119.76       0  1121.82  119.64  119.64    N/A
0:    268435456      67108864     float     sum      -1  2215.31  121.17  121.17       0  2204.74  121.75  121.75    N/A
0: # Out of bounds values : 0 OK
0: # Avg bus bandwidth    : 92.0559 
0: #
0: # Collective test concluded: sendrecv_perf
0: #
0: 
0: 
0: ##### pass 18/20  pair g2-g3  sendrecv_perf
0: # nccl-tests version 2.17.8 nccl-headers=22903 nccl-library=22903
0: # Collective test starting: sendrecv_perf
0: # nThread 1 nGpus 2 minBytes 8388608 maxBytes 268435456 step: 2(factor) warmup iters: 5 iters: 20 agg iters: 1 validation: 1 graph: 0
0: #
0: # Using devices
0: #  Rank  0 Group  0 Pid  58786 on  nid007195 device  0 [0029:01:00] NVIDIA GH200 120GB
0: #  Rank  1 Group  0 Pid  58786 on  nid007195 device  1 [0039:01:00] NVIDIA GH200 120GB
0: #
0: #                                                              out-of-place                       in-place          
0: #       size         count      type   redop    root     time   algbw   busbw  #wrong     time   algbw   busbw  #wrong 
0: #        (B)    (elements)                               (us)  (GB/s)  (GB/s)             (us)  (GB/s)  (GB/s)         
0:      8388608       2097152     float     sum      -1   115.59   72.57   72.57       0   115.33   72.74   72.74    N/A
0:     16777216       4194304     float     sum      -1   219.95   76.28   76.28       0   216.75   77.40   77.40    N/A
0:     33554432       8388608     float     sum      -1   421.43   79.62   79.62       0   421.01   79.70   79.70    N/A
0:     67108864      16777216     float     sum      -1   813.57   82.49   82.49       0   817.73   82.07   82.07    N/A
0:    134217728      33554432     float     sum      -1  1124.38  119.37  119.37       0  1117.79  120.07  120.07    N/A
0:    268435456      67108864     float     sum      -1  2203.19  121.84  121.84       0  2211.26  121.39  121.39    N/A
0: # Out of bounds values : 0 OK
0: # Avg bus bandwidth    : 92.1285 
0: #
0: # Collective test concluded: sendrecv_perf
0: #
0: 
0: 
0: ##### pass 19/20  pair g0-g1  sendrecv_perf
0: # nccl-tests version 2.17.8 nccl-headers=22903 nccl-library=22903
0: # Collective test starting: sendrecv_perf
0: # nThread 1 nGpus 2 minBytes 8388608 maxBytes 268435456 step: 2(factor) warmup iters: 5 iters: 20 agg iters: 1 validation: 1 graph: 0
0: #
0: # Using devices
0: #  Rank  0 Group  0 Pid  58824 on  nid007195 device  0 [0009:01:00] NVIDIA GH200 120GB
0: #  Rank  1 Group  0 Pid  58824 on  nid007195 device  1 [0019:01:00] NVIDIA GH200 120GB
0: #
0: #                                                              out-of-place                       in-place          
0: #       size         count      type   redop    root     time   algbw   busbw  #wrong     time   algbw   busbw  #wrong 
0: #        (B)    (elements)                               (us)  (GB/s)  (GB/s)             (us)  (GB/s)  (GB/s)         
0:      8388608       2097152     float     sum      -1   119.59   70.15   70.15       0   115.41   72.69   72.69    N/A
0:     16777216       4194304     float     sum      -1   219.35   76.49   76.49       0   216.98   77.32   77.32    N/A
0:     33554432       8388608     float     sum      -1   422.64   79.39   79.39       0   422.76   79.37   79.37    N/A
0:     67108864      16777216     float     sum      -1   811.24   82.72   82.72       0   820.29   81.81   81.81    N/A
0:    134217728      33554432     float     sum      -1  1123.48  119.47  119.47       0  1125.12  119.29  119.29    N/A
0:    268435456      67108864     float     sum      -1  2210.95  121.41  121.41       0  2209.21  121.51  121.51    N/A
0: # Out of bounds values : 0 OK
0: # Avg bus bandwidth    : 91.8012 
0: #
0: # Collective test concluded: sendrecv_perf
0: #
0: 
0: 
0: ##### pass 19/20  pair g0-g2  sendrecv_perf
0: # nccl-tests version 2.17.8 nccl-headers=22903 nccl-library=22903
0: # Collective test starting: sendrecv_perf
0: # nThread 1 nGpus 2 minBytes 8388608 maxBytes 268435456 step: 2(factor) warmup iters: 5 iters: 20 agg iters: 1 validation: 1 graph: 0
0: #
0: # Using devices
0: #  Rank  0 Group  0 Pid  58864 on  nid007195 device  0 [0009:01:00] NVIDIA GH200 120GB
0: #  Rank  1 Group  0 Pid  58864 on  nid007195 device  1 [0029:01:00] NVIDIA GH200 120GB
0: #
0: #                                                              out-of-place                       in-place          
0: #       size         count      type   redop    root     time   algbw   busbw  #wrong     time   algbw   busbw  #wrong 
0: #        (B)    (elements)                               (us)  (GB/s)  (GB/s)             (us)  (GB/s)  (GB/s)         
0:      8388608       2097152     float     sum      -1   119.79   70.03   70.03       0   120.11   69.84   69.84    N/A
0:     16777216       4194304     float     sum      -1   219.14   76.56   76.56       0   220.17   76.20   76.20    N/A
0:     33554432       8388608     float     sum      -1   421.59   79.59   79.59       0   422.22   79.47   79.47    N/A
0:     67108864      16777216     float     sum      -1   813.81   82.46   82.46       0   825.88   81.26   81.26    N/A
0:    134217728      33554432     float     sum      -1  1118.71  119.98  119.98       0  1130.55  118.72  118.72    N/A
0:    268435456      67108864     float     sum      -1  2204.51  121.77  121.77       0  2207.37  121.61  121.61    N/A
0: # Out of bounds values : 0 OK
0: # Avg bus bandwidth    : 91.4566 
0: #
0: # Collective test concluded: sendrecv_perf
0: #
0: 
0: 
0: ##### pass 19/20  pair g0-g3  sendrecv_perf
0: # nccl-tests version 2.17.8 nccl-headers=22903 nccl-library=22903
0: # Collective test starting: sendrecv_perf
0: # nThread 1 nGpus 2 minBytes 8388608 maxBytes 268435456 step: 2(factor) warmup iters: 5 iters: 20 agg iters: 1 validation: 1 graph: 0
0: #
0: # Using devices
0: #  Rank  0 Group  0 Pid  58927 on  nid007195 device  0 [0009:01:00] NVIDIA GH200 120GB
0: #  Rank  1 Group  0 Pid  58927 on  nid007195 device  1 [0039:01:00] NVIDIA GH200 120GB
0: #
0: #                                                              out-of-place                       in-place          
0: #       size         count      type   redop    root     time   algbw   busbw  #wrong     time   algbw   busbw  #wrong 
0: #        (B)    (elements)                               (us)  (GB/s)  (GB/s)             (us)  (GB/s)  (GB/s)         
0:      8388608       2097152     float     sum      -1   115.60   72.56   72.56       0   115.48   72.64   72.64    N/A
0:     16777216       4194304     float     sum      -1   219.23   76.53   76.53       0   221.24   75.83   75.83    N/A
0:     33554432       8388608     float     sum      -1   421.62   79.58   79.58       0   423.61   79.21   79.21    N/A
0:     67108864      16777216     float     sum      -1   810.73   82.78   82.78       0   822.61   81.58   81.58    N/A
0:    134217728      33554432     float     sum      -1  1126.54  119.14  119.14       0  1123.22  119.49  119.49    N/A
0:    268435456      67108864     float     sum      -1  2209.66  121.48  121.48       0  2205.47  121.71  121.71    N/A
0: # Out of bounds values : 0 OK
0: # Avg bus bandwidth    : 91.879 
0: #
0: # Collective test concluded: sendrecv_perf
0: #
0: 
0: 
0: ##### pass 19/20  pair g1-g2  sendrecv_perf
0: # nccl-tests version 2.17.8 nccl-headers=22903 nccl-library=22903
0: # Collective test starting: sendrecv_perf
0: # nThread 1 nGpus 2 minBytes 8388608 maxBytes 268435456 step: 2(factor) warmup iters: 5 iters: 20 agg iters: 1 validation: 1 graph: 0
0: #
0: # Using devices
0: #  Rank  0 Group  0 Pid  58968 on  nid007195 device  0 [0019:01:00] NVIDIA GH200 120GB
0: #  Rank  1 Group  0 Pid  58968 on  nid007195 device  1 [0029:01:00] NVIDIA GH200 120GB
0: #
0: #                                                              out-of-place                       in-place          
0: #       size         count      type   redop    root     time   algbw   busbw  #wrong     time   algbw   busbw  #wrong 
0: #        (B)    (elements)                               (us)  (GB/s)  (GB/s)             (us)  (GB/s)  (GB/s)         
0:      8388608       2097152     float     sum      -1   116.06   72.28   72.28       0   115.60   72.57   72.57    N/A
0:     16777216       4194304     float     sum      -1   217.67   77.08   77.08       0   222.85   75.28   75.28    N/A
0:     33554432       8388608     float     sum      -1   419.87   79.92   79.92       0   422.12   79.49   79.49    N/A
0:     67108864      16777216     float     sum      -1   812.16   82.63   82.63       0   819.79   81.86   81.86    N/A
0:    134217728      33554432     float     sum      -1  1122.36  119.58  119.58       0  1122.72  119.55  119.55    N/A
0:    268435456      67108864     float     sum      -1  2202.48  121.88  121.88       0  2206.93  121.63  121.63    N/A
0: # Out of bounds values : 0 OK
0: # Avg bus bandwidth    : 91.9788 
0: #
0: # Collective test concluded: sendrecv_perf
0: #
0: 
0: 
0: ##### pass 19/20  pair g1-g3  sendrecv_perf
0: # nccl-tests version 2.17.8 nccl-headers=22903 nccl-library=22903
0: # Collective test starting: sendrecv_perf
0: # nThread 1 nGpus 2 minBytes 8388608 maxBytes 268435456 step: 2(factor) warmup iters: 5 iters: 20 agg iters: 1 validation: 1 graph: 0
0: #
0: # Using devices
0: #  Rank  0 Group  0 Pid  59004 on  nid007195 device  0 [0019:01:00] NVIDIA GH200 120GB
0: #  Rank  1 Group  0 Pid  59004 on  nid007195 device  1 [0039:01:00] NVIDIA GH200 120GB
0: #
0: #                                                              out-of-place                       in-place          
0: #       size         count      type   redop    root     time   algbw   busbw  #wrong     time   algbw   busbw  #wrong 
0: #        (B)    (elements)                               (us)  (GB/s)  (GB/s)             (us)  (GB/s)  (GB/s)         
0:      8388608       2097152     float     sum      -1   115.68   72.52   72.52       0   115.25   72.79   72.79    N/A
0:     16777216       4194304     float     sum      -1   216.98   77.32   77.32       0   221.72   75.67   75.67    N/A
0:     33554432       8388608     float     sum      -1   420.56   79.78   79.78       0   420.00   79.89   79.89    N/A
0:     67108864      16777216     float     sum      -1   812.13   82.63   82.63       0   822.81   81.56   81.56    N/A
0:    134217728      33554432     float     sum      -1  1118.67  119.98  119.98       0  1120.73  119.76  119.76    N/A
0:    268435456      67108864     float     sum      -1  2212.70  121.32  121.32       0  2208.91  121.52  121.52    N/A
0: # Out of bounds values : 0 OK
0: # Avg bus bandwidth    : 92.0619 
0: #
0: # Collective test concluded: sendrecv_perf
0: #
0: 
0: 
0: ##### pass 19/20  pair g2-g3  sendrecv_perf
0: # nccl-tests version 2.17.8 nccl-headers=22903 nccl-library=22903
0: # Collective test starting: sendrecv_perf
0: # nThread 1 nGpus 2 minBytes 8388608 maxBytes 268435456 step: 2(factor) warmup iters: 5 iters: 20 agg iters: 1 validation: 1 graph: 0
0: #
0: # Using devices
0: #  Rank  0 Group  0 Pid  59043 on  nid007195 device  0 [0029:01:00] NVIDIA GH200 120GB
0: #  Rank  1 Group  0 Pid  59043 on  nid007195 device  1 [0039:01:00] NVIDIA GH200 120GB
0: #
0: #                                                              out-of-place                       in-place          
0: #       size         count      type   redop    root     time   algbw   busbw  #wrong     time   algbw   busbw  #wrong 
0: #        (B)    (elements)                               (us)  (GB/s)  (GB/s)             (us)  (GB/s)  (GB/s)         
0:      8388608       2097152     float     sum      -1   115.42   72.68   72.68       0   115.12   72.87   72.87    N/A
0:     16777216       4194304     float     sum      -1   218.23   76.88   76.88       0   222.68   75.34   75.34    N/A
0:     33554432       8388608     float     sum      -1   421.52   79.60   79.60       0   421.44   79.62   79.62    N/A
0:     67108864      16777216     float     sum      -1   812.10   82.64   82.64       0   816.82   82.16   82.16    N/A
0:    134217728      33554432     float     sum      -1  1124.97  119.31  119.31       0  1119.27  119.92  119.92    N/A
0:    268435456      67108864     float     sum      -1  2208.55  121.54  121.54       0  2211.98  121.36  121.36    N/A
0: # Out of bounds values : 0 OK
0: # Avg bus bandwidth    : 91.9922 
0: #
0: # Collective test concluded: sendrecv_perf
0: #
0: 
0: 
0: ##### pass 20/20  pair g0-g1  sendrecv_perf
0: # nccl-tests version 2.17.8 nccl-headers=22903 nccl-library=22903
0: # Collective test starting: sendrecv_perf
0: # nThread 1 nGpus 2 minBytes 8388608 maxBytes 268435456 step: 2(factor) warmup iters: 5 iters: 20 agg iters: 1 validation: 1 graph: 0
0: #
0: # Using devices
0: #  Rank  0 Group  0 Pid  59079 on  nid007195 device  0 [0009:01:00] NVIDIA GH200 120GB
0: #  Rank  1 Group  0 Pid  59079 on  nid007195 device  1 [0019:01:00] NVIDIA GH200 120GB
0: #
0: #                                                              out-of-place                       in-place          
0: #       size         count      type   redop    root     time   algbw   busbw  #wrong     time   algbw   busbw  #wrong 
0: #        (B)    (elements)                               (us)  (GB/s)  (GB/s)             (us)  (GB/s)  (GB/s)         
0:      8388608       2097152     float     sum      -1   115.74   72.48   72.48       0   115.03   72.93   72.93    N/A
0:     16777216       4194304     float     sum      -1   217.23   77.23   77.23       0   222.77   75.31   75.31    N/A
0:     33554432       8388608     float     sum      -1   419.77   79.94   79.94       0   419.51   79.99   79.99    N/A
0:     67108864      16777216     float     sum      -1   809.54   82.90   82.90       0   820.04   81.84   81.84    N/A
0:    134217728      33554432     float     sum      -1  1118.92  119.95  119.95       0  1120.71  119.76  119.76    N/A
0:    268435456      67108864     float     sum      -1  2210.89  121.42  121.42       0  2203.91  121.80  121.80    N/A
0: # Out of bounds values : 0 OK
0: # Avg bus bandwidth    : 92.1278 
0: #
0: # Collective test concluded: sendrecv_perf
0: #
0: 
0: 
0: ##### pass 20/20  pair g0-g2  sendrecv_perf
0: # nccl-tests version 2.17.8 nccl-headers=22903 nccl-library=22903
0: # Collective test starting: sendrecv_perf
0: # nThread 1 nGpus 2 minBytes 8388608 maxBytes 268435456 step: 2(factor) warmup iters: 5 iters: 20 agg iters: 1 validation: 1 graph: 0
0: #
0: # Using devices
0: #  Rank  0 Group  0 Pid  59118 on  nid007195 device  0 [0009:01:00] NVIDIA GH200 120GB
0: #  Rank  1 Group  0 Pid  59118 on  nid007195 device  1 [0029:01:00] NVIDIA GH200 120GB
0: #
0: #                                                              out-of-place                       in-place          
0: #       size         count      type   redop    root     time   algbw   busbw  #wrong     time   algbw   busbw  #wrong 
0: #        (B)    (elements)                               (us)  (GB/s)  (GB/s)             (us)  (GB/s)  (GB/s)         
0:      8388608       2097152     float     sum      -1   115.47   72.65   72.65       0   114.95   72.97   72.97    N/A
0:     16777216       4194304     float     sum      -1   217.38   77.18   77.18       0   217.27   77.22   77.22    N/A
0:     33554432       8388608     float     sum      -1   420.57   79.78   79.78       0   419.78   79.93   79.93    N/A
0:     67108864      16777216     float     sum      -1   812.94   82.55   82.55       0   817.70   82.07   82.07    N/A
0:    134217728      33554432     float     sum      -1  1121.54  119.67  119.67       0  1126.15  119.18  119.18    N/A
0:    268435456      67108864     float     sum      -1  2204.15  121.79  121.79       0  2209.15  121.51  121.51    N/A
0: # Out of bounds values : 0 OK
0: # Avg bus bandwidth    : 92.2093 
0: #
0: # Collective test concluded: sendrecv_perf
0: #
0: 
0: 
0: ##### pass 20/20  pair g0-g3  sendrecv_perf
0: # nccl-tests version 2.17.8 nccl-headers=22903 nccl-library=22903
0: # Collective test starting: sendrecv_perf
0: # nThread 1 nGpus 2 minBytes 8388608 maxBytes 268435456 step: 2(factor) warmup iters: 5 iters: 20 agg iters: 1 validation: 1 graph: 0
0: #
0: # Using devices
0: #  Rank  0 Group  0 Pid  59180 on  nid007195 device  0 [0009:01:00] NVIDIA GH200 120GB
0: #  Rank  1 Group  0 Pid  59180 on  nid007195 device  1 [0039:01:00] NVIDIA GH200 120GB
0: #
0: #                                                              out-of-place                       in-place          
0: #       size         count      type   redop    root     time   algbw   busbw  #wrong     time   algbw   busbw  #wrong 
0: #        (B)    (elements)                               (us)  (GB/s)  (GB/s)             (us)  (GB/s)  (GB/s)         
0:      8388608       2097152     float     sum      -1   115.64   72.54   72.54       0   115.39   72.70   72.70    N/A
0:     16777216       4194304     float     sum      -1   219.87   76.30   76.30       0   218.71   76.71   76.71    N/A
0:     33554432       8388608     float     sum      -1   420.74   79.75   79.75       0   422.98   79.33   79.33    N/A
0:     67108864      16777216     float     sum      -1   813.56   82.49   82.49       0   822.38   81.60   81.60    N/A
0:    134217728      33554432     float     sum      -1  1124.02  119.41  119.41       0  1120.20  119.82  119.82    N/A
0:    268435456      67108864     float     sum      -1  2208.69  121.54  121.54       0  2210.80  121.42  121.42    N/A
0: # Out of bounds values : 0 OK
0: # Avg bus bandwidth    : 91.967 
0: #
0: # Collective test concluded: sendrecv_perf
0: #
0: 
0: 
0: ##### pass 20/20  pair g1-g2  sendrecv_perf
0: # nccl-tests version 2.17.8 nccl-headers=22903 nccl-library=22903
0: # Collective test starting: sendrecv_perf
0: # nThread 1 nGpus 2 minBytes 8388608 maxBytes 268435456 step: 2(factor) warmup iters: 5 iters: 20 agg iters: 1 validation: 1 graph: 0
0: #
0: # Using devices
0: #  Rank  0 Group  0 Pid  59221 on  nid007195 device  0 [0019:01:00] NVIDIA GH200 120GB
0: #  Rank  1 Group  0 Pid  59221 on  nid007195 device  1 [0029:01:00] NVIDIA GH200 120GB
0: #
0: #                                                              out-of-place                       in-place          
0: #       size         count      type   redop    root     time   algbw   busbw  #wrong     time   algbw   busbw  #wrong 
0: #        (B)    (elements)                               (us)  (GB/s)  (GB/s)             (us)  (GB/s)  (GB/s)         
0:      8388608       2097152     float     sum      -1   115.97   72.34   72.34       0   115.49   72.63   72.63    N/A
0:     16777216       4194304     float     sum      -1   222.23   75.49   75.49       0   217.64   77.09   77.09    N/A
0:     33554432       8388608     float     sum      -1   422.20   79.47   79.47       0   423.85   79.17   79.17    N/A
0:     67108864      16777216     float     sum      -1   817.61   82.08   82.08       0   825.78   81.27   81.27    N/A
0:    134217728      33554432     float     sum      -1  1127.88  119.00  119.00       0  1122.52  119.57  119.57    N/A
0:    268435456      67108864     float     sum      -1  2216.62  121.10  121.10       0  2213.28  121.28  121.28    N/A
0: # Out of bounds values : 0 OK
0: # Avg bus bandwidth    : 91.7077 
0: #
0: # Collective test concluded: sendrecv_perf
0: #
0: 
0: 
0: ##### pass 20/20  pair g1-g3  sendrecv_perf
0: # nccl-tests version 2.17.8 nccl-headers=22903 nccl-library=22903
0: # Collective test starting: sendrecv_perf
0: # nThread 1 nGpus 2 minBytes 8388608 maxBytes 268435456 step: 2(factor) warmup iters: 5 iters: 20 agg iters: 1 validation: 1 graph: 0
0: #
0: # Using devices
0: #  Rank  0 Group  0 Pid  59257 on  nid007195 device  0 [0019:01:00] NVIDIA GH200 120GB
0: #  Rank  1 Group  0 Pid  59257 on  nid007195 device  1 [0039:01:00] NVIDIA GH200 120GB
0: #
0: #                                                              out-of-place                       in-place          
0: #       size         count      type   redop    root     time   algbw   busbw  #wrong     time   algbw   busbw  #wrong 
0: #        (B)    (elements)                               (us)  (GB/s)  (GB/s)             (us)  (GB/s)  (GB/s)         
0:      8388608       2097152     float     sum      -1   115.61   72.56   72.56       0   115.12   72.87   72.87    N/A
0:     16777216       4194304     float     sum      -1   221.82   75.64   75.64       0   217.12   77.27   77.27    N/A
0:     33554432       8388608     float     sum      -1   421.80   79.55   79.55       0   421.62   79.58   79.58    N/A
0:     67108864      16777216     float     sum      -1   810.76   82.77   82.77       0   819.57   81.88   81.88    N/A
0:    134217728      33554432     float     sum      -1  1122.70  119.55  119.55       0  1125.30  119.27  119.27    N/A
0:    268435456      67108864     float     sum      -1  2216.70  121.10  121.10       0  2210.11  121.46  121.46    N/A
0: # Out of bounds values : 0 OK
0: # Avg bus bandwidth    : 91.9584 
0: #
0: # Collective test concluded: sendrecv_perf
0: #
0: 
0: 
0: ##### pass 20/20  pair g2-g3  sendrecv_perf
0: # nccl-tests version 2.17.8 nccl-headers=22903 nccl-library=22903
0: # Collective test starting: sendrecv_perf
0: # nThread 1 nGpus 2 minBytes 8388608 maxBytes 268435456 step: 2(factor) warmup iters: 5 iters: 20 agg iters: 1 validation: 1 graph: 0
0: #
0: # Using devices
0: #  Rank  0 Group  0 Pid  59297 on  nid007195 device  0 [0029:01:00] NVIDIA GH200 120GB
0: #  Rank  1 Group  0 Pid  59297 on  nid007195 device  1 [0039:01:00] NVIDIA GH200 120GB
0: #
0: #                                                              out-of-place                       in-place          
0: #       size         count      type   redop    root     time   algbw   busbw  #wrong     time   algbw   busbw  #wrong 
0: #        (B)    (elements)                               (us)  (GB/s)  (GB/s)             (us)  (GB/s)  (GB/s)         
0:      8388608       2097152     float     sum      -1   117.43   71.43   71.43       0   116.54   71.98   71.98    N/A
0:     16777216       4194304     float     sum      -1   220.16   76.20   76.20       0   217.05   77.30   77.30    N/A
0:     33554432       8388608     float     sum      -1   421.33   79.64   79.64       0   419.93   79.91   79.91    N/A
0:     67108864      16777216     float     sum      -1   813.40   82.50   82.50       0   811.73   82.67   82.67    N/A
0:    134217728      33554432     float     sum      -1  1124.34  119.38  119.38       0  1121.12  119.72  119.72    N/A
0:    268435456      67108864     float     sum      -1  2213.19  121.29  121.29       0  2214.46  121.22  121.22    N/A
0: # Out of bounds values : 0 OK
0: # Avg bus bandwidth    : 91.9369 
0: #
0: # Collective test concluded: sendrecv_perf
0: #
0: 
0: === nvlink error counters AFTER ===
0: GPU 0: NVIDIA GH200 120GB (UUID: GPU-1576f3c3-8372-7d6b-decd-052c8b7157a8)
0: 	 Link 0: Replay Errors: 0
0: 	 Link 0: Recovery Errors: 0
0: 	 Link 0: CRC Errors: 0
0: 
0: 	 Link 1: Replay Errors: 0
0: 	 Link 1: Recovery Errors: 0
0: 	 Link 1: CRC Errors: 0
0: 
0: 	 Link 2: Replay Errors: 0
0: 	 Link 2: Recovery Errors: 0
0: 	 Link 2: CRC Errors: 0
0: 
0: 	 Link 3: Replay Errors: 0
0: 	 Link 3: Recovery Errors: 0
0: 	 Link 3: CRC Errors: 0
0: 
0: 	 Link 4: Replay Errors: 0
0: 	 Link 4: Recovery Errors: 0
0: 	 Link 4: CRC Errors: 0
0: 
0: 	 Link 5: Replay Errors: 0
0: 	 Link 5: Recovery Errors: 0
0: 	 Link 5: CRC Errors: 0
0: 
0: 	 Link 6: Replay Errors: 0
0: 	 Link 6: Recovery Errors: 0
0: 	 Link 6: CRC Errors: 0
0: 
0: 	 Link 7: Replay Errors: 0
0: 	 Link 7: Recovery Errors: 0
0: 	 Link 7: CRC Errors: 0
0: 
0: 	 Link 8: Replay Errors: 0
0: 	 Link 8: Recovery Errors: 0
0: 	 Link 8: CRC Errors: 0
0: 
0: 	 Link 9: Replay Errors: 0
0: 	 Link 9: Recovery Errors: 0
0: 	 Link 9: CRC Errors: 0
0: 
0: 	 Link 10: Replay Errors: 0
0: 	 Link 10: Recovery Errors: 0
0: 	 Link 10: CRC Errors: 0
0: 
0: 	 Link 11: Replay Errors: 0
0: 	 Link 11: Recovery Errors: 0
0: 	 Link 11: CRC Errors: 0
0: 
0: 	 Link 12: Replay Errors: 0
0: 	 Link 12: Recover
0: y Errors: 0
0: 	 Link 12: CRC Errors: 0
0: 
0: 	 Link 13: Replay Errors: 0
0: 	 Link 13: Recovery Errors: 0
0: 	 Link 13: CRC Errors: 0
0: 
0: 	 Link 14: Replay Errors: 0
0: 	 Link 14: Recovery Errors: 0
0: 	 Link 14: CRC Errors: 0
0: 
0: 	 Link 15: Replay Errors: 0
0: 	 Link 15: Recovery Errors: 0
0: 	 Link 15: CRC Errors: 0
0: 
0: 	 Link 16: Replay Errors: 0
0: 	 Link 16: Recovery Errors: 0
0: 	 Link 16: CRC Errors: 0
0: 
0: 	 Link 17: Replay Errors: 0
0: 	 Link 17: Recovery Errors: 0
0: 	 Link 17: CRC Errors: 0
0: 
0: GPU 1: NVIDIA GH200 120GB (UUID: GPU-94511c6c-0551-6ee2-2bc7-8743d6a340da)
0: 	 Link 0: Replay Errors: 0
0: 	 Link 0: Recovery Errors: 0
0: 	 Link 0: CRC Errors: 0
0: 
0: 	 Link 1: Replay Errors: 0
0: 	 Link 1: Recovery Errors: 0
0: 	 Link 1: CRC Errors: 0
0: 
0: 	 Link 2: Replay Errors: 0
0: 	 Link 2: Recovery Errors: 0
0: 	 Link 2: CRC Errors: 0
0: 
0: 	 Link 3: Replay Errors: 0
0: 	 Link 3: Recovery Errors: 0
0: 	 Link 3: CRC Errors: 0
0: 
0: 	 Link 4: Replay Errors: 0
0: 	 Link 4: Recovery Errors: 0
0: 	 Link 4: CRC Errors: 0
0: 
0: 	 Link 5: Replay Errors: 0
0: 	 Link 5: Recovery Errors: 0
0: 	 Link 5: CRC Errors: 0
0: 
0: 	 Link 6: Replay Errors: 0
0: 	 Link 6: Recovery Errors: 0
0: 	 Link 6: CRC Errors: 0
0: 
0: 	 Link 7: Replay Errors: 0
0: 	 Link 7: Recovery Errors: 0
0: 	 Link 7: CRC Errors: 0
0: 
0: 	 Link 8: Replay Errors: 0
0: 	 Link 8: Recovery Errors: 0
0: 	 Link 8: CRC Errors: 0
0: 
0: 	 Link 9: Replay Errors: 0
0: 	 Link 9: Recovery Errors: 0
0: 	 Link 9: CRC Errors: 0
0: 
0: 	 Link 10: Replay Errors: 0
0: 	 Link 10: Recovery Errors: 0
0: 	 Link 10: CRC Errors: 0
0: 
0: 	 Link 11: Replay Errors: 0
0: 	 Link 11: Recovery Errors: 0
0: 	 Link 11: CRC Errors: 0
0: 
0: 	 Link 12: Replay Errors: 0
0: 	 Link 12: Recover
0: y Errors: 0
0: 	 Link 12: CRC Errors: 0
0: 
0: 	 Link 13: Replay Errors: 0
0: 	 Link 13: Recovery Errors: 0
0: 	 Link 13: CRC Errors: 0
0: 
0: 	 Link 14: Replay Errors: 0
0: 	 Link 14: Recovery Errors: 0
0: 	 Link 14: CRC Errors: 0
0: 
0: 	 Link 15: Replay Errors: 0
0: 	 Link 15: Recovery Errors: 0
0: 	 Link 15: CRC Errors: 0
0: 
0: 	 Link 16: Replay Errors: 0
0: 	 Link 16: Recovery Errors: 0
0: 	 Link 16: CRC Errors: 0
0: 
0: 	 Link 17: Replay Errors: 0
0: 	 Link 17: Recovery Errors: 0
0: 	 Link 17: CRC Errors: 0
0: 
0: GPU 2: NVIDIA GH200 120GB (UUID: GPU-130de23c-305e-cf7a-0b35-a92c7bcd7abc)
0: 	 Link 0: Replay Errors: 0
0: 	 Link 0: Recovery Errors: 0
0: 	 Link 0: CRC Errors: 0
0: 
0: 	 Link 1: Replay Errors: 0
0: 	 Link 1: Recovery Errors: 0
0: 	 Link 1: CRC Errors: 0
0: 
0: 	 Link 2: Replay Errors: 0
0: 	 Link 2: Recovery Errors: 0
0: 	 Link 2: CRC Errors: 0
0: 
0: 	 Link 3: Replay Errors: 0
0: 	 Link 3: Recovery Errors: 0
0: 	 Link 3: CRC Errors: 0
0: 
0: 	 Link 4: Replay Errors: 0
0: 	 Link 4: Recovery Errors: 0
0: 	 Link 4: CRC Errors: 0
0: 
0: 	 Link 5: Replay Errors: 0
0: 	 Link 5: Recovery Errors: 0
0: 	 Link 5: CRC Errors: 0
0: 
0: 	 Link 6: Replay Errors: 0
0: 	 Link 6: Recovery Errors: 0
0: 	 Link 6: CRC Errors: 0
0: 
0: 	 Link 7: Replay Errors: 0
0: 	 Link 7: Recovery Errors: 0
0: 	 Link 7: CRC Errors: 0
0: 
0: 	 Link 8: Replay Errors: 0
0: 	 Link 8: Recovery Errors: 0
0: 	 Link 8: CRC Errors: 0
0: 
0: 	 Link 9: Replay Errors: 0
0: 	 Link 9: Recovery Errors: 0
0: 	 Link 9: CRC Errors: 0
0: 
0: 	 Link 10: Replay Errors: 0
0: 	 Link 10: Recovery Errors: 0
0: 	 Link 10: CRC Errors: 0
0: 
0: 	 Link 11: Replay Errors: 0
0: 	 Link 11: Recovery Errors: 0
0: 	 Link 11: CRC Errors: 0
0: 
0: 	 Link 12: Replay Errors: 0
0: 	 Link 12: Recover
0: y Errors: 0
0: 	 Link 12: CRC Errors: 0
0: 
0: 	 Link 13: Replay Errors: 0
0: 	 Link 13: Recovery Errors: 0
0: 	 Link 13: CRC Errors: 0
0: 
0: 	 Link 14: Replay Errors: 0
0: 	 Link 14: Recovery Errors: 0
0: 	 Link 14: CRC Errors: 0
0: 
0: 	 Link 15: Replay Errors: 0
0: 	 Link 15: Recovery Errors: 0
0: 	 Link 15: CRC Errors: 0
0: 
0: 	 Link 16: Replay Errors: 0
0: 	 Link 16: Recovery Errors: 0
0: 	 Link 16: CRC Errors: 0
0: 
0: 	 Link 17: Replay Errors: 0
0: 	 Link 17: Recovery Errors: 0
0: 	 Link 17: CRC Errors: 0
0: 
0: GPU 3: NVIDIA GH200 120GB (UUID: GPU-e4064920-aa88-c6bc-19ec-f05dcbeaa486)
0: 	 Link 0: Replay Errors: 0
0: 	 Link 0: Recovery Errors: 0
0: 	 Link 0: CRC Errors: 0
0: 
0: 	 Link 1: Replay Errors: 0
0: 	 Link 1: Recovery Errors: 0
0: 	 Link 1: CRC Errors: 0
0: 
0: 	 Link 2: Replay Errors: 0
0: 	 Link 2: Recovery Errors: 0
0: 	 Link 2: CRC Errors: 0
0: 
0: 	 Link 3: Replay Errors: 0
0: 	 Link 3: Recovery Errors: 0
0: 	 Link 3: CRC Errors: 0
0: 
0: 	 Link 4: Replay Errors: 0
0: 	 Link 4: Recovery Errors: 0
0: 	 Link 4: CRC Errors: 0
0: 
0: 	 Link 5: Replay Errors: 0
0: 	 Link 5: Recovery Errors: 0
0: 	 Link 5: CRC Errors: 0
0: 
0: 	 Link 6: Replay Errors: 0
0: 	 Link 6: Recovery Errors: 0
0: 	 Link 6: CRC Errors: 0
0: 
0: 	 Link 7: Replay Errors: 0
0: 	 Link 7: Recovery Errors: 0
0: 	 Link 7: CRC Errors: 0
0: 
0: 	 Link 8: Replay Errors: 0
0: 	 Link 8: Recovery Errors: 0
0: 	 Link 8: CRC Errors: 0
0: 
0: 	 Link 9: Replay Errors: 0
0: 	 Link 9: Recovery Errors: 0
0: 	 Link 9: CRC Errors: 0
0: 
0: 	 Link 10: Replay Errors: 0
0: 	 Link 10: Recovery Errors: 0
0: 	 Link 10: CRC Errors: 0
0: 
0: 	 Link 11: Replay Errors: 0
0: 	 Link 11: Recovery Errors: 0
0: 	 Link 11: CRC Errors: 0
0: 
0: 	 Link 12: Replay Errors: 0
0: 	 Link 12: Recover
0: y Errors: 0
0: 	 Link 12: CRC Errors: 0
0: 
0: 	 Link 13: Replay Errors: 0
0: 	 Link 13: Recovery Errors: 0
0: 	 Link 13: CRC Errors: 0
0: 
0: 	 Link 14: Replay Errors: 0
0: 	 Link 14: Recovery Errors: 0
0: 	 Link 14: CRC Errors: 0
0: 
0: 	 Link 15: Replay Errors: 0
0: 	 Link 15: Recovery Errors: 0
0: 	 Link 15: CRC Errors: 0
0: 
0: 	 Link 16: Replay Errors: 0
0: 	 Link 16: Recovery Errors: 0
0: 	 Link 16: CRC Errors: 0
0: 
0: 	 Link 17: Replay Errors: 0
0: 	 Link 17: Recovery Errors: 0
0: 	 Link 17: CRC Errors: 0
0: 

NCCL_TESTS_INTRA_COMPLETE nid007195
