=== node: nid007195  EDF: /iopsstor/scratch/cscs/mvasilev/vllm-play/megatron-v2601-multinode.toml  passes: 20 ===
0: === nvlink status ===
0: GPU 0: NVIDIA GH200 120GB (UUID: GPU-1576f3c3-8372-7d6b-decd-052c8b7157a8)
0: 	 Link 0: 26.562 GB/s
0: 	 Link 1: 26.562 GB/s
0: 	 Link 2: 26.562 GB/s
0: 	 Link 3: 26.562 GB/s
0: 	 Link 4: 26.562 GB/s
0: 	 Link 5: 26.562 GB/s
0: 	 Link 6: 26.562 GB/s
0: 	 Link 7: 26.562 GB/s
0: 	 Link 8: 26.562 GB/s
0: 	 Link 9: 26.562 GB/s
0: 	 Link 10: 26.562 GB/s
0: 	 Link 11: 26.562 GB/s
0: 	 Link 12: 26.562 GB/s
0: 	 Link 13: 26.562 GB/s
0: 	 Link 14: 26.562 GB/s
0: 	 Link 15: 26.562 GB/s
0: 	 Link 16: 26.562 GB/s
0: 	 Link 17: 26.562 GB/s
0: GPU 1: NVIDIA GH200 120GB (UUID: GPU-94511c6c-0551-6ee2-2bc7-8743d6a340da)
0: 	 Link 0: 26.562 GB/s
0: 	 Link 1: 26.562 GB/s
0: 	 Link 2: 26.562 GB/s
0: 	 Link 3: 26.562 GB/s
0: 	 Link 4: 26.562 GB/s
0: 	 Link 5: 26.562 GB/s
0: 	 Link 6: 26.562 GB/s
0: 	 Link 7: 26.562 GB/s
0: 	 Link 8: 26.562 GB/s
0: 	 Link 9: 26.562 GB/s
0: 	 Link 10: 26.562 GB/s
0: 	 Link 11: 26.562 GB/s
0: 	 Link 12: 26.562 GB/s
0: 	 Link 13: 26.562 GB/s
0: 	 Link 14: 26.562 GB/s
0: 	 Link 15: 26.562 GB/s
0: 	 Link 16: 26.562 GB/s
0: 	 Link 17: 26.562 GB/s
0: GPU 2: NVIDIA GH200 120GB (UUID: GPU-130de23c-305e-cf7a-0b35-a92c7bcd7abc)
0: 	 Link 0: 26.562 GB/s
0: 	 Link 1: 26.562 GB/s
0: 	 Link 2: 26.562 GB/s
0: 	 Link 3: 26.562 GB/s
0: 	 Link 4: 26.562 GB/s
0: 	 Link 5: 26.562 GB/s
0: 	 Link 6: 26.562 GB/s
0: 	 Link 7: 26.562 GB/s
0: 	 Link 8: 26.562 GB/s
0: 	 Link 9: 26.562 GB/s
0: 	 Link 10: 26.562 GB/s
0: 	 Link 11: 26.562 GB/s
0: 	 Link 12: 26.562 GB/s
0: 	 Link 13: 26.562 GB/s
0: 	 Link 14: 26.562 GB/s
0: 	 Link 15: 26.562 GB/s
0: 	 Link 16: 26.562 GB/s
0: 	 Link 17: 26.562 GB/s
0: GPU 3: NVIDIA GH200 120GB (UUID: GPU-e4064920-aa88-c6bc-19ec-f05dcbeaa486)
0: 	 Link 0: 26.562 GB/s
0: 	 Link 1: 26.562 GB/s
0: 	 Link 2: 26.562 GB/s
0: 	 Link 3: 26.562 GB/s
0: 	 Link 4: 26.562 GB/s
0: 	 Link 5: 26.562 GB/s
0: 	 Link 6: 26.562 GB/s
0: 	 Link 7: 26.562 GB/s
0: 	 Link 8: 26.562 GB/s
0: 	 Link 9: 26.562 GB/s
0: 	 Link 10: 26.562 GB/s
0: 	 Link 11: 26.562 GB/s
0: 	 Link 12: 26.562 GB/s
0: 	 Link 13: 26.562 GB/s
0: 	 Link 14: 26.562 GB/s
0: 	 Link 15: 26.562 GB/s
0: 	 Link 16: 26.562 GB/s
0: 	 Link 17: 26.562 GB/s
0: === nvlink error counters BEFORE ===
0: GPU 0: NVIDIA GH200 120GB (UUID: GPU-1576f3c3-8372-7d6b-decd-052c8b7157a8)
0: 	 Link 0: Replay Errors: 0
0: 	 Link 0: Recovery Errors: 0
0: 	 Link 0: CRC Errors: 0
0: 
0: 	 Link 1: Replay Errors: 0
0: 	 Link 1: Recovery Errors: 0
0: 	 Link 1: CRC Errors: 0
0: 
0: 	 Link 2: Replay Errors: 0
0: 	 Link 2: Recovery Errors: 0
0: 	 Link 2: CRC Errors: 0
0: 
0: 	 Link 3: Replay Errors: 0
0: 	 Link 3: Recovery Errors: 0
0: 	 Link 3: CRC Errors: 0
0: 
0: 	 Link 4: Replay Errors: 0
0: 	 Link 4: Recovery Errors: 0
0: 	 Link 4: CRC Errors: 0
0: 
0: 	 Link 5: Replay Errors: 0
0: 	 Link 5: Recovery Errors: 0
0: 	 Link 5: CRC Errors: 0
0: 
0: 	 Link 6: Replay Errors: 0
0: 	 Link 6: Recovery Errors: 0
0: 	 Link 6: CRC Errors: 0
0: 
0: 	 Link 7: Replay Errors: 0
0: 	 Link 7: Recovery Errors: 0
0: 	 Link 7: CRC Errors: 0
0: 
0: 	 Link 8: Replay Errors: 0
0: 	 Link 8: Recovery Errors: 0
0: 	 Link 8: CRC Errors: 0
0: 
0: 	 Link 9: Replay Errors: 0
0: 	 Link 9: Recovery Errors: 0
0: 	 Link 9: CRC Errors: 0
0: 
0: 	 Link 10: Replay Errors: 0
0: 	 Link 10: Recovery Errors: 0
0: 	 Link 10: CRC Errors: 0
0: 
0: 	 Link 11: Replay Errors: 0
0: 	 Link 11: Recovery Errors: 0
0: 	 Link 11: CRC Errors: 0
0: 
0: 	 Link 12: Replay Errors: 0
0: 	 Link 12: Recover
0: y Errors: 0
0: 	 Link 12: CRC Errors: 0
0: 
0: 	 Link 13: Replay Errors: 0
0: 	 Link 13: Recovery Errors: 0
0: 	 Link 13: CRC Errors: 0
0: 
0: 	 Link 14: Replay Errors: 0
0: 	 Link 14: Recovery Errors: 0
0: 	 Link 14: CRC Errors: 0
0: 
0: 	 Link 15: Replay Errors: 0
0: 	 Link 15: Recovery Errors: 0
0: 	 Link 15: CRC Errors: 0
0: 
0: 	 Link 16: Replay Errors: 0
0: 	 Link 16: Recovery Errors: 0
0: 	 Link 16: CRC Errors: 0
0: 
0: 	 Link 17: Replay Errors: 0
0: 	 Link 17: Recovery Errors: 0
0: 	 Link 17: CRC Errors: 0
0: 
0: GPU 1: NVIDIA GH200 120GB (UUID: GPU-94511c6c-0551-6ee2-2bc7-8743d6a340da)
0: 	 Link 0: Replay Errors: 0
0: 	 Link 0: Recovery Errors: 0
0: 	 Link 0: CRC Errors: 0
0: 
0: 	 Link 1: Replay Errors: 0
0: 	 Link 1: Recovery Errors: 0
0: 	 Link 1: CRC Errors: 0
0: 
0: 	 Link 2: Replay Errors: 0
0: 	 Link 2: Recovery Errors: 0
0: 	 Link 2: CRC Errors: 0
0: 
0: 	 Link 3: Replay Errors: 0
0: 	 Link 3: Recovery Errors: 0
0: 	 Link 3: CRC Errors: 0
0: 
0: 	 Link 4: Replay Errors: 0
0: 	 Link 4: Recovery Errors: 0
0: 	 Link 4: CRC Errors: 0
0: 
0: 	 Link 5: Replay Errors: 0
0: 	 Link 5: Recovery Errors: 0
0: 	 Link 5: CRC Errors: 0
0: 
0: 	 Link 6: Replay Errors: 0
0: 	 Link 6: Recovery Errors: 0
0: 	 Link 6: CRC Errors: 0
0: 
0: 	 Link 7: Replay Errors: 0
0: 	 Link 7: Recovery Errors: 0
0: 	 Link 7: CRC Errors: 0
0: 
0: 	 Link 8: Replay Errors: 0
0: 	 Link 8: Recovery Errors: 0
0: 	 Link 8: CRC Errors: 0
0: 
0: 	 Link 9: Replay Errors: 0
0: 	 Link 9: Recovery Errors: 0
0: 	 Link 9: CRC Errors: 0
0: 
0: 	 Link 10: Replay Errors: 0
0: 	 Link 10: Recovery Errors: 0
0: 	 Link 10: CRC Errors: 0
0: 
0: 	 Link 11: Replay Errors: 0
0: 	 Link 11: Recovery Errors: 0
0: 	 Link 11: CRC Errors: 0
0: 
0: 	 Link 12: Replay Errors: 0
0: 	 Link 12: Recover
0: y Errors: 0
0: 	 Link 12: CRC Errors: 0
0: 
0: 	 Link 13: Replay Errors: 0
0: 	 Link 13: Recovery Errors: 0
0: 	 Link 13: CRC Errors: 0
0: 
0: 	 Link 14: Replay Errors: 0
0: 	 Link 14: Recovery Errors: 0
0: 	 Link 14: CRC Errors: 0
0: 
0: 	 Link 15: Replay Errors: 0
0: 	 Link 15: Recovery Errors: 0
0: 	 Link 15: CRC Errors: 0
0: 
0: 	 Link 16: Replay Errors: 0
0: 	 Link 16: Recovery Errors: 0
0: 	 Link 16: CRC Errors: 0
0: 
0: 	 Link 17: Replay Errors: 0
0: 	 Link 17: Recovery Errors: 0
0: 	 Link 17: CRC Errors: 0
0: 
0: GPU 2: NVIDIA GH200 120GB (UUID: GPU-130de23c-305e-cf7a-0b35-a92c7bcd7abc)
0: 	 Link 0: Replay Errors: 0
0: 	 Link 0: Recovery Errors: 0
0: 	 Link 0: CRC Errors: 0
0: 
0: 	 Link 1: Replay Errors: 0
0: 	 Link 1: Recovery Errors: 0
0: 	 Link 1: CRC Errors: 0
0: 
0: 	 Link 2: Replay Errors: 0
0: 	 Link 2: Recovery Errors: 0
0: 	 Link 2: CRC Errors: 0
0: 
0: 	 Link 3: Replay Errors: 0
0: 	 Link 3: Recovery Errors: 0
0: 	 Link 3: CRC Errors: 0
0: 
0: 	 Link 4: Replay Errors: 0
0: 	 Link 4: Recovery Errors: 0
0: 	 Link 4: CRC Errors: 0
0: 
0: 	 Link 5: Replay Errors: 0
0: 	 Link 5: Recovery Errors: 0
0: 	 Link 5: CRC Errors: 0
0: 
0: 	 Link 6: Replay Errors: 0
0: 	 Link 6: Recovery Errors: 0
0: 	 Link 6: CRC Errors: 0
0: 
0: 	 Link 7: Replay Errors: 0
0: 	 Link 7: Recovery Errors: 0
0: 	 Link 7: CRC Errors: 0
0: 
0: 	 Link 8: Replay Errors: 0
0: 	 Link 8: Recovery Errors: 0
0: 	 Link 8: CRC Errors: 0
0: 
0: 	 Link 9: Replay Errors: 0
0: 	 Link 9: Recovery Errors: 0
0: 	 Link 9: CRC Errors: 0
0: 
0: 	 Link 10: Replay Errors: 0
0: 	 Link 10: Recovery Errors: 0
0: 	 Link 10: CRC Errors: 0
0: 
0: 	 Link 11: Replay Errors: 0
0: 	 Link 11: Recovery Errors: 0
0: 	 Link 11: CRC Errors: 0
0: 
0: 	 Link 12: Replay Errors: 0
0: 	 Link 12: Recover
0: y Errors: 0
0: 	 Link 12: CRC Errors: 0
0: 
0: 	 Link 13: Replay Errors: 0
0: 	 Link 13: Recovery Errors: 0
0: 	 Link 13: CRC Errors: 0
0: 
0: 	 Link 14: Replay Errors: 0
0: 	 Link 14: Recovery Errors: 0
0: 	 Link 14: CRC Errors: 0
0: 
0: 	 Link 15: Replay Errors: 0
0: 	 Link 15: Recovery Errors: 0
0: 	 Link 15: CRC Errors: 0
0: 
0: 	 Link 16: Replay Errors: 0
0: 	 Link 16: Recovery Errors: 0
0: 	 Link 16: CRC Errors: 0
0: 
0: 	 Link 17: Replay Errors: 0
0: 	 Link 17: Recovery Errors: 0
0: 	 Link 17: CRC Errors: 0
0: 
0: GPU 3: NVIDIA GH200 120GB (UUID: GPU-e4064920-aa88-c6bc-19ec-f05dcbeaa486)
0: 	 Link 0: Replay Errors: 0
0: 	 Link 0: Recovery Errors: 0
0: 	 Link 0: CRC Errors: 0
0: 
0: 	 Link 1: Replay Errors: 0
0: 	 Link 1: Recovery Errors: 0
0: 	 Link 1: CRC Errors: 0
0: 
0: 	 Link 2: Replay Errors: 0
0: 	 Link 2: Recovery Errors: 0
0: 	 Link 2: CRC Errors: 0
0: 
0: 	 Link 3: Replay Errors: 0
0: 	 Link 3: Recovery Errors: 0
0: 	 Link 3: CRC Errors: 0
0: 
0: 	 Link 4: Replay Errors: 0
0: 	 Link 4: Recovery Errors: 0
0: 	 Link 4: CRC Errors: 0
0: 
0: 	 Link 5: Replay Errors: 0
0: 	 Link 5: Recovery Errors: 0
0: 	 Link 5: CRC Errors: 0
0: 
0: 	 Link 6: Replay Errors: 0
0: 	 Link 6: Recovery Errors: 0
0: 	 Link 6: CRC Errors: 0
0: 
0: 	 Link 7: Replay Errors: 0
0: 	 Link 7: Recovery Errors: 0
0: 	 Link 7: CRC Errors: 0
0: 
0: 	 Link 8: Replay Errors: 0
0: 	 Link 8: Recovery Errors: 0
0: 	 Link 8: CRC Errors: 0
0: 
0: 	 Link 9: Replay Errors: 0
0: 	 Link 9: Recovery Errors: 0
0: 	 Link 9: CRC Errors: 0
0: 
0: 	 Link 10: Replay Errors: 0
0: 	 Link 10: Recovery Errors: 0
0: 	 Link 10: CRC Errors: 0
0: 
0: 	 Link 11: Replay Errors: 0
0: 	 Link 11: Recovery Errors: 0
0: 	 Link 11: CRC Errors: 0
0: 
0: 	 Link 12: Replay Errors: 0
0: 	 Link 12: Recover
0: y Errors: 0
0: 	 Link 12: CRC Errors: 0
0: 
0: 	 Link 13: Replay Errors: 0
0: 	 Link 13: Recovery Errors: 0
0: 	 Link 13: CRC Errors: 0
0: 
0: 	 Link 14: Replay Errors: 0
0: 	 Link 14: Recovery Errors: 0
0: 	 Link 14: CRC Errors: 0
0: 
0: 	 Link 15: Replay Errors: 0
0: 	 Link 15: Recovery Errors: 0
0: 	 Link 15: CRC Errors: 0
0: 
0: 	 Link 16: Replay Errors: 0
0: 	 Link 16: Recovery Errors: 0
0: 	 Link 16: CRC Errors: 0
0: 
0: 	 Link 17: Replay Errors: 0
0: 	 Link 17: Recovery Errors: 0
0: 	 Link 17: CRC Errors: 0
0: 
0: 
0: ##### pass 1/20  pair g0-g1  sendrecv_perf
0: # nccl-tests version 2.17.8 nccl-headers=22903 nccl-library=22903
0: # Collective test starting: sendrecv_perf
0: # nThread 1 nGpus 2 minBytes 8388608 maxBytes 268435456 step: 2(factor) warmup iters: 5 iters: 20 agg iters: 1 validation: 1 graph: 0
0: #
0: # Using devices
0: #  Rank  0 Group  0 Pid  63745 on  nid007195 device  0 [0009:01:00] NVIDIA GH200 120GB
0: #  Rank  1 Group  0 Pid  63745 on  nid007195 device  1 [0019:01:00] NVIDIA GH200 120GB
0: #
0: #                                                              out-of-place                       in-place          
0: #       size         count      type   redop    root     time   algbw   busbw  #wrong     time   algbw   busbw  #wrong 
0: #        (B)    (elements)                               (us)  (GB/s)  (GB/s)             (us)  (GB/s)  (GB/s)         
0:      8388608       2097152     float     sum      -1   116.62   71.93   71.93       0   114.94   72.98   72.98    N/A
0:     16777216       4194304     float     sum      -1   220.98   75.92   75.92       0   218.83   76.67   76.67    N/A
0:     33554432       8388608     float     sum      -1   420.13   79.87   79.87       0   421.69   79.57   79.57    N/A
0:     67108864      16777216     float     sum      -1   810.86   82.76   82.76       0   824.84   81.36   81.36    N/A
0:    134217728      33554432     float     sum      -1  1121.04  119.73  119.73       0  1122.68  119.55  119.55    N/A
0:    268435456      67108864     float     sum      -1  2209.69  121.48  121.48       0  2205.79  121.70  121.70    N/A
0: # Out of bounds values : 0 OK
0: # Avg bus bandwidth    : 91.9603 
0: #
0: # Collective test concluded: sendrecv_perf
0: #
0: 
0: 
0: ##### pass 1/20  pair g0-g2  sendrecv_perf
0: # nccl-tests version 2.17.8 nccl-headers=22903 nccl-library=22903
0: # Collective test starting: sendrecv_perf
0: # nThread 1 nGpus 2 minBytes 8388608 maxBytes 268435456 step: 2(factor) warmup iters: 5 iters: 20 agg iters: 1 validation: 1 graph: 0
0: #
0: # Using devices
0: #  Rank  0 Group  0 Pid  63789 on  nid007195 device  0 [0009:01:00] NVIDIA GH200 120GB
0: #  Rank  1 Group  0 Pid  63789 on  nid007195 device  1 [0029:01:00] NVIDIA GH200 120GB
0: #
0: #                                                              out-of-place                       in-place          
0: #       size         count      type   redop    root     time   algbw   busbw  #wrong     time   algbw   busbw  #wrong 
0: #        (B)    (elements)                               (us)  (GB/s)  (GB/s)             (us)  (GB/s)  (GB/s)         
0:      8388608       2097152     float     sum      -1   118.48   70.80   70.80       0   117.22   71.56   71.56    N/A
0:     16777216       4194304     float     sum      -1   217.92   76.99   76.99       0   219.20   76.54   76.54    N/A
0:     33554432       8388608     float     sum      -1   420.29   79.84   79.84       0   418.37   80.20   80.20    N/A
0:     67108864      16777216     float     sum      -1   812.17   82.63   82.63       0   819.39   81.90   81.90    N/A
0:    134217728      33554432     float     sum      -1  1119.85  119.85  119.85       0  1121.75  119.65  119.65    N/A
0:    268435456      67108864     float     sum      -1  2206.88  121.64  121.64       0  2210.50  121.44  121.44    N/A
0: # Out of bounds values : 0 OK
0: # Avg bus bandwidth    : 91.9199 
0: #
0: # Collective test concluded: sendrecv_perf
0: #
0: 
0: 
0: ##### pass 1/20  pair g0-g3  sendrecv_perf
0: # nccl-tests version 2.17.8 nccl-headers=22903 nccl-library=22903
0: # Collective test starting: sendrecv_perf
0: # nThread 1 nGpus 2 minBytes 8388608 maxBytes 268435456 step: 2(factor) warmup iters: 5 iters: 20 agg iters: 1 validation: 1 graph: 0
0: #
0: # Using devices
0: #  Rank  0 Group  0 Pid  63829 on  nid007195 device  0 [0009:01:00] NVIDIA GH200 120GB
0: #  Rank  1 Group  0 Pid  63829 on  nid007195 device  1 [0039:01:00] NVIDIA GH200 120GB
0: #
0: #                                                              out-of-place                       in-place          
0: #       size         count      type   redop    root     time   algbw   busbw  #wrong     time   algbw   busbw  #wrong 
0: #        (B)    (elements)                               (us)  (GB/s)  (GB/s)             (us)  (GB/s)  (GB/s)         
0:      8388608       2097152     float     sum      -1   115.26   72.78   72.78       0   115.19   72.82   72.82    N/A
0:     16777216       4194304     float     sum      -1   217.69   77.07   77.07       0   221.96   75.59   75.59    N/A
0:     33554432       8388608     float     sum      -1   419.55   79.98   79.98       0   421.23   79.66   79.66    N/A
0:     67108864      16777216     float     sum      -1   811.30   82.72   82.72       0   817.24   82.12   82.12    N/A
0:    134217728      33554432     float     sum      -1  1123.23  119.49  119.49       0  1130.95  118.68  118.68    N/A
0:    268435456      67108864     float     sum      -1  2204.47  121.77  121.77       0  2220.16  120.91  120.91    N/A
0: # Out of bounds values : 0 OK
0: # Avg bus bandwidth    : 91.9641 
0: #
0: # Collective test concluded: sendrecv_perf
0: #
0: 
0: 
0: ##### pass 1/20  pair g1-g2  sendrecv_perf
0: # nccl-tests version 2.17.8 nccl-headers=22903 nccl-library=22903
0: # Collective test starting: sendrecv_perf
0: # nThread 1 nGpus 2 minBytes 8388608 maxBytes 268435456 step: 2(factor) warmup iters: 5 iters: 20 agg iters: 1 validation: 1 graph: 0
0: #
0: # Using devices
0: #  Rank  0 Group  0 Pid  63866 on  nid007195 device  0 [0019:01:00] NVIDIA GH200 120GB
0: #  Rank  1 Group  0 Pid  63866 on  nid007195 device  1 [0029:01:00] NVIDIA GH200 120GB
0: #
0: #                                                              out-of-place                       in-place          
0: #       size         count      type   redop    root     time   algbw   busbw  #wrong     time   algbw   busbw  #wrong 
0: #        (B)    (elements)                               (us)  (GB/s)  (GB/s)             (us)  (GB/s)  (GB/s)         
0:      8388608       2097152     float     sum      -1   115.79   72.45   72.45       0   115.86   72.41   72.41    N/A
0:     16777216       4194304     float     sum      -1   217.26   77.22   77.22       0   220.32   76.15   76.15    N/A
0:     33554432       8388608     float     sum      -1   420.20   79.85   79.85       0   422.81   79.36   79.36    N/A
0:     67108864      16777216     float     sum      -1   808.42   83.01   83.01       0   820.81   81.76   81.76    N/A
0:    134217728      33554432     float     sum      -1  1127.83  119.01  119.01       0  1120.25  119.81  119.81    N/A
0:    268435456      67108864     float     sum      -1  2212.65  121.32  121.32       0  2208.93  121.52  121.52    N/A
0: # Out of bounds values : 0 OK
0: # Avg bus bandwidth    : 91.989 
0: #
0: # Collective test concluded: sendrecv_perf
0: #
0: 
0: 
0: ##### pass 1/20  pair g1-g3  sendrecv_perf
0: # nccl-tests version 2.17.8 nccl-headers=22903 nccl-library=22903
0: # Collective test starting: sendrecv_perf
0: # nThread 1 nGpus 2 minBytes 8388608 maxBytes 268435456 step: 2(factor) warmup iters: 5 iters: 20 agg iters: 1 validation: 1 graph: 0
0: #
0: # Using devices
0: #  Rank  0 Group  0 Pid  63926 on  nid007195 device  0 [0019:01:00] NVIDIA GH200 120GB
0: #  Rank  1 Group  0 Pid  63926 on  nid007195 device  1 [0039:01:00] NVIDIA GH200 120GB
0: #
0: #                                                              out-of-place                       in-place          
0: #       size         count      type   redop    root     time   algbw   busbw  #wrong     time   algbw   busbw  #wrong 
0: #        (B)    (elements)                               (us)  (GB/s)  (GB/s)             (us)  (GB/s)  (GB/s)         
0:      8388608       2097152     float     sum      -1   115.54   72.60   72.60       0   119.34   70.29   70.29    N/A
0:     16777216       4194304     float     sum      -1   219.71   76.36   76.36       0   217.28   77.21   77.21    N/A
0:     33554432       8388608     float     sum      -1   419.27   80.03   80.03       0   419.42   80.00   80.00    N/A
0:     67108864      16777216     float     sum      -1   809.98   82.85   82.85       0   820.13   81.83   81.83    N/A
0:    134217728      33554432     float     sum      -1  1125.87  119.21  119.21       0  1128.16  118.97  118.97    N/A
0:    268435456      67108864     float     sum      -1  2201.48  121.93  121.93       0  2204.40  121.77  121.77    N/A
0: # Out of bounds values : 0 OK
0: # Avg bus bandwidth    : 91.9222 
0: #
0: # Collective test concluded: sendrecv_perf
0: #
0: 
0: 
0: ##### pass 1/20  pair g2-g3  sendrecv_perf
0: # nccl-tests version 2.17.8 nccl-headers=22903 nccl-library=22903
0: # Collective test starting: sendrecv_perf
0: # nThread 1 nGpus 2 minBytes 8388608 maxBytes 268435456 step: 2(factor) warmup iters: 5 iters: 20 agg iters: 1 validation: 1 graph: 0
0: #
0: # Using devices
0: #  Rank  0 Group  0 Pid  63962 on  nid007195 device  0 [0029:01:00] NVIDIA GH200 120GB
0: #  Rank  1 Group  0 Pid  63962 on  nid007195 device  1 [0039:01:00] NVIDIA GH200 120GB
0: #
0: #                                                              out-of-place                       in-place          
0: #       size         count      type   redop    root     time   algbw   busbw  #wrong     time   algbw   busbw  #wrong 
0: #        (B)    (elements)                               (us)  (GB/s)  (GB/s)             (us)  (GB/s)  (GB/s)         
0:      8388608       2097152     float     sum      -1   115.47   72.65   72.65       0   117.79   71.22   71.22    N/A
0:     16777216       4194304     float     sum      -1   220.27   76.17   76.17       0   220.51   76.08   76.08    N/A
0:     33554432       8388608     float     sum      -1   418.67   80.14   80.14       0   419.59   79.97   79.97    N/A
0:     67108864      16777216     float     sum      -1   810.47   82.80   82.80       0   822.18   81.62   81.62    N/A
0:    134217728      33554432     float     sum      -1  1122.40  119.58  119.58       0  1117.35  120.12  120.12    N/A
0:    268435456      67108864     float     sum      -1  2210.58  121.43  121.43       0  2213.89  121.25  121.25    N/A
0: # Out of bounds values : 0 OK
0: # Avg bus bandwidth    : 91.9199 
0: #
0: # Collective test concluded: sendrecv_perf
0: #
0: 
0: 
0: ##### pass 2/20  pair g0-g1  sendrecv_perf
0: # nccl-tests version 2.17.8 nccl-headers=22903 nccl-library=22903
0: # Collective test starting: sendrecv_perf
0: # nThread 1 nGpus 2 minBytes 8388608 maxBytes 268435456 step: 2(factor) warmup iters: 5 iters: 20 agg iters: 1 validation: 1 graph: 0
0: #
0: # Using devices
0: #  Rank  0 Group  0 Pid  64000 on  nid007195 device  0 [0009:01:00] NVIDIA GH200 120GB
0: #  Rank  1 Group  0 Pid  64000 on  nid007195 device  1 [0019:01:00] NVIDIA GH200 120GB
0: #
0: #                                                              out-of-place                       in-place          
0: #       size         count      type   redop    root     time   algbw   busbw  #wrong     time   algbw   busbw  #wrong 
0: #        (B)    (elements)                               (us)  (GB/s)  (GB/s)             (us)  (GB/s)  (GB/s)         
0:      8388608       2097152     float     sum      -1   115.25   72.79   72.79       0   115.22   72.80   72.80    N/A
0:     16777216       4194304     float     sum      -1   220.13   76.22   76.22       0   218.58   76.76   76.76    N/A
0:     33554432       8388608     float     sum      -1   418.88   80.10   80.10       0   423.13   79.30   79.30    N/A
0:     67108864      16777216     float     sum      -1   812.86   82.56   82.56       0   823.60   81.48   81.48    N/A
0:    134217728      33554432     float     sum      -1  1120.09  119.83  119.83       0  1123.13  119.50  119.50    N/A
0:    268435456      67108864     float     sum      -1  2222.04  120.81  120.81       0  2207.51  121.60  121.60    N/A
0: # Out of bounds values : 0 OK
0: # Avg bus bandwidth    : 91.9791 
0: #
0: # Collective test concluded: sendrecv_perf
0: #
0: 
0: 
0: ##### pass 2/20  pair g0-g2  sendrecv_perf
0: # nccl-tests version 2.17.8 nccl-headers=22903 nccl-library=22903
0: # Collective test starting: sendrecv_perf
0: # nThread 1 nGpus 2 minBytes 8388608 maxBytes 268435456 step: 2(factor) warmup iters: 5 iters: 20 agg iters: 1 validation: 1 graph: 0
0: #
0: # Using devices
0: #  Rank  0 Group  0 Pid  64036 on  nid007195 device  0 [0009:01:00] NVIDIA GH200 120GB
0: #  Rank  1 Group  0 Pid  64036 on  nid007195 device  1 [0029:01:00] NVIDIA GH200 120GB
0: #
0: #                                                              out-of-place                       in-place          
0: #       size         count      type   redop    root     time   algbw   busbw  #wrong     time   algbw   busbw  #wrong 
0: #        (B)    (elements)                               (us)  (GB/s)  (GB/s)             (us)  (GB/s)  (GB/s)         
0:      8388608       2097152     float     sum      -1   115.60   72.57   72.57       0   115.33   72.74   72.74    N/A
0:     16777216       4194304     float     sum      -1   222.35   75.45   75.45       0   217.98   76.97   76.97    N/A
0:     33554432       8388608     float     sum      -1   422.13   79.49   79.49       0   419.64   79.96   79.96    N/A
0:     67108864      16777216     float     sum      -1   813.08   82.54   82.54       0   818.12   82.03   82.03    N/A
0:    134217728      33554432     float     sum      -1  1125.38  119.26  119.26       0  1120.30  119.81  119.81    N/A
0:    268435456      67108864     float     sum      -1  2205.22  121.73  121.73       0  2205.17  121.73  121.73    N/A
0: # Out of bounds values : 0 OK
0: # Avg bus bandwidth    : 92.0221 
0: #
0: # Collective test concluded: sendrecv_perf
0: #
0: 
0: 
0: ##### pass 2/20  pair g0-g3  sendrecv_perf
0: # nccl-tests version 2.17.8 nccl-headers=22903 nccl-library=22903
0: # Collective test starting: sendrecv_perf
0: # nThread 1 nGpus 2 minBytes 8388608 maxBytes 268435456 step: 2(factor) warmup iters: 5 iters: 20 agg iters: 1 validation: 1 graph: 0
0: #
0: # Using devices
0: #  Rank  0 Group  0 Pid  64075 on  nid007195 device  0 [0009:01:00] NVIDIA GH200 120GB
0: #  Rank  1 Group  0 Pid  64075 on  nid007195 device  1 [0039:01:00] NVIDIA GH200 120GB
0: #
0: #                                                              out-of-place                       in-place          
0: #       size         count      type   redop    root     time   algbw   busbw  #wrong     time   algbw   busbw  #wrong 
0: #        (B)    (elements)                               (us)  (GB/s)  (GB/s)             (us)  (GB/s)  (GB/s)         
0:      8388608       2097152     float     sum      -1   115.30   72.76   72.76       0   115.23   72.80   72.80    N/A
0:     16777216       4194304     float     sum      -1   221.69   75.68   75.68       0   223.31   75.13   75.13    N/A
0:     33554432       8388608     float     sum      -1   422.04   79.51   79.51       0   420.41   79.81   79.81    N/A
0:     67108864      16777216     float     sum      -1   808.08   83.05   83.05       0   818.60   81.98   81.98    N/A
0:    134217728      33554432     float     sum      -1  1123.31  119.48  119.48       0  1130.13  118.76  118.76    N/A
0:    268435456      67108864     float     sum      -1  2211.92  121.36  121.36       0  2205.97  121.69  121.69    N/A
0: # Out of bounds values : 0 OK
0: # Avg bus bandwidth    : 91.8337 
0: #
0: # Collective test concluded: sendrecv_perf
0: #
0: 
0: 
0: ##### pass 2/20  pair g1-g2  sendrecv_perf
0: # nccl-tests version 2.17.8 nccl-headers=22903 nccl-library=22903
0: # Collective test starting: sendrecv_perf
0: # nThread 1 nGpus 2 minBytes 8388608 maxBytes 268435456 step: 2(factor) warmup iters: 5 iters: 20 agg iters: 1 validation: 1 graph: 0
0: #
0: # Using devices
0: #  Rank  0 Group  0 Pid  64110 on  nid007195 device  0 [0019:01:00] NVIDIA GH200 120GB
0: #  Rank  1 Group  0 Pid  64110 on  nid007195 device  1 [0029:01:00] NVIDIA GH200 120GB
0: #
0: #                                                              out-of-place                       in-place          
0: #       size         count      type   redop    root     time   algbw   busbw  #wrong     time   algbw   busbw  #wrong 
0: #        (B)    (elements)                               (us)  (GB/s)  (GB/s)             (us)  (GB/s)  (GB/s)         
0:      8388608       2097152     float     sum      -1   117.36   71.48   71.48       0   120.04   69.88   69.88    N/A
0:     16777216       4194304     float     sum      -1   221.24   75.83   75.83       0   217.91   76.99   76.99    N/A
0:     33554432       8388608     float     sum      -1   422.23   79.47   79.47       0   421.77   79.56   79.56    N/A
0:     67108864      16777216     float     sum      -1   812.89   82.56   82.56       0   823.87   81.46   81.46    N/A
0:    134217728      33554432     float     sum      -1  1116.64  120.20  120.20       0  1122.49  119.57  119.57    N/A
0:    268435456      67108864     float     sum      -1  2201.32  121.94  121.94       0  2206.05  121.68  121.68    N/A
0: # Out of bounds values : 0 OK
0: # Avg bus bandwidth    : 91.7182 
0: #
0: # Collective test concluded: sendrecv_perf
0: #
0: 
0: 
0: ##### pass 2/20  pair g1-g3  sendrecv_perf
0: # nccl-tests version 2.17.8 nccl-headers=22903 nccl-library=22903
0: # Collective test starting: sendrecv_perf
0: # nThread 1 nGpus 2 minBytes 8388608 maxBytes 268435456 step: 2(factor) warmup iters: 5 iters: 20 agg iters: 1 validation: 1 graph: 0
0: #
0: # Using devices
0: #  Rank  0 Group  0 Pid  64170 on  nid007195 device  0 [0019:01:00] NVIDIA GH200 120GB
0: #  Rank  1 Group  0 Pid  64170 on  nid007195 device  1 [0039:01:00] NVIDIA GH200 120GB
0: #
0: #                                                              out-of-place                       in-place          
0: #       size         count      type   redop    root     time   algbw   busbw  #wrong     time   algbw   busbw  #wrong 
0: #        (B)    (elements)                               (us)  (GB/s)  (GB/s)             (us)  (GB/s)  (GB/s)         
0:      8388608       2097152     float     sum      -1   115.64   72.54   72.54       0   115.32   72.74   72.74    N/A
0:     16777216       4194304     float     sum      -1   219.01   76.61   76.61       0   216.82   77.38   77.38    N/A
0:     33554432       8388608     float     sum      -1   419.47   79.99   79.99       0   420.67   79.77   79.77    N/A
0:     67108864      16777216     float     sum      -1   810.95   82.75   82.75       0   825.35   81.31   81.31    N/A
0:    134217728      33554432     float     sum      -1  1122.37  119.58  119.58       0  1127.85  119.00  119.00    N/A
0:    268435456      67108864     float     sum      -1  2208.20  121.56  121.56       0  2212.20  121.34  121.34    N/A
0: # Out of bounds values : 0 OK
0: # Avg bus bandwidth    : 92.0487 
0: #
0: # Collective test concluded: sendrecv_perf
0: #
0: 
0: 
0: ##### pass 2/20  pair g2-g3  sendrecv_perf
0: # nccl-tests version 2.17.8 nccl-headers=22903 nccl-library=22903
0: # Collective test starting: sendrecv_perf
0: # nThread 1 nGpus 2 minBytes 8388608 maxBytes 268435456 step: 2(factor) warmup iters: 5 iters: 20 agg iters: 1 validation: 1 graph: 0
0: #
0: # Using devices
0: #  Rank  0 Group  0 Pid  64208 on  nid007195 device  0 [0029:01:00] NVIDIA GH200 120GB
0: #  Rank  1 Group  0 Pid  64208 on  nid007195 device  1 [0039:01:00] NVIDIA GH200 120GB
0: #
0: #                                                              out-of-place                       in-place          
0: #       size         count      type   redop    root     time   algbw   busbw  #wrong     time   algbw   busbw  #wrong 
0: #        (B)    (elements)                               (us)  (GB/s)  (GB/s)             (us)  (GB/s)  (GB/s)         
0:      8388608       2097152     float     sum      -1   115.59   72.57   72.57       0   116.80   71.82   71.82    N/A
0:     16777216       4194304     float     sum      -1   221.47   75.75   75.75       0   221.79   75.64   75.64    N/A
0:     33554432       8388608     float     sum      -1   420.84   79.73   79.73       0   421.43   79.62   79.62    N/A
0:     67108864      16777216     float     sum      -1   807.45   83.11   83.11       0   823.19   81.52   81.52    N/A
0:    134217728      33554432     float     sum      -1  1116.94  120.17  120.17       0  1127.09  119.08  119.08    N/A
0:    268435456      67108864     float     sum      -1  2213.92  121.25  121.25       0  2211.15  121.40  121.40    N/A
0: # Out of bounds values : 0 OK
0: # Avg bus bandwidth    : 91.8062 
0: #
0: # Collective test concluded: sendrecv_perf
0: #
0: 
0: 
0: ##### pass 3/20  pair g0-g1  sendrecv_perf
0: # nccl-tests version 2.17.8 nccl-headers=22903 nccl-library=22903
0: # Collective test starting: sendrecv_perf
0: # nThread 1 nGpus 2 minBytes 8388608 maxBytes 268435456 step: 2(factor) warmup iters: 5 iters: 20 agg iters: 1 validation: 1 graph: 0
0: #
0: # Using devices
0: #  Rank  0 Group  0 Pid  64246 on  nid007195 device  0 [0009:01:00] NVIDIA GH200 120GB
0: #  Rank  1 Group  0 Pid  64246 on  nid007195 device  1 [0019:01:00] NVIDIA GH200 120GB
0: #
0: #                                                              out-of-place                       in-place          
0: #       size         count      type   redop    root     time   algbw   busbw  #wrong     time   algbw   busbw  #wrong 
0: #        (B)    (elements)                               (us)  (GB/s)  (GB/s)             (us)  (GB/s)  (GB/s)         
0:      8388608       2097152     float     sum      -1   115.41   72.69   72.69       0   115.22   72.81   72.81    N/A
0:     16777216       4194304     float     sum      -1   221.26   75.82   75.82       0   221.24   75.83   75.83    N/A
0:     33554432       8388608     float     sum      -1   420.77   79.75   79.75       0   419.46   80.00   80.00    N/A
0:     67108864      16777216     float     sum      -1   811.06   82.74   82.74       0   817.46   82.09   82.09    N/A
0:    134217728      33554432     float     sum      -1  1123.97  119.41  119.41       0  1124.01  119.41  119.41    N/A
0:    268435456      67108864     float     sum      -1  2220.47  120.89  120.89       0  2214.42  121.22  121.22    N/A
0: # Out of bounds values : 0 OK
0: # Avg bus bandwidth    : 91.8886 
0: #
0: # Collective test concluded: sendrecv_perf
0: #
0: 
0: 
0: ##### pass 3/20  pair g0-g2  sendrecv_perf
0: # nccl-tests version 2.17.8 nccl-headers=22903 nccl-library=22903
0: # Collective test starting: sendrecv_perf
0: # nThread 1 nGpus 2 minBytes 8388608 maxBytes 268435456 step: 2(factor) warmup iters: 5 iters: 20 agg iters: 1 validation: 1 graph: 0
0: #
0: # Using devices
0: #  Rank  0 Group  0 Pid  64305 on  nid007195 device  0 [0009:01:00] NVIDIA GH200 120GB
0: #  Rank  1 Group  0 Pid  64305 on  nid007195 device  1 [0029:01:00] NVIDIA GH200 120GB
0: #
0: #                                                              out-of-place                       in-place          
0: #       size         count      type   redop    root     time   algbw   busbw  #wrong     time   algbw   busbw  #wrong 
0: #        (B)    (elements)                               (us)  (GB/s)  (GB/s)             (us)  (GB/s)  (GB/s)         
0:      8388608       2097152     float     sum      -1   115.29   72.76   72.76       0   119.81   70.02   70.02    N/A
0:     16777216       4194304     float     sum      -1   217.33   77.20   77.20       0   221.82   75.63   75.63    N/A
0:     33554432       8388608     float     sum      -1   420.28   79.84   79.84       0   423.12   79.30   79.30    N/A
0:     67108864      16777216     float     sum      -1   810.19   82.83   82.83       0   821.59   81.68   81.68    N/A
0:    134217728      33554432     float     sum      -1  1120.45  119.79  119.79       0  1121.82  119.64  119.64    N/A
0:    268435456      67108864     float     sum      -1  2207.69  121.59  121.59       0  2205.58  121.71  121.71    N/A
0: # Out of bounds values : 0 OK
0: # Avg bus bandwidth    : 91.8326 
0: #
0: # Collective test concluded: sendrecv_perf
0: #
0: 
0: 
0: ##### pass 3/20  pair g0-g3  sendrecv_perf
0: # nccl-tests version 2.17.8 nccl-headers=22903 nccl-library=22903
0: # Collective test starting: sendrecv_perf
0: # nThread 1 nGpus 2 minBytes 8388608 maxBytes 268435456 step: 2(factor) warmup iters: 5 iters: 20 agg iters: 1 validation: 1 graph: 0
0: #
0: # Using devices
0: #  Rank  0 Group  0 Pid  64340 on  nid007195 device  0 [0009:01:00] NVIDIA GH200 120GB
0: #  Rank  1 Group  0 Pid  64340 on  nid007195 device  1 [0039:01:00] NVIDIA GH200 120GB
0: #
0: #                                                              out-of-place                       in-place          
0: #       size         count      type   redop    root     time   algbw   busbw  #wrong     time   algbw   busbw  #wrong 
0: #        (B)    (elements)                               (us)  (GB/s)  (GB/s)             (us)  (GB/s)  (GB/s)         
0:      8388608       2097152     float     sum      -1   115.20   72.82   72.82       0   116.03   72.30   72.30    N/A
0:     16777216       4194304     float     sum      -1   217.85   77.01   77.01       0   217.99   76.96   76.96    N/A
0:     33554432       8388608     float     sum      -1   419.61   79.97   79.97       0   418.54   80.17   80.17    N/A
0:     67108864      16777216     float     sum      -1   813.58   82.49   82.49       0   821.93   81.65   81.65    N/A
0:    134217728      33554432     float     sum      -1  1122.06  119.62  119.62       0  1120.80  119.75  119.75    N/A
0:    268435456      67108864     float     sum      -1  2212.99  121.30  121.30       0  2214.21  121.23  121.23    N/A
0: # Out of bounds values : 0 OK
0: # Avg bus bandwidth    : 92.1053 
0: #
0: # Collective test concluded: sendrecv_perf
0: #
0: 
0: 
0: ##### pass 3/20  pair g1-g2  sendrecv_perf
0: # nccl-tests version 2.17.8 nccl-headers=22903 nccl-library=22903
0: # Collective test starting: sendrecv_perf
0: # nThread 1 nGpus 2 minBytes 8388608 maxBytes 268435456 step: 2(factor) warmup iters: 5 iters: 20 agg iters: 1 validation: 1 graph: 0
0: #
0: # Using devices
0: #  Rank  0 Group  0 Pid  64379 on  nid007195 device  0 [0019:01:00] NVIDIA GH200 120GB
0: #  Rank  1 Group  0 Pid  64379 on  nid007195 device  1 [0029:01:00] NVIDIA GH200 120GB
0: #
0: #                                                              out-of-place                       in-place          
0: #       size         count      type   redop    root     time   algbw   busbw  #wrong     time   algbw   busbw  #wrong 
0: #        (B)    (elements)                               (us)  (GB/s)  (GB/s)             (us)  (GB/s)  (GB/s)         
0:      8388608       2097152     float     sum      -1   117.09   71.64   71.64       0   115.46   72.66   72.66    N/A
0:     16777216       4194304     float     sum      -1   221.01   75.91   75.91       0   217.19   77.25   77.25    N/A
0:     33554432       8388608     float     sum      -1   421.33   79.64   79.64       0   422.95   79.33   79.33    N/A
0:     67108864      16777216     float     sum      -1   808.59   82.99   82.99       0   824.21   81.42   81.42    N/A
0:    134217728      33554432     float     sum      -1  1125.32  119.27  119.27       0  1119.75  119.86  119.86    N/A
0:    268435456      67108864     float     sum      -1  2210.48  121.44  121.44       0  2210.60  121.43  121.43    N/A
0: # Out of bounds values : 0 OK
0: # Avg bus bandwidth    : 91.9043 
0: #
0: # Collective test concluded: sendrecv_perf
0: #
0: 
0: 
0: ##### pass 3/20  pair g1-g3  sendrecv_perf
0: # nccl-tests version 2.17.8 nccl-headers=22903 nccl-library=22903
0: # Collective test starting: sendrecv_perf
0: # nThread 1 nGpus 2 minBytes 8388608 maxBytes 268435456 step: 2(factor) warmup iters: 5 iters: 20 agg iters: 1 validation: 1 graph: 0
0: #
0: # Using devices
0: #  Rank  0 Group  0 Pid  64445 on  nid007195 device  0 [0019:01:00] NVIDIA GH200 120GB
0: #  Rank  1 Group  0 Pid  64445 on  nid007195 device  1 [0039:01:00] NVIDIA GH200 120GB
0: #
0: #                                                              out-of-place                       in-place          
0: #       size         count      type   redop    root     time   algbw   busbw  #wrong     time   algbw   busbw  #wrong 
0: #        (B)    (elements)                               (us)  (GB/s)  (GB/s)             (us)  (GB/s)  (GB/s)         
0:      8388608       2097152     float     sum      -1   117.35   71.48   71.48       0   115.36   72.72   72.72    N/A
0:     16777216       4194304     float     sum      -1   221.04   75.90   75.90       0   219.34   76.49   76.49    N/A
0:     33554432       8388608     float     sum      -1   419.74   79.94   79.94       0   422.39   79.44   79.44    N/A
0:     67108864      16777216     float     sum      -1   814.58   82.38   82.38       0   812.44   82.60   82.60    N/A
0:    134217728      33554432     float     sum      -1  1123.89  119.42  119.42       0  1121.99  119.63  119.63    N/A
0:    268435456      67108864     float     sum      -1  2212.57  121.32  121.32       0  2211.02  121.41  121.41    N/A
0: # Out of bounds values : 0 OK
0: # Avg bus bandwidth    : 91.8949 
0: #
0: # Collective test concluded: sendrecv_perf
0: #
0: 
0: 
0: ##### pass 3/20  pair g2-g3  sendrecv_perf
0: # nccl-tests version 2.17.8 nccl-headers=22903 nccl-library=22903
0: # Collective test starting: sendrecv_perf
0: # nThread 1 nGpus 2 minBytes 8388608 maxBytes 268435456 step: 2(factor) warmup iters: 5 iters: 20 agg iters: 1 validation: 1 graph: 0
0: #
0: # Using devices
0: #  Rank  0 Group  0 Pid  64482 on  nid007195 device  0 [0029:01:00] NVIDIA GH200 120GB
0: #  Rank  1 Group  0 Pid  64482 on  nid007195 device  1 [0039:01:00] NVIDIA GH200 120GB
0: #
0: #                                                              out-of-place                       in-place          
0: #       size         count      type   redop    root     time   algbw   busbw  #wrong     time   algbw   busbw  #wrong 
0: #        (B)    (elements)                               (us)  (GB/s)  (GB/s)             (us)  (GB/s)  (GB/s)         
0:      8388608       2097152     float     sum      -1   115.85   72.41   72.41       0   115.55   72.60   72.60    N/A
0:     16777216       4194304     float     sum      -1   217.04   77.30   77.30       0   219.48   76.44   76.44    N/A
0:     33554432       8388608     float     sum      -1   421.26   79.65   79.65       0   422.07   79.50   79.50    N/A
0:     67108864      16777216     float     sum      -1   805.71   83.29   83.29       0   823.93   81.45   81.45    N/A
0:    134217728      33554432     float     sum      -1  1122.10  119.61  119.61       0  1123.94  119.42  119.42    N/A
0:    268435456      67108864     float     sum      -1  2215.91  121.14  121.14       0  2213.74  121.26  121.26    N/A
0: # Out of bounds values : 0 OK
0: # Avg bus bandwidth    : 92.006 
0: #
0: # Collective test concluded: sendrecv_perf
0: #
0: 
0: 
0: ##### pass 4/20  pair g0-g1  sendrecv_perf
0: # nccl-tests version 2.17.8 nccl-headers=22903 nccl-library=22903
0: # Collective test starting: sendrecv_perf
0: # nThread 1 nGpus 2 minBytes 8388608 maxBytes 268435456 step: 2(factor) warmup iters: 5 iters: 20 agg iters: 1 validation: 1 graph: 0
0: #
0: # Using devices
0: #  Rank  0 Group  0 Pid  64522 on  nid007195 device  0 [0009:01:00] NVIDIA GH200 120GB
0: #  Rank  1 Group  0 Pid  64522 on  nid007195 device  1 [0019:01:00] NVIDIA GH200 120GB
0: #
0: #                                                              out-of-place                       in-place          
0: #       size         count      type   redop    root     time   algbw   busbw  #wrong     time   algbw   busbw  #wrong 
0: #        (B)    (elements)                               (us)  (GB/s)  (GB/s)             (us)  (GB/s)  (GB/s)         
0:      8388608       2097152     float     sum      -1   115.36   72.71   72.71       0   115.32   72.74   72.74    N/A
0:     16777216       4194304     float     sum      -1   220.96   75.93   75.93       0   217.10   77.28   77.28    N/A
0:     33554432       8388608     float     sum      -1   420.34   79.83   79.83       0   420.78   79.74   79.74    N/A
0:     67108864      16777216     float     sum      -1   808.98   82.96   82.96       0   821.58   81.68   81.68    N/A
0:    134217728      33554432     float     sum      -1  1119.77  119.86  119.86       0  1124.73  119.33  119.33    N/A
0:    268435456      67108864     float     sum      -1  2204.95  121.74  121.74       0  2212.68  121.32  121.32    N/A
0: # Out of bounds values : 0 OK
0: # Avg bus bandwidth    : 92.0938 
0: #
0: # Collective test concluded: sendrecv_perf
0: #
0: 
0: 
0: ##### pass 4/20  pair g0-g2  sendrecv_perf
0: # nccl-tests version 2.17.8 nccl-headers=22903 nccl-library=22903
0: # Collective test starting: sendrecv_perf
0: # nThread 1 nGpus 2 minBytes 8388608 maxBytes 268435456 step: 2(factor) warmup iters: 5 iters: 20 agg iters: 1 validation: 1 graph: 0
0: #
0: # Using devices
0: #  Rank  0 Group  0 Pid  64579 on  nid007195 device  0 [0009:01:00] NVIDIA GH200 120GB
0: #  Rank  1 Group  0 Pid  64579 on  nid007195 device  1 [0029:01:00] NVIDIA GH200 120GB
0: #
0: #                                                              out-of-place                       in-place          
0: #       size         count      type   redop    root     time   algbw   busbw  #wrong     time   algbw   busbw  #wrong 
0: #        (B)    (elements)                               (us)  (GB/s)  (GB/s)             (us)  (GB/s)  (GB/s)         
0:      8388608       2097152     float     sum      -1   115.33   72.74   72.74       0   114.99   72.95   72.95    N/A
0:     16777216       4194304     float     sum      -1   219.37   76.48   76.48       0   216.59   77.46   77.46    N/A
0:     33554432       8388608     float     sum      -1   421.17   79.67   79.67       0   422.26   79.46   79.46    N/A
0:     67108864      16777216     float     sum      -1   811.15   82.73   82.73       0   818.83   81.96   81.96    N/A
0:    134217728      33554432     float     sum      -1  1122.22  119.60  119.60       0  1119.01  119.94  119.94    N/A
0:    268435456      67108864     float     sum      -1  2213.16  121.29  121.29       0  2208.02  121.57  121.57    N/A
0: # Out of bounds values : 0 OK
0: # Avg bus bandwidth    : 92.155 
0: #
0: # Collective test concluded: sendrecv_perf
0: #
0: 
0: 
0: ##### pass 4/20  pair g0-g3  sendrecv_perf
0: # nccl-tests version 2.17.8 nccl-headers=22903 nccl-library=22903
0: # Collective test starting: sendrecv_perf
0: # nThread 1 nGpus 2 minBytes 8388608 maxBytes 268435456 step: 2(factor) warmup iters: 5 iters: 20 agg iters: 1 validation: 1 graph: 0
0: #
0: # Using devices
0: #  Rank  0 Group  0 Pid  64615 on  nid007195 device  0 [0009:01:00] NVIDIA GH200 120GB
0: #  Rank  1 Group  0 Pid  64615 on  nid007195 device  1 [0039:01:00] NVIDIA GH200 120GB
0: #
0: #                                                              out-of-place                       in-place          
0: #       size         count      type   redop    root     time   algbw   busbw  #wrong     time   algbw   busbw  #wrong 
0: #        (B)    (elements)                               (us)  (GB/s)  (GB/s)             (us)  (GB/s)  (GB/s)         
0:      8388608       2097152     float     sum      -1   116.65   71.91   71.91       0   115.11   72.87   72.87    N/A
0:     16777216       4194304     float     sum      -1   221.34   75.80   75.80       0   222.66   75.35   75.35    N/A
0:     33554432       8388608     float     sum      -1   420.88   79.72   79.72       0   421.82   79.55   79.55    N/A
0:     67108864      16777216     float     sum      -1   816.25   82.22   82.22       0   822.79   81.56   81.56    N/A
0:    134217728      33554432     float     sum      -1  1125.05  119.30  119.30       0  1119.68  119.87  119.87    N/A
0:    268435456      67108864     float     sum      -1  2217.49  121.05  121.05       0  2206.34  121.67  121.67    N/A
0: # Out of bounds values : 0 OK
0: # Avg bus bandwidth    : 91.7394 
0: #
0: # Collective test concluded: sendrecv_perf
0: #
0: 
0: 
0: ##### pass 4/20  pair g1-g2  sendrecv_perf
0: # nccl-tests version 2.17.8 nccl-headers=22903 nccl-library=22903
0: # Collective test starting: sendrecv_perf
0: # nThread 1 nGpus 2 minBytes 8388608 maxBytes 268435456 step: 2(factor) warmup iters: 5 iters: 20 agg iters: 1 validation: 1 graph: 0
0: #
0: # Using devices
0: #  Rank  0 Group  0 Pid  64654 on  nid007195 device  0 [0019:01:00] NVIDIA GH200 120GB
0: #  Rank  1 Group  0 Pid  64654 on  nid007195 device  1 [0029:01:00] NVIDIA GH200 120GB
0: #
0: #                                                              out-of-place                       in-place          
0: #       size         count      type   redop    root     time   algbw   busbw  #wrong     time   algbw   busbw  #wrong 
0: #        (B)    (elements)                               (us)  (GB/s)  (GB/s)             (us)  (GB/s)  (GB/s)         
0:      8388608       2097152     float     sum      -1   116.04   72.29   72.29       0   115.46   72.65   72.65    N/A
0:     16777216       4194304     float     sum      -1   222.13   75.53   75.53       0   219.94   76.28   76.28    N/A
0:     33554432       8388608     float     sum      -1   420.21   79.85   79.85       0   422.36   79.44   79.44    N/A
0:     67108864      16777216     float     sum      -1   808.88   82.96   82.96       0   819.55   81.88   81.88    N/A
0:    134217728      33554432     float     sum      -1  1119.45  119.90  119.90       0  1120.03  119.83  119.83    N/A
0:    268435456      67108864     float     sum      -1  2213.49  121.27  121.27       0  2212.91  121.30  121.30    N/A
0: # Out of bounds values : 0 OK
0: # Avg bus bandwidth    : 91.9337 
0: #
0: # Collective test concluded: sendrecv_perf
0: #
0: 
0: 
0: ##### pass 4/20  pair g1-g3  sendrecv_perf
0: # nccl-tests version 2.17.8 nccl-headers=22903 nccl-library=22903
0: # Collective test starting: sendrecv_perf
0: # nThread 1 nGpus 2 minBytes 8388608 maxBytes 268435456 step: 2(factor) warmup iters: 5 iters: 20 agg iters: 1 validation: 1 graph: 0
0: #
0: # Using devices
0: #  Rank  0 Group  0 Pid  64691 on  nid007195 device  0 [0019:01:00] NVIDIA GH200 120GB
0: #  Rank  1 Group  0 Pid  64691 on  nid007195 device  1 [0039:01:00] NVIDIA GH200 120GB
0: #
0: #                                                              out-of-place                       in-place          
0: #       size         count      type   redop    root     time   algbw   busbw  #wrong     time   algbw   busbw  #wrong 
0: #        (B)    (elements)                               (us)  (GB/s)  (GB/s)             (us)  (GB/s)  (GB/s)         
0:      8388608       2097152     float     sum      -1   115.80   72.44   72.44       0   115.11   72.87   72.87    N/A
0:     16777216       4194304     float     sum      -1   216.78   77.39   77.39       0   220.53   76.08   76.08    N/A
0:     33554432       8388608     float     sum      -1   421.45   79.62   79.62       0   419.11   80.06   80.06    N/A
0:     67108864      16777216     float     sum      -1   810.17   82.83   82.83       0   819.11   81.93   81.93    N/A
0:    134217728      33554432     float     sum      -1  1128.11  118.98  118.98       0  1122.43  119.58  119.58    N/A
0:    268435456      67108864     float     sum      -1  2202.52  121.88  121.88       0  2206.72  121.64  121.64    N/A
0: # Out of bounds values : 0 OK
0: # Avg bus bandwidth    : 92.1085 
0: #
0: # Collective test concluded: sendrecv_perf
0: #
0: 
0: 
0: ##### pass 4/20  pair g2-g3  sendrecv_perf
0: # nccl-tests version 2.17.8 nccl-headers=22903 nccl-library=22903
0: # Collective test starting: sendrecv_perf
0: # nThread 1 nGpus 2 minBytes 8388608 maxBytes 268435456 step: 2(factor) warmup iters: 5 iters: 20 agg iters: 1 validation: 1 graph: 0
0: #
0: # Using devices
0: #  Rank  0 Group  0 Pid  64759 on  nid007195 device  0 [0029:01:00] NVIDIA GH200 120GB
0: #  Rank  1 Group  0 Pid  64759 on  nid007195 device  1 [0039:01:00] NVIDIA GH200 120GB
0: #
0: #                                                              out-of-place                       in-place          
0: #       size         count      type   redop    root     time   algbw   busbw  #wrong     time   algbw   busbw  #wrong 
0: #        (B)    (elements)                               (us)  (GB/s)  (GB/s)             (us)  (GB/s)  (GB/s)         
0:      8388608       2097152     float     sum      -1   118.84   70.59   70.59       0   115.10   72.88   72.88    N/A
0:     16777216       4194304     float     sum      -1   220.00   76.26   76.26       0   219.02   76.60   76.60    N/A
0:     33554432       8388608     float     sum      -1   421.13   79.68   79.68       0   415.69   80.72   80.72    N/A
0:     67108864      16777216     float     sum      -1   810.85   82.76   82.76       0   819.37   81.90   81.90    N/A
0:    134217728      33554432     float     sum      -1  1123.92  119.42  119.42       0  1119.85  119.85  119.85    N/A
0:    268435456      67108864     float     sum      -1  2213.10  121.29  121.29       0  2203.04  121.85  121.85    N/A
0: # Out of bounds values : 0 OK
0: # Avg bus bandwidth    : 91.9838 
0: #
0: # Collective test concluded: sendrecv_perf
0: #
0: 
0: 
0: ##### pass 5/20  pair g0-g1  sendrecv_perf
0: # nccl-tests version 2.17.8 nccl-headers=22903 nccl-library=22903
0: # Collective test starting: sendrecv_perf
0: # nThread 1 nGpus 2 minBytes 8388608 maxBytes 268435456 step: 2(factor) warmup iters: 5 iters: 20 agg iters: 1 validation: 1 graph: 0
0: #
0: # Using devices
0: #  Rank  0 Group  0 Pid  64794 on  nid007195 device  0 [0009:01:00] NVIDIA GH200 120GB
0: #  Rank  1 Group  0 Pid  64794 on  nid007195 device  1 [0019:01:00] NVIDIA GH200 120GB
0: #
0: #                                                              out-of-place                       in-place          
0: #       size         count      type   redop    root     time   algbw   busbw  #wrong     time   algbw   busbw  #wrong 
0: #        (B)    (elements)                               (us)  (GB/s)  (GB/s)             (us)  (GB/s)  (GB/s)         
0:      8388608       2097152     float     sum      -1   115.60   72.57   72.57       0   115.11   72.88   72.88    N/A
0:     16777216       4194304     float     sum      -1   221.28   75.82   75.82       0   221.72   75.67   75.67    N/A
0:     33554432       8388608     float     sum      -1   420.25   79.84   79.84       0   421.92   79.53   79.53    N/A
0:     67108864      16777216     float     sum      -1   807.55   83.10   83.10       0   818.65   81.97   81.97    N/A
0:    134217728      33554432     float     sum      -1  1122.89  119.53  119.53       0  1126.09  119.19  119.19    N/A
0:    268435456      67108864     float     sum      -1  2209.27  121.50  121.50       0  2205.07  121.74  121.74    N/A
0: # Out of bounds values : 0 OK
0: # Avg bus bandwidth    : 91.9447 
0: #
0: # Collective test concluded: sendrecv_perf
0: #
0: 
0: 
0: ##### pass 5/20  pair g0-g2  sendrecv_perf
0: # nccl-tests version 2.17.8 nccl-headers=22903 nccl-library=22903
0: # Collective test starting: sendrecv_perf
0: # nThread 1 nGpus 2 minBytes 8388608 maxBytes 268435456 step: 2(factor) warmup iters: 5 iters: 20 agg iters: 1 validation: 1 graph: 0
0: #
0: # Using devices
0: #  Rank  0 Group  0 Pid  64834 on  nid007195 device  0 [0009:01:00] NVIDIA GH200 120GB
0: #  Rank  1 Group  0 Pid  64834 on  nid007195 device  1 [0029:01:00] NVIDIA GH200 120GB
0: #
0: #                                                              out-of-place                       in-place          
0: #       size         count      type   redop    root     time   algbw   busbw  #wrong     time   algbw   busbw  #wrong 
0: #        (B)    (elements)                               (us)  (GB/s)  (GB/s)             (us)  (GB/s)  (GB/s)         
0:      8388608       2097152     float     sum      -1   115.51   72.63   72.63       0   114.86   73.03   73.03    N/A
0:     16777216       4194304     float     sum      -1   219.80   76.33   76.33       0   219.16   76.55   76.55    N/A
0:     33554432       8388608     float     sum      -1   420.53   79.79   79.79       0   422.19   79.48   79.48    N/A
0:     67108864      16777216     float     sum      -1   809.61   82.89   82.89       0   814.35   82.41   82.41    N/A
0:    134217728      33554432     float     sum      -1  1118.69  119.98  119.98       0  1126.06  119.19  119.19    N/A
0:    268435456      67108864     float     sum      -1  2210.96  121.41  121.41       0  2210.56  121.43  121.43    N/A
0: # Out of bounds values : 0 OK
0: # Avg bus bandwidth    : 92.0933 
0: #
0: # Collective test concluded: sendrecv_perf
0: #
0: 
0: 
0: ##### pass 5/20  pair g0-g3  sendrecv_perf
0: # nccl-tests version 2.17.8 nccl-headers=22903 nccl-library=22903
0: # Collective test starting: sendrecv_perf
0: # nThread 1 nGpus 2 minBytes 8388608 maxBytes 268435456 step: 2(factor) warmup iters: 5 iters: 20 agg iters: 1 validation: 1 graph: 0
0: #
0: # Using devices
0: #  Rank  0 Group  0 Pid  64874 on  nid007195 device  0 [0009:01:00] NVIDIA GH200 120GB
0: #  Rank  1 Group  0 Pid  64874 on  nid007195 device  1 [0039:01:00] NVIDIA GH200 120GB
0: #
0: #                                                              out-of-place                       in-place          
0: #       size         count      type   redop    root     time   algbw   busbw  #wrong     time   algbw   busbw  #wrong 
0: #        (B)    (elements)                               (us)  (GB/s)  (GB/s)             (us)  (GB/s)  (GB/s)         
0:      8388608       2097152     float     sum      -1   115.35   72.73   72.73       0   115.13   72.86   72.86    N/A
0:     16777216       4194304     float     sum      -1   221.79   75.64   75.64       0   217.23   77.23   77.23    N/A
0:     33554432       8388608     float     sum      -1   421.76   79.56   79.56       0   421.40   79.63   79.63    N/A
0:     67108864      16777216     float     sum      -1   813.90   82.45   82.45       0   814.38   82.41   82.41    N/A
0:    134217728      33554432     float     sum      -1  1120.46  119.79  119.79       0  1125.36  119.27  119.27    N/A
0:    268435456      67108864     float     sum      -1  2204.05  121.79  121.79       0  2206.18  121.67  121.67    N/A
0: # Out of bounds values : 0 OK
0: # Avg bus bandwidth    : 92.0856 
0: #
0: # Collective test concluded: sendrecv_perf
0: #
0: 
0: 
0: ##### pass 5/20  pair g1-g2  sendrecv_perf
0: # nccl-tests version 2.17.8 nccl-headers=22903 nccl-library=22903
0: # Collective test starting: sendrecv_perf
0: # nThread 1 nGpus 2 minBytes 8388608 maxBytes 268435456 step: 2(factor) warmup iters: 5 iters: 20 agg iters: 1 validation: 1 graph: 0
0: #
0: # Using devices
0: #  Rank  0 Group  0 Pid  64910 on  nid007195 device  0 [0019:01:00] NVIDIA GH200 120GB
0: #  Rank  1 Group  0 Pid  64910 on  nid007195 device  1 [0029:01:00] NVIDIA GH200 120GB
0: #
0: #                                                              out-of-place                       in-place          
0: #       size         count      type   redop    root     time   algbw   busbw  #wrong     time   algbw   busbw  #wrong 
0: #        (B)    (elements)                               (us)  (GB/s)  (GB/s)             (us)  (GB/s)  (GB/s)         
0:      8388608       2097152     float     sum      -1   115.80   72.44   72.44       0   115.15   72.85   72.85    N/A
0:     16777216       4194304     float     sum      -1   221.79   75.64   75.64       0   220.01   76.26   76.26    N/A
0:     33554432       8388608     float     sum      -1   422.20   79.47   79.47       0   422.08   79.50   79.50    N/A
0:     67108864      16777216     float     sum      -1   809.34   82.92   82.92       0   816.92   82.15   82.15    N/A
0:    134217728      33554432     float     sum      -1  1122.34  119.59  119.59       0  1125.91  119.21  119.21    N/A
0:    268435456      67108864     float     sum      -1  2207.03  121.63  121.63       0  2207.63  121.59  121.59    N/A
0: # Out of bounds values : 0 OK
0: # Avg bus bandwidth    : 91.9369 
0: #
0: # Collective test concluded: sendrecv_perf
0: #
0: 
0: 
0: ##### pass 5/20  pair g1-g3  sendrecv_perf
0: # nccl-tests version 2.17.8 nccl-headers=22903 nccl-library=22903
0: # Collective test starting: sendrecv_perf
0: # nThread 1 nGpus 2 minBytes 8388608 maxBytes 268435456 step: 2(factor) warmup iters: 5 iters: 20 agg iters: 1 validation: 1 graph: 0
0: #
0: # Using devices
0: #  Rank  0 Group  0 Pid  64949 on  nid007195 device  0 [0019:01:00] NVIDIA GH200 120GB
0: #  Rank  1 Group  0 Pid  64949 on  nid007195 device  1 [0039:01:00] NVIDIA GH200 120GB
0: #
0: #                                                              out-of-place                       in-place          
0: #       size         count      type   redop    root     time   algbw   busbw  #wrong     time   algbw   busbw  #wrong 
0: #        (B)    (elements)                               (us)  (GB/s)  (GB/s)             (us)  (GB/s)  (GB/s)         
0:      8388608       2097152     float     sum      -1   115.58   72.58   72.58       0   115.42   72.68   72.68    N/A
0:     16777216       4194304     float     sum      -1   217.85   77.01   77.01       0   221.33   75.80   75.80    N/A
0:     33554432       8388608     float     sum      -1   419.83   79.92   79.92       0   421.89   79.53   79.53    N/A
0:     67108864      16777216     float     sum      -1   812.76   82.57   82.57       0   821.56   81.68   81.68    N/A
0:    134217728      33554432     float     sum      -1  1126.35  119.16  119.16       0  1119.55  119.89  119.89    N/A
0:    268435456      67108864     float     sum      -1  2209.06  121.52  121.52       0  2210.70  121.43  121.43    N/A
0: # Out of bounds values : 0 OK
0: # Avg bus bandwidth    : 91.981 
0: #
0: # Collective test concluded: sendrecv_perf
0: #
0: 
0: 
0: ##### pass 5/20  pair g2-g3  sendrecv_perf
0: # nccl-tests version 2.17.8 nccl-headers=22903 nccl-library=22903
0: # Collective test starting: sendrecv_perf
0: # nThread 1 nGpus 2 minBytes 8388608 maxBytes 268435456 step: 2(factor) warmup iters: 5 iters: 20 agg iters: 1 validation: 1 graph: 0
0: #
0: # Using devices
0: #  Rank  0 Group  0 Pid  65009 on  nid007195 device  0 [0029:01:00] NVIDIA GH200 120GB
0: #  Rank  1 Group  0 Pid  65009 on  nid007195 device  1 [0039:01:00] NVIDIA GH200 120GB
0: #
0: #                                                              out-of-place                       in-place          
0: #       size         count      type   redop    root     time   algbw   busbw  #wrong     time   algbw   busbw  #wrong 
0: #        (B)    (elements)                               (us)  (GB/s)  (GB/s)             (us)  (GB/s)  (GB/s)         
0:      8388608       2097152     float     sum      -1   115.83   72.42   72.42       0   115.39   72.70   72.70    N/A
0:     16777216       4194304     float     sum      -1   216.70   77.42   77.42       0   219.42   76.46   76.46    N/A
0:     33554432       8388608     float     sum      -1   421.58   79.59   79.59       0   420.23   79.85   79.85    N/A
0:     67108864      16777216     float     sum      -1   810.62   82.79   82.79       0   817.78   82.06   82.06    N/A
0:    134217728      33554432     float     sum      -1  1118.20  120.03  120.03       0  1119.81  119.86  119.86    N/A
0:    268435456      67108864     float     sum      -1  2212.38  121.33  121.33       0  2211.05  121.41  121.41    N/A
0: # Out of bounds values : 0 OK
0: # Avg bus bandwidth    : 92.1601 
0: #
0: # Collective test concluded: sendrecv_perf
0: #
0: 
0: 
0: ##### pass 6/20  pair g0-g1  sendrecv_perf
0: # nccl-tests version 2.17.8 nccl-headers=22903 nccl-library=22903
0: # Collective test starting: sendrecv_perf
0: # nThread 1 nGpus 2 minBytes 8388608 maxBytes 268435456 step: 2(factor) warmup iters: 5 iters: 20 agg iters: 1 validation: 1 graph: 0
0: #
0: # Using devices
0: #  Rank  0 Group  0 Pid  65044 on  nid007195 device  0 [0009:01:00] NVIDIA GH200 120GB
0: #  Rank  1 Group  0 Pid  65044 on  nid007195 device  1 [0019:01:00] NVIDIA GH200 120GB
0: #
0: #                                                              out-of-place                       in-place          
0: #       size         count      type   redop    root     time   algbw   busbw  #wrong     time   algbw   busbw  #wrong 
0: #        (B)    (elements)                               (us)  (GB/s)  (GB/s)             (us)  (GB/s)  (GB/s)         
0:      8388608       2097152     float     sum      -1   115.30   72.76   72.76       0   114.91   73.00   73.00    N/A
0:     16777216       4194304     float     sum      -1   220.49   76.09   76.09       0   217.84   77.01   77.01    N/A
0:     33554432       8388608     float     sum      -1   418.97   80.09   80.09       0   421.14   79.67   79.67    N/A
0:     67108864      16777216     float     sum      -1   813.51   82.49   82.49       0   822.58   81.58   81.58    N/A
0:    134217728      33554432     float     sum      -1  1122.58  119.56  119.56       0  1119.50  119.89  119.89    N/A
0:    268435456      67108864     float     sum      -1  2211.70  121.37  121.37       0  2205.75  121.70  121.70    N/A
0: # Out of bounds values : 0 OK
0: # Avg bus bandwidth    : 92.1023 
0: #
0: # Collective test concluded: sendrecv_perf
0: #
0: 
0: 
0: ##### pass 6/20  pair g0-g2  sendrecv_perf
0: # nccl-tests version 2.17.8 nccl-headers=22903 nccl-library=22903
0: # Collective test starting: sendrecv_perf
0: # nThread 1 nGpus 2 minBytes 8388608 maxBytes 268435456 step: 2(factor) warmup iters: 5 iters: 20 agg iters: 1 validation: 1 graph: 0
0: #
0: # Using devices
0: #  Rank  0 Group  0 Pid  65083 on  nid007195 device  0 [0009:01:00] NVIDIA GH200 120GB
0: #  Rank  1 Group  0 Pid  65083 on  nid007195 device  1 [0029:01:00] NVIDIA GH200 120GB
0: #
0: #                                                              out-of-place                       in-place          
0: #       size         count      type   redop    root     time   algbw   busbw  #wrong     time   algbw   busbw  #wrong 
0: #        (B)    (elements)                               (us)  (GB/s)  (GB/s)             (us)  (GB/s)  (GB/s)         
0:      8388608       2097152     float     sum      -1   119.67   70.10   70.10       0   115.12   72.87   72.87    N/A
0:     16777216       4194304     float     sum      -1   220.70   76.02   76.02       0   219.50   76.43   76.43    N/A
0:     33554432       8388608     float     sum      -1   421.63   79.58   79.58       0   420.06   79.88   79.88    N/A
0:     67108864      16777216     float     sum      -1   810.50   82.80   82.80       0   819.84   81.86   81.86    N/A
0:    134217728      33554432     float     sum      -1  1127.60  119.03  119.03       0  1119.60  119.88  119.88    N/A
0:    268435456      67108864     float     sum      -1  2218.67  120.99  120.99       0  2208.41  121.55  121.55    N/A
0: # Out of bounds values : 0 OK
0: # Avg bus bandwidth    : 91.7486 
0: #
0: # Collective test concluded: sendrecv_perf
0: #
0: 
0: 
0: ##### pass 6/20  pair g0-g3  sendrecv_perf
0: # nccl-tests version 2.17.8 nccl-headers=22903 nccl-library=22903
0: # Collective test starting: sendrecv_perf
0: # nThread 1 nGpus 2 minBytes 8388608 maxBytes 268435456 step: 2(factor) warmup iters: 5 iters: 20 agg iters: 1 validation: 1 graph: 0
0: #
0: # Using devices
0: #  Rank  0 Group  0 Pid  65118 on  nid007195 device  0 [0009:01:00] NVIDIA GH200 120GB
0: #  Rank  1 Group  0 Pid  65118 on  nid007195 device  1 [0039:01:00] NVIDIA GH200 120GB
0: #
0: #                                                              out-of-place                       in-place          
0: #       size         count      type   redop    root     time   algbw   busbw  #wrong     time   algbw   busbw  #wrong 
0: #        (B)    (elements)                               (us)  (GB/s)  (GB/s)             (us)  (GB/s)  (GB/s)         
0:      8388608       2097152     float     sum      -1   115.50   72.63   72.63       0   115.09   72.89   72.89    N/A
0:     16777216       4194304     float     sum      -1   221.02   75.91   75.91       0   217.32   77.20   77.20    N/A
0:     33554432       8388608     float     sum      -1   420.88   79.72   79.72       0   420.28   79.84   79.84    N/A
0:     67108864      16777216     float     sum      -1   809.60   82.89   82.89       0   820.78   81.76   81.76    N/A
0:    134217728      33554432     float     sum      -1  1121.05  119.72  119.72       0  1127.58  119.03  119.03    N/A
0:    268435456      67108864     float     sum      -1  2218.45  121.00  121.00       0  2209.08  121.51  121.51    N/A
0: # Out of bounds values : 0 OK
0: # Avg bus bandwidth    : 92.0096 
0: #
0: # Collective test concluded: sendrecv_perf
0: #
0: 
0: 
0: ##### pass 6/20  pair g1-g2  sendrecv_perf
0: # nccl-tests version 2.17.8 nccl-headers=22903 nccl-library=22903
0: # Collective test starting: sendrecv_perf
0: # nThread 1 nGpus 2 minBytes 8388608 maxBytes 268435456 step: 2(factor) warmup iters: 5 iters: 20 agg iters: 1 validation: 1 graph: 0
0: #
0: # Using devices
0: #  Rank  0 Group  0 Pid  65158 on  nid007195 device  0 [0019:01:00] NVIDIA GH200 120GB
0: #  Rank  1 Group  0 Pid  65158 on  nid007195 device  1 [0029:01:00] NVIDIA GH200 120GB
0: #
0: #                                                              out-of-place                       in-place          
0: #       size         count      type   redop    root     time   algbw   busbw  #wrong     time   algbw   busbw  #wrong 
0: #        (B)    (elements)                               (us)  (GB/s)  (GB/s)             (us)  (GB/s)  (GB/s)         
0:      8388608       2097152     float     sum      -1   115.95   72.35   72.35       0   119.96   69.93   69.93    N/A
0:     16777216       4194304     float     sum      -1   222.30   75.47   75.47       0   220.10   76.23   76.23    N/A
0:     33554432       8388608     float     sum      -1   420.38   79.82   79.82       0   423.24   79.28   79.28    N/A
0:     67108864      16777216     float     sum      -1   812.70   82.58   82.58       0   824.77   81.37   81.37    N/A
0:    134217728      33554432     float     sum      -1  1124.01  119.41  119.41       0  1121.69  119.66  119.66    N/A
0:    268435456      67108864     float     sum      -1  2204.78  121.75  121.75       0  2205.94  121.69  121.69    N/A
0: # Out of bounds values : 0 OK
0: # Avg bus bandwidth    : 91.6268 
0: #
0: # Collective test concluded: sendrecv_perf
0: #
0: 
0: 
0: ##### pass 6/20  pair g1-g3  sendrecv_perf
0: # nccl-tests version 2.17.8 nccl-headers=22903 nccl-library=22903
0: # Collective test starting: sendrecv_perf
0: # nThread 1 nGpus 2 minBytes 8388608 maxBytes 268435456 step: 2(factor) warmup iters: 5 iters: 20 agg iters: 1 validation: 1 graph: 0
0: #
0: # Using devices
0: #  Rank  0 Group  0 Pid  65196 on  nid007195 device  0 [0019:01:00] NVIDIA GH200 120GB
0: #  Rank  1 Group  0 Pid  65196 on  nid007195 device  1 [0039:01:00] NVIDIA GH200 120GB
0: #
0: #                                                              out-of-place                       in-place          
0: #       size         count      type   redop    root     time   algbw   busbw  #wrong     time   algbw   busbw  #wrong 
0: #        (B)    (elements)                               (us)  (GB/s)  (GB/s)             (us)  (GB/s)  (GB/s)         
0:      8388608       2097152     float     sum      -1   115.87   72.40   72.40       0   115.15   72.85   72.85    N/A
0:     16777216       4194304     float     sum      -1   217.56   77.11   77.11       0   221.70   75.67   75.67    N/A
0:     33554432       8388608     float     sum      -1   419.62   79.96   79.96       0   422.47   79.43   79.43    N/A
0:     67108864      16777216     float     sum      -1   814.25   82.42   82.42       0   822.82   81.56   81.56    N/A
0:    134217728      33554432     float     sum      -1  1117.30  120.13  120.13       0  1128.75  118.91  118.91    N/A
0:    268435456      67108864     float     sum      -1  2212.72  121.31  121.31       0  2208.10  121.57  121.57    N/A
0: # Out of bounds values : 0 OK
0: # Avg bus bandwidth    : 91.9437 
0: #
0: # Collective test concluded: sendrecv_perf
0: #
0: 
0: 
0: ##### pass 6/20  pair g2-g3  sendrecv_perf
0: # nccl-tests version 2.17.8 nccl-headers=22903 nccl-library=22903
0: # Collective test starting: sendrecv_perf
0: # nThread 1 nGpus 2 minBytes 8388608 maxBytes 268435456 step: 2(factor) warmup iters: 5 iters: 20 agg iters: 1 validation: 1 graph: 0
0: #
0: # Using devices
0: #  Rank  0 Group  0 Pid  65231 on  nid007195 device  0 [0029:01:00] NVIDIA GH200 120GB
0: #  Rank  1 Group  0 Pid  65231 on  nid007195 device  1 [0039:01:00] NVIDIA GH200 120GB
0: #
0: #                                                              out-of-place                       in-place          
0: #       size         count      type   redop    root     time   algbw   busbw  #wrong     time   algbw   busbw  #wrong 
0: #        (B)    (elements)                               (us)  (GB/s)  (GB/s)             (us)  (GB/s)  (GB/s)         
0:      8388608       2097152     float     sum      -1   119.27   70.33   70.33       0   115.28   72.77   72.77    N/A
0:     16777216       4194304     float     sum      -1   221.07   75.89   75.89       0   217.42   77.17   77.17    N/A
0:     33554432       8388608     float     sum      -1   420.06   79.88   79.88       0   423.66   79.20   79.20    N/A
0:     67108864      16777216     float     sum      -1   807.76   83.08   83.08       0   820.14   81.83   81.83    N/A
0:    134217728      33554432     float     sum      -1  1120.64  119.77  119.77       0  1124.26  119.38  119.38    N/A
0:    268435456      67108864     float     sum      -1  2212.62  121.32  121.32       0  2207.10  121.62  121.62    N/A
0: # Out of bounds values : 0 OK
0: # Avg bus bandwidth    : 91.8532 
0: #
0: # Collective test concluded: sendrecv_perf
0: #
0: 
0: 
0: ##### pass 7/20  pair g0-g1  sendrecv_perf
0: # nccl-tests version 2.17.8 nccl-headers=22903 nccl-library=22903
0: # Collective test starting: sendrecv_perf
0: # nThread 1 nGpus 2 minBytes 8388608 maxBytes 268435456 step: 2(factor) warmup iters: 5 iters: 20 agg iters: 1 validation: 1 graph: 0
0: #
0: # Using devices
0: #  Rank  0 Group  0 Pid  65295 on  nid007195 device  0 [0009:01:00] NVIDIA GH200 120GB
0: #  Rank  1 Group  0 Pid  65295 on  nid007195 device  1 [0019:01:00] NVIDIA GH200 120GB
0: #
0: #                                                              out-of-place                       in-place          
0: #       size         count      type   redop    root     time   algbw   busbw  #wrong     time   algbw   busbw  #wrong 
0: #        (B)    (elements)                               (us)  (GB/s)  (GB/s)             (us)  (GB/s)  (GB/s)         
0:      8388608       2097152     float     sum      -1   115.77   72.46   72.46       0   117.54   71.37   71.37    N/A
0:     16777216       4194304     float     sum      -1   217.00   77.31   77.31       0   223.22   75.16   75.16    N/A
0:     33554432       8388608     float     sum      -1   421.03   79.70   79.70       0   420.91   79.72   79.72    N/A
0:     67108864      16777216     float     sum      -1   811.85   82.66   82.66       0   820.85   81.76   81.76    N/A
0:    134217728      33554432     float     sum      -1  1122.64  119.56  119.56       0  1122.37  119.58  119.58    N/A
0:    268435456      67108864     float     sum      -1  2207.33  121.61  121.61       0  2209.81  121.47  121.47    N/A
0: # Out of bounds values : 0 OK
0: # Avg bus bandwidth    : 91.8627 
0: #
0: # Collective test concluded: sendrecv_perf
0: #
0: 
0: 
0: ##### pass 7/20  pair g0-g2  sendrecv_perf
0: # nccl-tests version 2.17.8 nccl-headers=22903 nccl-library=22903
0: # Collective test starting: sendrecv_perf
0: # nThread 1 nGpus 2 minBytes 8388608 maxBytes 268435456 step: 2(factor) warmup iters: 5 iters: 20 agg iters: 1 validation: 1 graph: 0
0: #
0: # Using devices
0: #  Rank  0 Group  0 Pid  65331 on  nid007195 device  0 [0009:01:00] NVIDIA GH200 120GB
0: #  Rank  1 Group  0 Pid  65331 on  nid007195 device  1 [0029:01:00] NVIDIA GH200 120GB
0: #
0: #                                                              out-of-place                       in-place          
0: #       size         count      type   redop    root     time   algbw   busbw  #wrong     time   algbw   busbw  #wrong 
0: #        (B)    (elements)                               (us)  (GB/s)  (GB/s)             (us)  (GB/s)  (GB/s)         
0:      8388608       2097152     float     sum      -1   115.73   72.48   72.48       0   115.57   72.58   72.58    N/A
0:     16777216       4194304     float     sum      -1   217.89   77.00   77.00       0   217.81   77.03   77.03    N/A
0:     33554432       8388608     float     sum      -1   423.38   79.25   79.25       0   420.15   79.86   79.86    N/A
0:     67108864      16777216     float     sum      -1   815.97   82.24   82.24       0   827.28   81.12   81.12    N/A
0:    134217728      33554432     float     sum      -1  1119.35  119.91  119.91       0  1123.00  119.52  119.52    N/A
0:    268435456      67108864     float     sum      -1  2212.90  121.30  121.30       0  2210.58  121.43  121.43    N/A
0: # Out of bounds values : 0 OK
0: # Avg bus bandwidth    : 91.9777 
0: #
0: # Collective test concluded: sendrecv_perf
0: #
0: 
0: 
0: ##### pass 7/20  pair g0-g3  sendrecv_perf
0: # nccl-tests version 2.17.8 nccl-headers=22903 nccl-library=22903
0: # Collective test starting: sendrecv_perf
0: # nThread 1 nGpus 2 minBytes 8388608 maxBytes 268435456 step: 2(factor) warmup iters: 5 iters: 20 agg iters: 1 validation: 1 graph: 0
0: #
0: # Using devices
0: #  Rank  0 Group  0 Pid  65370 on  nid007195 device  0 [0009:01:00] NVIDIA GH200 120GB
0: #  Rank  1 Group  0 Pid  65370 on  nid007195 device  1 [0039:01:00] NVIDIA GH200 120GB
0: #
0: #                                                              out-of-place                       in-place          
0: #       size         count      type   redop    root     time   algbw   busbw  #wrong     time   algbw   busbw  #wrong 
0: #        (B)    (elements)                               (us)  (GB/s)  (GB/s)             (us)  (GB/s)  (GB/s)         
0:      8388608       2097152     float     sum      -1   116.10   72.25   72.25       0   118.94   70.53   70.53    N/A
0:     16777216       4194304     float     sum      -1   218.24   76.87   76.87       0   221.11   75.88   75.88    N/A
0:     33554432       8388608     float     sum      -1   422.79   79.36   79.36       0   422.55   79.41   79.41    N/A
0:     67108864      16777216     float     sum      -1   820.71   81.77   81.77       0   821.37   81.70   81.70    N/A
0:    134217728      33554432     float     sum      -1  1119.79  119.86  119.86       0  1117.26  120.13  120.13    N/A
0:    268435456      67108864     float     sum      -1  2210.73  121.42  121.42       0  2211.06  121.41  121.41    N/A
0: # Out of bounds values : 0 OK
0: # Avg bus bandwidth    : 91.7165 
0: #
0: # Collective test concluded: sendrecv_perf
0: #
0: 
0: 
0: ##### pass 7/20  pair g1-g2  sendrecv_perf
0: # nccl-tests version 2.17.8 nccl-headers=22903 nccl-library=22903
0: # Collective test starting: sendrecv_perf
0: # nThread 1 nGpus 2 minBytes 8388608 maxBytes 268435456 step: 2(factor) warmup iters: 5 iters: 20 agg iters: 1 validation: 1 graph: 0
0: #
0: # Using devices
0: #  Rank  0 Group  0 Pid  65407 on  nid007195 device  0 [0019:01:00] NVIDIA GH200 120GB
0: #  Rank  1 Group  0 Pid  65407 on  nid007195 device  1 [0029:01:00] NVIDIA GH200 120GB
0: #
0: #                                                              out-of-place                       in-place          
0: #       size         count      type   redop    root     time   algbw   busbw  #wrong     time   algbw   busbw  #wrong 
0: #        (B)    (elements)                               (us)  (GB/s)  (GB/s)             (us)  (GB/s)  (GB/s)         
0:      8388608       2097152     float     sum      -1   116.18   72.20   72.20       0   115.58   72.58   72.58    N/A
0:     16777216       4194304     float     sum      -1   217.06   77.29   77.29       0   223.00   75.24   75.24    N/A
0:     33554432       8388608     float     sum      -1   420.04   79.88   79.88       0   422.27   79.46   79.46    N/A
0:     67108864      16777216     float     sum      -1   809.44   82.91   82.91       0   818.52   81.99   81.99    N/A
0:    134217728      33554432     float     sum      -1  1122.90  119.53  119.53       0  1120.14  119.82  119.82    N/A
0:    268435456      67108864     float     sum      -1  2198.42  122.10  122.10       0  2202.15  121.90  121.90    N/A
0: # Out of bounds values : 0 OK
0: # Avg bus bandwidth    : 92.075 
0: #
0: # Collective test concluded: sendrecv_perf
0: #
0: 
0: 
0: ##### pass 7/20  pair g1-g3  sendrecv_perf
0: # nccl-tests version 2.17.8 nccl-headers=22903 nccl-library=22903
0: # Collective test starting: sendrecv_perf
0: # nThread 1 nGpus 2 minBytes 8388608 maxBytes 268435456 step: 2(factor) warmup iters: 5 iters: 20 agg iters: 1 validation: 1 graph: 0
0: #
0: # Using devices
0: #  Rank  0 Group  0 Pid  65446 on  nid007195 device  0 [0019:01:00] NVIDIA GH200 120GB
0: #  Rank  1 Group  0 Pid  65446 on  nid007195 device  1 [0039:01:00] NVIDIA GH200 120GB
0: #
0: #                                                              out-of-place                       in-place          
0: #       size         count      type   redop    root     time   algbw   busbw  #wrong     time   algbw   busbw  #wrong 
0: #        (B)    (elements)                               (us)  (GB/s)  (GB/s)             (us)  (GB/s)  (GB/s)         
0:      8388608       2097152     float     sum      -1   115.83   72.42   72.42       0   115.22   72.81   72.81    N/A
0:     16777216       4194304     float     sum      -1   221.74   75.66   75.66       0   217.63   77.09   77.09    N/A
0:     33554432       8388608     float     sum      -1   420.78   79.74   79.74       0   424.19   79.10   79.10    N/A
0:     67108864      16777216     float     sum      -1   813.52   82.49   82.49       0   815.72   82.27   82.27    N/A
0:    134217728      33554432     float     sum      -1  1119.74  119.86  119.86       0  1118.58  119.99  119.99    N/A
0:    268435456      67108864     float     sum      -1  2210.26  121.45  121.45       0  2207.08  121.62  121.62    N/A
0: # Out of bounds values : 0 OK
0: # Avg bus bandwidth    : 92.0427 
0: #
0: # Collective test concluded: sendrecv_perf
0: #
0: 
0: 
0: ##### pass 7/20  pair g2-g3  sendrecv_perf
0: # nccl-tests version 2.17.8 nccl-headers=22903 nccl-library=22903
0: # Collective test starting: sendrecv_perf
0: # nThread 1 nGpus 2 minBytes 8388608 maxBytes 268435456 step: 2(factor) warmup iters: 5 iters: 20 agg iters: 1 validation: 1 graph: 0
0: #
0: # Using devices
0: #  Rank  0 Group  0 Pid  65485 on  nid007195 device  0 [0029:01:00] NVIDIA GH200 120GB
0: #  Rank  1 Group  0 Pid  65485 on  nid007195 device  1 [0039:01:00] NVIDIA GH200 120GB
0: #
0: #                                                              out-of-place                       in-place          
0: #       size         count      type   redop    root     time   algbw   busbw  #wrong     time   algbw   busbw  #wrong 
0: #        (B)    (elements)                               (us)  (GB/s)  (GB/s)             (us)  (GB/s)  (GB/s)         
0:      8388608       2097152     float     sum      -1   115.70   72.50   72.50       0   118.90   70.55   70.55    N/A
0:     16777216       4194304     float     sum      -1   221.49   75.75   75.75       0   217.16   77.26   77.26    N/A
0:     33554432       8388608     float     sum      -1   417.05   80.46   80.46       0   422.53   79.41   79.41    N/A
0:     67108864      16777216     float     sum      -1   809.72   82.88   82.88       0   813.29   82.52   82.52    N/A
0:    134217728      33554432     float     sum      -1  1124.55  119.35  119.35       0  1122.96  119.52  119.52    N/A
0:    268435456      67108864     float     sum      -1  2213.24  121.29  121.29       0  2204.25  121.78  121.78    N/A
0: # Out of bounds values : 0 OK
0: # Avg bus bandwidth    : 91.9386 
0: #
0: # Collective test concluded: sendrecv_perf
0: #
0: 
0: 
0: ##### pass 8/20  pair g0-g1  sendrecv_perf
0: # nccl-tests version 2.17.8 nccl-headers=22903 nccl-library=22903
0: # Collective test starting: sendrecv_perf
0: # nThread 1 nGpus 2 minBytes 8388608 maxBytes 268435456 step: 2(factor) warmup iters: 5 iters: 20 agg iters: 1 validation: 1 graph: 0
0: #
0: # Using devices
0: #  Rank  0 Group  0 Pid  65548 on  nid007195 device  0 [0009:01:00] NVIDIA GH200 120GB
0: #  Rank  1 Group  0 Pid  65548 on  nid007195 device  1 [0019:01:00] NVIDIA GH200 120GB
0: #
0: #                                                              out-of-place                       in-place          
0: #       size         count      type   redop    root     time   algbw   busbw  #wrong     time   algbw   busbw  #wrong 
0: #        (B)    (elements)                               (us)  (GB/s)  (GB/s)             (us)  (GB/s)  (GB/s)         
0:      8388608       2097152     float     sum      -1   115.93   72.36   72.36       0   115.76   72.47   72.47    N/A
0:     16777216       4194304     float     sum      -1   223.27   75.14   75.14       0   222.76   75.31   75.31    N/A
0:     33554432       8388608     float     sum      -1   420.14   79.86   79.86       0   422.22   79.47   79.47    N/A
0:     67108864      16777216     float     sum      -1   811.02   82.75   82.75       0   822.99   81.54   81.54    N/A
0:    134217728      33554432     float     sum      -1  1123.83  119.43  119.43       0  1123.11  119.51  119.51    N/A
0:    268435456      67108864     float     sum      -1  2204.98  121.74  121.74       0  2211.11  121.40  121.40    N/A
0: # Out of bounds values : 0 OK
0: # Avg bus bandwidth    : 91.749 
0: #
0: # Collective test concluded: sendrecv_perf
0: #
0: 
0: 
0: ##### pass 8/20  pair g0-g2  sendrecv_perf
0: # nccl-tests version 2.17.8 nccl-headers=22903 nccl-library=22903
0: # Collective test starting: sendrecv_perf
0: # nThread 1 nGpus 2 minBytes 8388608 maxBytes 268435456 step: 2(factor) warmup iters: 5 iters: 20 agg iters: 1 validation: 1 graph: 0
0: #
0: # Using devices
0: #  Rank  0 Group  0 Pid  65583 on  nid007195 device  0 [0009:01:00] NVIDIA GH200 120GB
0: #  Rank  1 Group  0 Pid  65583 on  nid007195 device  1 [0029:01:00] NVIDIA GH200 120GB
0: #
0: #                                                              out-of-place                       in-place          
0: #       size         count      type   redop    root     time   algbw   busbw  #wrong     time   algbw   busbw  #wrong 
0: #        (B)    (elements)                               (us)  (GB/s)  (GB/s)             (us)  (GB/s)  (GB/s)         
0:      8388608       2097152     float     sum      -1   116.70   71.88   71.88       0   119.53   70.18   70.18    N/A
0:     16777216       4194304     float     sum      -1   222.43   75.43   75.43       0   221.74   75.66   75.66    N/A
0:     33554432       8388608     float     sum      -1   423.51   79.23   79.23       0   423.02   79.32   79.32    N/A
0:     67108864      16777216     float     sum      -1   816.28   82.21   82.21       0   824.03   81.44   81.44    N/A
0:    134217728      33554432     float     sum      -1  1120.43  119.79  119.79       0  1127.59  119.03  119.03    N/A
0:    268435456      67108864     float     sum      -1  2207.71  121.59  121.59       0  2211.61  121.38  121.38    N/A
0: # Out of bounds values : 0 OK
0: # Avg bus bandwidth    : 91.4284 
0: #
0: # Collective test concluded: sendrecv_perf
0: #
0: 
0: 
0: ##### pass 8/20  pair g0-g3  sendrecv_perf
0: # nccl-tests version 2.17.8 nccl-headers=22903 nccl-library=22903
0: # Collective test starting: sendrecv_perf
0: # nThread 1 nGpus 2 minBytes 8388608 maxBytes 268435456 step: 2(factor) warmup iters: 5 iters: 20 agg iters: 1 validation: 1 graph: 0
0: #
0: # Using devices
0: #  Rank  0 Group  0 Pid  65622 on  nid007195 device  0 [0009:01:00] NVIDIA GH200 120GB
0: #  Rank  1 Group  0 Pid  65622 on  nid007195 device  1 [0039:01:00] NVIDIA GH200 120GB
0: #
0: #                                                              out-of-place                       in-place          
0: #       size         count      type   redop    root     time   algbw   busbw  #wrong     time   algbw   busbw  #wrong 
0: #        (B)    (elements)                               (us)  (GB/s)  (GB/s)             (us)  (GB/s)  (GB/s)         
0:      8388608       2097152     float     sum      -1   115.80   72.44   72.44       0   115.87   72.40   72.40    N/A
0:     16777216       4194304     float     sum      -1   218.79   76.68   76.68       0   223.31   75.13   75.13    N/A
0:     33554432       8388608     float     sum      -1   421.79   79.55   79.55       0   422.90   79.34   79.34    N/A
0:     67108864      16777216     float     sum      -1   813.93   82.45   82.45       0   816.34   82.21   82.21    N/A
0:    134217728      33554432     float     sum      -1  1120.94  119.74  119.74       0  1119.87  119.85  119.85    N/A
0:    268435456      67108864     float     sum      -1  2210.39  121.44  121.44       0  2205.06  121.74  121.74    N/A
0: # Out of bounds values : 0 OK
0: # Avg bus bandwidth    : 91.9143 
0: #
0: # Collective test concluded: sendrecv_perf
0: #
0: 
0: 
0: ##### pass 8/20  pair g1-g2  sendrecv_perf
0: # nccl-tests version 2.17.8 nccl-headers=22903 nccl-library=22903
0: # Collective test starting: sendrecv_perf
0: # nThread 1 nGpus 2 minBytes 8388608 maxBytes 268435456 step: 2(factor) warmup iters: 5 iters: 20 agg iters: 1 validation: 1 graph: 0
0: #
0: # Using devices
0: #  Rank  0 Group  0 Pid  65661 on  nid007195 device  0 [0019:01:00] NVIDIA GH200 120GB
0: #  Rank  1 Group  0 Pid  65661 on  nid007195 device  1 [0029:01:00] NVIDIA GH200 120GB
0: #
0: #                                                              out-of-place                       in-place          
0: #       size         count      type   redop    root     time   algbw   busbw  #wrong     time   algbw   busbw  #wrong 
0: #        (B)    (elements)                               (us)  (GB/s)  (GB/s)             (us)  (GB/s)  (GB/s)         
0:      8388608       2097152     float     sum      -1   115.64   72.54   72.54       0   115.35   72.72   72.72    N/A
0:     16777216       4194304     float     sum      -1   222.29   75.47   75.47       0   217.35   77.19   77.19    N/A
0:     33554432       8388608     float     sum      -1   420.82   79.74   79.74       0   422.56   79.41   79.41    N/A
0:     67108864      16777216     float     sum      -1   814.10   82.43   82.43       0   822.50   81.59   81.59    N/A
0:    134217728      33554432     float     sum      -1  1120.47  119.79  119.79       0  1120.78  119.75  119.75    N/A
0:    268435456      67108864     float     sum      -1  2206.93  121.63  121.63       0  2204.53  121.77  121.77    N/A
0: # Out of bounds values : 0 OK
0: # Avg bus bandwidth    : 92.0025 
0: #
0: # Collective test concluded: sendrecv_perf
0: #
0: 
0: 
0: ##### pass 8/20  pair g1-g3  sendrecv_perf
0: # nccl-tests version 2.17.8 nccl-headers=22903 nccl-library=22903
0: # Collective test starting: sendrecv_perf
0: # nThread 1 nGpus 2 minBytes 8388608 maxBytes 268435456 step: 2(factor) warmup iters: 5 iters: 20 agg iters: 1 validation: 1 graph: 0
0: #
0: # Using devices
0: #  Rank  0 Group  0 Pid  65698 on  nid007195 device  0 [0019:01:00] NVIDIA GH200 120GB
0: #  Rank  1 Group  0 Pid  65698 on  nid007195 device  1 [0039:01:00] NVIDIA GH200 120GB
0: #
0: #                                                              out-of-place                       in-place          
0: #       size         count      type   redop    root     time   algbw   busbw  #wrong     time   algbw   busbw  #wrong 
0: #        (B)    (elements)                               (us)  (GB/s)  (GB/s)             (us)  (GB/s)  (GB/s)         
0:      8388608       2097152     float     sum      -1   115.71   72.50   72.50       0   115.13   72.86   72.86    N/A
0:     16777216       4194304     float     sum      -1   221.09   75.89   75.89       0   218.80   76.68   76.68    N/A
0:     33554432       8388608     float     sum      -1   418.10   80.25   80.25       0   421.08   79.69   79.69    N/A
0:     67108864      16777216     float     sum      -1   811.63   82.68   82.68       0   818.94   81.95   81.95    N/A
0:    134217728      33554432     float     sum      -1  1120.57  119.78  119.78       0  1122.11  119.61  119.61    N/A
0:    268435456      67108864     float     sum      -1  2207.06  121.63  121.63       0  2206.43  121.66  121.66    N/A
0: # Out of bounds values : 0 OK
0: # Avg bus bandwidth    : 92.0975 
0: #
0: # Collective test concluded: sendrecv_perf
0: #
0: 
0: 
0: ##### pass 8/20  pair g2-g3  sendrecv_perf
0: # nccl-tests version 2.17.8 nccl-headers=22903 nccl-library=22903
0: # Collective test starting: sendrecv_perf
0: # nThread 1 nGpus 2 minBytes 8388608 maxBytes 268435456 step: 2(factor) warmup iters: 5 iters: 20 agg iters: 1 validation: 1 graph: 0
0: #
0: # Using devices
0: #  Rank  0 Group  0 Pid  65737 on  nid007195 device  0 [0029:01:00] NVIDIA GH200 120GB
0: #  Rank  1 Group  0 Pid  65737 on  nid007195 device  1 [0039:01:00] NVIDIA GH200 120GB
0: #
0: #                                                              out-of-place                       in-place          
0: #       size         count      type   redop    root     time   algbw   busbw  #wrong     time   algbw   busbw  #wrong 
0: #        (B)    (elements)                               (us)  (GB/s)  (GB/s)             (us)  (GB/s)  (GB/s)         
0:      8388608       2097152     float     sum      -1   115.62   72.55   72.55       0   117.37   71.47   71.47    N/A
0:     16777216       4194304     float     sum      -1   220.85   75.97   75.97       0   218.61   76.75   76.75    N/A
0:     33554432       8388608     float     sum      -1   420.52   79.79   79.79       0   422.38   79.44   79.44    N/A
0:     67108864      16777216     float     sum      -1   810.22   82.83   82.83       0   822.16   81.63   81.63    N/A
0:    134217728      33554432     float     sum      -1  1123.57  119.46  119.46       0  1118.78  119.97  119.97    N/A
0:    268435456      67108864     float     sum      -1  2210.68  121.43  121.43       0  2207.17  121.62  121.62    N/A
0: # Out of bounds values : 0 OK
0: # Avg bus bandwidth    : 91.9079 
0: #
0: # Collective test concluded: sendrecv_perf
0: #
0: 
0: 
0: ##### pass 9/20  pair g0-g1  sendrecv_perf
0: # nccl-tests version 2.17.8 nccl-headers=22903 nccl-library=22903
0: # Collective test starting: sendrecv_perf
0: # nThread 1 nGpus 2 minBytes 8388608 maxBytes 268435456 step: 2(factor) warmup iters: 5 iters: 20 agg iters: 1 validation: 1 graph: 0
0: #
0: # Using devices
0: #  Rank  0 Group  0 Pid  65798 on  nid007195 device  0 [0009:01:00] NVIDIA GH200 120GB
0: #  Rank  1 Group  0 Pid  65798 on  nid007195 device  1 [0019:01:00] NVIDIA GH200 120GB
0: #
0: #                                                              out-of-place                       in-place          
0: #       size         count      type   redop    root     time   algbw   busbw  #wrong     time   algbw   busbw  #wrong 
0: #        (B)    (elements)                               (us)  (GB/s)  (GB/s)             (us)  (GB/s)  (GB/s)         
0:      8388608       2097152     float     sum      -1   115.80   72.44   72.44       0   119.49   70.20   70.20    N/A
0:     16777216       4194304     float     sum      -1   222.90   75.27   75.27       0   217.77   77.04   77.04    N/A
0:     33554432       8388608     float     sum      -1   423.30   79.27   79.27       0   423.56   79.22   79.22    N/A
0:     67108864      16777216     float     sum      -1   817.52   82.09   82.09       0   821.98   81.64   81.64    N/A
0:    134217728      33554432     float     sum      -1  1120.97  119.73  119.73       0  1119.42  119.90  119.90    N/A
0:    268435456      67108864     float     sum      -1  2219.77  120.93  120.93       0  2210.39  121.44  121.44    N/A
0: # Out of bounds values : 0 OK
0: # Avg bus bandwidth    : 91.5981 
0: #
0: # Collective test concluded: sendrecv_perf
0: #
0: 
0: 
0: ##### pass 9/20  pair g0-g2  sendrecv_perf
0: # nccl-tests version 2.17.8 nccl-headers=22903 nccl-library=22903
0: # Collective test starting: sendrecv_perf
0: # nThread 1 nGpus 2 minBytes 8388608 maxBytes 268435456 step: 2(factor) warmup iters: 5 iters: 20 agg iters: 1 validation: 1 graph: 0
0: #
0: # Using devices
0: #  Rank  0 Group  0 Pid  65838 on  nid007195 device  0 [0009:01:00] NVIDIA GH200 120GB
0: #  Rank  1 Group  0 Pid  65838 on  nid007195 device  1 [0029:01:00] NVIDIA GH200 120GB
0: #
0: #                                                              out-of-place                       in-place          
0: #       size         count      type   redop    root     time   algbw   busbw  #wrong     time   algbw   busbw  #wrong 
0: #        (B)    (elements)                               (us)  (GB/s)  (GB/s)             (us)  (GB/s)  (GB/s)         
0:      8388608       2097152     float     sum      -1   115.96   72.34   72.34       0   118.94   70.53   70.53    N/A
0:     16777216       4194304     float     sum      -1   221.50   75.74   75.74       0   216.87   77.36   77.36    N/A
0:     33554432       8388608     float     sum      -1   422.60   79.40   79.40       0   422.38   79.44   79.44    N/A
0:     67108864      16777216     float     sum      -1   816.73   82.17   82.17       0   821.32   81.71   81.71    N/A
0:    134217728      33554432     float     sum      -1  1126.71  119.12  119.12       0  1119.19  119.92  119.92    N/A
0:    268435456      67108864     float     sum      -1  2213.05  121.30  121.30       0  2227.93  120.49  120.49    N/A
0: # Out of bounds values : 0 OK
0: # Avg bus bandwidth    : 91.6268 
0: #
0: # Collective test concluded: sendrecv_perf
0: #
0: 
0: 
0: ##### pass 9/20  pair g0-g3  sendrecv_perf
0: # nccl-tests version 2.17.8 nccl-headers=22903 nccl-library=22903
0: # Collective test starting: sendrecv_perf
0: # nThread 1 nGpus 2 minBytes 8388608 maxBytes 268435456 step: 2(factor) warmup iters: 5 iters: 20 agg iters: 1 validation: 1 graph: 0
0: #
0: # Using devices
0: #  Rank  0 Group  0 Pid  65875 on  nid007195 device  0 [0009:01:00] NVIDIA GH200 120GB
0: #  Rank  1 Group  0 Pid  65875 on  nid007195 device  1 [0039:01:00] NVIDIA GH200 120GB
0: #
0: #                                                              out-of-place                       in-place          
0: #       size         count      type   redop    root     time   algbw   busbw  #wrong     time   algbw   busbw  #wrong 
0: #        (B)    (elements)                               (us)  (GB/s)  (GB/s)             (us)  (GB/s)  (GB/s)         
0:      8388608       2097152     float     sum      -1   116.30   72.13   72.13       0   115.34   72.73   72.73    N/A
0:     16777216       4194304     float     sum      -1   221.48   75.75   75.75       0   220.99   75.92   75.92    N/A
0:     33554432       8388608     float     sum      -1   422.56   79.41   79.41       0   424.00   79.14   79.14    N/A
0:     67108864      16777216     float     sum      -1   819.72   81.87   81.87       0   823.10   81.53   81.53    N/A
0:    134217728      33554432     float     sum      -1  1128.71  118.91  118.91       0  1126.07  119.19  119.19    N/A
0:    268435456      67108864     float     sum      -1  2212.94  121.30  121.30       0  2214.54  121.21  121.21    N/A
0: # Out of bounds values : 0 OK
0: # Avg bus bandwidth    : 91.5913 
0: #
0: # Collective test concluded: sendrecv_perf
0: #
0: 
0: 
0: ##### pass 9/20  pair g1-g2  sendrecv_perf
0: # nccl-tests version 2.17.8 nccl-headers=22903 nccl-library=22903
0: # Collective test starting: sendrecv_perf
0: # nThread 1 nGpus 2 minBytes 8388608 maxBytes 268435456 step: 2(factor) warmup iters: 5 iters: 20 agg iters: 1 validation: 1 graph: 0
0: #
0: # Using devices
0: #  Rank  0 Group  0 Pid  65915 on  nid007195 device  0 [0019:01:00] NVIDIA GH200 120GB
0: #  Rank  1 Group  0 Pid  65915 on  nid007195 device  1 [0029:01:00] NVIDIA GH200 120GB
0: #
0: #                                                              out-of-place                       in-place          
0: #       size         count      type   redop    root     time   algbw   busbw  #wrong     time   algbw   busbw  #wrong 
0: #        (B)    (elements)                               (us)  (GB/s)  (GB/s)             (us)  (GB/s)  (GB/s)         
0:      8388608       2097152     float     sum      -1   116.11   72.25   72.25       0   117.81   71.20   71.20    N/A
0:     16777216       4194304     float     sum      -1   217.59   77.11   77.11       0   219.08   76.58   76.58    N/A
0:     33554432       8388608     float     sum      -1   421.68   79.57   79.57       0   423.24   79.28   79.28    N/A
0:     67108864      16777216     float     sum      -1   808.71   82.98   82.98       0   822.60   81.58   81.58    N/A
0:    134217728      33554432     float     sum      -1  1123.15  119.50  119.50       0  1123.53  119.46  119.46    N/A
0:    268435456      67108864     float     sum      -1  2213.30  121.28  121.28       0  2208.45  121.55  121.55    N/A
0: # Out of bounds values : 0 OK
0: # Avg bus bandwidth    : 91.8627 
0: #
0: # Collective test concluded: sendrecv_perf
0: #
0: 
0: 
0: ##### pass 9/20  pair g1-g3  sendrecv_perf
0: # nccl-tests version 2.17.8 nccl-headers=22903 nccl-library=22903
0: # Collective test starting: sendrecv_perf
0: # nThread 1 nGpus 2 minBytes 8388608 maxBytes 268435456 step: 2(factor) warmup iters: 5 iters: 20 agg iters: 1 validation: 1 graph: 0
0: #
0: # Using devices
0: #  Rank  0 Group  0 Pid  65951 on  nid007195 device  0 [0019:01:00] NVIDIA GH200 120GB
0: #  Rank  1 Group  0 Pid  65951 on  nid007195 device  1 [0039:01:00] NVIDIA GH200 120GB
0: #
0: #                                                              out-of-place                       in-place          
0: #       size         count      type   redop    root     time   algbw   busbw  #wrong     time   algbw   busbw  #wrong 
0: #        (B)    (elements)                               (us)  (GB/s)  (GB/s)             (us)  (GB/s)  (GB/s)         
0:      8388608       2097152     float     sum      -1   115.64   72.54   72.54       0   115.13   72.86   72.86    N/A
0:     16777216       4194304     float     sum      -1   221.28   75.82   75.82       0   220.11   76.22   76.22    N/A
0:     33554432       8388608     float     sum      -1   420.02   79.89   79.89       0   419.87   79.92   79.92    N/A
0:     67108864      16777216     float     sum      -1   809.15   82.94   82.94       0   816.69   82.17   82.17    N/A
0:    134217728      33554432     float     sum      -1  1119.09  119.93  119.93       0  1120.00  119.84  119.84    N/A
0:    268435456      67108864     float     sum      -1  2214.24  121.23  121.23       0  2210.33  121.45  121.45    N/A
0: # Out of bounds values : 0 OK
0: # Avg bus bandwidth    : 92.0672 
0: #
0: # Collective test concluded: sendrecv_perf
0: #
0: 
0: 
0: ##### pass 9/20  pair g2-g3  sendrecv_perf
0: # nccl-tests version 2.17.8 nccl-headers=22903 nccl-library=22903
0: # Collective test starting: sendrecv_perf
0: # nThread 1 nGpus 2 minBytes 8388608 maxBytes 268435456 step: 2(factor) warmup iters: 5 iters: 20 agg iters: 1 validation: 1 graph: 0
0: #
0: # Using devices
0: #  Rank  0 Group  0 Pid  65989 on  nid007195 device  0 [0029:01:00] NVIDIA GH200 120GB
0: #  Rank  1 Group  0 Pid  65989 on  nid007195 device  1 [0039:01:00] NVIDIA GH200 120GB
0: #
0: #                                                              out-of-place                       in-place          
0: #       size         count      type   redop    root     time   algbw   busbw  #wrong     time   algbw   busbw  #wrong 
0: #        (B)    (elements)                               (us)  (GB/s)  (GB/s)             (us)  (GB/s)  (GB/s)         
0:      8388608       2097152     float     sum      -1   116.14   72.23   72.23       0   116.34   72.10   72.10    N/A
0:     16777216       4194304     float     sum      -1   217.65   77.08   77.08       0   221.27   75.82   75.82    N/A
0:     33554432       8388608     float     sum      -1   420.59   79.78   79.78       0   420.13   79.87   79.87    N/A
0:     67108864      16777216     float     sum      -1   810.39   82.81   82.81       0   818.97   81.94   81.94    N/A
0:    134217728      33554432     float     sum      -1  1123.61  119.45  119.45       0  1120.15  119.82  119.82    N/A
0:    268435456      67108864     float     sum      -1  2198.92  122.08  122.08       0  2208.37  121.55  121.55    N/A
0: # Out of bounds values : 0 OK
0: # Avg bus bandwidth    : 92.045 
0: #
0: # Collective test concluded: sendrecv_perf
0: #
0: 
0: 
0: ##### pass 10/20  pair g0-g1  sendrecv_perf
0: # nccl-tests version 2.17.8 nccl-headers=22903 nccl-library=22903
0: # Collective test starting: sendrecv_perf
0: # nThread 1 nGpus 2 minBytes 8388608 maxBytes 268435456 step: 2(factor) warmup iters: 5 iters: 20 agg iters: 1 validation: 1 graph: 0
0: #
0: # Using devices
0: #  Rank  0 Group  0 Pid  66029 on  nid007195 device  0 [0009:01:00] NVIDIA GH200 120GB
0: #  Rank  1 Group  0 Pid  66029 on  nid007195 device  1 [0019:01:00] NVIDIA GH200 120GB
0: #
0: #                                                              out-of-place                       in-place          
0: #       size         count      type   redop    root     time   algbw   busbw  #wrong     time   algbw   busbw  #wrong 
0: #        (B)    (elements)                               (us)  (GB/s)  (GB/s)             (us)  (GB/s)  (GB/s)         
0:      8388608       2097152     float     sum      -1   115.84   72.42   72.42       0   115.39   72.70   72.70    N/A
0:     16777216       4194304     float     sum      -1   222.14   75.52   75.52       0   219.27   76.51   76.51    N/A
0:     33554432       8388608     float     sum      -1   421.51   79.61   79.61       0   423.28   79.27   79.27    N/A
0:     67108864      16777216     float     sum      -1   812.39   82.61   82.61       0   823.41   81.50   81.50    N/A
0:    134217728      33554432     float     sum      -1  1123.96  119.41  119.41       0  1123.03  119.51  119.51    N/A
0:    268435456      67108864     float     sum      -1  2213.40  121.28  121.28       0  2210.62  121.43  121.43    N/A
0: # Out of bounds values : 0 OK
0: # Avg bus bandwidth    : 91.8146 
0: #
0: # Collective test concluded: sendrecv_perf
0: #
0: 
0: 
0: ##### pass 10/20  pair g0-g2  sendrecv_perf
0: # nccl-tests version 2.17.8 nccl-headers=22903 nccl-library=22903
0: # Collective test starting: sendrecv_perf
0: # nThread 1 nGpus 2 minBytes 8388608 maxBytes 268435456 step: 2(factor) warmup iters: 5 iters: 20 agg iters: 1 validation: 1 graph: 0
0: #
0: # Using devices
0: #  Rank  0 Group  0 Pid  66095 on  nid007195 device  0 [0009:01:00] NVIDIA GH200 120GB
0: #  Rank  1 Group  0 Pid  66095 on  nid007195 device  1 [0029:01:00] NVIDIA GH200 120GB
0: #
0: #                                                              out-of-place                       in-place          
0: #       size         count      type   redop    root     time   algbw   busbw  #wrong     time   algbw   busbw  #wrong 
0: #        (B)    (elements)                               (us)  (GB/s)  (GB/s)             (us)  (GB/s)  (GB/s)         
0:      8388608       2097152     float     sum      -1   115.98   72.33   72.33       0   118.24   70.95   70.95    N/A
0:     16777216       4194304     float     sum      -1   219.09   76.58   76.58       0   223.06   75.21   75.21    N/A
0:     33554432       8388608     float     sum      -1   422.46   79.43   79.43       0   423.68   79.20   79.20    N/A
0:     67108864      16777216     float     sum      -1   818.64   81.98   81.98       0   819.49   81.89   81.89    N/A
0:    134217728      33554432     float     sum      -1  1125.40  119.26  119.26       0  1120.22  119.81  119.81    N/A
0:    268435456      67108864     float     sum      -1  2205.91  121.69  121.69       0  2205.92  121.69  121.69    N/A
0: # Out of bounds values : 0 OK
0: # Avg bus bandwidth    : 91.6676 
0: #
0: # Collective test concluded: sendrecv_perf
0: #
0: 
0: 
0: ##### pass 10/20  pair g0-g3  sendrecv_perf
0: # nccl-tests version 2.17.8 nccl-headers=22903 nccl-library=22903
0: # Collective test starting: sendrecv_perf
0: # nThread 1 nGpus 2 minBytes 8388608 maxBytes 268435456 step: 2(factor) warmup iters: 5 iters: 20 agg iters: 1 validation: 1 graph: 0
0: #
0: # Using devices
0: #  Rank  0 Group  0 Pid  66135 on  nid007195 device  0 [0009:01:00] NVIDIA GH200 120GB
0: #  Rank  1 Group  0 Pid  66135 on  nid007195 device  1 [0039:01:00] NVIDIA GH200 120GB
0: #
0: #                                                              out-of-place                       in-place          
0: #       size         count      type   redop    root     time   algbw   busbw  #wrong     time   algbw   busbw  #wrong 
0: #        (B)    (elements)                               (us)  (GB/s)  (GB/s)             (us)  (GB/s)  (GB/s)         
0:      8388608       2097152     float     sum      -1   118.74   70.64   70.64       0   115.31   72.75   72.75    N/A
0:     16777216       4194304     float     sum      -1   217.94   76.98   76.98       0   221.35   75.79   75.79    N/A
0:     33554432       8388608     float     sum      -1   422.72   79.38   79.38       0   423.14   79.30   79.30    N/A
0:     67108864      16777216     float     sum      -1   816.24   82.22   82.22       0   820.96   81.74   81.74    N/A
0:    134217728      33554432     float     sum      -1  1125.86  119.21  119.21       0  1123.28  119.49  119.49    N/A
0:    268435456      67108864     float     sum      -1  2211.38  121.39  121.39       0  2210.47  121.44  121.44    N/A
0: # Out of bounds values : 0 OK
0: # Avg bus bandwidth    : 91.6945 
0: #
0: # Collective test concluded: sendrecv_perf
0: #
0: 
0: 
0: ##### pass 10/20  pair g1-g2  sendrecv_perf
0: # nccl-tests version 2.17.8 nccl-headers=22903 nccl-library=22903
0: # Collective test starting: sendrecv_perf
0: # nThread 1 nGpus 2 minBytes 8388608 maxBytes 268435456 step: 2(factor) warmup iters: 5 iters: 20 agg iters: 1 validation: 1 graph: 0
0: #
0: # Using devices
0: #  Rank  0 Group  0 Pid  66171 on  nid007195 device  0 [0019:01:00] NVIDIA GH200 120GB
0: #  Rank  1 Group  0 Pid  66171 on  nid007195 device  1 [0029:01:00] NVIDIA GH200 120GB
0: #
0: #                                                              out-of-place                       in-place          
0: #       size         count      type   redop    root     time   algbw   busbw  #wrong     time   algbw   busbw  #wrong 
0: #        (B)    (elements)                               (us)  (GB/s)  (GB/s)             (us)  (GB/s)  (GB/s)         
0:      8388608       2097152     float     sum      -1   115.87   72.39   72.39       0   117.95   71.12   71.12    N/A
0:     16777216       4194304     float     sum      -1   222.70   75.34   75.34       0   221.02   75.91   75.91    N/A
0:     33554432       8388608     float     sum      -1   421.01   79.70   79.70       0   422.88   79.35   79.35    N/A
0:     67108864      16777216     float     sum      -1   808.84   82.97   82.97       0   821.18   81.72   81.72    N/A
0:    134217728      33554432     float     sum      -1  1118.55  119.99  119.99       0  1123.45  119.47  119.47    N/A
0:    268435456      67108864     float     sum      -1  2214.96  121.19  121.19       0  2202.69  121.87  121.87    N/A
0: # Out of bounds values : 0 OK
0: # Avg bus bandwidth    : 91.7516 
0: #
0: # Collective test concluded: sendrecv_perf
0: #
0: 
0: 
0: ##### pass 10/20  pair g1-g3  sendrecv_perf
0: # nccl-tests version 2.17.8 nccl-headers=22903 nccl-library=22903
0: # Collective test starting: sendrecv_perf
0: # nThread 1 nGpus 2 minBytes 8388608 maxBytes 268435456 step: 2(factor) warmup iters: 5 iters: 20 agg iters: 1 validation: 1 graph: 0
0: #
0: # Using devices
0: #  Rank  0 Group  0 Pid  66209 on  nid007195 device  0 [0019:01:00] NVIDIA GH200 120GB
0: #  Rank  1 Group  0 Pid  66209 on  nid007195 device  1 [0039:01:00] NVIDIA GH200 120GB
0: #
0: #                                                              out-of-place                       in-place          
0: #       size         count      type   redop    root     time   algbw   busbw  #wrong     time   algbw   busbw  #wrong 
0: #        (B)    (elements)                               (us)  (GB/s)  (GB/s)             (us)  (GB/s)  (GB/s)         
0:      8388608       2097152     float     sum      -1   115.28   72.76   72.76       0   115.11   72.88   72.88    N/A
0:     16777216       4194304     float     sum      -1   221.01   75.91   75.91       0   219.01   76.61   76.61    N/A
0:     33554432       8388608     float     sum      -1   422.82   79.36   79.36       0   422.49   79.42   79.42    N/A
0:     67108864      16777216     float     sum      -1   811.09   82.74   82.74       0   818.42   82.00   82.00    N/A
0:    134217728      33554432     float     sum      -1  1119.67  119.87  119.87       0  1121.70  119.66  119.66    N/A
0:    268435456      67108864     float     sum      -1  2211.39  121.39  121.39       0  2206.84  121.64  121.64    N/A
0: # Out of bounds values : 0 OK
0: # Avg bus bandwidth    : 92.019 
0: #
0: # Collective test concluded: sendrecv_perf
0: #
0: 
0: 
0: ##### pass 10/20  pair g2-g3  sendrecv_perf
0: # nccl-tests version 2.17.8 nccl-headers=22903 nccl-library=22903
0: # Collective test starting: sendrecv_perf
0: # nThread 1 nGpus 2 minBytes 8388608 maxBytes 268435456 step: 2(factor) warmup iters: 5 iters: 20 agg iters: 1 validation: 1 graph: 0
0: #
0: # Using devices
0: #  Rank  0 Group  0 Pid  66245 on  nid007195 device  0 [0029:01:00] NVIDIA GH200 120GB
0: #  Rank  1 Group  0 Pid  66245 on  nid007195 device  1 [0039:01:00] NVIDIA GH200 120GB
0: #
0: #                                                              out-of-place                       in-place          
0: #       size         count      type   redop    root     time   algbw   busbw  #wrong     time   algbw   busbw  #wrong 
0: #        (B)    (elements)                               (us)  (GB/s)  (GB/s)             (us)  (GB/s)  (GB/s)         
0:      8388608       2097152     float     sum      -1   115.75   72.47   72.47       0   115.42   72.68   72.68    N/A
0:     16777216       4194304     float     sum      -1   221.13   75.87   75.87       0   216.99   77.32   77.32    N/A
0:     33554432       8388608     float     sum      -1   423.06   79.31   79.31       0   419.90   79.91   79.91    N/A
0:     67108864      16777216     float     sum      -1   813.15   82.53   82.53       0   817.38   82.10   82.10    N/A
0:    134217728      33554432     float     sum      -1  1124.51  119.36  119.36       0  1122.74  119.54  119.54    N/A
0:    268435456      67108864     float     sum      -1  2216.92  121.09  121.09       0  2212.05  121.35  121.35    N/A
0: # Out of bounds values : 0 OK
0: # Avg bus bandwidth    : 91.9611 
0: #
0: # Collective test concluded: sendrecv_perf
0: #
0: 
0: 
0: ##### pass 11/20  pair g0-g1  sendrecv_perf
0: # nccl-tests version 2.17.8 nccl-headers=22903 nccl-library=22903
0: # Collective test starting: sendrecv_perf
0: # nThread 1 nGpus 2 minBytes 8388608 maxBytes 268435456 step: 2(factor) warmup iters: 5 iters: 20 agg iters: 1 validation: 1 graph: 0
0: #
0: # Using devices
0: #  Rank  0 Group  0 Pid  66283 on  nid007195 device  0 [0009:01:00] NVIDIA GH200 120GB
0: #  Rank  1 Group  0 Pid  66283 on  nid007195 device  1 [0019:01:00] NVIDIA GH200 120GB
0: #
0: #                                                              out-of-place                       in-place          
0: #       size         count      type   redop    root     time   algbw   busbw  #wrong     time   algbw   busbw  #wrong 
0: #        (B)    (elements)                               (us)  (GB/s)  (GB/s)             (us)  (GB/s)  (GB/s)         
0:      8388608       2097152     float     sum      -1   115.83   72.42   72.42       0   115.33   72.74   72.74    N/A
0:     16777216       4194304     float     sum      -1   217.39   77.18   77.18       0   222.96   75.25   75.25    N/A
0:     33554432       8388608     float     sum      -1   421.39   79.63   79.63       0   424.10   79.12   79.12    N/A
0:     67108864      16777216     float     sum      -1   813.60   82.48   82.48       0   825.07   81.34   81.34    N/A
0:    134217728      33554432     float     sum      -1  1126.27  119.17  119.17       0  1119.81  119.86  119.86    N/A
0:    268435456      67108864     float     sum      -1  2211.05  121.41  121.41       0  2210.74  121.42  121.42    N/A
0: # Out of bounds values : 0 OK
0: # Avg bus bandwidth    : 91.8341 
0: #
0: # Collective test concluded: sendrecv_perf
0: #
0: 
0: 
0: ##### pass 11/20  pair g0-g2  sendrecv_perf
0: # nccl-tests version 2.17.8 nccl-headers=22903 nccl-library=22903
0: # Collective test starting: sendrecv_perf
0: # nThread 1 nGpus 2 minBytes 8388608 maxBytes 268435456 step: 2(factor) warmup iters: 5 iters: 20 agg iters: 1 validation: 1 graph: 0
0: #
0: # Using devices
0: #  Rank  0 Group  0 Pid  66345 on  nid007195 device  0 [0009:01:00] NVIDIA GH200 120GB
0: #  Rank  1 Group  0 Pid  66345 on  nid007195 device  1 [0029:01:00] NVIDIA GH200 120GB
0: #
0: #                                                              out-of-place                       in-place          
0: #       size         count      type   redop    root     time   algbw   busbw  #wrong     time   algbw   busbw  #wrong 
0: #        (B)    (elements)                               (us)  (GB/s)  (GB/s)             (us)  (GB/s)  (GB/s)         
0:      8388608       2097152     float     sum      -1   115.50   72.63   72.63       0   115.38   72.70   72.70    N/A
0:     16777216       4194304     float     sum      -1   220.94   75.94   75.94       0   220.27   76.17   76.17    N/A
0:     33554432       8388608     float     sum      -1   421.73   79.56   79.56       0   423.07   79.31   79.31    N/A
0:     67108864      16777216     float     sum      -1   816.86   82.15   82.15       0   826.65   81.18   81.18    N/A
0:    134217728      33554432     float     sum      -1  1126.72  119.12  119.12       0  1123.06  119.51  119.51    N/A
0:    268435456      67108864     float     sum      -1  2213.96  121.25  121.25       0  2210.29  121.45  121.45    N/A
0: # Out of bounds values : 0 OK
0: # Avg bus bandwidth    : 91.7479 
0: #
0: # Collective test concluded: sendrecv_perf
0: #
0: 
0: 
0: ##### pass 11/20  pair g0-g3  sendrecv_perf
0: # nccl-tests version 2.17.8 nccl-headers=22903 nccl-library=22903
0: # Collective test starting: sendrecv_perf
0: # nThread 1 nGpus 2 minBytes 8388608 maxBytes 268435456 step: 2(factor) warmup iters: 5 iters: 20 agg iters: 1 validation: 1 graph: 0
0: #
0: # Using devices
0: #  Rank  0 Group  0 Pid  66384 on  nid007195 device  0 [0009:01:00] NVIDIA GH200 120GB
0: #  Rank  1 Group  0 Pid  66384 on  nid007195 device  1 [0039:01:00] NVIDIA GH200 120GB
0: #
0: #                                                              out-of-place                       in-place          
0: #       size         count      type   redop    root     time   algbw   busbw  #wrong     time   algbw   busbw  #wrong 
0: #        (B)    (elements)                               (us)  (GB/s)  (GB/s)             (us)  (GB/s)  (GB/s)         
0:      8388608       2097152     float     sum      -1   115.99   72.32   72.32       0   115.32   72.74   72.74    N/A
0:     16777216       4194304     float     sum      -1   219.72   76.36   76.36       0   223.40   75.10   75.10    N/A
0:     33554432       8388608     float     sum      -1   420.27   79.84   79.84       0   423.59   79.21   79.21    N/A
0:     67108864      16777216     float     sum      -1   814.16   82.43   82.43       0   828.27   81.02   81.02    N/A
0:    134217728      33554432     float     sum      -1  1120.82  119.75  119.75       0  1123.63  119.45  119.45    N/A
0:    268435456      67108864     float     sum      -1  2212.60  121.32  121.32       0  2211.03  121.41  121.41    N/A
0: # Out of bounds values : 0 OK
0: # Avg bus bandwidth    : 91.7461 
0: #
0: # Collective test concluded: sendrecv_perf
0: #
0: 
0: 
0: ##### pass 11/20  pair g1-g2  sendrecv_perf
0: # nccl-tests version 2.17.8 nccl-headers=22903 nccl-library=22903
0: # Collective test starting: sendrecv_perf
0: # nThread 1 nGpus 2 minBytes 8388608 maxBytes 268435456 step: 2(factor) warmup iters: 5 iters: 20 agg iters: 1 validation: 1 graph: 0
0: #
0: # Using devices
0: #  Rank  0 Group  0 Pid  66426 on  nid007195 device  0 [0019:01:00] NVIDIA GH200 120GB
0: #  Rank  1 Group  0 Pid  66426 on  nid007195 device  1 [0029:01:00] NVIDIA GH200 120GB
0: #
0: #                                                              out-of-place                       in-place          
0: #       size         count      type   redop    root     time   algbw   busbw  #wrong     time   algbw   busbw  #wrong 
0: #        (B)    (elements)                               (us)  (GB/s)  (GB/s)             (us)  (GB/s)  (GB/s)         
0:      8388608       2097152     float     sum      -1   116.30   72.13   72.13       0   118.21   70.97   70.97    N/A
0:     16777216       4194304     float     sum      -1   217.67   77.07   77.07       0   220.23   76.18   76.18    N/A
0:     33554432       8388608     float     sum      -1   420.45   79.81   79.81       0   422.09   79.50   79.50    N/A
0:     67108864      16777216     float     sum      -1   811.49   82.70   82.70       0   823.04   81.54   81.54    N/A
0:    134217728      33554432     float     sum      -1  1124.60  119.35  119.35       0  1118.35  120.01  120.01    N/A
0:    268435456      67108864     float     sum      -1  2206.30  121.67  121.67       0  2211.62  121.38  121.38    N/A
0: # Out of bounds values : 0 OK
0: # Avg bus bandwidth    : 91.8576 
0: #
0: # Collective test concluded: sendrecv_perf
0: #
0: 
0: 
0: ##### pass 11/20  pair g1-g3  sendrecv_perf
0: # nccl-tests version 2.17.8 nccl-headers=22903 nccl-library=22903
0: # Collective test starting: sendrecv_perf
0: # nThread 1 nGpus 2 minBytes 8388608 maxBytes 268435456 step: 2(factor) warmup iters: 5 iters: 20 agg iters: 1 validation: 1 graph: 0
0: #
0: # Using devices
0: #  Rank  0 Group  0 Pid  66462 on  nid007195 device  0 [0019:01:00] NVIDIA GH200 120GB
0: #  Rank  1 Group  0 Pid  66462 on  nid007195 device  1 [0039:01:00] NVIDIA GH200 120GB
0: #
0: #                                                              out-of-place                       in-place          
0: #       size         count      type   redop    root     time   algbw   busbw  #wrong     time   algbw   busbw  #wrong 
0: #        (B)    (elements)                               (us)  (GB/s)  (GB/s)             (us)  (GB/s)  (GB/s)         
0:      8388608       2097152     float     sum      -1   115.98   72.33   72.33       0   115.80   72.44   72.44    N/A
0:     16777216       4194304     float     sum      -1   221.47   75.75   75.75       0   221.47   75.75   75.75    N/A
0:     33554432       8388608     float     sum      -1   418.37   80.20   80.20       0   422.67   79.39   79.39    N/A
0:     67108864      16777216     float     sum      -1   812.62   82.58   82.58       0   812.22   82.62   82.62    N/A
0:    134217728      33554432     float     sum      -1  1122.88  119.53  119.53       0  1116.72  120.19  120.19    N/A
0:    268435456      67108864     float     sum      -1  2208.31  121.56  121.56       0  2205.00  121.74  121.74    N/A
0: # Out of bounds values : 0 OK
0: # Avg bus bandwidth    : 92.0077 
0: #
0: # Collective test concluded: sendrecv_perf
0: #
0: 
0: 
0: ##### pass 11/20  pair g2-g3  sendrecv_perf
0: # nccl-tests version 2.17.8 nccl-headers=22903 nccl-library=22903
0: # Collective test starting: sendrecv_perf
0: # nThread 1 nGpus 2 minBytes 8388608 maxBytes 268435456 step: 2(factor) warmup iters: 5 iters: 20 agg iters: 1 validation: 1 graph: 0
0: #
0: # Using devices
0: #  Rank  0 Group  0 Pid  66500 on  nid007195 device  0 [0029:01:00] NVIDIA GH200 120GB
0: #  Rank  1 Group  0 Pid  66500 on  nid007195 device  1 [0039:01:00] NVIDIA GH200 120GB
0: #
0: #                                                              out-of-place                       in-place          
0: #       size         count      type   redop    root     time   algbw   busbw  #wrong     time   algbw   busbw  #wrong 
0: #        (B)    (elements)                               (us)  (GB/s)  (GB/s)             (us)  (GB/s)  (GB/s)         
0:      8388608       2097152     float     sum      -1   115.88   72.39   72.39       0   115.77   72.46   72.46    N/A
0:     16777216       4194304     float     sum      -1   218.74   76.70   76.70       0   219.63   76.39   76.39    N/A
0:     33554432       8388608     float     sum      -1   422.75   79.37   79.37       0   420.29   79.84   79.84    N/A
0:     67108864      16777216     float     sum      -1   809.48   82.90   82.90       0   822.54   81.59   81.59    N/A
0:    134217728      33554432     float     sum      -1  1122.65  119.55  119.55       0  1119.92  119.85  119.85    N/A
0:    268435456      67108864     float     sum      -1  2207.53  121.60  121.60       0  2207.02  121.63  121.63    N/A
0: # Out of bounds values : 0 OK
0: # Avg bus bandwidth    : 92.0219 
0: #
0: # Collective test concluded: sendrecv_perf
0: #
0: 
0: 
0: ##### pass 12/20  pair g0-g1  sendrecv_perf
0: # nccl-tests version 2.17.8 nccl-headers=22903 nccl-library=22903
0: # Collective test starting: sendrecv_perf
0: # nThread 1 nGpus 2 minBytes 8388608 maxBytes 268435456 step: 2(factor) warmup iters: 5 iters: 20 agg iters: 1 validation: 1 graph: 0
0: #
0: # Using devices
0: #  Rank  0 Group  0 Pid  66540 on  nid007195 device  0 [0009:01:00] NVIDIA GH200 120GB
0: #  Rank  1 Group  0 Pid  66540 on  nid007195 device  1 [0019:01:00] NVIDIA GH200 120GB
0: #
0: #                                                              out-of-place                       in-place          
0: #       size         count      type   redop    root     time   algbw   busbw  #wrong     time   algbw   busbw  #wrong 
0: #        (B)    (elements)                               (us)  (GB/s)  (GB/s)             (us)  (GB/s)  (GB/s)         
0:      8388608       2097152     float     sum      -1   115.36   72.72   72.72       0   115.29   72.76   72.76    N/A
0:     16777216       4194304     float     sum      -1   220.93   75.94   75.94       0   222.56   75.38   75.38    N/A
0:     33554432       8388608     float     sum      -1   422.25   79.46   79.46       0   419.39   80.01   80.01    N/A
0:     67108864      16777216     float     sum      -1   811.70   82.68   82.68       0   818.54   81.99   81.99    N/A
0:    134217728      33554432     float     sum      -1  1118.42  120.01  120.01       0  1124.29  119.38  119.38    N/A
0:    268435456      67108864     float     sum      -1  2207.69  121.59  121.59       0  2204.06  121.79  121.79    N/A
0: # Out of bounds values : 0 OK
0: # Avg bus bandwidth    : 91.9758 
0: #
0: # Collective test concluded: sendrecv_perf
0: #
0: 
0: 
0: ##### pass 12/20  pair g0-g2  sendrecv_perf
0: # nccl-tests version 2.17.8 nccl-headers=22903 nccl-library=22903
0: # Collective test starting: sendrecv_perf
0: # nThread 1 nGpus 2 minBytes 8388608 maxBytes 268435456 step: 2(factor) warmup iters: 5 iters: 20 agg iters: 1 validation: 1 graph: 0
0: #
0: # Using devices
0: #  Rank  0 Group  0 Pid  66604 on  nid007195 device  0 [0009:01:00] NVIDIA GH200 120GB
0: #  Rank  1 Group  0 Pid  66604 on  nid007195 device  1 [0029:01:00] NVIDIA GH200 120GB
0: #
0: #                                                              out-of-place                       in-place          
0: #       size         count      type   redop    root     time   algbw   busbw  #wrong     time   algbw   busbw  #wrong 
0: #        (B)    (elements)                               (us)  (GB/s)  (GB/s)             (us)  (GB/s)  (GB/s)         
0:      8388608       2097152     float     sum      -1   115.95   72.35   72.35       0   120.46   69.64   69.64    N/A
0:     16777216       4194304     float     sum      -1   220.32   76.15   76.15       0   222.97   75.24   75.24    N/A
0:     33554432       8388608     float     sum      -1   421.81   79.55   79.55       0   423.71   79.19   79.19    N/A
0:     67108864      16777216     float     sum      -1   817.56   82.08   82.08       0   821.97   81.64   81.64    N/A
0:    134217728      33554432     float     sum      -1  1126.26  119.17  119.17       0  1125.73  119.23  119.23    N/A
0:    268435456      67108864     float     sum      -1  2207.18  121.62  121.62       0  2209.47  121.49  121.49    N/A
0: # Out of bounds values : 0 OK
0: # Avg bus bandwidth    : 91.4464 
0: #
0: # Collective test concluded: sendrecv_perf
0: #
0: 
0: 
0: ##### pass 12/20  pair g0-g3  sendrecv_perf
0: # nccl-tests version 2.17.8 nccl-headers=22903 nccl-library=22903
0: # Collective test starting: sendrecv_perf
0: # nThread 1 nGpus 2 minBytes 8388608 maxBytes 268435456 step: 2(factor) warmup iters: 5 iters: 20 agg iters: 1 validation: 1 graph: 0
0: #
0: # Using devices
0: #  Rank  0 Group  0 Pid  66642 on  nid007195 device  0 [0009:01:00] NVIDIA GH200 120GB
0: #  Rank  1 Group  0 Pid  66642 on  nid007195 device  1 [0039:01:00] NVIDIA GH200 120GB
0: #
0: #                                                              out-of-place                       in-place          
0: #       size         count      type   redop    root     time   algbw   busbw  #wrong     time   algbw   busbw  #wrong 
0: #        (B)    (elements)                               (us)  (GB/s)  (GB/s)             (us)  (GB/s)  (GB/s)         
0:      8388608       2097152     float     sum      -1   116.25   72.16   72.16       0   115.18   72.83   72.83    N/A
0:     16777216       4194304     float     sum      -1   221.68   75.68   75.68       0   220.40   76.12   76.12    N/A
0:     33554432       8388608     float     sum      -1   419.98   79.90   79.90       0   423.25   79.28   79.28    N/A
0:     67108864      16777216     float     sum      -1   813.00   82.54   82.54       0   829.23   80.93   80.93    N/A
0:    134217728      33554432     float     sum      -1  1123.42  119.47  119.47       0  1116.89  120.17  120.17    N/A
0:    268435456      67108864     float     sum      -1  2203.55  121.82  121.82       0  2207.07  121.63  121.63    N/A
0: # Out of bounds values : 0 OK
0: # Avg bus bandwidth    : 91.8775 
0: #
0: # Collective test concluded: sendrecv_perf
0: #
0: 
0: 
0: ##### pass 12/20  pair g1-g2  sendrecv_perf
0: # nccl-tests version 2.17.8 nccl-headers=22903 nccl-library=22903
0: # Collective test starting: sendrecv_perf
0: # nThread 1 nGpus 2 minBytes 8388608 maxBytes 268435456 step: 2(factor) warmup iters: 5 iters: 20 agg iters: 1 validation: 1 graph: 0
0: #
0: # Using devices
0: #  Rank  0 Group  0 Pid  66681 on  nid007195 device  0 [0019:01:00] NVIDIA GH200 120GB
0: #  Rank  1 Group  0 Pid  66681 on  nid007195 device  1 [0029:01:00] NVIDIA GH200 120GB
0: #
0: #                                                              out-of-place                       in-place          
0: #       size         count      type   redop    root     time   algbw   busbw  #wrong     time   algbw   busbw  #wrong 
0: #        (B)    (elements)                               (us)  (GB/s)  (GB/s)             (us)  (GB/s)  (GB/s)         
0:      8388608       2097152     float     sum      -1   115.51   72.62   72.62       0   115.21   72.81   72.81    N/A
0:     16777216       4194304     float     sum      -1   221.48   75.75   75.75       0   221.42   75.77   75.77    N/A
0:     33554432       8388608     float     sum      -1   420.44   79.81   79.81       0   419.64   79.96   79.96    N/A
0:     67108864      16777216     float     sum      -1   812.34   82.61   82.61       0   814.01   82.44   82.44    N/A
0:    134217728      33554432     float     sum      -1  1124.75  119.33  119.33       0  1119.04  119.94  119.94    N/A
0:    268435456      67108864     float     sum      -1  2205.97  121.69  121.69       0  2210.81  121.42  121.42    N/A
0: # Out of bounds values : 0 OK
0: # Avg bus bandwidth    : 92.0127 
0: #
0: # Collective test concluded: sendrecv_perf
0: #
0: 
0: 
0: ##### pass 12/20  pair g1-g3  sendrecv_perf
0: # nccl-tests version 2.17.8 nccl-headers=22903 nccl-library=22903
0: # Collective test starting: sendrecv_perf
0: # nThread 1 nGpus 2 minBytes 8388608 maxBytes 268435456 step: 2(factor) warmup iters: 5 iters: 20 agg iters: 1 validation: 1 graph: 0
0: #
0: # Using devices
0: #  Rank  0 Group  0 Pid  66720 on  nid007195 device  0 [0019:01:00] NVIDIA GH200 120GB
0: #  Rank  1 Group  0 Pid  66720 on  nid007195 device  1 [0039:01:00] NVIDIA GH200 120GB
0: #
0: #                                                              out-of-place                       in-place          
0: #       size         count      type   redop    root     time   algbw   busbw  #wrong     time   algbw   busbw  #wrong 
0: #        (B)    (elements)                               (us)  (GB/s)  (GB/s)             (us)  (GB/s)  (GB/s)         
0:      8388608       2097152     float     sum      -1   118.30   70.91   70.91       0   119.87   69.98   69.98    N/A
0:     16777216       4194304     float     sum      -1   217.98   76.97   76.97       0   219.68   76.37   76.37    N/A
0:     33554432       8388608     float     sum      -1   418.90   80.10   80.10       0   421.29   79.65   79.65    N/A
0:     67108864      16777216     float     sum      -1   814.34   82.41   82.41       0   819.44   81.90   81.90    N/A
0:    134217728      33554432     float     sum      -1  1122.58  119.56  119.56       0  1124.95  119.31  119.31    N/A
0:    268435456      67108864     float     sum      -1  2213.86  121.25  121.25       0  2212.17  121.34  121.34    N/A
0: # Out of bounds values : 0 OK
0: # Avg bus bandwidth    : 91.6455 
0: #
0: # Collective test concluded: sendrecv_perf
0: #
0: 
0: 
0: ##### pass 12/20  pair g2-g3  sendrecv_perf
0: # nccl-tests version 2.17.8 nccl-headers=22903 nccl-library=22903
0: # Collective test starting: sendrecv_perf
0: # nThread 1 nGpus 2 minBytes 8388608 maxBytes 268435456 step: 2(factor) warmup iters: 5 iters: 20 agg iters: 1 validation: 1 graph: 0
0: #
0: # Using devices
0: #  Rank  0 Group  0 Pid  66759 on  nid007195 device  0 [0029:01:00] NVIDIA GH200 120GB
0: #  Rank  1 Group  0 Pid  66759 on  nid007195 device  1 [0039:01:00] NVIDIA GH200 120GB
0: #
0: #                                                              out-of-place                       in-place          
0: #       size         count      type   redop    root     time   algbw   busbw  #wrong     time   algbw   busbw  #wrong 
0: #        (B)    (elements)                               (us)  (GB/s)  (GB/s)             (us)  (GB/s)  (GB/s)         
0:      8388608       2097152     float     sum      -1   117.00   71.70   71.70       0   114.99   72.95   72.95    N/A
0:     16777216       4194304     float     sum      -1   216.95   77.33   77.33       0   219.55   76.42   76.42    N/A
0:     33554432       8388608     float     sum      -1   419.30   80.03   80.03       0   421.43   79.62   79.62    N/A
0:     67108864      16777216     float     sum      -1   812.26   82.62   82.62       0   820.08   81.83   81.83    N/A
0:    134217728      33554432     float     sum      -1  1133.40  118.42  118.42       0  1124.69  119.34  119.34    N/A
0:    268435456      67108864     float     sum      -1  2205.07  121.74  121.74       0  2207.78  121.59  121.59    N/A
0: # Out of bounds values : 0 OK
0: # Avg bus bandwidth    : 91.9644 
0: #
0: # Collective test concluded: sendrecv_perf
0: #
0: 
0: 
0: ##### pass 13/20  pair g0-g1  sendrecv_perf
0: # nccl-tests version 2.17.8 nccl-headers=22903 nccl-library=22903
0: # Collective test starting: sendrecv_perf
0: # nThread 1 nGpus 2 minBytes 8388608 maxBytes 268435456 step: 2(factor) warmup iters: 5 iters: 20 agg iters: 1 validation: 1 graph: 0
0: #
0: # Using devices
0: #  Rank  0 Group  0 Pid  66795 on  nid007195 device  0 [0009:01:00] NVIDIA GH200 120GB
0: #  Rank  1 Group  0 Pid  66795 on  nid007195 device  1 [0019:01:00] NVIDIA GH200 120GB
0: #
0: #                                                              out-of-place                       in-place          
0: #       size         count      type   redop    root     time   algbw   busbw  #wrong     time   algbw   busbw  #wrong 
0: #        (B)    (elements)                               (us)  (GB/s)  (GB/s)             (us)  (GB/s)  (GB/s)         
0:      8388608       2097152     float     sum      -1   116.04   72.29   72.29       0   115.54   72.61   72.61    N/A
0:     16777216       4194304     float     sum      -1   220.28   76.16   76.16       0   221.58   75.72   75.72    N/A
0:     33554432       8388608     float     sum      -1   421.59   79.59   79.59       0   423.73   79.19   79.19    N/A
0:     67108864      16777216     float     sum      -1   815.29   82.31   82.31       0   821.66   81.68   81.68    N/A
0:    134217728      33554432     float     sum      -1  1123.72  119.44  119.44       0  1126.50  119.15  119.15    N/A
0:    268435456      67108864     float     sum      -1  2210.24  121.45  121.45       0  2209.14  121.51  121.51    N/A
0: # Out of bounds values : 0 OK
0: # Avg bus bandwidth    : 91.7578 
0: #
0: # Collective test concluded: sendrecv_perf
0: #
0: 
0: 
0: ##### pass 13/20  pair g0-g2  sendrecv_perf
0: # nccl-tests version 2.17.8 nccl-headers=22903 nccl-library=22903
0: # Collective test starting: sendrecv_perf
0: # nThread 1 nGpus 2 minBytes 8388608 maxBytes 268435456 step: 2(factor) warmup iters: 5 iters: 20 agg iters: 1 validation: 1 graph: 0
0: #
0: # Using devices
0: #  Rank  0 Group  0 Pid  66834 on  nid007195 device  0 [0009:01:00] NVIDIA GH200 120GB
0: #  Rank  1 Group  0 Pid  66834 on  nid007195 device  1 [0029:01:00] NVIDIA GH200 120GB
0: #
0: #                                                              out-of-place                       in-place          
0: #       size         count      type   redop    root     time   algbw   busbw  #wrong     time   algbw   busbw  #wrong 
0: #        (B)    (elements)                               (us)  (GB/s)  (GB/s)             (us)  (GB/s)  (GB/s)         
0:      8388608       2097152     float     sum      -1   115.77   72.46   72.46       0   115.74   72.48   72.48    N/A
0:     16777216       4194304     float     sum      -1   220.24   76.18   76.18       0   220.40   76.12   76.12    N/A
0:     33554432       8388608     float     sum      -1   422.12   79.49   79.49       0   423.99   79.14   79.14    N/A
0:     67108864      16777216     float     sum      -1   818.56   81.98   81.98       0   823.11   81.53   81.53    N/A
0:    134217728      33554432     float     sum      -1  1124.22  119.39  119.39       0  1123.82  119.43  119.43    N/A
0:    268435456      67108864     float     sum      -1  2202.75  121.86  121.86       0  2209.28  121.50  121.50    N/A
0: # Out of bounds values : 0 OK
0: # Avg bus bandwidth    : 91.7973 
0: #
0: # Collective test concluded: sendrecv_perf
0: #
0: 
0: 
0: ##### pass 13/20  pair g0-g3  sendrecv_perf
0: # nccl-tests version 2.17.8 nccl-headers=22903 nccl-library=22903
0: # Collective test starting: sendrecv_perf
0: # nThread 1 nGpus 2 minBytes 8388608 maxBytes 268435456 step: 2(factor) warmup iters: 5 iters: 20 agg iters: 1 validation: 1 graph: 0
0: #
0: # Using devices
0: #  Rank  0 Group  0 Pid  66919 on  nid007195 device  0 [0009:01:00] NVIDIA GH200 120GB
0: #  Rank  1 Group  0 Pid  66919 on  nid007195 device  1 [0039:01:00] NVIDIA GH200 120GB
0: #
0: #                                                              out-of-place                       in-place          
0: #       size         count      type   redop    root     time   algbw   busbw  #wrong     time   algbw   busbw  #wrong 
0: #        (B)    (elements)                               (us)  (GB/s)  (GB/s)             (us)  (GB/s)  (GB/s)         
0:      8388608       2097152     float     sum      -1   115.94   72.36   72.36       0   115.60   72.57   72.57    N/A
0:     16777216       4194304     float     sum      -1   221.09   75.88   75.88       0   223.11   75.20   75.20    N/A
0:     33554432       8388608     float     sum      -1   421.54   79.60   79.60       0   422.31   79.45   79.45    N/A
0:     67108864      16777216     float     sum      -1   811.70   82.68   82.68       0   824.84   81.36   81.36    N/A
0:    134217728      33554432     float     sum      -1  1125.63  119.24  119.24       0  1119.19  119.92  119.92    N/A
0:    268435456      67108864     float     sum      -1  2201.59  121.93  121.93       0  2211.30  121.39  121.39    N/A
0: # Out of bounds values : 0 OK
0: # Avg bus bandwidth    : 91.7979 
0: #
0: # Collective test concluded: sendrecv_perf
0: #
0: 
0: 
0: ##### pass 13/20  pair g1-g2  sendrecv_perf
0: # nccl-tests version 2.17.8 nccl-headers=22903 nccl-library=22903
0: # Collective test starting: sendrecv_perf
0: # nThread 1 nGpus 2 minBytes 8388608 maxBytes 268435456 step: 2(factor) warmup iters: 5 iters: 20 agg iters: 1 validation: 1 graph: 0
0: #
0: # Using devices
0: #  Rank  0 Group  0 Pid  66954 on  nid007195 device  0 [0019:01:00] NVIDIA GH200 120GB
0: #  Rank  1 Group  0 Pid  66954 on  nid007195 device  1 [0029:01:00] NVIDIA GH200 120GB
0: #
0: #                                                              out-of-place                       in-place          
0: #       size         count      type   redop    root     time   algbw   busbw  #wrong     time   algbw   busbw  #wrong 
0: #        (B)    (elements)                               (us)  (GB/s)  (GB/s)             (us)  (GB/s)  (GB/s)         
0:      8388608       2097152     float     sum      -1   116.23   72.17   72.17       0   115.62   72.55   72.55    N/A
0:     16777216       4194304     float     sum      -1   221.82   75.63   75.63       0   221.82   75.63   75.63    N/A
0:     33554432       8388608     float     sum      -1   423.23   79.28   79.28       0   423.54   79.22   79.22    N/A
0:     67108864      16777216     float     sum      -1   811.58   82.69   82.69       0   824.43   81.40   81.40    N/A
0:    134217728      33554432     float     sum      -1  1124.70  119.34  119.34       0  1123.72  119.44  119.44    N/A
0:    268435456      67108864     float     sum      -1  2207.31  121.61  121.61       0  2211.99  121.35  121.35    N/A
0: # Out of bounds values : 0 OK
0: # Avg bus bandwidth    : 91.694 
0: #
0: # Collective test concluded: sendrecv_perf
0: #
0: 
0: 
0: ##### pass 13/20  pair g1-g3  sendrecv_perf
0: # nccl-tests version 2.17.8 nccl-headers=22903 nccl-library=22903
0: # Collective test starting: sendrecv_perf
0: # nThread 1 nGpus 2 minBytes 8388608 maxBytes 268435456 step: 2(factor) warmup iters: 5 iters: 20 agg iters: 1 validation: 1 graph: 0
0: #
0: # Using devices
0: #  Rank  0 Group  0 Pid  66993 on  nid007195 device  0 [0019:01:00] NVIDIA GH200 120GB
0: #  Rank  1 Group  0 Pid  66993 on  nid007195 device  1 [0039:01:00] NVIDIA GH200 120GB
0: #
0: #                                                              out-of-place                       in-place          
0: #       size         count      type   redop    root     time   algbw   busbw  #wrong     time   algbw   busbw  #wrong 
0: #        (B)    (elements)                               (us)  (GB/s)  (GB/s)             (us)  (GB/s)  (GB/s)         
0:      8388608       2097152     float     sum      -1   116.88   71.77   71.77       0   116.39   72.07   72.07    N/A
0:     16777216       4194304     float     sum      -1   218.86   76.66   76.66       0   221.40   75.78   75.78    N/A
0:     33554432       8388608     float     sum      -1   425.17   78.92   78.92       0   422.66   79.39   79.39    N/A
0:     67108864      16777216     float     sum      -1   815.17   82.33   82.33       0   824.87   81.36   81.36    N/A
0:    134217728      33554432     float     sum      -1  1121.61  119.67  119.67       0  1121.42  119.69  119.69    N/A
0:    268435456      67108864     float     sum      -1  2216.87  121.09  121.09       0  2205.45  121.71  121.71    N/A
0: # Out of bounds values : 0 OK
0: # Avg bus bandwidth    : 91.7021 
0: #
0: # Collective test concluded: sendrecv_perf
0: #
0: 
0: 
0: ##### pass 13/20  pair g2-g3  sendrecv_perf
0: # nccl-tests version 2.17.8 nccl-headers=22903 nccl-library=22903
0: # Collective test starting: sendrecv_perf
0: # nThread 1 nGpus 2 minBytes 8388608 maxBytes 268435456 step: 2(factor) warmup iters: 5 iters: 20 agg iters: 1 validation: 1 graph: 0
0: #
0: # Using devices
0: #  Rank  0 Group  0 Pid  67033 on  nid007195 device  0 [0029:01:00] NVIDIA GH200 120GB
0: #  Rank  1 Group  0 Pid  67033 on  nid007195 device  1 [0039:01:00] NVIDIA GH200 120GB
0: #
0: #                                                              out-of-place                       in-place          
0: #       size         count      type   redop    root     time   algbw   busbw  #wrong     time   algbw   busbw  #wrong 
0: #        (B)    (elements)                               (us)  (GB/s)  (GB/s)             (us)  (GB/s)  (GB/s)         
0:      8388608       2097152     float     sum      -1   115.78   72.45   72.45       0   120.50   69.61   69.61    N/A
0:     16777216       4194304     float     sum      -1   222.31   75.47   75.47       0   219.52   76.43   76.43    N/A
0:     33554432       8388608     float     sum      -1   421.98   79.52   79.52       0   424.30   79.08   79.08    N/A
0:     67108864      16777216     float     sum      -1   816.94   82.15   82.15       0   821.61   81.68   81.68    N/A
0:    134217728      33554432     float     sum      -1  1119.84  119.85  119.85       0  1120.14  119.82  119.82    N/A
0:    268435456      67108864     float     sum      -1  2208.23  121.56  121.56       0  2213.69  121.26  121.26    N/A
0: # Out of bounds values : 0 OK
0: # Avg bus bandwidth    : 91.5734 
0: #
0: # Collective test concluded: sendrecv_perf
0: #
0: 
0: 
0: ##### pass 14/20  pair g0-g1  sendrecv_perf
0: # nccl-tests version 2.17.8 nccl-headers=22903 nccl-library=22903
0: # Collective test starting: sendrecv_perf
0: # nThread 1 nGpus 2 minBytes 8388608 maxBytes 268435456 step: 2(factor) warmup iters: 5 iters: 20 agg iters: 1 validation: 1 graph: 0
0: #
0: # Using devices
0: #  Rank  0 Group  0 Pid  67072 on  nid007195 device  0 [0009:01:00] NVIDIA GH200 120GB
0: #  Rank  1 Group  0 Pid  67072 on  nid007195 device  1 [0019:01:00] NVIDIA GH200 120GB
0: #
0: #                                                              out-of-place                       in-place          
0: #       size         count      type   redop    root     time   algbw   busbw  #wrong     time   algbw   busbw  #wrong 
0: #        (B)    (elements)                               (us)  (GB/s)  (GB/s)             (us)  (GB/s)  (GB/s)         
0:      8388608       2097152     float     sum      -1   118.01   71.08   71.08       0   119.51   70.19   70.19    N/A
0:     16777216       4194304     float     sum      -1   218.96   76.62   76.62       0   222.60   75.37   75.37    N/A
0:     33554432       8388608     float     sum      -1   423.23   79.28   79.28       0   424.81   78.99   78.99    N/A
0:     67108864      16777216     float     sum      -1   813.62   82.48   82.48       0   818.28   82.01   82.01    N/A
0:    134217728      33554432     float     sum      -1  1123.26  119.49  119.49       0  1122.86  119.53  119.53    N/A
0:    268435456      67108864     float     sum      -1  2202.34  121.89  121.89       0  2208.85  121.53  121.53    N/A
0: # Out of bounds values : 0 OK
0: # Avg bus bandwidth    : 91.5385 
0: #
0: # Collective test concluded: sendrecv_perf
0: #
0: 
0: 
0: ##### pass 14/20  pair g0-g2  sendrecv_perf
0: # nccl-tests version 2.17.8 nccl-headers=22903 nccl-library=22903
0: # Collective test starting: sendrecv_perf
0: # nThread 1 nGpus 2 minBytes 8388608 maxBytes 268435456 step: 2(factor) warmup iters: 5 iters: 20 agg iters: 1 validation: 1 graph: 0
0: #
0: # Using devices
0: #  Rank  0 Group  0 Pid  67111 on  nid007195 device  0 [0009:01:00] NVIDIA GH200 120GB
0: #  Rank  1 Group  0 Pid  67111 on  nid007195 device  1 [0029:01:00] NVIDIA GH200 120GB
0: #
0: #                                                              out-of-place                       in-place          
0: #       size         count      type   redop    root     time   algbw   busbw  #wrong     time   algbw   busbw  #wrong 
0: #        (B)    (elements)                               (us)  (GB/s)  (GB/s)             (us)  (GB/s)  (GB/s)         
0:      8388608       2097152     float     sum      -1   115.58   72.58   72.58       0   115.46   72.65   72.65    N/A
0:     16777216       4194304     float     sum      -1   221.53   75.73   75.73       0   216.79   77.39   77.39    N/A
0:     33554432       8388608     float     sum      -1   424.19   79.10   79.10       0   423.02   79.32   79.32    N/A
0:     67108864      16777216     float     sum      -1   816.31   82.21   82.21       0   819.26   81.91   81.91    N/A
0:    134217728      33554432     float     sum      -1  1120.34  119.80  119.80       0  1122.73  119.55  119.55    N/A
0:    268435456      67108864     float     sum      -1  2214.76  121.20  121.20       0  2211.75  121.37  121.37    N/A
0: # Out of bounds values : 0 OK
0: # Avg bus bandwidth    : 91.9011 
0: #
0: # Collective test concluded: sendrecv_perf
0: #
0: 
0: 
0: ##### pass 14/20  pair g0-g3  sendrecv_perf
0: # nccl-tests version 2.17.8 nccl-headers=22903 nccl-library=22903
0: # Collective test starting: sendrecv_perf
0: # nThread 1 nGpus 2 minBytes 8388608 maxBytes 268435456 step: 2(factor) warmup iters: 5 iters: 20 agg iters: 1 validation: 1 graph: 0
0: #
0: # Using devices
0: #  Rank  0 Group  0 Pid  67170 on  nid007195 device  0 [0009:01:00] NVIDIA GH200 120GB
0: #  Rank  1 Group  0 Pid  67170 on  nid007195 device  1 [0039:01:00] NVIDIA GH200 120GB
0: #
0: #                                                              out-of-place                       in-place          
0: #       size         count      type   redop    root     time   algbw   busbw  #wrong     time   algbw   busbw  #wrong 
0: #        (B)    (elements)                               (us)  (GB/s)  (GB/s)             (us)  (GB/s)  (GB/s)         
0:      8388608       2097152     float     sum      -1   116.32   72.12   72.12       0   118.62   70.72   70.72    N/A
0:     16777216       4194304     float     sum      -1   223.97   74.91   74.91       0   221.34   75.80   75.80    N/A
0:     33554432       8388608     float     sum      -1   423.51   79.23   79.23       0   423.61   79.21   79.21    N/A
0:     67108864      16777216     float     sum      -1   818.02   82.04   82.04       0   828.15   81.03   81.03    N/A
0:    134217728      33554432     float     sum      -1  1124.67  119.34  119.34       0  1115.93  120.27  120.27    N/A
0:    268435456      67108864     float     sum      -1  2211.62  121.37  121.37       0  2205.19  121.73  121.73    N/A
0: # Out of bounds values : 0 OK
0: # Avg bus bandwidth    : 91.481 
0: #
0: # Collective test concluded: sendrecv_perf
0: #
0: 
0: 
0: ##### pass 14/20  pair g1-g2  sendrecv_perf
0: # nccl-tests version 2.17.8 nccl-headers=22903 nccl-library=22903
0: # Collective test starting: sendrecv_perf
0: # nThread 1 nGpus 2 minBytes 8388608 maxBytes 268435456 step: 2(factor) warmup iters: 5 iters: 20 agg iters: 1 validation: 1 graph: 0
0: #
0: # Using devices
0: #  Rank  0 Group  0 Pid  67209 on  nid007195 device  0 [0019:01:00] NVIDIA GH200 120GB
0: #  Rank  1 Group  0 Pid  67209 on  nid007195 device  1 [0029:01:00] NVIDIA GH200 120GB
0: #
0: #                                                              out-of-place                       in-place          
0: #       size         count      type   redop    root     time   algbw   busbw  #wrong     time   algbw   busbw  #wrong 
0: #        (B)    (elements)                               (us)  (GB/s)  (GB/s)             (us)  (GB/s)  (GB/s)         
0:      8388608       2097152     float     sum      -1   116.83   71.80   71.80       0   117.88   71.16   71.16    N/A
0:     16777216       4194304     float     sum      -1   221.77   75.65   75.65       0   222.04   75.56   75.56    N/A
0:     33554432       8388608     float     sum      -1   421.70   79.57   79.57       0   424.53   79.04   79.04    N/A
0:     67108864      16777216     float     sum      -1   814.05   82.44   82.44       0   821.54   81.69   81.69    N/A
0:    134217728      33554432     float     sum      -1  1125.67  119.23  119.23       0  1120.76  119.76  119.76    N/A
0:    268435456      67108864     float     sum      -1  2207.04  121.63  121.63       0  2204.95  121.74  121.74    N/A
0: # Out of bounds values : 0 OK
0: # Avg bus bandwidth    : 91.6053 
0: #
0: # Collective test concluded: sendrecv_perf
0: #
0: 
0: 
0: ##### pass 14/20  pair g1-g3  sendrecv_perf
0: # nccl-tests version 2.17.8 nccl-headers=22903 nccl-library=22903
0: # Collective test starting: sendrecv_perf
0: # nThread 1 nGpus 2 minBytes 8388608 maxBytes 268435456 step: 2(factor) warmup iters: 5 iters: 20 agg iters: 1 validation: 1 graph: 0
0: #
0: # Using devices
0: #  Rank  0 Group  0 Pid  67246 on  nid007195 device  0 [0019:01:00] NVIDIA GH200 120GB
0: #  Rank  1 Group  0 Pid  67246 on  nid007195 device  1 [0039:01:00] NVIDIA GH200 120GB
0: #
0: #                                                              out-of-place                       in-place          
0: #       size         count      type   redop    root     time   algbw   busbw  #wrong     time   algbw   busbw  #wrong 
0: #        (B)    (elements)                               (us)  (GB/s)  (GB/s)             (us)  (GB/s)  (GB/s)         
0:      8388608       2097152     float     sum      -1   116.43   72.05   72.05       0   115.94   72.36   72.36    N/A
0:     16777216       4194304     float     sum      -1   218.79   76.68   76.68       0   222.16   75.52   75.52    N/A
0:     33554432       8388608     float     sum      -1   421.05   79.69   79.69       0   422.21   79.47   79.47    N/A
0:     67108864      16777216     float     sum      -1   816.74   82.17   82.17       0   819.90   81.85   81.85    N/A
0:    134217728      33554432     float     sum      -1  1123.68  119.44  119.44       0  1129.07  118.87  118.87    N/A
0:    268435456      67108864     float     sum      -1  2217.23  121.07  121.07       0  2212.48  121.33  121.33    N/A
0: # Out of bounds values : 0 OK
0: # Avg bus bandwidth    : 91.7086 
0: #
0: # Collective test concluded: sendrecv_perf
0: #
0: 
0: 
0: ##### pass 14/20  pair g2-g3  sendrecv_perf
0: # nccl-tests version 2.17.8 nccl-headers=22903 nccl-library=22903
0: # Collective test starting: sendrecv_perf
0: # nThread 1 nGpus 2 minBytes 8388608 maxBytes 268435456 step: 2(factor) warmup iters: 5 iters: 20 agg iters: 1 validation: 1 graph: 0
0: #
0: # Using devices
0: #  Rank  0 Group  0 Pid  67284 on  nid007195 device  0 [0029:01:00] NVIDIA GH200 120GB
0: #  Rank  1 Group  0 Pid  67284 on  nid007195 device  1 [0039:01:00] NVIDIA GH200 120GB
0: #
0: #                                                              out-of-place                       in-place          
0: #       size         count      type   redop    root     time   algbw   busbw  #wrong     time   algbw   busbw  #wrong 
0: #        (B)    (elements)                               (us)  (GB/s)  (GB/s)             (us)  (GB/s)  (GB/s)         
0:      8388608       2097152     float     sum      -1   118.46   70.81   70.81       0   115.67   72.52   72.52    N/A
0:     16777216       4194304     float     sum      -1   219.39   76.47   76.47       0   217.40   77.17   77.17    N/A
0:     33554432       8388608     float     sum      -1   423.30   79.27   79.27       0   423.44   79.24   79.24    N/A
0:     67108864      16777216     float     sum      -1   813.88   82.46   82.46       0   825.61   81.28   81.28    N/A
0:    134217728      33554432     float     sum      -1  1124.03  119.41  119.41       0  1123.72  119.44  119.44    N/A
0:    268435456      67108864     float     sum      -1  2210.73  121.42  121.42       0  2206.29  121.67  121.67    N/A
0: # Out of bounds values : 0 OK
0: # Avg bus bandwidth    : 91.7642 
0: #
0: # Collective test concluded: sendrecv_perf
0: #
0: 
0: 
0: ##### pass 15/20  pair g0-g1  sendrecv_perf
0: # nccl-tests version 2.17.8 nccl-headers=22903 nccl-library=22903
0: # Collective test starting: sendrecv_perf
0: # nThread 1 nGpus 2 minBytes 8388608 maxBytes 268435456 step: 2(factor) warmup iters: 5 iters: 20 agg iters: 1 validation: 1 graph: 0
0: #
0: # Using devices
0: #  Rank  0 Group  0 Pid  67325 on  nid007195 device  0 [0009:01:00] NVIDIA GH200 120GB
0: #  Rank  1 Group  0 Pid  67325 on  nid007195 device  1 [0019:01:00] NVIDIA GH200 120GB
0: #
0: #                                                              out-of-place                       in-place          
0: #       size         count      type   redop    root     time   algbw   busbw  #wrong     time   algbw   busbw  #wrong 
0: #        (B)    (elements)                               (us)  (GB/s)  (GB/s)             (us)  (GB/s)  (GB/s)         
0:      8388608       2097152     float     sum      -1   115.97   72.34   72.34       0   115.86   72.40   72.40    N/A
0:     16777216       4194304     float     sum      -1   219.12   76.57   76.57       0   218.96   76.62   76.62    N/A
0:     33554432       8388608     float     sum      -1   424.09   79.12   79.12       0   425.55   78.85   78.85    N/A
0:     67108864      16777216     float     sum      -1   819.56   81.88   81.88       0   826.49   81.20   81.20    N/A
0:    134217728      33554432     float     sum      -1  1122.16  119.61  119.61       0  1119.18  119.93  119.93    N/A
0:    268435456      67108864     float     sum      -1  2210.52  121.44  121.44       0  2221.11  120.86  120.86    N/A
0: # Out of bounds values : 0 OK
0: # Avg bus bandwidth    : 91.7335 
0: #
0: # Collective test concluded: sendrecv_perf
0: #
0: 
0: 
0: ##### pass 15/20  pair g0-g2  sendrecv_perf
0: # nccl-tests version 2.17.8 nccl-headers=22903 nccl-library=22903
0: # Collective test starting: sendrecv_perf
0: # nThread 1 nGpus 2 minBytes 8388608 maxBytes 268435456 step: 2(factor) warmup iters: 5 iters: 20 agg iters: 1 validation: 1 graph: 0
0: #
0: # Using devices
0: #  Rank  0 Group  0 Pid  67361 on  nid007195 device  0 [0009:01:00] NVIDIA GH200 120GB
0: #  Rank  1 Group  0 Pid  67361 on  nid007195 device  1 [0029:01:00] NVIDIA GH200 120GB
0: #
0: #                                                              out-of-place                       in-place          
0: #       size         count      type   redop    root     time   algbw   busbw  #wrong     time   algbw   busbw  #wrong 
0: #        (B)    (elements)                               (us)  (GB/s)  (GB/s)             (us)  (GB/s)  (GB/s)         
0:      8388608       2097152     float     sum      -1   116.23   72.17   72.17       0   118.20   70.97   70.97    N/A
0:     16777216       4194304     float     sum      -1   222.89   75.27   75.27       0   222.16   75.52   75.52    N/A
0:     33554432       8388608     float     sum      -1   423.04   79.32   79.32       0   421.45   79.62   79.62    N/A
0:     67108864      16777216     float     sum      -1   817.66   82.07   82.07       0   822.88   81.55   81.55    N/A
0:    134217728      33554432     float     sum      -1  1128.45  118.94  118.94       0  1119.11  119.93  119.93    N/A
0:    268435456      67108864     float     sum      -1  2220.14  120.91  120.91       0  2207.21  121.62  121.62    N/A
0: # Out of bounds values : 0 OK
0: # Avg bus bandwidth    : 91.4913 
0: #
0: # Collective test concluded: sendrecv_perf
0: #
0: 
0: 
0: ##### pass 15/20  pair g0-g3  sendrecv_perf
0: # nccl-tests version 2.17.8 nccl-headers=22903 nccl-library=22903
0: # Collective test starting: sendrecv_perf
0: # nThread 1 nGpus 2 minBytes 8388608 maxBytes 268435456 step: 2(factor) warmup iters: 5 iters: 20 agg iters: 1 validation: 1 graph: 0
0: #
0: # Using devices
0: #  Rank  0 Group  0 Pid  67418 on  nid007195 device  0 [0009:01:00] NVIDIA GH200 120GB
0: #  Rank  1 Group  0 Pid  67418 on  nid007195 device  1 [0039:01:00] NVIDIA GH200 120GB
0: #
0: #                                                              out-of-place                       in-place          
0: #       size         count      type   redop    root     time   algbw   busbw  #wrong     time   algbw   busbw  #wrong 
0: #        (B)    (elements)                               (us)  (GB/s)  (GB/s)             (us)  (GB/s)  (GB/s)         
0:      8388608       2097152     float     sum      -1   116.75   71.85   71.85       0   121.24   69.19   69.19    N/A
0:     16777216       4194304     float     sum      -1   217.43   77.16   77.16       0   219.74   76.35   76.35    N/A
0:     33554432       8388608     float     sum      -1   421.19   79.67   79.67       0   423.26   79.28   79.28    N/A
0:     67108864      16777216     float     sum      -1   808.42   83.01   83.01       0   823.08   81.53   81.53    N/A
0:    134217728      33554432     float     sum      -1  1126.34  119.16  119.16       0  1121.15  119.71  119.71    N/A
0:    268435456      67108864     float     sum      -1  2214.23  121.23  121.23       0  2211.08  121.40  121.40    N/A
0: # Out of bounds values : 0 OK
0: # Avg bus bandwidth    : 91.6295 
0: #
0: # Collective test concluded: sendrecv_perf
0: #
0: 
0: 
0: ##### pass 15/20  pair g1-g2  sendrecv_perf
0: # nccl-tests version 2.17.8 nccl-headers=22903 nccl-library=22903
0: # Collective test starting: sendrecv_perf
0: # nThread 1 nGpus 2 minBytes 8388608 maxBytes 268435456 step: 2(factor) warmup iters: 5 iters: 20 agg iters: 1 validation: 1 graph: 0
0: #
0: # Using devices
0: #  Rank  0 Group  0 Pid  67455 on  nid007195 device  0 [0019:01:00] NVIDIA GH200 120GB
0: #  Rank  1 Group  0 Pid  67455 on  nid007195 device  1 [0029:01:00] NVIDIA GH200 120GB
0: #
0: #                                                              out-of-place                       in-place          
0: #       size         count      type   redop    root     time   algbw   busbw  #wrong     time   algbw   busbw  #wrong 
0: #        (B)    (elements)                               (us)  (GB/s)  (GB/s)             (us)  (GB/s)  (GB/s)         
0:      8388608       2097152     float     sum      -1   116.86   71.78   71.78       0   116.14   72.23   72.23    N/A
0:     16777216       4194304     float     sum      -1   220.04   76.25   76.25       0   221.62   75.70   75.70    N/A
0:     33554432       8388608     float     sum      -1   419.70   79.95   79.95       0   420.62   79.77   79.77    N/A
0:     67108864      16777216     float     sum      -1   811.18   82.73   82.73       0   825.35   81.31   81.31    N/A
0:    134217728      33554432     float     sum      -1  1118.75  119.97  119.97       0  1119.67  119.87  119.87    N/A
0:    268435456      67108864     float     sum      -1  2205.57  121.71  121.71       0  2208.25  121.56  121.56    N/A
0: # Out of bounds values : 0 OK
0: # Avg bus bandwidth    : 91.9031 
0: #
0: # Collective test concluded: sendrecv_perf
0: #
0: 
0: 
0: ##### pass 15/20  pair g1-g3  sendrecv_perf
0: # nccl-tests version 2.17.8 nccl-headers=22903 nccl-library=22903
0: # Collective test starting: sendrecv_perf
0: # nThread 1 nGpus 2 minBytes 8388608 maxBytes 268435456 step: 2(factor) warmup iters: 5 iters: 20 agg iters: 1 validation: 1 graph: 0
0: #
0: # Using devices
0: #  Rank  0 Group  0 Pid  67495 on  nid007195 device  0 [0019:01:00] NVIDIA GH200 120GB
0: #  Rank  1 Group  0 Pid  67495 on  nid007195 device  1 [0039:01:00] NVIDIA GH200 120GB
0: #
0: #                                                              out-of-place                       in-place          
0: #       size         count      type   redop    root     time   algbw   busbw  #wrong     time   algbw   busbw  #wrong 
0: #        (B)    (elements)                               (us)  (GB/s)  (GB/s)             (us)  (GB/s)  (GB/s)         
0:      8388608       2097152     float     sum      -1   118.10   71.03   71.03       0   115.50   72.63   72.63    N/A
0:     16777216       4194304     float     sum      -1   222.26   75.49   75.49       0   220.10   76.22   76.22    N/A
0:     33554432       8388608     float     sum      -1   420.80   79.74   79.74       0   422.78   79.37   79.37    N/A
0:     67108864      16777216     float     sum      -1   815.73   82.27   82.27       0   820.66   81.77   81.77    N/A
0:    134217728      33554432     float     sum      -1  1118.52  120.00  120.00       0  1126.44  119.15  119.15    N/A
0:    268435456      67108864     float     sum      -1  2211.92  121.36  121.36       0  2206.69  121.65  121.65    N/A
0: # Out of bounds values : 0 OK
0: # Avg bus bandwidth    : 91.7229 
0: #
0: # Collective test concluded: sendrecv_perf
0: #
0: 
0: 
0: ##### pass 15/20  pair g2-g3  sendrecv_perf
0: # nccl-tests version 2.17.8 nccl-headers=22903 nccl-library=22903
0: # Collective test starting: sendrecv_perf
0: # nThread 1 nGpus 2 minBytes 8388608 maxBytes 268435456 step: 2(factor) warmup iters: 5 iters: 20 agg iters: 1 validation: 1 graph: 0
0: #
0: # Using devices
0: #  Rank  0 Group  0 Pid  67533 on  nid007195 device  0 [0029:01:00] NVIDIA GH200 120GB
0: #  Rank  1 Group  0 Pid  67533 on  nid007195 device  1 [0039:01:00] NVIDIA GH200 120GB
0: #
0: #                                                              out-of-place                       in-place          
0: #       size         count      type   redop    root     time   algbw   busbw  #wrong     time   algbw   busbw  #wrong 
0: #        (B)    (elements)                               (us)  (GB/s)  (GB/s)             (us)  (GB/s)  (GB/s)         
0:      8388608       2097152     float     sum      -1   116.22   72.18   72.18       0   115.77   72.46   72.46    N/A
0:     16777216       4194304     float     sum      -1   222.57   75.38   75.38       0   220.04   76.25   76.25    N/A
0:     33554432       8388608     float     sum      -1   423.63   79.21   79.21       0   422.28   79.46   79.46    N/A
0:     67108864      16777216     float     sum      -1   817.91   82.05   82.05       0   822.91   81.55   81.55    N/A
0:    134217728      33554432     float     sum      -1  1132.02  118.56  118.56       0  1130.01  118.78  118.78    N/A
0:    268435456      67108864     float     sum      -1  2215.28  121.17  121.17       0  2210.13  121.46  121.46    N/A
0: # Out of bounds values : 0 OK
0: # Avg bus bandwidth    : 91.5415 
0: #
0: # Collective test concluded: sendrecv_perf
0: #
0: 
0: 
0: ##### pass 16/20  pair g0-g1  sendrecv_perf
0: # nccl-tests version 2.17.8 nccl-headers=22903 nccl-library=22903
0: # Collective test starting: sendrecv_perf
0: # nThread 1 nGpus 2 minBytes 8388608 maxBytes 268435456 step: 2(factor) warmup iters: 5 iters: 20 agg iters: 1 validation: 1 graph: 0
0: #
0: # Using devices
0: #  Rank  0 Group  0 Pid  67570 on  nid007195 device  0 [0009:01:00] NVIDIA GH200 120GB
0: #  Rank  1 Group  0 Pid  67570 on  nid007195 device  1 [0019:01:00] NVIDIA GH200 120GB
0: #
0: #                                                              out-of-place                       in-place          
0: #       size         count      type   redop    root     time   algbw   busbw  #wrong     time   algbw   busbw  #wrong 
0: #        (B)    (elements)                               (us)  (GB/s)  (GB/s)             (us)  (GB/s)  (GB/s)         
0:      8388608       2097152     float     sum      -1   115.76   72.47   72.47       0   119.85   69.99   69.99    N/A
0:     16777216       4194304     float     sum      -1   221.69   75.68   75.68       0   217.30   77.21   77.21    N/A
0:     33554432       8388608     float     sum      -1   420.99   79.70   79.70       0   422.17   79.48   79.48    N/A
0:     67108864      16777216     float     sum      -1   816.28   82.21   82.21       0   823.66   81.48   81.48    N/A
0:    134217728      33554432     float     sum      -1  1122.01  119.62  119.62       0  1122.65  119.55  119.55    N/A
0:    268435456      67108864     float     sum      -1  2213.22  121.29  121.29       0  2210.32  121.45  121.45    N/A
0: # Out of bounds values : 0 OK
0: # Avg bus bandwidth    : 91.6776 
0: #
0: # Collective test concluded: sendrecv_perf
0: #
0: 
0: 
0: ##### pass 16/20  pair g0-g2  sendrecv_perf
0: # nccl-tests version 2.17.8 nccl-headers=22903 nccl-library=22903
0: # Collective test starting: sendrecv_perf
0: # nThread 1 nGpus 2 minBytes 8388608 maxBytes 268435456 step: 2(factor) warmup iters: 5 iters: 20 agg iters: 1 validation: 1 graph: 0
0: #
0: # Using devices
0: #  Rank  0 Group  0 Pid  67608 on  nid007195 device  0 [0009:01:00] NVIDIA GH200 120GB
0: #  Rank  1 Group  0 Pid  67608 on  nid007195 device  1 [0029:01:00] NVIDIA GH200 120GB
0: #
0: #                                                              out-of-place                       in-place          
0: #       size         count      type   redop    root     time   algbw   busbw  #wrong     time   algbw   busbw  #wrong 
0: #        (B)    (elements)                               (us)  (GB/s)  (GB/s)             (us)  (GB/s)  (GB/s)         
0:      8388608       2097152     float     sum      -1   118.47   70.81   70.81       0   115.76   72.47   72.47    N/A
0:     16777216       4194304     float     sum      -1   223.07   75.21   75.21       0   222.96   75.25   75.25    N/A
0:     33554432       8388608     float     sum      -1   424.51   79.04   79.04       0   422.74   79.37   79.37    N/A
0:     67108864      16777216     float     sum      -1   816.19   82.22   82.22       0   819.32   81.91   81.91    N/A
0:    134217728      33554432     float     sum      -1  1122.28  119.59  119.59       0  1125.16  119.29  119.29    N/A
0:    268435456      67108864     float     sum      -1  2213.74  121.26  121.26       0  2215.12  121.18  121.18    N/A
0: # Out of bounds values : 0 OK
0: # Avg bus bandwidth    : 91.4671 
0: #
0: # Collective test concluded: sendrecv_perf
0: #
0: 
0: 
0: ##### pass 16/20  pair g0-g3  sendrecv_perf
0: # nccl-tests version 2.17.8 nccl-headers=22903 nccl-library=22903
0: # Collective test starting: sendrecv_perf
0: # nThread 1 nGpus 2 minBytes 8388608 maxBytes 268435456 step: 2(factor) warmup iters: 5 iters: 20 agg iters: 1 validation: 1 graph: 0
0: #
0: # Using devices
0: #  Rank  0 Group  0 Pid  67644 on  nid007195 device  0 [0009:01:00] NVIDIA GH200 120GB
0: #  Rank  1 Group  0 Pid  67644 on  nid007195 device  1 [0039:01:00] NVIDIA GH200 120GB
0: #
0: #                                                              out-of-place                       in-place          
0: #       size         count      type   redop    root     time   algbw   busbw  #wrong     time   algbw   busbw  #wrong 
0: #        (B)    (elements)                               (us)  (GB/s)  (GB/s)             (us)  (GB/s)  (GB/s)         
0:      8388608       2097152     float     sum      -1   120.16   69.81   69.81       0   119.02   70.48   70.48    N/A
0:     16777216       4194304     float     sum      -1   222.25   75.49   75.49       0   223.41   75.10   75.10    N/A
0:     33554432       8388608     float     sum      -1   422.55   79.41   79.41       0   422.79   79.36   79.36    N/A
0:     67108864      16777216     float     sum      -1   816.98   82.14   82.14       0   818.52   81.99   81.99    N/A
0:    134217728      33554432     float     sum      -1  1125.35  119.27  119.27       0  1122.70  119.55  119.55    N/A
0:    268435456      67108864     float     sum      -1  2218.66  120.99  120.99       0  2206.96  121.63  121.63    N/A
0: # Out of bounds values : 0 OK
0: # Avg bus bandwidth    : 91.2687 
0: #
0: # Collective test concluded: sendrecv_perf
0: #
0: 
0: 
0: ##### pass 16/20  pair g1-g2  sendrecv_perf
0: # nccl-tests version 2.17.8 nccl-headers=22903 nccl-library=22903
0: # Collective test starting: sendrecv_perf
0: # nThread 1 nGpus 2 minBytes 8388608 maxBytes 268435456 step: 2(factor) warmup iters: 5 iters: 20 agg iters: 1 validation: 1 graph: 0
0: #
0: # Using devices
0: #  Rank  0 Group  0 Pid  67706 on  nid007195 device  0 [0019:01:00] NVIDIA GH200 120GB
0: #  Rank  1 Group  0 Pid  67706 on  nid007195 device  1 [0029:01:00] NVIDIA GH200 120GB
0: #
0: #                                                              out-of-place                       in-place          
0: #       size         count      type   redop    root     time   algbw   busbw  #wrong     time   algbw   busbw  #wrong 
0: #        (B)    (elements)                               (us)  (GB/s)  (GB/s)             (us)  (GB/s)  (GB/s)         
0:      8388608       2097152     float     sum      -1   119.44   70.23   70.23       0   117.48   71.40   71.40    N/A
0:     16777216       4194304     float     sum      -1   217.96   76.97   76.97       0   223.41   75.10   75.10    N/A
0:     33554432       8388608     float     sum      -1   422.50   79.42   79.42       0   423.18   79.29   79.29    N/A
0:     67108864      16777216     float     sum      -1   815.08   82.33   82.33       0   825.58   81.29   81.29    N/A
0:    134217728      33554432     float     sum      -1  1121.51  119.68  119.68       0  1125.31  119.27  119.27    N/A
0:    268435456      67108864     float     sum      -1  2212.97  121.30  121.30       0  2210.39  121.44  121.44    N/A
0: # Out of bounds values : 0 OK
0: # Avg bus bandwidth    : 91.4776 
0: #
0: # Collective test concluded: sendrecv_perf
0: #
0: 
0: 
0: ##### pass 16/20  pair g1-g3  sendrecv_perf
0: # nccl-tests version 2.17.8 nccl-headers=22903 nccl-library=22903
0: # Collective test starting: sendrecv_perf
0: # nThread 1 nGpus 2 minBytes 8388608 maxBytes 268435456 step: 2(factor) warmup iters: 5 iters: 20 agg iters: 1 validation: 1 graph: 0
0: #
0: # Using devices
0: #  Rank  0 Group  0 Pid  67743 on  nid007195 device  0 [0019:01:00] NVIDIA GH200 120GB
0: #  Rank  1 Group  0 Pid  67743 on  nid007195 device  1 [0039:01:00] NVIDIA GH200 120GB
0: #
0: #                                                              out-of-place                       in-place          
0: #       size         count      type   redop    root     time   algbw   busbw  #wrong     time   algbw   busbw  #wrong 
0: #        (B)    (elements)                               (us)  (GB/s)  (GB/s)             (us)  (GB/s)  (GB/s)         
0:      8388608       2097152     float     sum      -1   115.85   72.41   72.41       0   120.20   69.79   69.79    N/A
0:     16777216       4194304     float     sum      -1   221.64   75.70   75.70       0   220.81   75.98   75.98    N/A
0:     33554432       8388608     float     sum      -1   421.03   79.70   79.70       0   422.17   79.48   79.48    N/A
0:     67108864      16777216     float     sum      -1   811.00   82.75   82.75       0   823.43   81.50   81.50    N/A
0:    134217728      33554432     float     sum      -1  1123.56  119.46  119.46       0  1118.78  119.97  119.97    N/A
0:    268435456      67108864     float     sum      -1  2217.44  121.06  121.06       0  2214.82  121.20  121.20    N/A
0: # Out of bounds values : 0 OK
0: # Avg bus bandwidth    : 91.582 
0: #
0: # Collective test concluded: sendrecv_perf
0: #
0: 
0: 
0: ##### pass 16/20  pair g2-g3  sendrecv_perf
0: # nccl-tests version 2.17.8 nccl-headers=22903 nccl-library=22903
0: # Collective test starting: sendrecv_perf
0: # nThread 1 nGpus 2 minBytes 8388608 maxBytes 268435456 step: 2(factor) warmup iters: 5 iters: 20 agg iters: 1 validation: 1 graph: 0
0: #
0: # Using devices
0: #  Rank  0 Group  0 Pid  67782 on  nid007195 device  0 [0029:01:00] NVIDIA GH200 120GB
0: #  Rank  1 Group  0 Pid  67782 on  nid007195 device  1 [0039:01:00] NVIDIA GH200 120GB
0: #
0: #                                                              out-of-place                       in-place          
0: #       size         count      type   redop    root     time   algbw   busbw  #wrong     time   algbw   busbw  #wrong 
0: #        (B)    (elements)                               (us)  (GB/s)  (GB/s)             (us)  (GB/s)  (GB/s)         
0:      8388608       2097152     float     sum      -1   115.99   72.32   72.32       0   115.26   72.78   72.78    N/A
0:     16777216       4194304     float     sum      -1   222.86   75.28   75.28       0   221.90   75.61   75.61    N/A
0:     33554432       8388608     float     sum      -1   420.37   79.82   79.82       0   421.69   79.57   79.57    N/A
0:     67108864      16777216     float     sum      -1   815.72   82.27   82.27       0   819.35   81.91   81.91    N/A
0:    134217728      33554432     float     sum      -1  1123.05  119.51  119.51       0  1117.31  120.13  120.13    N/A
0:    268435456      67108864     float     sum      -1  2214.53  121.22  121.22       0  2207.47  121.60  121.60    N/A
0: # Out of bounds values : 0 OK
0: # Avg bus bandwidth    : 91.8344 
0: #
0: # Collective test concluded: sendrecv_perf
0: #
0: 
0: 
0: ##### pass 17/20  pair g0-g1  sendrecv_perf
0: # nccl-tests version 2.17.8 nccl-headers=22903 nccl-library=22903
0: # Collective test starting: sendrecv_perf
0: # nThread 1 nGpus 2 minBytes 8388608 maxBytes 268435456 step: 2(factor) warmup iters: 5 iters: 20 agg iters: 1 validation: 1 graph: 0
0: #
0: # Using devices
0: #  Rank  0 Group  0 Pid  67820 on  nid007195 device  0 [0009:01:00] NVIDIA GH200 120GB
0: #  Rank  1 Group  0 Pid  67820 on  nid007195 device  1 [0019:01:00] NVIDIA GH200 120GB
0: #
0: #                                                              out-of-place                       in-place          
0: #       size         count      type   redop    root     time   algbw   busbw  #wrong     time   algbw   busbw  #wrong 
0: #        (B)    (elements)                               (us)  (GB/s)  (GB/s)             (us)  (GB/s)  (GB/s)         
0:      8388608       2097152     float     sum      -1   120.80   69.44   69.44       0   115.48   72.64   72.64    N/A
0:     16777216       4194304     float     sum      -1   221.33   75.80   75.80       0   220.30   76.16   76.16    N/A
0:     33554432       8388608     float     sum      -1   421.67   79.57   79.57       0   423.56   79.22   79.22    N/A
0:     67108864      16777216     float     sum      -1   814.50   82.39   82.39       0   824.40   81.40   81.40    N/A
0:    134217728      33554432     float     sum      -1  1130.19  118.76  118.76       0  1125.06  119.30  119.30    N/A
0:    268435456      67108864     float     sum      -1  2200.17  122.01  122.01       0  2206.86  121.64  121.64    N/A
0: # Out of bounds values : 0 OK
0: # Avg bus bandwidth    : 91.5275 
0: #
0: # Collective test concluded: sendrecv_perf
0: #
0: 
0: 
0: ##### pass 17/20  pair g0-g2  sendrecv_perf
0: # nccl-tests version 2.17.8 nccl-headers=22903 nccl-library=22903
0: # Collective test starting: sendrecv_perf
0: # nThread 1 nGpus 2 minBytes 8388608 maxBytes 268435456 step: 2(factor) warmup iters: 5 iters: 20 agg iters: 1 validation: 1 graph: 0
0: #
0: # Using devices
0: #  Rank  0 Group  0 Pid  67856 on  nid007195 device  0 [0009:01:00] NVIDIA GH200 120GB
0: #  Rank  1 Group  0 Pid  67856 on  nid007195 device  1 [0029:01:00] NVIDIA GH200 120GB
0: #
0: #                                                              out-of-place                       in-place          
0: #       size         count      type   redop    root     time   algbw   busbw  #wrong     time   algbw   busbw  #wrong 
0: #        (B)    (elements)                               (us)  (GB/s)  (GB/s)             (us)  (GB/s)  (GB/s)         
0:      8388608       2097152     float     sum      -1   120.46   69.64   69.64       0   115.39   72.69   72.69    N/A
0:     16777216       4194304     float     sum      -1   222.67   75.35   75.35       0   222.03   75.56   75.56    N/A
0:     33554432       8388608     float     sum      -1   422.66   79.39   79.39       0   423.21   79.28   79.28    N/A
0:     67108864      16777216     float     sum      -1   817.61   82.08   82.08       0   816.74   82.17   82.17    N/A
0:    134217728      33554432     float     sum      -1  1124.45  119.36  119.36       0  1124.83  119.32  119.32    N/A
0:    268435456      67108864     float     sum      -1  2210.46  121.44  121.44       0  2212.86  121.31  121.31    N/A
0: # Out of bounds values : 0 OK
0: # Avg bus bandwidth    : 91.4666 
0: #
0: # Collective test concluded: sendrecv_perf
0: #
0: 
0: 
0: ##### pass 17/20  pair g0-g3  sendrecv_perf
0: # nccl-tests version 2.17.8 nccl-headers=22903 nccl-library=22903
0: # Collective test starting: sendrecv_perf
0: # nThread 1 nGpus 2 minBytes 8388608 maxBytes 268435456 step: 2(factor) warmup iters: 5 iters: 20 agg iters: 1 validation: 1 graph: 0
0: #
0: # Using devices
0: #  Rank  0 Group  0 Pid  67894 on  nid007195 device  0 [0009:01:00] NVIDIA GH200 120GB
0: #  Rank  1 Group  0 Pid  67894 on  nid007195 device  1 [0039:01:00] NVIDIA GH200 120GB
0: #
0: #                                                              out-of-place                       in-place          
0: #       size         count      type   redop    root     time   algbw   busbw  #wrong     time   algbw   busbw  #wrong 
0: #        (B)    (elements)                               (us)  (GB/s)  (GB/s)             (us)  (GB/s)  (GB/s)         
0:      8388608       2097152     float     sum      -1   117.49   71.40   71.40       0   115.91   72.37   72.37    N/A
0:     16777216       4194304     float     sum      -1   222.71   75.33   75.33       0   218.87   76.65   76.65    N/A
0:     33554432       8388608     float     sum      -1   420.95   79.71   79.71       0   423.30   79.27   79.27    N/A
0:     67108864      16777216     float     sum      -1   812.06   82.64   82.64       0   824.72   81.37   81.37    N/A
0:    134217728      33554432     float     sum      -1  1120.74  119.76  119.76       0  1119.79  119.86  119.86    N/A
0:    268435456      67108864     float     sum      -1  2221.05  120.86  120.86       0  2208.85  121.53  121.53    N/A
0: # Out of bounds values : 0 OK
0: # Avg bus bandwidth    : 91.7292 
0: #
0: # Collective test concluded: sendrecv_perf
0: #
0: 
0: 
0: ##### pass 17/20  pair g1-g2  sendrecv_perf
0: # nccl-tests version 2.17.8 nccl-headers=22903 nccl-library=22903
0: # Collective test starting: sendrecv_perf
0: # nThread 1 nGpus 2 minBytes 8388608 maxBytes 268435456 step: 2(factor) warmup iters: 5 iters: 20 agg iters: 1 validation: 1 graph: 0
0: #
0: # Using devices
0: #  Rank  0 Group  0 Pid  67956 on  nid007195 device  0 [0019:01:00] NVIDIA GH200 120GB
0: #  Rank  1 Group  0 Pid  67956 on  nid007195 device  1 [0029:01:00] NVIDIA GH200 120GB
0: #
0: #                                                              out-of-place                       in-place          
0: #       size         count      type   redop    root     time   algbw   busbw  #wrong     time   algbw   busbw  #wrong 
0: #        (B)    (elements)                               (us)  (GB/s)  (GB/s)             (us)  (GB/s)  (GB/s)         
0:      8388608       2097152     float     sum      -1   116.02   72.30   72.30       0   115.06   72.91   72.91    N/A
0:     16777216       4194304     float     sum      -1   217.90   76.99   76.99       0   223.47   75.08   75.08    N/A
0:     33554432       8388608     float     sum      -1   421.67   79.58   79.58       0   422.18   79.48   79.48    N/A
0:     67108864      16777216     float     sum      -1   813.53   82.49   82.49       0   822.12   81.63   81.63    N/A
0:    134217728      33554432     float     sum      -1  1115.26  120.35  120.35       0  1125.17  119.29  119.29    N/A
0:    268435456      67108864     float     sum      -1  2213.13  121.29  121.29       0  2207.45  121.60  121.60    N/A
0: # Out of bounds values : 0 OK
0: # Avg bus bandwidth    : 91.9153 
0: #
0: # Collective test concluded: sendrecv_perf
0: #
0: 
0: 
0: ##### pass 17/20  pair g1-g3  sendrecv_perf
0: # nccl-tests version 2.17.8 nccl-headers=22903 nccl-library=22903
0: # Collective test starting: sendrecv_perf
0: # nThread 1 nGpus 2 minBytes 8388608 maxBytes 268435456 step: 2(factor) warmup iters: 5 iters: 20 agg iters: 1 validation: 1 graph: 0
0: #
0: # Using devices
0: #  Rank  0 Group  0 Pid  67996 on  nid007195 device  0 [0019:01:00] NVIDIA GH200 120GB
0: #  Rank  1 Group  0 Pid  67996 on  nid007195 device  1 [0039:01:00] NVIDIA GH200 120GB
0: #
0: #                                                              out-of-place                       in-place          
0: #       size         count      type   redop    root     time   algbw   busbw  #wrong     time   algbw   busbw  #wrong 
0: #        (B)    (elements)                               (us)  (GB/s)  (GB/s)             (us)  (GB/s)  (GB/s)         
0:      8388608       2097152     float     sum      -1   116.14   72.23   72.23       0   115.65   72.53   72.53    N/A
0:     16777216       4194304     float     sum      -1   220.84   75.97   75.97       0   217.94   76.98   76.98    N/A
0:     33554432       8388608     float     sum      -1   423.38   79.25   79.25       0   422.05   79.50   79.50    N/A
0:     67108864      16777216     float     sum      -1   813.29   82.52   82.52       0   823.63   81.48   81.48    N/A
0:    134217728      33554432     float     sum      -1  1122.68  119.55  119.55       0  1124.97  119.31  119.31    N/A
0:    268435456      67108864     float     sum      -1  2209.11  121.51  121.51       0  2207.30  121.61  121.61    N/A
0: # Out of bounds values : 0 OK
0: # Avg bus bandwidth    : 91.8704 
0: #
0: # Collective test concluded: sendrecv_perf
0: #
0: 
0: 
0: ##### pass 17/20  pair g2-g3  sendrecv_perf
0: # nccl-tests version 2.17.8 nccl-headers=22903 nccl-library=22903
0: # Collective test starting: sendrecv_perf
0: # nThread 1 nGpus 2 minBytes 8388608 maxBytes 268435456 step: 2(factor) warmup iters: 5 iters: 20 agg iters: 1 validation: 1 graph: 0
0: #
0: # Using devices
0: #  Rank  0 Group  0 Pid  68034 on  nid007195 device  0 [0029:01:00] NVIDIA GH200 120GB
0: #  Rank  1 Group  0 Pid  68034 on  nid007195 device  1 [0039:01:00] NVIDIA GH200 120GB
0: #
0: #                                                              out-of-place                       in-place          
0: #       size         count      type   redop    root     time   algbw   busbw  #wrong     time   algbw   busbw  #wrong 
0: #        (B)    (elements)                               (us)  (GB/s)  (GB/s)             (us)  (GB/s)  (GB/s)         
0:      8388608       2097152     float     sum      -1   116.08   72.27   72.27       0   118.38   70.86   70.86    N/A
0:     16777216       4194304     float     sum      -1   222.70   75.34   75.34       0   218.24   76.88   76.88    N/A
0:     33554432       8388608     float     sum      -1   423.39   79.25   79.25       0   424.04   79.13   79.13    N/A
0:     67108864      16777216     float     sum      -1   817.44   82.10   82.10       0   824.28   81.41   81.41    N/A
0:    134217728      33554432     float     sum      -1  1119.63  119.88  119.88       0  1120.99  119.73  119.73    N/A
0:    268435456      67108864     float     sum      -1  2217.07  121.08  121.08       0  2217.23  121.07  121.07    N/A
0: # Out of bounds values : 0 OK
0: # Avg bus bandwidth    : 91.5824 
0: #
0: # Collective test concluded: sendrecv_perf
0: #
0: 
0: 
0: ##### pass 18/20  pair g0-g1  sendrecv_perf
0: # nccl-tests version 2.17.8 nccl-headers=22903 nccl-library=22903
0: # Collective test starting: sendrecv_perf
0: # nThread 1 nGpus 2 minBytes 8388608 maxBytes 268435456 step: 2(factor) warmup iters: 5 iters: 20 agg iters: 1 validation: 1 graph: 0
0: #
0: # Using devices
0: #  Rank  0 Group  0 Pid  68071 on  nid007195 device  0 [0009:01:00] NVIDIA GH200 120GB
0: #  Rank  1 Group  0 Pid  68071 on  nid007195 device  1 [0019:01:00] NVIDIA GH200 120GB
0: #
0: #                                                              out-of-place                       in-place          
0: #       size         count      type   redop    root     time   algbw   busbw  #wrong     time   algbw   busbw  #wrong 
0: #        (B)    (elements)                               (us)  (GB/s)  (GB/s)             (us)  (GB/s)  (GB/s)         
0:      8388608       2097152     float     sum      -1   120.70   69.50   69.50       0   116.22   72.18   72.18    N/A
0:     16777216       4194304     float     sum      -1   219.85   76.31   76.31       0   217.15   77.26   77.26    N/A
0:     33554432       8388608     float     sum      -1   423.22   79.28   79.28       0   422.68   79.38   79.38    N/A
0:     67108864      16777216     float     sum      -1   815.93   82.25   82.25       0   825.26   81.32   81.32    N/A
0:    134217728      33554432     float     sum      -1  1117.22  120.14  120.14       0  1123.38  119.48  119.48    N/A
0:    268435456      67108864     float     sum      -1  2206.85  121.64  121.64       0  2205.55  121.71  121.71    N/A
0: # Out of bounds values : 0 OK
0: # Avg bus bandwidth    : 91.7037 
0: #
0: # Collective test concluded: sendrecv_perf
0: #
0: 
0: 
0: ##### pass 18/20  pair g0-g2  sendrecv_perf
0: # nccl-tests version 2.17.8 nccl-headers=22903 nccl-library=22903
0: # Collective test starting: sendrecv_perf
0: # nThread 1 nGpus 2 minBytes 8388608 maxBytes 268435456 step: 2(factor) warmup iters: 5 iters: 20 agg iters: 1 validation: 1 graph: 0
0: #
0: # Using devices
0: #  Rank  0 Group  0 Pid  68109 on  nid007195 device  0 [0009:01:00] NVIDIA GH200 120GB
0: #  Rank  1 Group  0 Pid  68109 on  nid007195 device  1 [0029:01:00] NVIDIA GH200 120GB
0: #
0: #                                                              out-of-place                       in-place          
0: #       size         count      type   redop    root     time   algbw   busbw  #wrong     time   algbw   busbw  #wrong 
0: #        (B)    (elements)                               (us)  (GB/s)  (GB/s)             (us)  (GB/s)  (GB/s)         
0:      8388608       2097152     float     sum      -1   116.13   72.23   72.23       0   116.55   71.98   71.98    N/A
0:     16777216       4194304     float     sum      -1   220.38   76.13   76.13       0   219.15   76.55   76.55    N/A
0:     33554432       8388608     float     sum      -1   426.10   78.75   78.75       0   424.11   79.12   79.12    N/A
0:     67108864      16777216     float     sum      -1   817.87   82.05   82.05       0   819.89   81.85   81.85    N/A
0:    134217728      33554432     float     sum      -1  1122.36  119.58  119.58       0  1119.28  119.91  119.91    N/A
0:    268435456      67108864     float     sum      -1  2218.54  121.00  121.00       0  2211.09  121.40  121.40    N/A
0: # Out of bounds values : 0 OK
0: # Avg bus bandwidth    : 91.7132 
0: #
0: # Collective test concluded: sendrecv_perf
0: #
0: 
0: 
0: ##### pass 18/20  pair g0-g3  sendrecv_perf
0: # nccl-tests version 2.17.8 nccl-headers=22903 nccl-library=22903
0: # Collective test starting: sendrecv_perf
0: # nThread 1 nGpus 2 minBytes 8388608 maxBytes 268435456 step: 2(factor) warmup iters: 5 iters: 20 agg iters: 1 validation: 1 graph: 0
0: #
0: # Using devices
0: #  Rank  0 Group  0 Pid  68148 on  nid007195 device  0 [0009:01:00] NVIDIA GH200 120GB
0: #  Rank  1 Group  0 Pid  68148 on  nid007195 device  1 [0039:01:00] NVIDIA GH200 120GB
0: #
0: #                                                              out-of-place                       in-place          
0: #       size         count      type   redop    root     time   algbw   busbw  #wrong     time   algbw   busbw  #wrong 
0: #        (B)    (elements)                               (us)  (GB/s)  (GB/s)             (us)  (GB/s)  (GB/s)         
0:      8388608       2097152     float     sum      -1   120.54   69.59   69.59       0   115.40   72.69   72.69    N/A
0:     16777216       4194304     float     sum      -1   221.10   75.88   75.88       0   218.71   76.71   76.71    N/A
0:     33554432       8388608     float     sum      -1   423.91   79.15   79.15       0   424.64   79.02   79.02    N/A
0:     67108864      16777216     float     sum      -1   815.05   82.34   82.34       0   826.70   81.18   81.18    N/A
0:    134217728      33554432     float     sum      -1  1121.09  119.72  119.72       0  1124.73  119.33  119.33    N/A
0:    268435456      67108864     float     sum      -1  2207.99  121.57  121.57       0  2208.01  121.57  121.57    N/A
0: # Out of bounds values : 0 OK
0: # Avg bus bandwidth    : 91.5636 
0: #
0: # Collective test concluded: sendrecv_perf
0: #
0: 
0: 
0: ##### pass 18/20  pair g1-g2  sendrecv_perf
0: # nccl-tests version 2.17.8 nccl-headers=22903 nccl-library=22903
0: # Collective test starting: sendrecv_perf
0: # nThread 1 nGpus 2 minBytes 8388608 maxBytes 268435456 step: 2(factor) warmup iters: 5 iters: 20 agg iters: 1 validation: 1 graph: 0
0: #
0: # Using devices
0: #  Rank  0 Group  0 Pid  68206 on  nid007195 device  0 [0019:01:00] NVIDIA GH200 120GB
0: #  Rank  1 Group  0 Pid  68206 on  nid007195 device  1 [0029:01:00] NVIDIA GH200 120GB
0: #
0: #                                                              out-of-place                       in-place          
0: #       size         count      type   redop    root     time   algbw   busbw  #wrong     time   algbw   busbw  #wrong 
0: #        (B)    (elements)                               (us)  (GB/s)  (GB/s)             (us)  (GB/s)  (GB/s)         
0:      8388608       2097152     float     sum      -1   115.91   72.37   72.37       0   115.35   72.73   72.73    N/A
0:     16777216       4194304     float     sum      -1   220.50   76.09   76.09       0   218.10   76.92   76.92    N/A
0:     33554432       8388608     float     sum      -1   419.48   79.99   79.99       0   420.57   79.78   79.78    N/A
0:     67108864      16777216     float     sum      -1   807.26   83.13   83.13       0   818.46   81.99   81.99    N/A
0:    134217728      33554432     float     sum      -1  1122.52  119.57  119.57       0  1124.10  119.40  119.40    N/A
0:    268435456      67108864     float     sum      -1  2202.60  121.87  121.87       0  2211.98  121.36  121.36    N/A
0: # Out of bounds values : 0 OK
0: # Avg bus bandwidth    : 92.1006 
0: #
0: # Collective test concluded: sendrecv_perf
0: #
0: 
0: 
0: ##### pass 18/20  pair g1-g3  sendrecv_perf
0: # nccl-tests version 2.17.8 nccl-headers=22903 nccl-library=22903
0: # Collective test starting: sendrecv_perf
0: # nThread 1 nGpus 2 minBytes 8388608 maxBytes 268435456 step: 2(factor) warmup iters: 5 iters: 20 agg iters: 1 validation: 1 graph: 0
0: #
0: # Using devices
0: #  Rank  0 Group  0 Pid  68244 on  nid007195 device  0 [0019:01:00] NVIDIA GH200 120GB
0: #  Rank  1 Group  0 Pid  68244 on  nid007195 device  1 [0039:01:00] NVIDIA GH200 120GB
0: #
0: #                                                              out-of-place                       in-place          
0: #       size         count      type   redop    root     time   algbw   busbw  #wrong     time   algbw   busbw  #wrong 
0: #        (B)    (elements)                               (us)  (GB/s)  (GB/s)             (us)  (GB/s)  (GB/s)         
0:      8388608       2097152     float     sum      -1   116.12   72.24   72.24       0   117.44   71.43   71.43    N/A
0:     16777216       4194304     float     sum      -1   219.27   76.51   76.51       0   222.72   75.33   75.33    N/A
0:     33554432       8388608     float     sum      -1   422.90   79.34   79.34       0   421.09   79.69   79.69    N/A
0:     67108864      16777216     float     sum      -1   815.26   82.32   82.32       0   825.85   81.26   81.26    N/A
0:    134217728      33554432     float     sum      -1  1119.80  119.86  119.86       0  1120.16  119.82  119.82    N/A
0:    268435456      67108864     float     sum      -1  2206.35  121.67  121.67       0  2207.06  121.63  121.63    N/A
0: # Out of bounds values : 0 OK
0: # Avg bus bandwidth    : 91.7575 
0: #
0: # Collective test concluded: sendrecv_perf
0: #
0: 
0: 
0: ##### pass 18/20  pair g2-g3  sendrecv_perf
0: # nccl-tests version 2.17.8 nccl-headers=22903 nccl-library=22903
0: # Collective test starting: sendrecv_perf
0: # nThread 1 nGpus 2 minBytes 8388608 maxBytes 268435456 step: 2(factor) warmup iters: 5 iters: 20 agg iters: 1 validation: 1 graph: 0
0: #
0: # Using devices
0: #  Rank  0 Group  0 Pid  68280 on  nid007195 device  0 [0029:01:00] NVIDIA GH200 120GB
0: #  Rank  1 Group  0 Pid  68280 on  nid007195 device  1 [0039:01:00] NVIDIA GH200 120GB
0: #
0: #                                                              out-of-place                       in-place          
0: #       size         count      type   redop    root     time   algbw   busbw  #wrong     time   algbw   busbw  #wrong 
0: #        (B)    (elements)                               (us)  (GB/s)  (GB/s)             (us)  (GB/s)  (GB/s)         
0:      8388608       2097152     float     sum      -1   115.77   72.46   72.46       0   119.01   70.48   70.48    N/A
0:     16777216       4194304     float     sum      -1   220.26   76.17   76.17       0   218.19   76.89   76.89    N/A
0:     33554432       8388608     float     sum      -1   423.98   79.14   79.14       0   422.56   79.41   79.41    N/A
0:     67108864      16777216     float     sum      -1   815.21   82.32   82.32       0   822.40   81.60   81.60    N/A
0:    134217728      33554432     float     sum      -1  1123.94  119.42  119.42       0  1119.32  119.91  119.91    N/A
0:    268435456      67108864     float     sum      -1  2200.16  122.01  122.01       0  2206.90  121.63  121.63    N/A
0: # Out of bounds values : 0 OK
0: # Avg bus bandwidth    : 91.7873 
0: #
0: # Collective test concluded: sendrecv_perf
0: #
0: 
0: 
0: ##### pass 19/20  pair g0-g1  sendrecv_perf
0: # nccl-tests version 2.17.8 nccl-headers=22903 nccl-library=22903
0: # Collective test starting: sendrecv_perf
0: # nThread 1 nGpus 2 minBytes 8388608 maxBytes 268435456 step: 2(factor) warmup iters: 5 iters: 20 agg iters: 1 validation: 1 graph: 0
0: #
0: # Using devices
0: #  Rank  0 Group  0 Pid  68319 on  nid007195 device  0 [0009:01:00] NVIDIA GH200 120GB
0: #  Rank  1 Group  0 Pid  68319 on  nid007195 device  1 [0019:01:00] NVIDIA GH200 120GB
0: #
0: #                                                              out-of-place                       in-place          
0: #       size         count      type   redop    root     time   algbw   busbw  #wrong     time   algbw   busbw  #wrong 
0: #        (B)    (elements)                               (us)  (GB/s)  (GB/s)             (us)  (GB/s)  (GB/s)         
0:      8388608       2097152     float     sum      -1   117.68   71.28   71.28       0   115.37   72.71   72.71    N/A
0:     16777216       4194304     float     sum      -1   221.46   75.76   75.76       0   220.49   76.09   76.09    N/A
0:     33554432       8388608     float     sum      -1   423.50   79.23   79.23       0   423.14   79.30   79.30    N/A
0:     67108864      16777216     float     sum      -1   819.51   81.89   81.89       0   824.92   81.35   81.35    N/A
0:    134217728      33554432     float     sum      -1  1125.17  119.29  119.29       0  1121.95  119.63  119.63    N/A
0:    268435456      67108864     float     sum      -1  2212.46  121.33  121.33       0  2206.31  121.67  121.67    N/A
0: # Out of bounds values : 0 OK
0: # Avg bus bandwidth    : 91.6269 
0: #
0: # Collective test concluded: sendrecv_perf
0: #
0: 
0: 
0: ##### pass 19/20  pair g0-g2  sendrecv_perf
0: # nccl-tests version 2.17.8 nccl-headers=22903 nccl-library=22903
0: # Collective test starting: sendrecv_perf
0: # nThread 1 nGpus 2 minBytes 8388608 maxBytes 268435456 step: 2(factor) warmup iters: 5 iters: 20 agg iters: 1 validation: 1 graph: 0
0: #
0: # Using devices
0: #  Rank  0 Group  0 Pid  68358 on  nid007195 device  0 [0009:01:00] NVIDIA GH200 120GB
0: #  Rank  1 Group  0 Pid  68358 on  nid007195 device  1 [0029:01:00] NVIDIA GH200 120GB
0: #
0: #                                                              out-of-place                       in-place          
0: #       size         count      type   redop    root     time   algbw   busbw  #wrong     time   algbw   busbw  #wrong 
0: #        (B)    (elements)                               (us)  (GB/s)  (GB/s)             (us)  (GB/s)  (GB/s)         
0:      8388608       2097152     float     sum      -1   118.42   70.84   70.84       0   115.63   72.55   72.55    N/A
0:     16777216       4194304     float     sum      -1   221.50   75.74   75.74       0   222.75   75.32   75.32    N/A
0:     33554432       8388608     float     sum      -1   422.32   79.45   79.45       0   420.66   79.77   79.77    N/A
0:     67108864      16777216     float     sum      -1   817.67   82.07   82.07       0   821.53   81.69   81.69    N/A
0:    134217728      33554432     float     sum      -1  1120.12  119.82  119.82       0  1123.37  119.48  119.48    N/A
0:    268435456      67108864     float     sum      -1  2210.37  121.44  121.44       0  2207.60  121.60  121.60    N/A
0: # Out of bounds values : 0 OK
0: # Avg bus bandwidth    : 91.6474 
0: #
0: # Collective test concluded: sendrecv_perf
0: #
0: 
0: 
0: ##### pass 19/20  pair g0-g3  sendrecv_perf
0: # nccl-tests version 2.17.8 nccl-headers=22903 nccl-library=22903
0: # Collective test starting: sendrecv_perf
0: # nThread 1 nGpus 2 minBytes 8388608 maxBytes 268435456 step: 2(factor) warmup iters: 5 iters: 20 agg iters: 1 validation: 1 graph: 0
0: #
0: # Using devices
0: #  Rank  0 Group  0 Pid  68396 on  nid007195 device  0 [0009:01:00] NVIDIA GH200 120GB
0: #  Rank  1 Group  0 Pid  68396 on  nid007195 device  1 [0039:01:00] NVIDIA GH200 120GB
0: #
0: #                                                              out-of-place                       in-place          
0: #       size         count      type   redop    root     time   algbw   busbw  #wrong     time   algbw   busbw  #wrong 
0: #        (B)    (elements)                               (us)  (GB/s)  (GB/s)             (us)  (GB/s)  (GB/s)         
0:      8388608       2097152     float     sum      -1   120.49   69.62   69.62       0   115.54   72.61   72.61    N/A
0:     16777216       4194304     float     sum      -1   222.67   75.35   75.35       0   220.96   75.93   75.93    N/A
0:     33554432       8388608     float     sum      -1   422.49   79.42   79.42       0   425.57   78.85   78.85    N/A
0:     67108864      16777216     float     sum      -1   814.79   82.36   82.36       0   825.86   81.26   81.26    N/A
0:    134217728      33554432     float     sum      -1  1126.99  119.09  119.09       0  1122.94  119.52  119.52    N/A
0:    268435456      67108864     float     sum      -1  2209.22  121.51  121.51       0  2211.61  121.38  121.38    N/A
0: # Out of bounds values : 0 OK
0: # Avg bus bandwidth    : 91.4077 
0: #
0: # Collective test concluded: sendrecv_perf
0: #
0: 
0: 
0: ##### pass 19/20  pair g1-g2  sendrecv_perf
0: # nccl-tests version 2.17.8 nccl-headers=22903 nccl-library=22903
0: # Collective test starting: sendrecv_perf
0: # nThread 1 nGpus 2 minBytes 8388608 maxBytes 268435456 step: 2(factor) warmup iters: 5 iters: 20 agg iters: 1 validation: 1 graph: 0
0: #
0: # Using devices
0: #  Rank  0 Group  0 Pid  68439 on  nid007195 device  0 [0019:01:00] NVIDIA GH200 120GB
0: #  Rank  1 Group  0 Pid  68439 on  nid007195 device  1 [0029:01:00] NVIDIA GH200 120GB
0: #
0: #                                                              out-of-place                       in-place          
0: #       size         count      type   redop    root     time   algbw   busbw  #wrong     time   algbw   busbw  #wrong 
0: #        (B)    (elements)                               (us)  (GB/s)  (GB/s)             (us)  (GB/s)  (GB/s)         
0:      8388608       2097152     float     sum      -1   120.40   69.67   69.67       0   115.16   72.84   72.84    N/A
0:     16777216       4194304     float     sum      -1   218.07   76.94   76.94       0   217.94   76.98   76.98    N/A
0:     33554432       8388608     float     sum      -1   426.04   78.76   78.76       0   428.85   78.24   78.24    N/A
0:     67108864      16777216     float     sum      -1   810.39   82.81   82.81       0   818.30   82.01   82.01    N/A
0:    134217728      33554432     float     sum      -1  1116.27  120.24  120.24       0  1121.95  119.63  119.63    N/A
0:    268435456      67108864     float     sum      -1  2208.92  121.52  121.52       0  2210.49  121.44  121.44    N/A
0: # Out of bounds values : 0 OK
0: # Avg bus bandwidth    : 91.7567 
0: #
0: # Collective test concluded: sendrecv_perf
0: #
0: 
0: 
0: ##### pass 19/20  pair g1-g3  sendrecv_perf
0: # nccl-tests version 2.17.8 nccl-headers=22903 nccl-library=22903
0: # Collective test starting: sendrecv_perf
0: # nThread 1 nGpus 2 minBytes 8388608 maxBytes 268435456 step: 2(factor) warmup iters: 5 iters: 20 agg iters: 1 validation: 1 graph: 0
0: #
0: # Using devices
0: #  Rank  0 Group  0 Pid  68506 on  nid007195 device  0 [0019:01:00] NVIDIA GH200 120GB
0: #  Rank  1 Group  0 Pid  68506 on  nid007195 device  1 [0039:01:00] NVIDIA GH200 120GB
0: #
0: #                                                              out-of-place                       in-place          
0: #       size         count      type   redop    root     time   algbw   busbw  #wrong     time   algbw   busbw  #wrong 
0: #        (B)    (elements)                               (us)  (GB/s)  (GB/s)             (us)  (GB/s)  (GB/s)         
0:      8388608       2097152     float     sum      -1   116.10   72.25   72.25       0   117.13   71.62   71.62    N/A
0:     16777216       4194304     float     sum      -1   218.50   76.78   76.78       0   216.80   77.39   77.39    N/A
0:     33554432       8388608     float     sum      -1   421.09   79.68   79.68       0   420.89   79.72   79.72    N/A
0:     67108864      16777216     float     sum      -1   813.16   82.53   82.53       0   824.84   81.36   81.36    N/A
0:    134217728      33554432     float     sum      -1  1120.37  119.80  119.80       0  1117.99  120.05  120.05    N/A
0:    268435456      67108864     float     sum      -1  2212.93  121.30  121.30       0  2214.20  121.23  121.23    N/A
0: # Out of bounds values : 0 OK
0: # Avg bus bandwidth    : 91.9767 
0: #
0: # Collective test concluded: sendrecv_perf
0: #
0: 
0: 
0: ##### pass 19/20  pair g2-g3  sendrecv_perf
0: # nccl-tests version 2.17.8 nccl-headers=22903 nccl-library=22903
0: # Collective test starting: sendrecv_perf
0: # nThread 1 nGpus 2 minBytes 8388608 maxBytes 268435456 step: 2(factor) warmup iters: 5 iters: 20 agg iters: 1 validation: 1 graph: 0
0: #
0: # Using devices
0: #  Rank  0 Group  0 Pid  68544 on  nid007195 device  0 [0029:01:00] NVIDIA GH200 120GB
0: #  Rank  1 Group  0 Pid  68544 on  nid007195 device  1 [0039:01:00] NVIDIA GH200 120GB
0: #
0: #                                                              out-of-place                       in-place          
0: #       size         count      type   redop    root     time   algbw   busbw  #wrong     time   algbw   busbw  #wrong 
0: #        (B)    (elements)                               (us)  (GB/s)  (GB/s)             (us)  (GB/s)  (GB/s)         
0:      8388608       2097152     float     sum      -1   117.47   71.41   71.41       0   118.09   71.03   71.03    N/A
0:     16777216       4194304     float     sum      -1   220.75   76.00   76.00       0   220.27   76.17   76.17    N/A
0:     33554432       8388608     float     sum      -1   421.09   79.69   79.69       0   422.48   79.42   79.42    N/A
0:     67108864      16777216     float     sum      -1   815.13   82.33   82.33       0   819.99   81.84   81.84    N/A
0:    134217728      33554432     float     sum      -1  1123.09  119.51  119.51       0  1118.96  119.95  119.95    N/A
0:    268435456      67108864     float     sum      -1  2215.35  121.17  121.17       0  2209.50  121.49  121.49    N/A
0: # Out of bounds values : 0 OK
0: # Avg bus bandwidth    : 91.667 
0: #
0: # Collective test concluded: sendrecv_perf
0: #
0: 
0: 
0: ##### pass 20/20  pair g0-g1  sendrecv_perf
0: # nccl-tests version 2.17.8 nccl-headers=22903 nccl-library=22903
0: # Collective test starting: sendrecv_perf
0: # nThread 1 nGpus 2 minBytes 8388608 maxBytes 268435456 step: 2(factor) warmup iters: 5 iters: 20 agg iters: 1 validation: 1 graph: 0
0: #
0: # Using devices
0: #  Rank  0 Group  0 Pid  68583 on  nid007195 device  0 [0009:01:00] NVIDIA GH200 120GB
0: #  Rank  1 Group  0 Pid  68583 on  nid007195 device  1 [0019:01:00] NVIDIA GH200 120GB
0: #
0: #                                                              out-of-place                       in-place          
0: #       size         count      type   redop    root     time   algbw   busbw  #wrong     time   algbw   busbw  #wrong 
0: #        (B)    (elements)                               (us)  (GB/s)  (GB/s)             (us)  (GB/s)  (GB/s)         
0:      8388608       2097152     float     sum      -1   116.59   71.95   71.95       0   117.87   71.17   71.17    N/A
0:     16777216       4194304     float     sum      -1   220.38   76.13   76.13       0   219.27   76.51   76.51    N/A
0:     33554432       8388608     float     sum      -1   422.28   79.46   79.46       0   422.46   79.43   79.43    N/A
0:     67108864      16777216     float     sum      -1   817.20   82.12   82.12       0   822.42   81.60   81.60    N/A
0:    134217728      33554432     float     sum      -1  1120.74  119.76  119.76       0  1118.52  120.00  120.00    N/A
0:    268435456      67108864     float     sum      -1  2209.25  121.51  121.51       0  2204.61  121.76  121.76    N/A
0: # Out of bounds values : 0 OK
0: # Avg bus bandwidth    : 91.7819 
0: #
0: # Collective test concluded: sendrecv_perf
0: #
0: 
0: 
0: ##### pass 20/20  pair g0-g2  sendrecv_perf
0: # nccl-tests version 2.17.8 nccl-headers=22903 nccl-library=22903
0: # Collective test starting: sendrecv_perf
0: # nThread 1 nGpus 2 minBytes 8388608 maxBytes 268435456 step: 2(factor) warmup iters: 5 iters: 20 agg iters: 1 validation: 1 graph: 0
0: #
0: # Using devices
0: #  Rank  0 Group  0 Pid  68619 on  nid007195 device  0 [0009:01:00] NVIDIA GH200 120GB
0: #  Rank  1 Group  0 Pid  68619 on  nid007195 device  1 [0029:01:00] NVIDIA GH200 120GB
0: #
0: #                                                              out-of-place                       in-place          
0: #       size         count      type   redop    root     time   algbw   busbw  #wrong     time   algbw   busbw  #wrong 
0: #        (B)    (elements)                               (us)  (GB/s)  (GB/s)             (us)  (GB/s)  (GB/s)         
0:      8388608       2097152     float     sum      -1   116.20   72.19   72.19       0   119.02   70.48   70.48    N/A
0:     16777216       4194304     float     sum      -1   220.33   76.15   76.15       0   217.51   77.13   77.13    N/A
0:     33554432       8388608     float     sum      -1   423.28   79.27   79.27       0   424.15   79.11   79.11    N/A
0:     67108864      16777216     float     sum      -1   814.77   82.37   82.37       0   826.34   81.21   81.21    N/A
0:    134217728      33554432     float     sum      -1  1121.43  119.68  119.68       0  1123.76  119.44  119.44    N/A
0:    268435456      67108864     float     sum      -1  2213.11  121.29  121.29       0  2206.21  121.67  121.67    N/A
0: # Out of bounds values : 0 OK
0: # Avg bus bandwidth    : 91.6664 
0: #
0: # Collective test concluded: sendrecv_perf
0: #
0: 
0: 
0: ##### pass 20/20  pair g0-g3  sendrecv_perf
0: # nccl-tests version 2.17.8 nccl-headers=22903 nccl-library=22903
0: # Collective test starting: sendrecv_perf
0: # nThread 1 nGpus 2 minBytes 8388608 maxBytes 268435456 step: 2(factor) warmup iters: 5 iters: 20 agg iters: 1 validation: 1 graph: 0
0: #
0: # Using devices
0: #  Rank  0 Group  0 Pid  68658 on  nid007195 device  0 [0009:01:00] NVIDIA GH200 120GB
0: #  Rank  1 Group  0 Pid  68658 on  nid007195 device  1 [0039:01:00] NVIDIA GH200 120GB
0: #
0: #                                                              out-of-place                       in-place          
0: #       size         count      type   redop    root     time   algbw   busbw  #wrong     time   algbw   busbw  #wrong 
0: #        (B)    (elements)                               (us)  (GB/s)  (GB/s)             (us)  (GB/s)  (GB/s)         
0:      8388608       2097152     float     sum      -1   119.78   70.03   70.03       0   115.38   72.71   72.71    N/A
0:     16777216       4194304     float     sum      -1   218.73   76.70   76.70       0   218.68   76.72   76.72    N/A
0:     33554432       8388608     float     sum      -1   422.97   79.33   79.33       0   425.10   78.93   78.93    N/A
0:     67108864      16777216     float     sum      -1   816.26   82.21   82.21       0   824.22   81.42   81.42    N/A
0:    134217728      33554432     float     sum      -1  1123.39  119.48  119.48       0  1122.34  119.59  119.59    N/A
0:    268435456      67108864     float     sum      -1  2212.85  121.31  121.31       0  2210.67  121.43  121.43    N/A
0: # Out of bounds values : 0 OK
0: # Avg bus bandwidth    : 91.655 
0: #
0: # Collective test concluded: sendrecv_perf
0: #
0: 
0: 
0: ##### pass 20/20  pair g1-g2  sendrecv_perf
0: # nccl-tests version 2.17.8 nccl-headers=22903 nccl-library=22903
0: # Collective test starting: sendrecv_perf
0: # nThread 1 nGpus 2 minBytes 8388608 maxBytes 268435456 step: 2(factor) warmup iters: 5 iters: 20 agg iters: 1 validation: 1 graph: 0
0: #
0: # Using devices
0: #  Rank  0 Group  0 Pid  68693 on  nid007195 device  0 [0019:01:00] NVIDIA GH200 120GB
0: #  Rank  1 Group  0 Pid  68693 on  nid007195 device  1 [0029:01:00] NVIDIA GH200 120GB
0: #
0: #                                                              out-of-place                       in-place          
0: #       size         count      type   redop    root     time   algbw   busbw  #wrong     time   algbw   busbw  #wrong 
0: #        (B)    (elements)                               (us)  (GB/s)  (GB/s)             (us)  (GB/s)  (GB/s)         
0:      8388608       2097152     float     sum      -1   116.03   72.30   72.30       0   115.28   72.77   72.77    N/A
0:     16777216       4194304     float     sum      -1   218.93   76.63   76.63       0   221.84   75.63   75.63    N/A
0:     33554432       8388608     float     sum      -1   420.38   79.82   79.82       0   421.28   79.65   79.65    N/A
0:     67108864      16777216     float     sum      -1   807.97   83.06   83.06       0   824.90   81.35   81.35    N/A
0:    134217728      33554432     float     sum      -1  1120.28  119.81  119.81       0  1124.25  119.38  119.38    N/A
0:    268435456      67108864     float     sum      -1  2209.64  121.48  121.48       0  2208.30  121.56  121.56    N/A
0: # Out of bounds values : 0 OK
0: # Avg bus bandwidth    : 91.9533 
0: #
0: # Collective test concluded: sendrecv_perf
0: #
0: 
0: 
0: ##### pass 20/20  pair g1-g3  sendrecv_perf
0: # nccl-tests version 2.17.8 nccl-headers=22903 nccl-library=22903
0: # Collective test starting: sendrecv_perf
0: # nThread 1 nGpus 2 minBytes 8388608 maxBytes 268435456 step: 2(factor) warmup iters: 5 iters: 20 agg iters: 1 validation: 1 graph: 0
0: #
0: # Using devices
0: #  Rank  0 Group  0 Pid  68762 on  nid007195 device  0 [0019:01:00] NVIDIA GH200 120GB
0: #  Rank  1 Group  0 Pid  68762 on  nid007195 device  1 [0039:01:00] NVIDIA GH200 120GB
0: #
0: #                                                              out-of-place                       in-place          
0: #       size         count      type   redop    root     time   algbw   busbw  #wrong     time   algbw   busbw  #wrong 
0: #        (B)    (elements)                               (us)  (GB/s)  (GB/s)             (us)  (GB/s)  (GB/s)         
0:      8388608       2097152     float     sum      -1   115.63   72.55   72.55       0   115.75   72.47   72.47    N/A
0:     16777216       4194304     float     sum      -1   221.45   75.76   75.76       0   217.61   77.10   77.10    N/A
0:     33554432       8388608     float     sum      -1   419.28   80.03   80.03       0   419.42   80.00   80.00    N/A
0:     67108864      16777216     float     sum      -1   810.54   82.79   82.79       0   824.84   81.36   81.36    N/A
0:    134217728      33554432     float     sum      -1  1120.59  119.77  119.77       0  1120.24  119.81  119.81    N/A
0:    268435456      67108864     float     sum      -1  2210.41  121.44  121.44       0  2213.29  121.28  121.28    N/A
0: # Out of bounds values : 0 OK
0: # Avg bus bandwidth    : 92.0313 
0: #
0: # Collective test concluded: sendrecv_perf
0: #
0: 
0: 
0: ##### pass 20/20  pair g2-g3  sendrecv_perf
0: # nccl-tests version 2.17.8 nccl-headers=22903 nccl-library=22903
0: # Collective test starting: sendrecv_perf
0: # nThread 1 nGpus 2 minBytes 8388608 maxBytes 268435456 step: 2(factor) warmup iters: 5 iters: 20 agg iters: 1 validation: 1 graph: 0
0: #
0: # Using devices
0: #  Rank  0 Group  0 Pid  68797 on  nid007195 device  0 [0029:01:00] NVIDIA GH200 120GB
0: #  Rank  1 Group  0 Pid  68797 on  nid007195 device  1 [0039:01:00] NVIDIA GH200 120GB
0: #
0: #                                                              out-of-place                       in-place          
0: #       size         count      type   redop    root     time   algbw   busbw  #wrong     time   algbw   busbw  #wrong 
0: #        (B)    (elements)                               (us)  (GB/s)  (GB/s)             (us)  (GB/s)  (GB/s)         
0:      8388608       2097152     float     sum      -1   116.06   72.28   72.28       0   116.01   72.31   72.31    N/A
0:     16777216       4194304     float     sum      -1   218.30   76.86   76.86       0   218.51   76.78   76.78    N/A
0:     33554432       8388608     float     sum      -1   424.14   79.11   79.11       0   422.67   79.39   79.39    N/A
0:     67108864      16777216     float     sum      -1   815.57   82.28   82.28       0   824.92   81.35   81.35    N/A
0:    134217728      33554432     float     sum      -1  1122.68  119.55  119.55       0  1129.50  118.83  118.83    N/A
0:    268435456      67108864     float     sum      -1  2208.71  121.53  121.53       0  2208.80  121.53  121.53    N/A
0: # Out of bounds values : 0 OK
0: # Avg bus bandwidth    : 91.8171 
0: #
0: # Collective test concluded: sendrecv_perf
0: #
0: 
0: === nvlink error counters AFTER ===
0: GPU 0: NVIDIA GH200 120GB (UUID: GPU-1576f3c3-8372-7d6b-decd-052c8b7157a8)
0: 	 Link 0: Replay Errors: 0
0: 	 Link 0: Recovery Errors: 0
0: 	 Link 0: CRC Errors: 0
0: 
0: 	 Link 1: Replay Errors: 0
0: 	 Link 1: Recovery Errors: 0
0: 	 Link 1: CRC Errors: 0
0: 
0: 	 Link 2: Replay Errors: 0
0: 	 Link 2: Recovery Errors: 0
0: 	 Link 2: CRC Errors: 0
0: 
0: 	 Link 3: Replay Errors: 0
0: 	 Link 3: Recovery Errors: 0
0: 	 Link 3: CRC Errors: 0
0: 
0: 	 Link 4: Replay Errors: 0
0: 	 Link 4: Recovery Errors: 0
0: 	 Link 4: CRC Errors: 0
0: 
0: 	 Link 5: Replay Errors: 0
0: 	 Link 5: Recovery Errors: 0
0: 	 Link 5: CRC Errors: 0
0: 
0: 	 Link 6: Replay Errors: 0
0: 	 Link 6: Recovery Errors: 0
0: 	 Link 6: CRC Errors: 0
0: 
0: 	 Link 7: Replay Errors: 0
0: 	 Link 7: Recovery Errors: 0
0: 	 Link 7: CRC Errors: 0
0: 
0: 	 Link 8: Replay Errors: 0
0: 	 Link 8: Recovery Errors: 0
0: 	 Link 8: CRC Errors: 0
0: 
0: 	 Link 9: Replay Errors: 0
0: 	 Link 9: Recovery Errors: 0
0: 	 Link 9: CRC Errors: 0
0: 
0: 	 Link 10: Replay Errors: 0
0: 	 Link 10: Recovery Errors: 0
0: 	 Link 10: CRC Errors: 0
0: 
0: 	 Link 11: Replay Errors: 0
0: 	 Link 11: Recovery Errors: 0
0: 	 Link 11: CRC Errors: 0
0: 
0: 	 Link 12: Replay Errors: 0
0: 	 Link 12: Recover
0: y Errors: 0
0: 	 Link 12: CRC Errors: 0
0: 
0: 	 Link 13: Replay Errors: 0
0: 	 Link 13: Recovery Errors: 0
0: 	 Link 13: CRC Errors: 0
0: 
0: 	 Link 14: Replay Errors: 0
0: 	 Link 14: Recovery Errors: 0
0: 	 Link 14: CRC Errors: 0
0: 
0: 	 Link 15: Replay Errors: 0
0: 	 Link 15: Recovery Errors: 0
0: 	 Link 15: CRC Errors: 0
0: 
0: 	 Link 16: Replay Errors: 0
0: 	 Link 16: Recovery Errors: 0
0: 	 Link 16: CRC Errors: 0
0: 
0: 	 Link 17: Replay Errors: 0
0: 	 Link 17: Recovery Errors: 0
0: 	 Link 17: CRC Errors: 0
0: 
0: GPU 1: NVIDIA GH200 120GB (UUID: GPU-94511c6c-0551-6ee2-2bc7-8743d6a340da)
0: 	 Link 0: Replay Errors: 0
0: 	 Link 0: Recovery Errors: 0
0: 	 Link 0: CRC Errors: 0
0: 
0: 	 Link 1: Replay Errors: 0
0: 	 Link 1: Recovery Errors: 0
0: 	 Link 1: CRC Errors: 0
0: 
0: 	 Link 2: Replay Errors: 0
0: 	 Link 2: Recovery Errors: 0
0: 	 Link 2: CRC Errors: 0
0: 
0: 	 Link 3: Replay Errors: 0
0: 	 Link 3: Recovery Errors: 0
0: 	 Link 3: CRC Errors: 0
0: 
0: 	 Link 4: Replay Errors: 0
0: 	 Link 4: Recovery Errors: 0
0: 	 Link 4: CRC Errors: 0
0: 
0: 	 Link 5: Replay Errors: 0
0: 	 Link 5: Recovery Errors: 0
0: 	 Link 5: CRC Errors: 0
0: 
0: 	 Link 6: Replay Errors: 0
0: 	 Link 6: Recovery Errors: 0
0: 	 Link 6: CRC Errors: 0
0: 
0: 	 Link 7: Replay Errors: 0
0: 	 Link 7: Recovery Errors: 0
0: 	 Link 7: CRC Errors: 0
0: 
0: 	 Link 8: Replay Errors: 0
0: 	 Link 8: Recovery Errors: 0
0: 	 Link 8: CRC Errors: 0
0: 
0: 	 Link 9: Replay Errors: 0
0: 	 Link 9: Recovery Errors: 0
0: 	 Link 9: CRC Errors: 0
0: 
0: 	 Link 10: Replay Errors: 0
0: 	 Link 10: Recovery Errors: 0
0: 	 Link 10: CRC Errors: 0
0: 
0: 	 Link 11: Replay Errors: 0
0: 	 Link 11: Recovery Errors: 0
0: 	 Link 11: CRC Errors: 0
0: 
0: 	 Link 12: Replay Errors: 0
0: 	 Link 12: Recover
0: y Errors: 0
0: 	 Link 12: CRC Errors: 0
0: 
0: 	 Link 13: Replay Errors: 0
0: 	 Link 13: Recovery Errors: 0
0: 	 Link 13: CRC Errors: 0
0: 
0: 	 Link 14: Replay Errors: 0
0: 	 Link 14: Recovery Errors: 0
0: 	 Link 14: CRC Errors: 0
0: 
0: 	 Link 15: Replay Errors: 0
0: 	 Link 15: Recovery Errors: 0
0: 	 Link 15: CRC Errors: 0
0: 
0: 	 Link 16: Replay Errors: 0
0: 	 Link 16: Recovery Errors: 0
0: 	 Link 16: CRC Errors: 0
0: 
0: 	 Link 17: Replay Errors: 0
0: 	 Link 17: Recovery Errors: 0
0: 	 Link 17: CRC Errors: 0
0: 
0: GPU 2: NVIDIA GH200 120GB (UUID: GPU-130de23c-305e-cf7a-0b35-a92c7bcd7abc)
0: 	 Link 0: Replay Errors: 0
0: 	 Link 0: Recovery Errors: 0
0: 	 Link 0: CRC Errors: 0
0: 
0: 	 Link 1: Replay Errors: 0
0: 	 Link 1: Recovery Errors: 0
0: 	 Link 1: CRC Errors: 0
0: 
0: 	 Link 2: Replay Errors: 0
0: 	 Link 2: Recovery Errors: 0
0: 	 Link 2: CRC Errors: 0
0: 
0: 	 Link 3: Replay Errors: 0
0: 	 Link 3: Recovery Errors: 0
0: 	 Link 3: CRC Errors: 0
0: 
0: 	 Link 4: Replay Errors: 0
0: 	 Link 4: Recovery Errors: 0
0: 	 Link 4: CRC Errors: 0
0: 
0: 	 Link 5: Replay Errors: 0
0: 	 Link 5: Recovery Errors: 0
0: 	 Link 5: CRC Errors: 0
0: 
0: 	 Link 6: Replay Errors: 0
0: 	 Link 6: Recovery Errors: 0
0: 	 Link 6: CRC Errors: 0
0: 
0: 	 Link 7: Replay Errors: 0
0: 	 Link 7: Recovery Errors: 0
0: 	 Link 7: CRC Errors: 0
0: 
0: 	 Link 8: Replay Errors: 0
0: 	 Link 8: Recovery Errors: 0
0: 	 Link 8: CRC Errors: 0
0: 
0: 	 Link 9: Replay Errors: 0
0: 	 Link 9: Recovery Errors: 0
0: 	 Link 9: CRC Errors: 0
0: 
0: 	 Link 10: Replay Errors: 0
0: 	 Link 10: Recovery Errors: 0
0: 	 Link 10: CRC Errors: 0
0: 
0: 	 Link 11: Replay Errors: 0
0: 	 Link 11: Recovery Errors: 0
0: 	 Link 11: CRC Errors: 0
0: 
0: 	 Link 12: Replay Errors: 0
0: 	 Link 12: Recover
0: y Errors: 0
0: 	 Link 12: CRC Errors: 0
0: 
0: 	 Link 13: Replay Errors: 0
0: 	 Link 13: Recovery Errors: 0
0: 	 Link 13: CRC Errors: 0
0: 
0: 	 Link 14: Replay Errors: 0
0: 	 Link 14: Recovery Errors: 0
0: 	 Link 14: CRC Errors: 0
0: 
0: 	 Link 15: Replay Errors: 0
0: 	 Link 15: Recovery Errors: 0
0: 	 Link 15: CRC Errors: 0
0: 
0: 	 Link 16: Replay Errors: 0
0: 	 Link 16: Recovery Errors: 0
0: 	 Link 16: CRC Errors: 0
0: 
0: 	 Link 17: Replay Errors: 0
0: 	 Link 17: Recovery Errors: 0
0: 	 Link 17: CRC Errors: 0
0: 
0: GPU 3: NVIDIA GH200 120GB (UUID: GPU-e4064920-aa88-c6bc-19ec-f05dcbeaa486)
0: 	 Link 0: Replay Errors: 0
0: 	 Link 0: Recovery Errors: 0
0: 	 Link 0: CRC Errors: 0
0: 
0: 	 Link 1: Replay Errors: 0
0: 	 Link 1: Recovery Errors: 0
0: 	 Link 1: CRC Errors: 0
0: 
0: 	 Link 2: Replay Errors: 0
0: 	 Link 2: Recovery Errors: 0
0: 	 Link 2: CRC Errors: 0
0: 
0: 	 Link 3: Replay Errors: 0
0: 	 Link 3: Recovery Errors: 0
0: 	 Link 3: CRC Errors: 0
0: 
0: 	 Link 4: Replay Errors: 0
0: 	 Link 4: Recovery Errors: 0
0: 	 Link 4: CRC Errors: 0
0: 
0: 	 Link 5: Replay Errors: 0
0: 	 Link 5: Recovery Errors: 0
0: 	 Link 5: CRC Errors: 0
0: 
0: 	 Link 6: Replay Errors: 0
0: 	 Link 6: Recovery Errors: 0
0: 	 Link 6: CRC Errors: 0
0: 
0: 	 Link 7: Replay Errors: 0
0: 	 Link 7: Recovery Errors: 0
0: 	 Link 7: CRC Errors: 0
0: 
0: 	 Link 8: Replay Errors: 0
0: 	 Link 8: Recovery Errors: 0
0: 	 Link 8: CRC Errors: 0
0: 
0: 	 Link 9: Replay Errors: 0
0: 	 Link 9: Recovery Errors: 0
0: 	 Link 9: CRC Errors: 0
0: 
0: 	 Link 10: Replay Errors: 0
0: 	 Link 10: Recovery Errors: 0
0: 	 Link 10: CRC Errors: 0
0: 
0: 	 Link 11: Replay Errors: 0
0: 	 Link 11: Recovery Errors: 0
0: 	 Link 11: CRC Errors: 0
0: 
0: 	 Link 12: Replay Errors: 0
0: 	 Link 12: Recover
0: y Errors: 0
0: 	 Link 12: CRC Errors: 0
0: 
0: 	 Link 13: Replay Errors: 0
0: 	 Link 13: Recovery Errors: 0
0: 	 Link 13: CRC Errors: 0
0: 
0: 	 Link 14: Replay Errors: 0
0: 	 Link 14: Recovery Errors: 0
0: 	 Link 14: CRC Errors: 0
0: 
0: 	 Link 15: Replay Errors: 0
0: 	 Link 15: Recovery Errors: 0
0: 	 Link 15: CRC Errors: 0
0: 
0: 	 Link 16: Replay Errors: 0
0: 	 Link 16: Recovery Errors: 0
0: 	 Link 16: CRC Errors: 0
0: 
0: 	 Link 17: Replay Errors: 0
0: 	 Link 17: Recovery Errors: 0
0: 	 Link 17: CRC Errors: 0
0: 

NCCL_TESTS_INTRA_COMPLETE nid007195
