=== node: nid006887  EDF: /iopsstor/scratch/cscs/mvasilev/vllm-play/megatron-v2601-multinode.toml  passes: 20 ===
0: 
0: WARNING: FI_CXI_RDZV_PROTO=alt_read is configured, but the Slurm network is
0: not set to disable rendezvous GET. Performance/stability may be impacted.
0: 
0: Expected Slurm launch:
0:   srun --network=disable_rdzv_get ...
0: or
0:   SLURM_NETWORK=disable_rdzv_get srun ...
0: 
0: Context:
0:   SLURM_NETWORK=<unset>
0:   FI_PROVIDER=cxi
0:   FI_CXI_RDZV_PROTO=alt_read
0: 
0: === nvlink status ===
0: GPU 0: NVIDIA GH200 120GB (UUID: GPU-2884210f-e41b-5ad9-0d26-5e6265317555)
0: 	 Link 0: 26.562 GB/s
0: 	 Link 1: 26.562 GB/s
0: 	 Link 2: 26.562 GB/s
0: 	 Link 3: 26.562 GB/s
0: 	 Link 4: 26.562 GB/s
0: 	 Link 5: 26.562 GB/s
0: 	 Link 6: 26.562 GB/s
0: 	 Link 7: 26.562 GB/s
0: 	 Link 8: 26.562 GB/s
0: 	 Link 9: 26.562 GB/s
0: 	 Link 10: 26.562 GB/s
0: 	 Link 11: 26.562 GB/s
0: 	 Link 12: 26.562 GB/s
0: 	 Link 13: 26.562 GB/s
0: 	 Link 14: 26.562 GB/s
0: 	 Link 15: 26.562 GB/s
0: 	 Link 16: 26.562 GB/s
0: 	 Link 17: 26.562 GB/s
0: GPU 1: NVIDIA GH200 120GB (UUID: GPU-aee32f62-9a0d-c5f7-768a-1373092fc8a0)
0: 	 Link 0: 26.562 GB/s
0: 	 Link 1: 26.562 GB/s
0: 	 Link 2: 26.562 GB/s
0: 	 Link 3: 26.562 GB/s
0: 	 Link 4: 26.562 GB/s
0: 	 Link 5: 26.562 GB/s
0: 	 Link 6: 26.562 GB/s
0: 	 Link 7: 26.562 GB/s
0: 	 Link 8: 26.562 GB/s
0: 	 Link 9: 26.562 GB/s
0: 	 Link 10: 26.562 GB/s
0: 	 Link 11: 26.562 GB/s
0: 	 Link 12: 26.562 GB/s
0: 	 Link 13: 26.562 GB/s
0: 	 Link 14: 26.562 GB/s
0: 	 Link 15: 26.562 GB/s
0: 	 Link 16: 26.562 GB/s
0: 	 Link 17: 26.562 GB/s
0: GPU 2: NVIDIA GH200 120GB (UUID: GPU-500a395b-2ca4-da78-343b-8caf06ff032a)
0: 	 Link 0: 26.562 GB/s
0: 	 Link 1: 26.562 GB/s
0: 	 Link 2: 26.562 GB/s
0: 	 Link 3: 26.562 GB/s
0: 	 Link 4: 26.562 GB/s
0: 	 Link 5: 26.562 GB/s
0: 	 Link 6: 26.562 GB/s
0: 	 Link 7: 26.562 GB/s
0: 	 Link 8: 26.562 GB/s
0: 	 Link 9: 26.562 GB/s
0: 	 Link 10: 26.562 GB/s
0: 	 Link 11: 26.562 GB/s
0: 	 Link 12: 26.562 GB/s
0: 	 Link 13: 26.562 GB/s
0: 	 Link 14: 26.562 GB/s
0: 	 Link 15: 26.562 GB/s
0: 	 Link 16: 26.562 GB/s
0: 	 Link 17: 26.562 GB/s
0: GPU 3: NVIDIA GH200 120GB (UUID: GPU-4b3edac9-5876-a224-e915-1a219f8defc0)
0: 	 Link 0: 26.562 GB/s
0: 	 Link 1: 26.562 GB/s
0: 	 Link 2: 26.562 GB/s
0: 	 Link 3: 26.562 GB/s
0: 	 Link 4: 26.562 GB/s
0: 	 Link 5: 26.562 GB/s
0: 	 Link 6: 26.562 GB/s
0: 	 Link 7: 26.562 GB/s
0: 	 Link 8: 26.562 GB/s
0: 	 Link 9: 26.562 GB/s
0: 	 Link 10: 26.562 GB/s
0: 	 Link 11: 26.562 GB/s
0: 	 Link 12: 26.562 GB/s
0: 	 Link 13: 26.562 GB/s
0: 	 Link 14: 26.562 GB/s
0: 	 Link 15: 26.562 GB/s
0: 	 Link 16: 26.562 GB/s
0: 	 Link 17: 26.562 GB/s
0: === nvlink error counters BEFORE ===
0: GPU 0: NVIDIA GH200 120GB (UUID: GPU-2884210f-e41b-5ad9-0d26-5e6265317555)
0: 	 Link 0: Replay Errors: 0
0: 	 Link 0: Recovery Errors: 0
0: 	 Link 0: CRC Errors: 0
0: 
0: 	 Link 1: Replay Errors: 0
0: 	 Link 1: Recovery Errors: 0
0: 	 Link 1: CRC Errors: 0
0: 
0: 	 Link 2: Replay Errors: 0
0: 	 Link 2: Recovery Errors: 0
0: 	 Link 2: CRC Errors: 0
0: 
0: 	 Link 3: Replay Errors: 0
0: 	 Link 3: Recovery Errors: 0
0: 	 Link 3: CRC Errors: 0
0: 
0: 	 Link 4: Replay Errors: 0
0: 	 Link 4: Recovery Errors: 0
0: 	 Link 4: CRC Errors: 1
0: 
0: 	 Link 5: Replay Errors: 0
0: 	 Link 5: Recovery Errors: 0
0: 	 Link 5: CRC Errors: 0
0: 
0: 	 Link 6: Replay Errors: 0
0: 	 Link 6: Recovery Errors: 0
0: 	 Link 6: CRC Errors: 0
0: 
0: 	 Link 7: Replay Errors: 0
0: 	 Link 7: Recovery Errors: 0
0: 	 Link 7: CRC Errors: 0
0: 
0: 	 Link 8: Replay Errors: 0
0: 	 Link 8: Recovery Errors: 0
0: 	 Link 8: CRC Errors: 0
0: 
0: 	 Link 9: Replay Errors: 0
0: 	 Link 9: Recovery Errors: 0
0: 	 Link 9: CRC Errors: 0
0: 
0: 	 Link 10: Replay Errors: 0
0: 	 Link 10: Recovery Errors: 0
0: 	 Link 10: CRC Errors: 0
0: 
0: 	 Link 11: Replay Errors: 0
0: 	 Link 11: Recovery Errors: 0
0: 	 Link 11: CRC Errors: 0
0: 
0: 	 Link 12: Replay Errors: 0
0: 	 Link 12: Recover
0: y Errors: 0
0: 	 Link 12: CRC Errors: 0
0: 
0: 	 Link 13: Replay Errors: 0
0: 	 Link 13: Recovery Errors: 0
0: 	 Link 13: CRC Errors: 0
0: 
0: 	 Link 14: Replay Errors: 0
0: 	 Link 14: Recovery Errors: 0
0: 	 Link 14: CRC Errors: 0
0: 
0: 	 Link 15: Replay Errors: 0
0: 	 Link 15: Recovery Errors: 0
0: 	 Link 15: CRC Errors: 0
0: 
0: 	 Link 16: Replay Errors: 0
0: 	 Link 16: Recovery Errors: 0
0: 	 Link 16: CRC Errors: 0
0: 
0: 	 Link 17: Replay Errors: 0
0: 	 Link 17: Recovery Errors: 0
0: 	 Link 17: CRC Errors: 0
0: 
0: GPU 1: NVIDIA GH200 120GB (UUID: GPU-aee32f62-9a0d-c5f7-768a-1373092fc8a0)
0: 	 Link 0: Replay Errors: 0
0: 	 Link 0: Recovery Errors: 0
0: 	 Link 0: CRC Errors: 0
0: 
0: 	 Link 1: Replay Errors: 0
0: 	 Link 1: Recovery Errors: 0
0: 	 Link 1: CRC Errors: 0
0: 
0: 	 Link 2: Replay Errors: 0
0: 	 Link 2: Recovery Errors: 0
0: 	 Link 2: CRC Errors: 0
0: 
0: 	 Link 3: Replay Errors: 0
0: 	 Link 3: Recovery Errors: 0
0: 	 Link 3: CRC Errors: 0
0: 
0: 	 Link 4: Replay Errors: 0
0: 	 Link 4: Recovery Errors: 0
0: 	 Link 4: CRC Errors: 0
0: 
0: 	 Link 5: Replay Errors: 0
0: 	 Link 5: Recovery Errors: 0
0: 	 Link 5: CRC Errors: 0
0: 
0: 	 Link 6: Replay Errors: 0
0: 	 Link 6: Recovery Errors: 0
0: 	 Link 6: CRC Errors: 0
0: 
0: 	 Link 7: Replay Errors: 0
0: 	 Link 7: Recovery Errors: 0
0: 	 Link 7: CRC Errors: 0
0: 
0: 	 Link 8: Replay Errors: 0
0: 	 Link 8: Recovery Errors: 0
0: 	 Link 8: CRC Errors: 0
0: 
0: 	 Link 9: Replay Errors: 0
0: 	 Link 9: Recovery Errors: 0
0: 	 Link 9: CRC Errors: 0
0: 
0: 	 Link 10: Replay Errors: 0
0: 	 Link 10: Recovery Errors: 0
0: 	 Link 10: CRC Errors: 0
0: 
0: 	 Link 11: Replay Errors: 0
0: 	 Link 11: Recovery Errors: 0
0: 	 Link 11: CRC Errors: 0
0: 
0: 	 Link 12: Replay Errors: 0
0: 	 Link 12: Recover
0: y Errors: 0
0: 	 Link 12: CRC Errors: 0
0: 
0: 	 Link 13: Replay Errors: 0
0: 	 Link 13: Recovery Errors: 0
0: 	 Link 13: CRC Errors: 0
0: 
0: 	 Link 14: Replay Errors: 0
0: 	 Link 14: Recovery Errors: 0
0: 	 Link 14: CRC Errors: 0
0: 
0: 	 Link 15: Replay Errors: 0
0: 	 Link 15: Recovery Errors: 0
0: 	 Link 15: CRC Errors: 0
0: 
0: 	 Link 16: Replay Errors: 0
0: 	 Link 16: Recovery Errors: 0
0: 	 Link 16: CRC Errors: 0
0: 
0: 	 Link 17: Replay Errors: 0
0: 	 Link 17: Recovery Errors: 0
0: 	 Link 17: CRC Errors: 0
0: 
0: GPU 2: NVIDIA GH200 120GB (UUID: GPU-500a395b-2ca4-da78-343b-8caf06ff032a)
0: 	 Link 0: Replay Errors: 0
0: 	 Link 0: Recovery Errors: 0
0: 	 Link 0: CRC Errors: 1
0: 
0: 	 Link 1: Replay Errors: 0
0: 	 Link 1: Recovery Errors: 0
0: 	 Link 1: CRC Errors: 1
0: 
0: 	 Link 2: Replay Errors: 0
0: 	 Link 2: Recovery Errors: 0
0: 	 Link 2: CRC Errors: 0
0: 
0: 	 Link 3: Replay Errors: 0
0: 	 Link 3: Recovery Errors: 0
0: 	 Link 3: CRC Errors: 0
0: 
0: 	 Link 4: Replay Errors: 0
0: 	 Link 4: Recovery Errors: 0
0: 	 Link 4: CRC Errors: 0
0: 
0: 	 Link 5: Replay Errors: 0
0: 	 Link 5: Recovery Errors: 0
0: 	 Link 5: CRC Errors: 0
0: 
0: 	 Link 6: Replay Errors: 0
0: 	 Link 6: Recovery Errors: 0
0: 	 Link 6: CRC Errors: 0
0: 
0: 	 Link 7: Replay Errors: 0
0: 	 Link 7: Recovery Errors: 0
0: 	 Link 7: CRC Errors: 0
0: 
0: 	 Link 8: Replay Errors: 0
0: 	 Link 8: Recovery Errors: 0
0: 	 Link 8: CRC Errors: 0
0: 
0: 	 Link 9: Replay Errors: 0
0: 	 Link 9: Recovery Errors: 0
0: 	 Link 9: CRC Errors: 0
0: 
0: 	 Link 10: Replay Errors: 0
0: 	 Link 10: Recovery Errors: 0
0: 	 Link 10: CRC Errors: 0
0: 
0: 	 Link 11: Replay Errors: 0
0: 	 Link 11: Recovery Errors: 0
0: 	 Link 11: CRC Errors: 0
0: 
0: 	 Link 12: Replay Errors: 0
0: 	 Link 12: Recover
0: y Errors: 0
0: 	 Link 12: CRC Errors: 0
0: 
0: 	 Link 13: Replay Errors: 0
0: 	 Link 13: Recovery Errors: 0
0: 	 Link 13: CRC Errors: 0
0: 
0: 	 Link 14: Replay Errors: 0
0: 	 Link 14: Recovery Errors: 0
0: 	 Link 14: CRC Errors: 0
0: 
0: 	 Link 15: Replay Errors: 0
0: 	 Link 15: Recovery Errors: 0
0: 	 Link 15: CRC Errors: 0
0: 
0: 	 Link 16: Replay Errors: 0
0: 	 Link 16: Recovery Errors: 0
0: 	 Link 16: CRC Errors: 0
0: 
0: 	 Link 17: Replay Errors: 0
0: 	 Link 17: Recovery Errors: 0
0: 	 Link 17: CRC Errors: 0
0: 
0: GPU 3: NVIDIA GH200 120GB (UUID: GPU-4b3edac9-5876-a224-e915-1a219f8defc0)
0: 	 Link 0: Replay Errors: 0
0: 	 Link 0: Recovery Errors: 0
0: 	 Link 0: CRC Errors: 0
0: 
0: 	 Link 1: Replay Errors: 0
0: 	 Link 1: Recovery Errors: 0
0: 	 Link 1: CRC Errors: 0
0: 
0: 	 Link 2: Replay Errors: 0
0: 	 Link 2: Recovery Errors: 0
0: 	 Link 2: CRC Errors: 0
0: 
0: 	 Link 3: Replay Errors: 0
0: 	 Link 3: Recovery Errors: 0
0: 	 Link 3: CRC Errors: 0
0: 
0: 	 Link 4: Replay Errors: 0
0: 	 Link 4: Recovery Errors: 0
0: 	 Link 4: CRC Errors: 0
0: 
0: 	 Link 5: Replay Errors: 0
0: 	 Link 5: Recovery Errors: 0
0: 	 Link 5: CRC Errors: 0
0: 
0: 	 Link 6: Replay Errors: 0
0: 	 Link 6: Recovery Errors: 0
0: 	 Link 6: CRC Errors: 0
0: 
0: 	 Link 7: Replay Errors: 0
0: 	 Link 7: Recovery Errors: 0
0: 	 Link 7: CRC Errors: 0
0: 
0: 	 Link 8: Replay Errors: 0
0: 	 Link 8: Recovery Errors: 0
0: 	 Link 8: CRC Errors: 0
0: 
0: 	 Link 9: Replay Errors: 0
0: 	 Link 9: Recovery Errors: 0
0: 	 Link 9: CRC Errors: 0
0: 
0: 	 Link 10: Replay Errors: 0
0: 	 Link 10: Recovery Errors: 0
0: 	 Link 10: CRC Errors: 0
0: 
0: 	 Link 11: Replay Errors: 0
0: 	 Link 11: Recovery Errors: 0
0: 	 Link 11: CRC Errors: 0
0: 
0: 	 Link 12: Replay Errors: 0
0: 	 Link 12: Recovery Errors: 0
0: 	 Link 12: CRC Errors: 0
0: 
0: 	 Link 13: Replay Errors: 0
0: 	 Link 13: Recovery Errors: 0
0: 	 Link 13: CRC Errors: 0
0: 
0: 	 Link 14: Replay Errors: 0
0: 	 Link 14: Recovery Errors: 0
0: 	 Link 14: CRC Errors: 0
0: 
0: 	 Link 15: Replay Errors: 0
0: 	 Link 15: Recovery Errors: 0
0: 	 Link 15: CRC Errors: 0
0: 
0: 	 Link 16: Replay Errors: 0
0: 	 Link 16: Recovery Errors: 0
0: 	 Link 16: CRC Errors: 0
0: 
0: 	 Link 17: Replay Errors: 0
0: 	 Link 17: Recovery Errors: 0
0: 	 Link 17: CRC Errors: 0
0: 
0: 
0: ##### pass 1/20  pair g0-g1  sendrecv_perf
0: # nccl-tests version 2.17.8 nccl-headers=22903 nccl-library=22903
0: # Collective test starting: sendrecv_perf
0: # nThread 1 nGpus 2 minBytes 8388608 maxBytes 268435456 step: 2(factor) warmup iters: 5 iters: 20 agg iters: 1 validation: 1 graph: 0
0: #
0: # Using devices
0: #  Rank  0 Group  0 Pid 241912 on  nid006887 device  0 [0009:01:00] NVIDIA GH200 120GB
0: #  Rank  1 Group  0 Pid 241912 on  nid006887 device  1 [0019:01:00] NVIDIA GH200 120GB
0: #
0: #                                                              out-of-place                       in-place          
0: #       size         count      type   redop    root     time   algbw   busbw  #wrong     time   algbw   busbw  #wrong 
0: #        (B)    (elements)                               (us)  (GB/s)  (GB/s)             (us)  (GB/s)  (GB/s)         
0:      8388608       2097152     float     sum      -1   116.92   71.75   71.75       0   116.10   72.26   72.26    N/A
0:     16777216       4194304     float     sum      -1   220.90   75.95   75.95       0   223.39   75.10   75.10    N/A
0:     33554432       8388608     float     sum      -1   423.20   79.29   79.29       0   423.09   79.31   79.31    N/A
0:     67108864      16777216     float     sum      -1   816.09   82.23   82.23       0   823.45   81.50   81.50    N/A
0:    134217728      33554432     float     sum      -1  1121.69  119.66  119.66       0  1118.34  120.01  120.01    N/A
0:    268435456      67108864     float     sum      -1  2210.58  121.43  121.43       0  2210.79  121.42  121.42    N/A
0: # Out of bounds values : 0 OK
0: # Avg bus bandwidth    : 91.6586 
0: #
0: # Collective test concluded: sendrecv_perf
0: #
0: 
0: 
0: ##### pass 1/20  pair g0-g2  sendrecv_perf
0: # nccl-tests version 2.17.8 nccl-headers=22903 nccl-library=22903
0: # Collective test starting: sendrecv_perf
0: # nThread 1 nGpus 2 minBytes 8388608 maxBytes 268435456 step: 2(factor) warmup iters: 5 iters: 20 agg iters: 1 validation: 1 graph: 0
0: #
0: # Using devices
0: #  Rank  0 Group  0 Pid 241957 on  nid006887 device  0 [0009:01:00] NVIDIA GH200 120GB
0: #  Rank  1 Group  0 Pid 241957 on  nid006887 device  1 [0029:01:00] NVIDIA GH200 120GB
0: #
0: #                                                              out-of-place                       in-place          
0: #       size         count      type   redop    root     time   algbw   busbw  #wrong     time   algbw   busbw  #wrong 
0: #        (B)    (elements)                               (us)  (GB/s)  (GB/s)             (us)  (GB/s)  (GB/s)         
0:      8388608       2097152     float     sum      -1   117.24   71.55   71.55       0   115.48   72.64   72.64    N/A
0:     16777216       4194304     float     sum      -1   222.77   75.31   75.31       0   221.82   75.63   75.63    N/A
0:     33554432       8388608     float     sum      -1   421.47   79.61   79.61       0   422.88   79.35   79.35    N/A
0:     67108864      16777216     float     sum      -1   814.83   82.36   82.36       0   821.10   81.73   81.73    N/A
0:    134217728      33554432     float     sum      -1  1122.78  119.54  119.54       0  1115.87  120.28  120.28    N/A
0:    268435456      67108864     float     sum      -1  2205.42  121.72  121.72       0  2209.45  121.49  121.49    N/A
0: # Out of bounds values : 0 OK
0: # Avg bus bandwidth    : 91.7688 
0: #
0: # Collective test concluded: sendrecv_perf
0: #
0: 
0: 
0: ##### pass 1/20  pair g0-g3  sendrecv_perf
0: # nccl-tests version 2.17.8 nccl-headers=22903 nccl-library=22903
0: # Collective test starting: sendrecv_perf
0: # nThread 1 nGpus 2 minBytes 8388608 maxBytes 268435456 step: 2(factor) warmup iters: 5 iters: 20 agg iters: 1 validation: 1 graph: 0
0: #
0: # Using devices
0: #  Rank  0 Group  0 Pid 241996 on  nid006887 device  0 [0009:01:00] NVIDIA GH200 120GB
0: #  Rank  1 Group  0 Pid 241996 on  nid006887 device  1 [0039:01:00] NVIDIA GH200 120GB
0: #
0: #                                                              out-of-place                       in-place          
0: #       size         count      type   redop    root     time   algbw   busbw  #wrong     time   algbw   busbw  #wrong 
0: #        (B)    (elements)                               (us)  (GB/s)  (GB/s)             (us)  (GB/s)  (GB/s)         
0:      8388608       2097152     float     sum      -1   119.13   70.41   70.41       0   118.11   71.02   71.02    N/A
0:     16777216       4194304     float     sum      -1   218.35   76.84   76.84       0   222.92   75.26   75.26    N/A
0:     33554432       8388608     float     sum      -1   421.93   79.53   79.53       0   421.62   79.58   79.58    N/A
0:     67108864      16777216     float     sum      -1   815.15   82.33   82.33       0   824.52   81.39   81.39    N/A
0:    134217728      33554432     float     sum      -1  1121.45  119.68  119.68       0  1122.53  119.57  119.57    N/A
0:    268435456      67108864     float     sum      -1  2217.91  121.03  121.03       0  2211.15  121.40  121.40    N/A
0: # Out of bounds values : 0 OK
0: # Avg bus bandwidth    : 91.5036 
0: #
0: # Collective test concluded: sendrecv_perf
0: #
0: 
0: 
0: ##### pass 1/20  pair g1-g2  sendrecv_perf
0: # nccl-tests version 2.17.8 nccl-headers=22903 nccl-library=22903
0: # Collective test starting: sendrecv_perf
0: # nThread 1 nGpus 2 minBytes 8388608 maxBytes 268435456 step: 2(factor) warmup iters: 5 iters: 20 agg iters: 1 validation: 1 graph: 0
0: #
0: # Using devices
0: #  Rank  0 Group  0 Pid 242052 on  nid006887 device  0 [0019:01:00] NVIDIA GH200 120GB
0: #  Rank  1 Group  0 Pid 242052 on  nid006887 device  1 [0029:01:00] NVIDIA GH200 120GB
0: #
0: #                                                              out-of-place                       in-place          
0: #       size         count      type   redop    root     time   algbw   busbw  #wrong     time   algbw   busbw  #wrong 
0: #        (B)    (elements)                               (us)  (GB/s)  (GB/s)             (us)  (GB/s)  (GB/s)         
0:      8388608       2097152     float     sum      -1   120.41   69.67   69.67       0   116.25   72.16   72.16    N/A
0:     16777216       4194304     float     sum      -1   221.42   75.77   75.77       0   219.04   76.59   76.59    N/A
0:     33554432       8388608     float     sum      -1   422.32   79.45   79.45       0   422.17   79.48   79.48    N/A
0:     67108864      16777216     float     sum      -1   806.91   83.17   83.17       0   821.49   81.69   81.69    N/A
0:    134217728      33554432     float     sum      -1  1116.35  120.23  120.23       0  1116.24  120.24  120.24    N/A
0:    268435456      67108864     float     sum      -1  2207.93  121.58  121.58       0  2200.71  121.98  121.98    N/A
0: # Out of bounds values : 0 OK
0: # Avg bus bandwidth    : 91.834 
0: #
0: # Collective test concluded: sendrecv_perf
0: #
0: 
0: 
0: ##### pass 1/20  pair g1-g3  sendrecv_perf
0: # nccl-tests version 2.17.8 nccl-headers=22903 nccl-library=22903
0: # Collective test starting: sendrecv_perf
0: # nThread 1 nGpus 2 minBytes 8388608 maxBytes 268435456 step: 2(factor) warmup iters: 5 iters: 20 agg iters: 1 validation: 1 graph: 0
0: #
0: # Using devices
0: #  Rank  0 Group  0 Pid 242093 on  nid006887 device  0 [0019:01:00] NVIDIA GH200 120GB
0: #  Rank  1 Group  0 Pid 242093 on  nid006887 device  1 [0039:01:00] NVIDIA GH200 120GB
0: #
0: #                                                              out-of-place                       in-place          
0: #       size         count      type   redop    root     time   algbw   busbw  #wrong     time   algbw   busbw  #wrong 
0: #        (B)    (elements)                               (us)  (GB/s)  (GB/s)             (us)  (GB/s)  (GB/s)         
0:      8388608       2097152     float     sum      -1   117.18   71.59   71.59       0   115.29   72.76   72.76    N/A
0:     16777216       4194304     float     sum      -1   217.40   77.17   77.17       0   220.61   76.05   76.05    N/A
0:     33554432       8388608     float     sum      -1   421.01   79.70   79.70       0   422.30   79.46   79.46    N/A
0:     67108864      16777216     float     sum      -1   813.41   82.50   82.50       0   818.03   82.04   82.04    N/A
0:    134217728      33554432     float     sum      -1  1123.49  119.47  119.47       0  1121.03  119.73  119.73    N/A
0:    268435456      67108864     float     sum      -1  2208.88  121.53  121.53       0  2203.80  121.81  121.81    N/A
0: # Out of bounds values : 0 OK
0: # Avg bus bandwidth    : 91.9826 
0: #
0: # Collective test concluded: sendrecv_perf
0: #
0: 
0: 
0: ##### pass 1/20  pair g2-g3  sendrecv_perf
0: # nccl-tests version 2.17.8 nccl-headers=22903 nccl-library=22903
0: # Collective test starting: sendrecv_perf
0: # nThread 1 nGpus 2 minBytes 8388608 maxBytes 268435456 step: 2(factor) warmup iters: 5 iters: 20 agg iters: 1 validation: 1 graph: 0
0: #
0: # Using devices
0: #  Rank  0 Group  0 Pid 242129 on  nid006887 device  0 [0029:01:00] NVIDIA GH200 120GB
0: #  Rank  1 Group  0 Pid 242129 on  nid006887 device  1 [0039:01:00] NVIDIA GH200 120GB
0: #
0: #                                                              out-of-place                       in-place          
0: #       size         count      type   redop    root     time   algbw   busbw  #wrong     time   algbw   busbw  #wrong 
0: #        (B)    (elements)                               (us)  (GB/s)  (GB/s)             (us)  (GB/s)  (GB/s)         
0:      8388608       2097152     float     sum      -1   118.36   70.87   70.87       0   115.20   72.82   72.82    N/A
0:     16777216       4194304     float     sum      -1   222.23   75.50   75.50       0   216.75   77.40   77.40    N/A
0:     33554432       8388608     float     sum      -1   421.40   79.63   79.63       0   421.49   79.61   79.61    N/A
0:     67108864      16777216     float     sum      -1   813.05   82.54   82.54       0   823.92   81.45   81.45    N/A
0:    134217728      33554432     float     sum      -1  1118.86  119.96  119.96       0  1116.52  120.21  120.21    N/A
0:    268435456      67108864     float     sum      -1  2201.69  121.92  121.92       0  2201.90  121.91  121.91    N/A
0: # Out of bounds values : 0 OK
0: # Avg bus bandwidth    : 91.9847 
0: #
0: # Collective test concluded: sendrecv_perf
0: #
0: 
0: 
0: ##### pass 2/20  pair g0-g1  sendrecv_perf
0: # nccl-tests version 2.17.8 nccl-headers=22903 nccl-library=22903
0: # Collective test starting: sendrecv_perf
0: # nThread 1 nGpus 2 minBytes 8388608 maxBytes 268435456 step: 2(factor) warmup iters: 5 iters: 20 agg iters: 1 validation: 1 graph: 0
0: #
0: # Using devices
0: #  Rank  0 Group  0 Pid 242165 on  nid006887 device  0 [0009:01:00] NVIDIA GH200 120GB
0: #  Rank  1 Group  0 Pid 242165 on  nid006887 device  1 [0019:01:00] NVIDIA GH200 120GB
0: #
0: #                                                              out-of-place                       in-place          
0: #       size         count      type   redop    root     time   algbw   busbw  #wrong     time   algbw   busbw  #wrong 
0: #        (B)    (elements)                               (us)  (GB/s)  (GB/s)             (us)  (GB/s)  (GB/s)         
0:      8388608       2097152     float     sum      -1   115.92   72.36   72.36       0   115.53   72.61   72.61    N/A
0:     16777216       4194304     float     sum      -1   221.27   75.82   75.82       0   223.00   75.23   75.23    N/A
0:     33554432       8388608     float     sum      -1   423.33   79.26   79.26       0   423.63   79.21   79.21    N/A
0:     67108864      16777216     float     sum      -1   814.63   82.38   82.38       0   824.87   81.36   81.36    N/A
0:    134217728      33554432     float     sum      -1  1127.44  119.05  119.05       0  1124.12  119.40  119.40    N/A
0:    268435456      67108864     float     sum      -1  2208.22  121.56  121.56       0  2207.08  121.62  121.62    N/A
0: # Out of bounds values : 0 OK
0: # Avg bus bandwidth    : 91.6555 
0: #
0: # Collective test concluded: sendrecv_perf
0: #
0: 
0: 
0: ##### pass 2/20  pair g0-g2  sendrecv_perf
0: # nccl-tests version 2.17.8 nccl-headers=22903 nccl-library=22903
0: # Collective test starting: sendrecv_perf
0: # nThread 1 nGpus 2 minBytes 8388608 maxBytes 268435456 step: 2(factor) warmup iters: 5 iters: 20 agg iters: 1 validation: 1 graph: 0
0: #
0: # Using devices
0: #  Rank  0 Group  0 Pid 242203 on  nid006887 device  0 [0009:01:00] NVIDIA GH200 120GB
0: #  Rank  1 Group  0 Pid 242203 on  nid006887 device  1 [0029:01:00] NVIDIA GH200 120GB
0: #
0: #                                                              out-of-place                       in-place          
0: #       size         count      type   redop    root     time   algbw   busbw  #wrong     time   algbw   busbw  #wrong 
0: #        (B)    (elements)                               (us)  (GB/s)  (GB/s)             (us)  (GB/s)  (GB/s)         
0:      8388608       2097152     float     sum      -1   115.71   72.50   72.50       0   115.53   72.61   72.61    N/A
0:     16777216       4194304     float     sum      -1   219.61   76.39   76.39       0   220.79   75.99   75.99    N/A
0:     33554432       8388608     float     sum      -1   420.79   79.74   79.74       0   421.91   79.53   79.53    N/A
0:     67108864      16777216     float     sum      -1   813.53   82.49   82.49       0   826.27   81.22   81.22    N/A
0:    134217728      33554432     float     sum      -1  1123.62  119.45  119.45       0  1120.22  119.81  119.81    N/A
0:    268435456      67108864     float     sum      -1  2209.26  121.50  121.50       0  2203.08  121.85  121.85    N/A
0: # Out of bounds values : 0 OK
0: # Avg bus bandwidth    : 91.9237 
0: #
0: # Collective test concluded: sendrecv_perf
0: #
0: 
0: 
0: ##### pass 2/20  pair g0-g3  sendrecv_perf
0: # nccl-tests version 2.17.8 nccl-headers=22903 nccl-library=22903
0: # Collective test starting: sendrecv_perf
0: # nThread 1 nGpus 2 minBytes 8388608 maxBytes 268435456 step: 2(factor) warmup iters: 5 iters: 20 agg iters: 1 validation: 1 graph: 0
0: #
0: # Using devices
0: #  Rank  0 Group  0 Pid 242244 on  nid006887 device  0 [0009:01:00] NVIDIA GH200 120GB
0: #  Rank  1 Group  0 Pid 242244 on  nid006887 device  1 [0039:01:00] NVIDIA GH200 120GB
0: #
0: #                                                              out-of-place                       in-place          
0: #       size         count      type   redop    root     time   algbw   busbw  #wrong     time   algbw   busbw  #wrong 
0: #        (B)    (elements)                               (us)  (GB/s)  (GB/s)             (us)  (GB/s)  (GB/s)         
0:      8388608       2097152     float     sum      -1   115.86   72.40   72.40       0   115.46   72.65   72.65    N/A
0:     16777216       4194304     float     sum      -1   221.21   75.84   75.84       0   219.18   76.54   76.54    N/A
0:     33554432       8388608     float     sum      -1   421.40   79.63   79.63       0   423.68   79.20   79.20    N/A
0:     67108864      16777216     float     sum      -1   812.97   82.55   82.55       0   821.44   81.70   81.70    N/A
0:    134217728      33554432     float     sum      -1  1125.14  119.29  119.29       0  1126.67  119.13  119.13    N/A
0:    268435456      67108864     float     sum      -1  2203.48  121.82  121.82       0  2206.34  121.67  121.67    N/A
0: # Out of bounds values : 0 OK
0: # Avg bus bandwidth    : 91.8681 
0: #
0: # Collective test concluded: sendrecv_perf
0: #
0: 
0: 
0: ##### pass 2/20  pair g1-g2  sendrecv_perf
0: # nccl-tests version 2.17.8 nccl-headers=22903 nccl-library=22903
0: # Collective test starting: sendrecv_perf
0: # nThread 1 nGpus 2 minBytes 8388608 maxBytes 268435456 step: 2(factor) warmup iters: 5 iters: 20 agg iters: 1 validation: 1 graph: 0
0: #
0: # Using devices
0: #  Rank  0 Group  0 Pid 242306 on  nid006887 device  0 [0019:01:00] NVIDIA GH200 120GB
0: #  Rank  1 Group  0 Pid 242306 on  nid006887 device  1 [0029:01:00] NVIDIA GH200 120GB
0: #
0: #                                                              out-of-place                       in-place          
0: #       size         count      type   redop    root     time   algbw   busbw  #wrong     time   algbw   busbw  #wrong 
0: #        (B)    (elements)                               (us)  (GB/s)  (GB/s)             (us)  (GB/s)  (GB/s)         
0:      8388608       2097152     float     sum      -1   115.67   72.52   72.52       0   115.80   72.44   72.44    N/A
0:     16777216       4194304     float     sum      -1   217.37   77.18   77.18       0   217.56   77.12   77.12    N/A
0:     33554432       8388608     float     sum      -1   421.62   79.59   79.59       0   422.41   79.44   79.44    N/A
0:     67108864      16777216     float     sum      -1   815.70   82.27   82.27       0   821.68   81.67   81.67    N/A
0:    134217728      33554432     float     sum      -1  1124.87  119.32  119.32       0  1122.85  119.53  119.53    N/A
0:    268435456      67108864     float     sum      -1  2200.12  122.01  122.01       0  2207.66  121.59  121.59    N/A
0: # Out of bounds values : 0 OK
0: # Avg bus bandwidth    : 92.0564 
0: #
0: # Collective test concluded: sendrecv_perf
0: #
0: 
0: 
0: ##### pass 2/20  pair g1-g3  sendrecv_perf
0: # nccl-tests version 2.17.8 nccl-headers=22903 nccl-library=22903
0: # Collective test starting: sendrecv_perf
0: # nThread 1 nGpus 2 minBytes 8388608 maxBytes 268435456 step: 2(factor) warmup iters: 5 iters: 20 agg iters: 1 validation: 1 graph: 0
0: #
0: # Using devices
0: #  Rank  0 Group  0 Pid 242345 on  nid006887 device  0 [0019:01:00] NVIDIA GH200 120GB
0: #  Rank  1 Group  0 Pid 242345 on  nid006887 device  1 [0039:01:00] NVIDIA GH200 120GB
0: #
0: #                                                              out-of-place                       in-place          
0: #       size         count      type   redop    root     time   algbw   busbw  #wrong     time   algbw   busbw  #wrong 
0: #        (B)    (elements)                               (us)  (GB/s)  (GB/s)             (us)  (GB/s)  (GB/s)         
0:      8388608       2097152     float     sum      -1   115.43   72.68   72.68       0   119.56   70.16   70.16    N/A
0:     16777216       4194304     float     sum      -1   216.90   77.35   77.35       0   223.37   75.11   75.11    N/A
0:     33554432       8388608     float     sum      -1   421.32   79.64   79.64       0   420.88   79.72   79.72    N/A
0:     67108864      16777216     float     sum      -1   814.32   82.41   82.41       0   808.87   82.97   82.97    N/A
0:    134217728      33554432     float     sum      -1  1126.81  119.11  119.11       0  1119.10  119.93  119.93    N/A
0:    268435456      67108864     float     sum      -1  2205.54  121.71  121.71       0  2206.17  121.67  121.67    N/A
0: # Out of bounds values : 0 OK
0: # Avg bus bandwidth    : 91.8723 
0: #
0: # Collective test concluded: sendrecv_perf
0: #
0: 
0: 
0: ##### pass 2/20  pair g2-g3  sendrecv_perf
0: # nccl-tests version 2.17.8 nccl-headers=22903 nccl-library=22903
0: # Collective test starting: sendrecv_perf
0: # nThread 1 nGpus 2 minBytes 8388608 maxBytes 268435456 step: 2(factor) warmup iters: 5 iters: 20 agg iters: 1 validation: 1 graph: 0
0: #
0: # Using devices
0: #  Rank  0 Group  0 Pid 242382 on  nid006887 device  0 [0029:01:00] NVIDIA GH200 120GB
0: #  Rank  1 Group  0 Pid 242382 on  nid006887 device  1 [0039:01:00] NVIDIA GH200 120GB
0: #
0: #                                                              out-of-place                       in-place          
0: #       size         count      type   redop    root     time   algbw   busbw  #wrong     time   algbw   busbw  #wrong 
0: #        (B)    (elements)                               (us)  (GB/s)  (GB/s)             (us)  (GB/s)  (GB/s)         
0:      8388608       2097152     float     sum      -1   120.68   69.51   69.51       0   114.97   72.97   72.97    N/A
0:     16777216       4194304     float     sum      -1   217.07   77.29   77.29       0   216.24   77.58   77.58    N/A
0:     33554432       8388608     float     sum      -1   420.68   79.76   79.76       0   422.01   79.51   79.51    N/A
0:     67108864      16777216     float     sum      -1   810.68   82.78   82.78       0   822.01   81.64   81.64    N/A
0:    134217728      33554432     float     sum      -1  1122.92  119.53  119.53       0  1121.00  119.73  119.73    N/A
0:    268435456      67108864     float     sum      -1  2210.61  121.43  121.43       0  2201.91  121.91  121.91    N/A
0: # Out of bounds values : 0 OK
0: # Avg bus bandwidth    : 91.9699 
0: #
0: # Collective test concluded: sendrecv_perf
0: #
0: 
0: 
0: ##### pass 3/20  pair g0-g1  sendrecv_perf
0: # nccl-tests version 2.17.8 nccl-headers=22903 nccl-library=22903
0: # Collective test starting: sendrecv_perf
0: # nThread 1 nGpus 2 minBytes 8388608 maxBytes 268435456 step: 2(factor) warmup iters: 5 iters: 20 agg iters: 1 validation: 1 graph: 0
0: #
0: # Using devices
0: #  Rank  0 Group  0 Pid 242420 on  nid006887 device  0 [0009:01:00] NVIDIA GH200 120GB
0: #  Rank  1 Group  0 Pid 242420 on  nid006887 device  1 [0019:01:00] NVIDIA GH200 120GB
0: #
0: #                                                              out-of-place                       in-place          
0: #       size         count      type   redop    root     time   algbw   busbw  #wrong     time   algbw   busbw  #wrong 
0: #        (B)    (elements)                               (us)  (GB/s)  (GB/s)             (us)  (GB/s)  (GB/s)         
0:      8388608       2097152     float     sum      -1   116.33   72.11   72.11       0   115.73   72.48   72.48    N/A
0:     16777216       4194304     float     sum      -1   218.40   76.82   76.82       0   224.29   74.80   74.80    N/A
0:     33554432       8388608     float     sum      -1   422.10   79.49   79.49       0   423.28   79.27   79.27    N/A
0:     67108864      16777216     float     sum      -1   814.40   82.40   82.40       0   826.73   81.17   81.17    N/A
0:    134217728      33554432     float     sum      -1  1120.30  119.81  119.81       0  1122.67  119.55  119.55    N/A
0:    268435456      67108864     float     sum      -1  2211.69  121.37  121.37       0  2205.84  121.69  121.69    N/A
0: # Out of bounds values : 0 OK
0: # Avg bus bandwidth    : 91.7482 
0: #
0: # Collective test concluded: sendrecv_perf
0: #
0: 
0: 
0: ##### pass 3/20  pair g0-g2  sendrecv_perf
0: # nccl-tests version 2.17.8 nccl-headers=22903 nccl-library=22903
0: # Collective test starting: sendrecv_perf
0: # nThread 1 nGpus 2 minBytes 8388608 maxBytes 268435456 step: 2(factor) warmup iters: 5 iters: 20 agg iters: 1 validation: 1 graph: 0
0: #
0: # Using devices
0: #  Rank  0 Group  0 Pid 242459 on  nid006887 device  0 [0009:01:00] NVIDIA GH200 120GB
0: #  Rank  1 Group  0 Pid 242459 on  nid006887 device  1 [0029:01:00] NVIDIA GH200 120GB
0: #
0: #                                                              out-of-place                       in-place          
0: #       size         count      type   redop    root     time   algbw   busbw  #wrong     time   algbw   busbw  #wrong 
0: #        (B)    (elements)                               (us)  (GB/s)  (GB/s)             (us)  (GB/s)  (GB/s)         
0:      8388608       2097152     float     sum      -1   115.37   72.71   72.71       0   114.75   73.10   73.10    N/A
0:     16777216       4194304     float     sum      -1   220.74   76.00   76.00       0   222.03   75.56   75.56    N/A
0:     33554432       8388608     float     sum      -1   421.60   79.59   79.59       0   421.26   79.65   79.65    N/A
0:     67108864      16777216     float     sum      -1   811.24   82.72   82.72       0   819.97   81.84   81.84    N/A
0:    134217728      33554432     float     sum      -1  1125.07  119.30  119.30       0  1115.65  120.30  120.30    N/A
0:    268435456      67108864     float     sum      -1  2209.16  121.51  121.51       0  2204.81  121.75  121.75    N/A
0: # Out of bounds values : 0 OK
0: # Avg bus bandwidth    : 92.0039 
0: #
0: # Collective test concluded: sendrecv_perf
0: #
0: 
0: 
0: ##### pass 3/20  pair g0-g3  sendrecv_perf
0: # nccl-tests version 2.17.8 nccl-headers=22903 nccl-library=22903
0: # Collective test starting: sendrecv_perf
0: # nThread 1 nGpus 2 minBytes 8388608 maxBytes 268435456 step: 2(factor) warmup iters: 5 iters: 20 agg iters: 1 validation: 1 graph: 0
0: #
0: # Using devices
0: #  Rank  0 Group  0 Pid 242494 on  nid006887 device  0 [0009:01:00] NVIDIA GH200 120GB
0: #  Rank  1 Group  0 Pid 242494 on  nid006887 device  1 [0039:01:00] NVIDIA GH200 120GB
0: #
0: #                                                              out-of-place                       in-place          
0: #       size         count      type   redop    root     time   algbw   busbw  #wrong     time   algbw   busbw  #wrong 
0: #        (B)    (elements)                               (us)  (GB/s)  (GB/s)             (us)  (GB/s)  (GB/s)         
0:      8388608       2097152     float     sum      -1   115.27   72.77   72.77       0   114.80   73.07   73.07    N/A
0:     16777216       4194304     float     sum      -1   220.27   76.17   76.17       0   222.90   75.27   75.27    N/A
0:     33554432       8388608     float     sum      -1   420.06   79.88   79.88       0   422.16   79.48   79.48    N/A
0:     67108864      16777216     float     sum      -1   805.97   83.26   83.26       0   823.58   81.48   81.48    N/A
0:    134217728      33554432     float     sum      -1  1129.37  118.84  118.84       0  1129.14  118.87  118.87    N/A
0:    268435456      67108864     float     sum      -1  2204.12  121.79  121.79       0  2210.65  121.43  121.43    N/A
0: # Out of bounds values : 0 OK
0: # Avg bus bandwidth    : 91.8598 
0: #
0: # Collective test concluded: sendrecv_perf
0: #
0: 
0: 
0: ##### pass 3/20  pair g1-g2  sendrecv_perf
0: # nccl-tests version 2.17.8 nccl-headers=22903 nccl-library=22903
0: # Collective test starting: sendrecv_perf
0: # nThread 1 nGpus 2 minBytes 8388608 maxBytes 268435456 step: 2(factor) warmup iters: 5 iters: 20 agg iters: 1 validation: 1 graph: 0
0: #
0: # Using devices
0: #  Rank  0 Group  0 Pid 242559 on  nid006887 device  0 [0019:01:00] NVIDIA GH200 120GB
0: #  Rank  1 Group  0 Pid 242559 on  nid006887 device  1 [0029:01:00] NVIDIA GH200 120GB
0: #
0: #                                                              out-of-place                       in-place          
0: #       size         count      type   redop    root     time   algbw   busbw  #wrong     time   algbw   busbw  #wrong 
0: #        (B)    (elements)                               (us)  (GB/s)  (GB/s)             (us)  (GB/s)  (GB/s)         
0:      8388608       2097152     float     sum      -1   118.93   70.54   70.54       0   115.43   72.67   72.67    N/A
0:     16777216       4194304     float     sum      -1   221.53   75.73   75.73       0   222.87   75.28   75.28    N/A
0:     33554432       8388608     float     sum      -1   421.22   79.66   79.66       0   423.94   79.15   79.15    N/A
0:     67108864      16777216     float     sum      -1   813.75   82.47   82.47       0   821.25   81.72   81.72    N/A
0:    134217728      33554432     float     sum      -1  1120.65  119.77  119.77       0  1115.38  120.33  120.33    N/A
0:    268435456      67108864     float     sum      -1  2214.51  121.22  121.22       0  2207.62  121.60  121.60    N/A
0: # Out of bounds values : 0 OK
0: # Avg bus bandwidth    : 91.6771 
0: #
0: # Collective test concluded: sendrecv_perf
0: #
0: 
0: 
0: ##### pass 3/20  pair g1-g3  sendrecv_perf
0: # nccl-tests version 2.17.8 nccl-headers=22903 nccl-library=22903
0: # Collective test starting: sendrecv_perf
0: # nThread 1 nGpus 2 minBytes 8388608 maxBytes 268435456 step: 2(factor) warmup iters: 5 iters: 20 agg iters: 1 validation: 1 graph: 0
0: #
0: # Using devices
0: #  Rank  0 Group  0 Pid 242595 on  nid006887 device  0 [0019:01:00] NVIDIA GH200 120GB
0: #  Rank  1 Group  0 Pid 242595 on  nid006887 device  1 [0039:01:00] NVIDIA GH200 120GB
0: #
0: #                                                              out-of-place                       in-place          
0: #       size         count      type   redop    root     time   algbw   busbw  #wrong     time   algbw   busbw  #wrong 
0: #        (B)    (elements)                               (us)  (GB/s)  (GB/s)             (us)  (GB/s)  (GB/s)         
0:      8388608       2097152     float     sum      -1   117.07   71.66   71.66       0   117.63   71.32   71.32    N/A
0:     16777216       4194304     float     sum      -1   220.43   76.11   76.11       0   222.63   75.36   75.36    N/A
0:     33554432       8388608     float     sum      -1   421.49   79.61   79.61       0   422.54   79.41   79.41    N/A
0:     67108864      16777216     float     sum      -1   814.34   82.41   82.41       0   822.63   81.58   81.58    N/A
0:    134217728      33554432     float     sum      -1  1125.74  119.23  119.23       0  1124.29  119.38  119.38    N/A
0:    268435456      67108864     float     sum      -1  2212.04  121.35  121.35       0  2215.49  121.16  121.16    N/A
0: # Out of bounds values : 0 OK
0: # Avg bus bandwidth    : 91.5475 
0: #
0: # Collective test concluded: sendrecv_perf
0: #
0: 
0: 
0: ##### pass 3/20  pair g2-g3  sendrecv_perf
0: # nccl-tests version 2.17.8 nccl-headers=22903 nccl-library=22903
0: # Collective test starting: sendrecv_perf
0: # nThread 1 nGpus 2 minBytes 8388608 maxBytes 268435456 step: 2(factor) warmup iters: 5 iters: 20 agg iters: 1 validation: 1 graph: 0
0: #
0: # Using devices
0: #  Rank  0 Group  0 Pid 242633 on  nid006887 device  0 [0029:01:00] NVIDIA GH200 120GB
0: #  Rank  1 Group  0 Pid 242633 on  nid006887 device  1 [0039:01:00] NVIDIA GH200 120GB
0: #
0: #                                                              out-of-place                       in-place          
0: #       size         count      type   redop    root     time   algbw   busbw  #wrong     time   algbw   busbw  #wrong 
0: #        (B)    (elements)                               (us)  (GB/s)  (GB/s)             (us)  (GB/s)  (GB/s)         
0:      8388608       2097152     float     sum      -1   119.22   70.36   70.36       0   115.03   72.93   72.93    N/A
0:     16777216       4194304     float     sum      -1   217.32   77.20   77.20       0   221.29   75.82   75.82    N/A
0:     33554432       8388608     float     sum      -1   421.21   79.66   79.66       0   418.19   80.24   80.24    N/A
0:     67108864      16777216     float     sum      -1   815.92   82.25   82.25       0   822.17   81.62   81.62    N/A
0:    134217728      33554432     float     sum      -1  1120.98  119.73  119.73       0  1123.74  119.44  119.44    N/A
0:    268435456      67108864     float     sum      -1  2204.34  121.78  121.78       0  2206.40  121.66  121.66    N/A
0: # Out of bounds values : 0 OK
0: # Avg bus bandwidth    : 91.8906 
0: #
0: # Collective test concluded: sendrecv_perf
0: #
0: 
0: 
0: ##### pass 4/20  pair g0-g1  sendrecv_perf
0: # nccl-tests version 2.17.8 nccl-headers=22903 nccl-library=22903
0: # Collective test starting: sendrecv_perf
0: # nThread 1 nGpus 2 minBytes 8388608 maxBytes 268435456 step: 2(factor) warmup iters: 5 iters: 20 agg iters: 1 validation: 1 graph: 0
0: #
0: # Using devices
0: #  Rank  0 Group  0 Pid 242672 on  nid006887 device  0 [0009:01:00] NVIDIA GH200 120GB
0: #  Rank  1 Group  0 Pid 242672 on  nid006887 device  1 [0019:01:00] NVIDIA GH200 120GB
0: #
0: #                                                              out-of-place                       in-place          
0: #       size         count      type   redop    root     time   algbw   busbw  #wrong     time   algbw   busbw  #wrong 
0: #        (B)    (elements)                               (us)  (GB/s)  (GB/s)             (us)  (GB/s)  (GB/s)         
0:      8388608       2097152     float     sum      -1   119.01   70.49   70.49       0   117.83   71.19   71.19    N/A
0:     16777216       4194304     float     sum      -1   220.06   76.24   76.24       0   218.29   76.86   76.86    N/A
0:     33554432       8388608     float     sum      -1   420.01   79.89   79.89       0   421.49   79.61   79.61    N/A
0:     67108864      16777216     float     sum      -1   810.18   82.83   82.83       0   823.59   81.48   81.48    N/A
0:    134217728      33554432     float     sum      -1  1120.31  119.80  119.80       0  1120.98  119.73  119.73    N/A
0:    268435456      67108864     float     sum      -1  2201.20  121.95  121.95       0  2199.73  122.03  122.03    N/A
0: # Out of bounds values : 0 OK
0: # Avg bus bandwidth    : 91.8426 
0: #
0: # Collective test concluded: sendrecv_perf
0: #
0: 
0: 
0: ##### pass 4/20  pair g0-g2  sendrecv_perf
0: # nccl-tests version 2.17.8 nccl-headers=22903 nccl-library=22903
0: # Collective test starting: sendrecv_perf
0: # nThread 1 nGpus 2 minBytes 8388608 maxBytes 268435456 step: 2(factor) warmup iters: 5 iters: 20 agg iters: 1 validation: 1 graph: 0
0: #
0: # Using devices
0: #  Rank  0 Group  0 Pid 242707 on  nid006887 device  0 [0009:01:00] NVIDIA GH200 120GB
0: #  Rank  1 Group  0 Pid 242707 on  nid006887 device  1 [0029:01:00] NVIDIA GH200 120GB
0: #
0: #                                                              out-of-place                       in-place          
0: #       size         count      type   redop    root     time   algbw   busbw  #wrong     time   algbw   busbw  #wrong 
0: #        (B)    (elements)                               (us)  (GB/s)  (GB/s)             (us)  (GB/s)  (GB/s)         
0:      8388608       2097152     float     sum      -1   115.08   72.90   72.90       0   115.26   72.78   72.78    N/A
0:     16777216       4194304     float     sum      -1   218.79   76.68   76.68       0   220.52   76.08   76.08    N/A
0:     33554432       8388608     float     sum      -1   419.66   79.96   79.96       0   419.89   79.91   79.91    N/A
0:     67108864      16777216     float     sum      -1   810.18   82.83   82.83       0   819.39   81.90   81.90    N/A
0:    134217728      33554432     float     sum      -1  1125.49  119.25  119.25       0  1125.11  119.29  119.29    N/A
0:    268435456      67108864     float     sum      -1  2208.83  121.53  121.53       0  2205.47  121.71  121.71    N/A
0: # Out of bounds values : 0 OK
0: # Avg bus bandwidth    : 92.0686 
0: #
0: # Collective test concluded: sendrecv_perf
0: #
0: 
0: 
0: ##### pass 4/20  pair g0-g3  sendrecv_perf
0: # nccl-tests version 2.17.8 nccl-headers=22903 nccl-library=22903
0: # Collective test starting: sendrecv_perf
0: # nThread 1 nGpus 2 minBytes 8388608 maxBytes 268435456 step: 2(factor) warmup iters: 5 iters: 20 agg iters: 1 validation: 1 graph: 0
0: #
0: # Using devices
0: #  Rank  0 Group  0 Pid 242745 on  nid006887 device  0 [0009:01:00] NVIDIA GH200 120GB
0: #  Rank  1 Group  0 Pid 242745 on  nid006887 device  1 [0039:01:00] NVIDIA GH200 120GB
0: #
0: #                                                              out-of-place                       in-place          
0: #       size         count      type   redop    root     time   algbw   busbw  #wrong     time   algbw   busbw  #wrong 
0: #        (B)    (elements)                               (us)  (GB/s)  (GB/s)             (us)  (GB/s)  (GB/s)         
0:      8388608       2097152     float     sum      -1   118.26   70.93   70.93       0   115.01   72.94   72.94    N/A
0:     16777216       4194304     float     sum      -1   218.96   76.62   76.62       0   218.17   76.90   76.90    N/A
0:     33554432       8388608     float     sum      -1   420.60   79.78   79.78       0   421.13   79.68   79.68    N/A
0:     67108864      16777216     float     sum      -1   810.45   82.80   82.80       0   823.65   81.48   81.48    N/A
0:    134217728      33554432     float     sum      -1  1125.01  119.30  119.30       0  1122.74  119.55  119.55    N/A
0:    268435456      67108864     float     sum      -1  2211.19  121.40  121.40       0  2208.21  121.56  121.56    N/A
0: # Out of bounds values : 0 OK
0: # Avg bus bandwidth    : 91.9115 
0: #
0: # Collective test concluded: sendrecv_perf
0: #
0: 
0: 
0: ##### pass 4/20  pair g1-g2  sendrecv_perf
0: # nccl-tests version 2.17.8 nccl-headers=22903 nccl-library=22903
0: # Collective test starting: sendrecv_perf
0: # nThread 1 nGpus 2 minBytes 8388608 maxBytes 268435456 step: 2(factor) warmup iters: 5 iters: 20 agg iters: 1 validation: 1 graph: 0
0: #
0: # Using devices
0: #  Rank  0 Group  0 Pid 242781 on  nid006887 device  0 [0019:01:00] NVIDIA GH200 120GB
0: #  Rank  1 Group  0 Pid 242781 on  nid006887 device  1 [0029:01:00] NVIDIA GH200 120GB
0: #
0: #                                                              out-of-place                       in-place          
0: #       size         count      type   redop    root     time   algbw   busbw  #wrong     time   algbw   busbw  #wrong 
0: #        (B)    (elements)                               (us)  (GB/s)  (GB/s)             (us)  (GB/s)  (GB/s)         
0:      8388608       2097152     float     sum      -1   120.08   69.86   69.86       0   115.74   72.48   72.48    N/A
0:     16777216       4194304     float     sum      -1   219.25   76.52   76.52       0   221.67   75.69   75.69    N/A
0:     33554432       8388608     float     sum      -1   419.93   79.90   79.90       0   421.11   79.68   79.68    N/A
0:     67108864      16777216     float     sum      -1   813.72   82.47   82.47       0   818.97   81.94   81.94    N/A
0:    134217728      33554432     float     sum      -1  1123.97  119.41  119.41       0  1119.85  119.85  119.85    N/A
0:    268435456      67108864     float     sum      -1  2198.02  122.13  122.13       0  2212.17  121.34  121.34    N/A
0: # Out of bounds values : 0 OK
0: # Avg bus bandwidth    : 91.7734 
0: #
0: # Collective test concluded: sendrecv_perf
0: #
0: 
0: 
0: ##### pass 4/20  pair g1-g3  sendrecv_perf
0: # nccl-tests version 2.17.8 nccl-headers=22903 nccl-library=22903
0: # Collective test starting: sendrecv_perf
0: # nThread 1 nGpus 2 minBytes 8388608 maxBytes 268435456 step: 2(factor) warmup iters: 5 iters: 20 agg iters: 1 validation: 1 graph: 0
0: #
0: # Using devices
0: #  Rank  0 Group  0 Pid 242847 on  nid006887 device  0 [0019:01:00] NVIDIA GH200 120GB
0: #  Rank  1 Group  0 Pid 242847 on  nid006887 device  1 [0039:01:00] NVIDIA GH200 120GB
0: #
0: #                                                              out-of-place                       in-place          
0: #       size         count      type   redop    root     time   algbw   busbw  #wrong     time   algbw   busbw  #wrong 
0: #        (B)    (elements)                               (us)  (GB/s)  (GB/s)             (us)  (GB/s)  (GB/s)         
0:      8388608       2097152     float     sum      -1   119.80   70.02   70.02       0   115.12   72.87   72.87    N/A
0:     16777216       4194304     float     sum      -1   217.21   77.24   77.24       0   217.14   77.26   77.26    N/A
0:     33554432       8388608     float     sum      -1   422.35   79.45   79.45       0   422.44   79.43   79.43    N/A
0:     67108864      16777216     float     sum      -1   811.60   82.69   82.69       0   825.35   81.31   81.31    N/A
0:    134217728      33554432     float     sum      -1  1119.82  119.86  119.86       0  1119.15  119.93  119.93    N/A
0:    268435456      67108864     float     sum      -1  2210.27  121.45  121.45       0  2206.25  121.67  121.67    N/A
0: # Out of bounds values : 0 OK
0: # Avg bus bandwidth    : 91.9308 
0: #
0: # Collective test concluded: sendrecv_perf
0: #
0: 
0: 
0: ##### pass 4/20  pair g2-g3  sendrecv_perf
0: # nccl-tests version 2.17.8 nccl-headers=22903 nccl-library=22903
0: # Collective test starting: sendrecv_perf
0: # nThread 1 nGpus 2 minBytes 8388608 maxBytes 268435456 step: 2(factor) warmup iters: 5 iters: 20 agg iters: 1 validation: 1 graph: 0
0: #
0: # Using devices
0: #  Rank  0 Group  0 Pid 242897 on  nid006887 device  0 [0029:01:00] NVIDIA GH200 120GB
0: #  Rank  1 Group  0 Pid 242897 on  nid006887 device  1 [0039:01:00] NVIDIA GH200 120GB
0: #
0: #                                                              out-of-place                       in-place          
0: #       size         count      type   redop    root     time   algbw   busbw  #wrong     time   algbw   busbw  #wrong 
0: #        (B)    (elements)                               (us)  (GB/s)  (GB/s)             (us)  (GB/s)  (GB/s)         
0:      8388608       2097152     float     sum      -1   115.96   72.34   72.34       0   115.29   72.76   72.76    N/A
0:     16777216       4194304     float     sum      -1   217.36   77.19   77.19       0   219.32   76.50   76.50    N/A
0:     33554432       8388608     float     sum      -1   419.10   80.06   80.06       0   422.33   79.45   79.45    N/A
0:     67108864      16777216     float     sum      -1   808.37   83.02   83.02       0   822.56   81.59   81.59    N/A
0:    134217728      33554432     float     sum      -1  1119.35  119.91  119.91       0  1119.78  119.86  119.86    N/A
0:    268435456      67108864     float     sum      -1  2207.77  121.59  121.59       0  2207.85  121.58  121.58    N/A
0: # Out of bounds values : 0 OK
0: # Avg bus bandwidth    : 92.1527 
0: #
0: # Collective test concluded: sendrecv_perf
0: #
0: 
0: 
0: ##### pass 5/20  pair g0-g1  sendrecv_perf
0: # nccl-tests version 2.17.8 nccl-headers=22903 nccl-library=22903
0: # Collective test starting: sendrecv_perf
0: # nThread 1 nGpus 2 minBytes 8388608 maxBytes 268435456 step: 2(factor) warmup iters: 5 iters: 20 agg iters: 1 validation: 1 graph: 0
0: #
0: # Using devices
0: #  Rank  0 Group  0 Pid 242933 on  nid006887 device  0 [0009:01:00] NVIDIA GH200 120GB
0: #  Rank  1 Group  0 Pid 242933 on  nid006887 device  1 [0019:01:00] NVIDIA GH200 120GB
0: #
0: #                                                              out-of-place                       in-place          
0: #       size         count      type   redop    root     time   algbw   busbw  #wrong     time   algbw   busbw  #wrong 
0: #        (B)    (elements)                               (us)  (GB/s)  (GB/s)             (us)  (GB/s)  (GB/s)         
0:      8388608       2097152     float     sum      -1   115.29   72.76   72.76       0   114.91   73.00   73.00    N/A
0:     16777216       4194304     float     sum      -1   219.90   76.29   76.29       0   221.00   75.91   75.91    N/A
0:     33554432       8388608     float     sum      -1   420.66   79.77   79.77       0   421.28   79.65   79.65    N/A
0:     67108864      16777216     float     sum      -1   810.49   82.80   82.80       0   818.80   81.96   81.96    N/A
0:    134217728      33554432     float     sum      -1  1119.45  119.90  119.90       0  1122.47  119.57  119.57    N/A
0:    268435456      67108864     float     sum      -1  2207.06  121.63  121.63       0  2209.12  121.51  121.51    N/A
0: # Out of bounds values : 0 OK
0: # Avg bus bandwidth    : 92.0626 
0: #
0: # Collective test concluded: sendrecv_perf
0: #
0: 
0: 
0: ##### pass 5/20  pair g0-g2  sendrecv_perf
0: # nccl-tests version 2.17.8 nccl-headers=22903 nccl-library=22903
0: # Collective test starting: sendrecv_perf
0: # nThread 1 nGpus 2 minBytes 8388608 maxBytes 268435456 step: 2(factor) warmup iters: 5 iters: 20 agg iters: 1 validation: 1 graph: 0
0: #
0: # Using devices
0: #  Rank  0 Group  0 Pid 242971 on  nid006887 device  0 [0009:01:00] NVIDIA GH200 120GB
0: #  Rank  1 Group  0 Pid 242971 on  nid006887 device  1 [0029:01:00] NVIDIA GH200 120GB
0: #
0: #                                                              out-of-place                       in-place          
0: #       size         count      type   redop    root     time   algbw   busbw  #wrong     time   algbw   busbw  #wrong 
0: #        (B)    (elements)                               (us)  (GB/s)  (GB/s)             (us)  (GB/s)  (GB/s)         
0:      8388608       2097152     float     sum      -1   115.73   72.48   72.48       0   115.33   72.74   72.74    N/A
0:     16777216       4194304     float     sum      -1   221.19   75.85   75.85       0   218.95   76.63   76.63    N/A
0:     33554432       8388608     float     sum      -1   422.06   79.50   79.50       0   421.95   79.52   79.52    N/A
0:     67108864      16777216     float     sum      -1   811.96   82.65   82.65       0   819.63   81.88   81.88    N/A
0:    134217728      33554432     float     sum      -1  1119.12  119.93  119.93       0  1118.83  119.96  119.96    N/A
0:    268435456      67108864     float     sum      -1  2202.49  121.88  121.88       0  2210.02  121.46  121.46    N/A
0: # Out of bounds values : 0 OK
0: # Avg bus bandwidth    : 92.0401 
0: #
0: # Collective test concluded: sendrecv_perf
0: #
0: 
0: 
0: ##### pass 5/20  pair g0-g3  sendrecv_perf
0: # nccl-tests version 2.17.8 nccl-headers=22903 nccl-library=22903
0: # Collective test starting: sendrecv_perf
0: # nThread 1 nGpus 2 minBytes 8388608 maxBytes 268435456 step: 2(factor) warmup iters: 5 iters: 20 agg iters: 1 validation: 1 graph: 0
0: #
0: # Using devices
0: #  Rank  0 Group  0 Pid 243007 on  nid006887 device  0 [0009:01:00] NVIDIA GH200 120GB
0: #  Rank  1 Group  0 Pid 243007 on  nid006887 device  1 [0039:01:00] NVIDIA GH200 120GB
0: #
0: #                                                              out-of-place                       in-place          
0: #       size         count      type   redop    root     time   algbw   busbw  #wrong     time   algbw   busbw  #wrong 
0: #        (B)    (elements)                               (us)  (GB/s)  (GB/s)             (us)  (GB/s)  (GB/s)         
0:      8388608       2097152     float     sum      -1   116.37   72.08   72.08       0   116.26   72.15   72.15    N/A
0:     16777216       4194304     float     sum      -1   222.87   75.28   75.28       0   222.37   75.45   75.45    N/A
0:     33554432       8388608     float     sum      -1   421.46   79.62   79.62       0   423.07   79.31   79.31    N/A
0:     67108864      16777216     float     sum      -1   814.95   82.35   82.35       0   823.78   81.46   81.46    N/A
0:    134217728      33554432     float     sum      -1  1122.80  119.54  119.54       0  1124.97  119.31  119.31    N/A
0:    268435456      67108864     float     sum      -1  2205.22  121.73  121.73       0  2211.77  121.37  121.37    N/A
0: # Out of bounds values : 0 OK
0: # Avg bus bandwidth    : 91.637 
0: #
0: # Collective test concluded: sendrecv_perf
0: #
0: 
0: 
0: ##### pass 5/20  pair g1-g2  sendrecv_perf
0: # nccl-tests version 2.17.8 nccl-headers=22903 nccl-library=22903
0: # Collective test starting: sendrecv_perf
0: # nThread 1 nGpus 2 minBytes 8388608 maxBytes 268435456 step: 2(factor) warmup iters: 5 iters: 20 agg iters: 1 validation: 1 graph: 0
0: #
0: # Using devices
0: #  Rank  0 Group  0 Pid 243047 on  nid006887 device  0 [0019:01:00] NVIDIA GH200 120GB
0: #  Rank  1 Group  0 Pid 243047 on  nid006887 device  1 [0029:01:00] NVIDIA GH200 120GB
0: #
0: #                                                              out-of-place                       in-place          
0: #       size         count      type   redop    root     time   algbw   busbw  #wrong     time   algbw   busbw  #wrong 
0: #        (B)    (elements)                               (us)  (GB/s)  (GB/s)             (us)  (GB/s)  (GB/s)         
0:      8388608       2097152     float     sum      -1   115.54   72.60   72.60       0   116.60   71.95   71.95    N/A
0:     16777216       4194304     float     sum      -1   220.66   76.03   76.03       0   221.27   75.82   75.82    N/A
0:     33554432       8388608     float     sum      -1   422.89   79.35   79.35       0   420.21   79.85   79.85    N/A
0:     67108864      16777216     float     sum      -1   810.04   82.85   82.85       0   822.99   81.54   81.54    N/A
0:    134217728      33554432     float     sum      -1  1128.87  118.90  118.90       0  1120.46  119.79  119.79    N/A
0:    268435456      67108864     float     sum      -1  2200.15  122.01  122.01       0  2201.67  121.92  121.92    N/A
0: # Out of bounds values : 0 OK
0: # Avg bus bandwidth    : 91.8839 
0: #
0: # Collective test concluded: sendrecv_perf
0: #
0: 
0: 
0: ##### pass 5/20  pair g1-g3  sendrecv_perf
0: # nccl-tests version 2.17.8 nccl-headers=22903 nccl-library=22903
0: # Collective test starting: sendrecv_perf
0: # nThread 1 nGpus 2 minBytes 8388608 maxBytes 268435456 step: 2(factor) warmup iters: 5 iters: 20 agg iters: 1 validation: 1 graph: 0
0: #
0: # Using devices
0: #  Rank  0 Group  0 Pid 243103 on  nid006887 device  0 [0019:01:00] NVIDIA GH200 120GB
0: #  Rank  1 Group  0 Pid 243103 on  nid006887 device  1 [0039:01:00] NVIDIA GH200 120GB
0: #
0: #                                                              out-of-place                       in-place          
0: #       size         count      type   redop    root     time   algbw   busbw  #wrong     time   algbw   busbw  #wrong 
0: #        (B)    (elements)                               (us)  (GB/s)  (GB/s)             (us)  (GB/s)  (GB/s)         
0:      8388608       2097152     float     sum      -1   117.79   71.22   71.22       0   114.95   72.98   72.98    N/A
0:     16777216       4194304     float     sum      -1   221.06   75.89   75.89       0   221.89   75.61   75.61    N/A
0:     33554432       8388608     float     sum      -1   420.00   79.89   79.89       0   421.49   79.61   79.61    N/A
0:     67108864      16777216     float     sum      -1   812.06   82.64   82.64       0   818.55   81.99   81.99    N/A
0:    134217728      33554432     float     sum      -1  1133.05  118.46  118.46       0  1116.61  120.20  120.20    N/A
0:    268435456      67108864     float     sum      -1  2208.80  121.53  121.53       0  2204.68  121.76  121.76    N/A
0: # Out of bounds values : 0 OK
0: # Avg bus bandwidth    : 91.8143 
0: #
0: # Collective test concluded: sendrecv_perf
0: #
0: 
0: 
0: ##### pass 5/20  pair g2-g3  sendrecv_perf
0: # nccl-tests version 2.17.8 nccl-headers=22903 nccl-library=22903
0: # Collective test starting: sendrecv_perf
0: # nThread 1 nGpus 2 minBytes 8388608 maxBytes 268435456 step: 2(factor) warmup iters: 5 iters: 20 agg iters: 1 validation: 1 graph: 0
0: #
0: # Using devices
0: #  Rank  0 Group  0 Pid 243144 on  nid006887 device  0 [0029:01:00] NVIDIA GH200 120GB
0: #  Rank  1 Group  0 Pid 243144 on  nid006887 device  1 [0039:01:00] NVIDIA GH200 120GB
0: #
0: #                                                              out-of-place                       in-place          
0: #       size         count      type   redop    root     time   algbw   busbw  #wrong     time   algbw   busbw  #wrong 
0: #        (B)    (elements)                               (us)  (GB/s)  (GB/s)             (us)  (GB/s)  (GB/s)         
0:      8388608       2097152     float     sum      -1   120.35   69.70   69.70       0   115.19   72.82   72.82    N/A
0:     16777216       4194304     float     sum      -1   220.38   76.13   76.13       0   218.26   76.87   76.87    N/A
0:     33554432       8388608     float     sum      -1   420.39   79.82   79.82       0   423.30   79.27   79.27    N/A
0:     67108864      16777216     float     sum      -1   811.14   82.73   82.73       0   819.61   81.88   81.88    N/A
0:    134217728      33554432     float     sum      -1  1123.26  119.49  119.49       0  1117.59  120.10  120.10    N/A
0:    268435456      67108864     float     sum      -1  2210.15  121.46  121.46       0  2198.48  122.10  122.10    N/A
0: # Out of bounds values : 0 OK
0: # Avg bus bandwidth    : 91.8637 
0: #
0: # Collective test concluded: sendrecv_perf
0: #
0: 
0: 
0: ##### pass 6/20  pair g0-g1  sendrecv_perf
0: # nccl-tests version 2.17.8 nccl-headers=22903 nccl-library=22903
0: # Collective test starting: sendrecv_perf
0: # nThread 1 nGpus 2 minBytes 8388608 maxBytes 268435456 step: 2(factor) warmup iters: 5 iters: 20 agg iters: 1 validation: 1 graph: 0
0: #
0: # Using devices
0: #  Rank  0 Group  0 Pid 243179 on  nid006887 device  0 [0009:01:00] NVIDIA GH200 120GB
0: #  Rank  1 Group  0 Pid 243179 on  nid006887 device  1 [0019:01:00] NVIDIA GH200 120GB
0: #
0: #                                                              out-of-place                       in-place          
0: #       size         count      type   redop    root     time   algbw   busbw  #wrong     time   algbw   busbw  #wrong 
0: #        (B)    (elements)                               (us)  (GB/s)  (GB/s)             (us)  (GB/s)  (GB/s)         
0:      8388608       2097152     float     sum      -1   118.98   70.50   70.50       0   119.41   70.25   70.25    N/A
0:     16777216       4194304     float     sum      -1   218.82   76.67   76.67       0   219.49   76.44   76.44    N/A
0:     33554432       8388608     float     sum      -1   417.39   80.39   80.39       0   421.70   79.57   79.57    N/A
0:     67108864      16777216     float     sum      -1   811.95   82.65   82.65       0   817.44   82.10   82.10    N/A
0:    134217728      33554432     float     sum      -1  1129.71  118.81  118.81       0  1122.56  119.56  119.56    N/A
0:    268435456      67108864     float     sum      -1  2209.17  121.51  121.51       0  2209.70  121.48  121.48    N/A
0: # Out of bounds values : 0 OK
0: # Avg bus bandwidth    : 91.6606 
0: #
0: # Collective test concluded: sendrecv_perf
0: #
0: 
0: 
0: ##### pass 6/20  pair g0-g2  sendrecv_perf
0: # nccl-tests version 2.17.8 nccl-headers=22903 nccl-library=22903
0: # Collective test starting: sendrecv_perf
0: # nThread 1 nGpus 2 minBytes 8388608 maxBytes 268435456 step: 2(factor) warmup iters: 5 iters: 20 agg iters: 1 validation: 1 graph: 0
0: #
0: # Using devices
0: #  Rank  0 Group  0 Pid 243218 on  nid006887 device  0 [0009:01:00] NVIDIA GH200 120GB
0: #  Rank  1 Group  0 Pid 243218 on  nid006887 device  1 [0029:01:00] NVIDIA GH200 120GB
0: #
0: #                                                              out-of-place                       in-place          
0: #       size         count      type   redop    root     time   algbw   busbw  #wrong     time   algbw   busbw  #wrong 
0: #        (B)    (elements)                               (us)  (GB/s)  (GB/s)             (us)  (GB/s)  (GB/s)         
0:      8388608       2097152     float     sum      -1   115.49   72.63   72.63       0   114.90   73.01   73.01    N/A
0:     16777216       4194304     float     sum      -1   221.97   75.58   75.58       0   220.21   76.19   76.19    N/A
0:     33554432       8388608     float     sum      -1   420.58   79.78   79.78       0   422.99   79.33   79.33    N/A
0:     67108864      16777216     float     sum      -1   807.36   83.12   83.12       0   814.07   82.44   82.44    N/A
0:    134217728      33554432     float     sum      -1  1125.35  119.27  119.27       0  1118.83  119.96  119.96    N/A
0:    268435456      67108864     float     sum      -1  2203.64  121.81  121.81       0  2199.10  122.07  122.07    N/A
0: # Out of bounds values : 0 OK
0: # Avg bus bandwidth    : 92.0989 
0: #
0: # Collective test concluded: sendrecv_perf
0: #
0: 
0: 
0: ##### pass 6/20  pair g0-g3  sendrecv_perf
0: # nccl-tests version 2.17.8 nccl-headers=22903 nccl-library=22903
0: # Collective test starting: sendrecv_perf
0: # nThread 1 nGpus 2 minBytes 8388608 maxBytes 268435456 step: 2(factor) warmup iters: 5 iters: 20 agg iters: 1 validation: 1 graph: 0
0: #
0: # Using devices
0: #  Rank  0 Group  0 Pid 243253 on  nid006887 device  0 [0009:01:00] NVIDIA GH200 120GB
0: #  Rank  1 Group  0 Pid 243253 on  nid006887 device  1 [0039:01:00] NVIDIA GH200 120GB
0: #
0: #                                                              out-of-place                       in-place          
0: #       size         count      type   redop    root     time   algbw   busbw  #wrong     time   algbw   busbw  #wrong 
0: #        (B)    (elements)                               (us)  (GB/s)  (GB/s)             (us)  (GB/s)  (GB/s)         
0:      8388608       2097152     float     sum      -1   115.71   72.49   72.49       0   119.38   70.27   70.27    N/A
0:     16777216       4194304     float     sum      -1   220.58   76.06   76.06       0   216.70   77.42   77.42    N/A
0:     33554432       8388608     float     sum      -1   419.94   79.90   79.90       0   422.32   79.45   79.45    N/A
0:     67108864      16777216     float     sum      -1   812.54   82.59   82.59       0   817.88   82.05   82.05    N/A
0:    134217728      33554432     float     sum      -1  1129.86  118.79  118.79       0  1120.27  119.81  119.81    N/A
0:    268435456      67108864     float     sum      -1  2204.07  121.79  121.79       0  2216.39  121.11  121.11    N/A
0: # Out of bounds values : 0 OK
0: # Avg bus bandwidth    : 91.8123 
0: #
0: # Collective test concluded: sendrecv_perf
0: #
0: 
0: 
0: ##### pass 6/20  pair g1-g2  sendrecv_perf
0: # nccl-tests version 2.17.8 nccl-headers=22903 nccl-library=22903
0: # Collective test starting: sendrecv_perf
0: # nThread 1 nGpus 2 minBytes 8388608 maxBytes 268435456 step: 2(factor) warmup iters: 5 iters: 20 agg iters: 1 validation: 1 graph: 0
0: #
0: # Using devices
0: #  Rank  0 Group  0 Pid 243292 on  nid006887 device  0 [0019:01:00] NVIDIA GH200 120GB
0: #  Rank  1 Group  0 Pid 243292 on  nid006887 device  1 [0029:01:00] NVIDIA GH200 120GB
0: #
0: #                                                              out-of-place                       in-place          
0: #       size         count      type   redop    root     time   algbw   busbw  #wrong     time   algbw   busbw  #wrong 
0: #        (B)    (elements)                               (us)  (GB/s)  (GB/s)             (us)  (GB/s)  (GB/s)         
0:      8388608       2097152     float     sum      -1   116.06   72.28   72.28       0   115.65   72.53   72.53    N/A
0:     16777216       4194304     float     sum      -1   217.81   77.03   77.03       0   222.05   75.56   75.56    N/A
0:     33554432       8388608     float     sum      -1   423.25   79.28   79.28       0   422.16   79.48   79.48    N/A
0:     67108864      16777216     float     sum      -1   811.69   82.68   82.68       0   825.78   81.27   81.27    N/A
0:    134217728      33554432     float     sum      -1  1125.29  119.27  119.27       0  1123.98  119.41  119.41    N/A
0:    268435456      67108864     float     sum      -1  2207.45  121.60  121.60       0  2210.33  121.45  121.45    N/A
0: # Out of bounds values : 0 OK
0: # Avg bus bandwidth    : 91.8197 
0: #
0: # Collective test concluded: sendrecv_perf
0: #
0: 
0: 
0: ##### pass 6/20  pair g1-g3  sendrecv_perf
0: # nccl-tests version 2.17.8 nccl-headers=22903 nccl-library=22903
0: # Collective test starting: sendrecv_perf
0: # nThread 1 nGpus 2 minBytes 8388608 maxBytes 268435456 step: 2(factor) warmup iters: 5 iters: 20 agg iters: 1 validation: 1 graph: 0
0: #
0: # Using devices
0: #  Rank  0 Group  0 Pid 243328 on  nid006887 device  0 [0019:01:00] NVIDIA GH200 120GB
0: #  Rank  1 Group  0 Pid 243328 on  nid006887 device  1 [0039:01:00] NVIDIA GH200 120GB
0: #
0: #                                                              out-of-place                       in-place          
0: #       size         count      type   redop    root     time   algbw   busbw  #wrong     time   algbw   busbw  #wrong 
0: #        (B)    (elements)                               (us)  (GB/s)  (GB/s)             (us)  (GB/s)  (GB/s)         
0:      8388608       2097152     float     sum      -1   116.48   72.02   72.02       0   115.43   72.67   72.67    N/A
0:     16777216       4194304     float     sum      -1   217.08   77.29   77.29       0   219.60   76.40   76.40    N/A
0:     33554432       8388608     float     sum      -1   421.77   79.56   79.56       0   423.89   79.16   79.16    N/A
0:     67108864      16777216     float     sum      -1   814.42   82.40   82.40       0   816.68   82.17   82.17    N/A
0:    134217728      33554432     float     sum      -1  1120.55  119.78  119.78       0  1125.65  119.24  119.24    N/A
0:    268435456      67108864     float     sum      -1  2210.12  121.46  121.46       0  2213.37  121.28  121.28    N/A
0: # Out of bounds values : 0 OK
0: # Avg bus bandwidth    : 91.9513 
0: #
0: # Collective test concluded: sendrecv_perf
0: #
0: 
0: 
0: ##### pass 6/20  pair g2-g3  sendrecv_perf
0: # nccl-tests version 2.17.8 nccl-headers=22903 nccl-library=22903
0: # Collective test starting: sendrecv_perf
0: # nThread 1 nGpus 2 minBytes 8388608 maxBytes 268435456 step: 2(factor) warmup iters: 5 iters: 20 agg iters: 1 validation: 1 graph: 0
0: #
0: # Using devices
0: #  Rank  0 Group  0 Pid 243387 on  nid006887 device  0 [0029:01:00] NVIDIA GH200 120GB
0: #  Rank  1 Group  0 Pid 243387 on  nid006887 device  1 [0039:01:00] NVIDIA GH200 120GB
0: #
0: #                                                              out-of-place                       in-place          
0: #       size         count      type   redop    root     time   algbw   busbw  #wrong     time   algbw   busbw  #wrong 
0: #        (B)    (elements)                               (us)  (GB/s)  (GB/s)             (us)  (GB/s)  (GB/s)         
0:      8388608       2097152     float     sum      -1   117.97   71.11   71.11       0   115.31   72.75   72.75    N/A
0:     16777216       4194304     float     sum      -1   222.44   75.42   75.42       0   222.07   75.55   75.55    N/A
0:     33554432       8388608     float     sum      -1   423.16   79.29   79.29       0   420.95   79.71   79.71    N/A
0:     67108864      16777216     float     sum      -1   811.24   82.72   82.72       0   817.83   82.06   82.06    N/A
0:    134217728      33554432     float     sum      -1  1121.82  119.64  119.64       0  1120.54  119.78  119.78    N/A
0:    268435456      67108864     float     sum      -1  2210.13  121.46  121.46       0  2201.25  121.95  121.95    N/A
0: # Out of bounds values : 0 OK
0: # Avg bus bandwidth    : 91.7863 
0: #
0: # Collective test concluded: sendrecv_perf
0: #
0: 
0: 
0: ##### pass 7/20  pair g0-g1  sendrecv_perf
0: # nccl-tests version 2.17.8 nccl-headers=22903 nccl-library=22903
0: # Collective test starting: sendrecv_perf
0: # nThread 1 nGpus 2 minBytes 8388608 maxBytes 268435456 step: 2(factor) warmup iters: 5 iters: 20 agg iters: 1 validation: 1 graph: 0
0: #
0: # Using devices
0: #  Rank  0 Group  0 Pid 243425 on  nid006887 device  0 [0009:01:00] NVIDIA GH200 120GB
0: #  Rank  1 Group  0 Pid 243425 on  nid006887 device  1 [0019:01:00] NVIDIA GH200 120GB
0: #
0: #                                                              out-of-place                       in-place          
0: #       size         count      type   redop    root     time   algbw   busbw  #wrong     time   algbw   busbw  #wrong 
0: #        (B)    (elements)                               (us)  (GB/s)  (GB/s)             (us)  (GB/s)  (GB/s)         
0:      8388608       2097152     float     sum      -1   120.08   69.86   69.86       0   120.10   69.85   69.85    N/A
0:     16777216       4194304     float     sum      -1   222.20   75.50   75.50       0   216.91   77.35   77.35    N/A
0:     33554432       8388608     float     sum      -1   422.31   79.45   79.45       0   422.72   79.38   79.38    N/A
0:     67108864      16777216     float     sum      -1   819.88   81.85   81.85       0   823.42   81.50   81.50    N/A
0:    134217728      33554432     float     sum      -1  1123.27  119.49  119.49       0  1126.01  119.20  119.20    N/A
0:    268435456      67108864     float     sum      -1  2208.74  121.53  121.53       0  2211.11  121.40  121.40    N/A
0: # Out of bounds values : 0 OK
0: # Avg bus bandwidth    : 91.3635 
0: #
0: # Collective test concluded: sendrecv_perf
0: #
0: 
0: 
0: ##### pass 7/20  pair g0-g2  sendrecv_perf
0: # nccl-tests version 2.17.8 nccl-headers=22903 nccl-library=22903
0: # Collective test starting: sendrecv_perf
0: # nThread 1 nGpus 2 minBytes 8388608 maxBytes 268435456 step: 2(factor) warmup iters: 5 iters: 20 agg iters: 1 validation: 1 graph: 0
0: #
0: # Using devices
0: #  Rank  0 Group  0 Pid 243463 on  nid006887 device  0 [0009:01:00] NVIDIA GH200 120GB
0: #  Rank  1 Group  0 Pid 243463 on  nid006887 device  1 [0029:01:00] NVIDIA GH200 120GB
0: #
0: #                                                              out-of-place                       in-place          
0: #       size         count      type   redop    root     time   algbw   busbw  #wrong     time   algbw   busbw  #wrong 
0: #        (B)    (elements)                               (us)  (GB/s)  (GB/s)             (us)  (GB/s)  (GB/s)         
0:      8388608       2097152     float     sum      -1   115.59   72.57   72.57       0   115.23   72.80   72.80    N/A
0:     16777216       4194304     float     sum      -1   221.57   75.72   75.72       0   221.80   75.64   75.64    N/A
0:     33554432       8388608     float     sum      -1   422.30   79.46   79.46       0   422.01   79.51   79.51    N/A
0:     67108864      16777216     float     sum      -1   812.08   82.64   82.64       0   816.26   82.22   82.22    N/A
0:    134217728      33554432     float     sum      -1  1118.23  120.03  120.03       0  1118.59  119.99  119.99    N/A
0:    268435456      67108864     float     sum      -1  2206.48  121.66  121.66       0  2210.07  121.46  121.46    N/A
0: # Out of bounds values : 0 OK
0: # Avg bus bandwidth    : 91.9737 
0: #
0: # Collective test concluded: sendrecv_perf
0: #
0: 
0: 
0: ##### pass 7/20  pair g0-g3  sendrecv_perf
0: # nccl-tests version 2.17.8 nccl-headers=22903 nccl-library=22903
0: # Collective test starting: sendrecv_perf
0: # nThread 1 nGpus 2 minBytes 8388608 maxBytes 268435456 step: 2(factor) warmup iters: 5 iters: 20 agg iters: 1 validation: 1 graph: 0
0: #
0: # Using devices
0: #  Rank  0 Group  0 Pid 243503 on  nid006887 device  0 [0009:01:00] NVIDIA GH200 120GB
0: #  Rank  1 Group  0 Pid 243503 on  nid006887 device  1 [0039:01:00] NVIDIA GH200 120GB
0: #
0: #                                                              out-of-place                       in-place          
0: #       size         count      type   redop    root     time   algbw   busbw  #wrong     time   algbw   busbw  #wrong 
0: #        (B)    (elements)                               (us)  (GB/s)  (GB/s)             (us)  (GB/s)  (GB/s)         
0:      8388608       2097152     float     sum      -1   116.83   71.80   71.80       0   115.13   72.87   72.87    N/A
0:     16777216       4194304     float     sum      -1   219.12   76.56   76.56       0   217.68   77.07   77.07    N/A
0:     33554432       8388608     float     sum      -1   420.24   79.85   79.85       0   422.44   79.43   79.43    N/A
0:     67108864      16777216     float     sum      -1   810.23   82.83   82.83       0   812.92   82.55   82.55    N/A
0:    134217728      33554432     float     sum      -1  1116.72  120.19  120.19       0  1121.51  119.68  119.68    N/A
0:    268435456      67108864     float     sum      -1  2206.57  121.65  121.65       0  2209.47  121.49  121.49    N/A
0: # Out of bounds values : 0 OK
0: # Avg bus bandwidth    : 92.1643 
0: #
0: # Collective test concluded: sendrecv_perf
0: #
0: 
0: 
0: ##### pass 7/20  pair g1-g2  sendrecv_perf
0: # nccl-tests version 2.17.8 nccl-headers=22903 nccl-library=22903
0: # Collective test starting: sendrecv_perf
0: # nThread 1 nGpus 2 minBytes 8388608 maxBytes 268435456 step: 2(factor) warmup iters: 5 iters: 20 agg iters: 1 validation: 1 graph: 0
0: #
0: # Using devices
0: #  Rank  0 Group  0 Pid 243540 on  nid006887 device  0 [0019:01:00] NVIDIA GH200 120GB
0: #  Rank  1 Group  0 Pid 243540 on  nid006887 device  1 [0029:01:00] NVIDIA GH200 120GB
0: #
0: #                                                              out-of-place                       in-place          
0: #       size         count      type   redop    root     time   algbw   busbw  #wrong     time   algbw   busbw  #wrong 
0: #        (B)    (elements)                               (us)  (GB/s)  (GB/s)             (us)  (GB/s)  (GB/s)         
0:      8388608       2097152     float     sum      -1   116.20   72.19   72.19       0   115.90   72.38   72.38    N/A
0:     16777216       4194304     float     sum      -1   220.59   76.06   76.06       0   222.11   75.53   75.53    N/A
0:     33554432       8388608     float     sum      -1   423.01   79.32   79.32       0   421.76   79.56   79.56    N/A
0:     67108864      16777216     float     sum      -1   819.09   81.93   81.93       0   822.83   81.56   81.56    N/A
0:    134217728      33554432     float     sum      -1  1120.95  119.74  119.74       0  1130.46  118.73  118.73    N/A
0:    268435456      67108864     float     sum      -1  2204.26  121.78  121.78       0  2214.43  121.22  121.22    N/A
0: # Out of bounds values : 0 OK
0: # Avg bus bandwidth    : 91.6668 
0: #
0: # Collective test concluded: sendrecv_perf
0: #
0: 
0: 
0: ##### pass 7/20  pair g1-g3  sendrecv_perf
0: # nccl-tests version 2.17.8 nccl-headers=22903 nccl-library=22903
0: # Collective test starting: sendrecv_perf
0: # nThread 1 nGpus 2 minBytes 8388608 maxBytes 268435456 step: 2(factor) warmup iters: 5 iters: 20 agg iters: 1 validation: 1 graph: 0
0: #
0: # Using devices
0: #  Rank  0 Group  0 Pid 243578 on  nid006887 device  0 [0019:01:00] NVIDIA GH200 120GB
0: #  Rank  1 Group  0 Pid 243578 on  nid006887 device  1 [0039:01:00] NVIDIA GH200 120GB
0: #
0: #                                                              out-of-place                       in-place          
0: #       size         count      type   redop    root     time   algbw   busbw  #wrong     time   algbw   busbw  #wrong 
0: #        (B)    (elements)                               (us)  (GB/s)  (GB/s)             (us)  (GB/s)  (GB/s)         
0:      8388608       2097152     float     sum      -1   115.86   72.40   72.40       0   120.86   69.41   69.41    N/A
0:     16777216       4194304     float     sum      -1   222.55   75.39   75.39       0   222.82   75.30   75.30    N/A
0:     33554432       8388608     float     sum      -1   422.77   79.37   79.37       0   423.92   79.15   79.15    N/A
0:     67108864      16777216     float     sum      -1   814.41   82.40   82.40       0   821.30   81.71   81.71    N/A
0:    134217728      33554432     float     sum      -1  1127.77  119.01  119.01       0  1122.46  119.57  119.57    N/A
0:    268435456      67108864     float     sum      -1  2209.28  121.50  121.50       0  2214.42  121.22  121.22    N/A
0: # Out of bounds values : 0 OK
0: # Avg bus bandwidth    : 91.3693 
0: #
0: # Collective test concluded: sendrecv_perf
0: #
0: 
0: 
0: ##### pass 7/20  pair g2-g3  sendrecv_perf
0: # nccl-tests version 2.17.8 nccl-headers=22903 nccl-library=22903
0: # Collective test starting: sendrecv_perf
0: # nThread 1 nGpus 2 minBytes 8388608 maxBytes 268435456 step: 2(factor) warmup iters: 5 iters: 20 agg iters: 1 validation: 1 graph: 0
0: #
0: # Using devices
0: #  Rank  0 Group  0 Pid 243643 on  nid006887 device  0 [0029:01:00] NVIDIA GH200 120GB
0: #  Rank  1 Group  0 Pid 243643 on  nid006887 device  1 [0039:01:00] NVIDIA GH200 120GB
0: #
0: #                                                              out-of-place                       in-place          
0: #       size         count      type   redop    root     time   algbw   busbw  #wrong     time   algbw   busbw  #wrong 
0: #        (B)    (elements)                               (us)  (GB/s)  (GB/s)             (us)  (GB/s)  (GB/s)         
0:      8388608       2097152     float     sum      -1   115.87   72.39   72.39       0   115.43   72.67   72.67    N/A
0:     16777216       4194304     float     sum      -1   220.25   76.17   76.17       0   222.14   75.53   75.53    N/A
0:     33554432       8388608     float     sum      -1   422.22   79.47   79.47       0   422.10   79.49   79.49    N/A
0:     67108864      16777216     float     sum      -1   809.57   82.89   82.89       0   822.98   81.54   81.54    N/A
0:    134217728      33554432     float     sum      -1  1124.77  119.33  119.33       0  1119.02  119.94  119.94    N/A
0:    268435456      67108864     float     sum      -1  2206.92  121.63  121.63       0  2204.50  121.77  121.77    N/A
0: # Out of bounds values : 0 OK
0: # Avg bus bandwidth    : 91.9034 
0: #
0: # Collective test concluded: sendrecv_perf
0: #
0: 
0: 
0: ##### pass 8/20  pair g0-g1  sendrecv_perf
0: # nccl-tests version 2.17.8 nccl-headers=22903 nccl-library=22903
0: # Collective test starting: sendrecv_perf
0: # nThread 1 nGpus 2 minBytes 8388608 maxBytes 268435456 step: 2(factor) warmup iters: 5 iters: 20 agg iters: 1 validation: 1 graph: 0
0: #
0: # Using devices
0: #  Rank  0 Group  0 Pid 243680 on  nid006887 device  0 [0009:01:00] NVIDIA GH200 120GB
0: #  Rank  1 Group  0 Pid 243680 on  nid006887 device  1 [0019:01:00] NVIDIA GH200 120GB
0: #
0: #                                                              out-of-place                       in-place          
0: #       size         count      type   redop    root     time   algbw   busbw  #wrong     time   algbw   busbw  #wrong 
0: #        (B)    (elements)                               (us)  (GB/s)  (GB/s)             (us)  (GB/s)  (GB/s)         
0:      8388608       2097152     float     sum      -1   121.00   69.33   69.33       0   115.79   72.45   72.45    N/A
0:     16777216       4194304     float     sum      -1   222.34   75.46   75.46       0   217.55   77.12   77.12    N/A
0:     33554432       8388608     float     sum      -1   421.31   79.64   79.64       0   424.75   79.00   79.00    N/A
0:     67108864      16777216     float     sum      -1   812.81   82.56   82.56       0   822.13   81.63   81.63    N/A
0:    134217728      33554432     float     sum      -1  1122.99  119.52  119.52       0  1122.70  119.55  119.55    N/A
0:    268435456      67108864     float     sum      -1  2208.53  121.54  121.54       0  2206.51  121.66  121.66    N/A
0: # Out of bounds values : 0 OK
0: # Avg bus bandwidth    : 91.6211 
0: #
0: # Collective test concluded: sendrecv_perf
0: #
0: 
0: 
0: ##### pass 8/20  pair g0-g2  sendrecv_perf
0: # nccl-tests version 2.17.8 nccl-headers=22903 nccl-library=22903
0: # Collective test starting: sendrecv_perf
0: # nThread 1 nGpus 2 minBytes 8388608 maxBytes 268435456 step: 2(factor) warmup iters: 5 iters: 20 agg iters: 1 validation: 1 graph: 0
0: #
0: # Using devices
0: #  Rank  0 Group  0 Pid 243722 on  nid006887 device  0 [0009:01:00] NVIDIA GH200 120GB
0: #  Rank  1 Group  0 Pid 243722 on  nid006887 device  1 [0029:01:00] NVIDIA GH200 120GB
0: #
0: #                                                              out-of-place                       in-place          
0: #       size         count      type   redop    root     time   algbw   busbw  #wrong     time   algbw   busbw  #wrong 
0: #        (B)    (elements)                               (us)  (GB/s)  (GB/s)             (us)  (GB/s)  (GB/s)         
0:      8388608       2097152     float     sum      -1   117.29   71.52   71.52       0   115.15   72.85   72.85    N/A
0:     16777216       4194304     float     sum      -1   217.44   77.16   77.16       0   222.19   75.51   75.51    N/A
0:     33554432       8388608     float     sum      -1   418.69   80.14   80.14       0   422.11   79.49   79.49    N/A
0:     67108864      16777216     float     sum      -1   806.29   83.23   83.23       0   822.34   81.61   81.61    N/A
0:    134217728      33554432     float     sum      -1  1123.21  119.50  119.50       0  1114.55  120.42  120.42    N/A
0:    268435456      67108864     float     sum      -1  2201.17  121.95  121.95       0  2202.39  121.88  121.88    N/A
0: # Out of bounds values : 0 OK
0: # Avg bus bandwidth    : 92.1051 
0: #
0: # Collective test concluded: sendrecv_perf
0: #
0: 
0: 
0: ##### pass 8/20  pair g0-g3  sendrecv_perf
0: # nccl-tests version 2.17.8 nccl-headers=22903 nccl-library=22903
0: # Collective test starting: sendrecv_perf
0: # nThread 1 nGpus 2 minBytes 8388608 maxBytes 268435456 step: 2(factor) warmup iters: 5 iters: 20 agg iters: 1 validation: 1 graph: 0
0: #
0: # Using devices
0: #  Rank  0 Group  0 Pid 243758 on  nid006887 device  0 [0009:01:00] NVIDIA GH200 120GB
0: #  Rank  1 Group  0 Pid 243758 on  nid006887 device  1 [0039:01:00] NVIDIA GH200 120GB
0: #
0: #                                                              out-of-place                       in-place          
0: #       size         count      type   redop    root     time   algbw   busbw  #wrong     time   algbw   busbw  #wrong 
0: #        (B)    (elements)                               (us)  (GB/s)  (GB/s)             (us)  (GB/s)  (GB/s)         
0:      8388608       2097152     float     sum      -1   117.64   71.31   71.31       0   119.55   70.17   70.17    N/A
0:     16777216       4194304     float     sum      -1   220.99   75.92   75.92       0   219.90   76.29   76.29    N/A
0:     33554432       8388608     float     sum      -1   421.33   79.64   79.64       0   420.89   79.72   79.72    N/A
0:     67108864      16777216     float     sum      -1   809.74   82.88   82.88       0   822.53   81.59   81.59    N/A
0:    134217728      33554432     float     sum      -1  1119.39  119.90  119.90       0  1120.57  119.78  119.78    N/A
0:    268435456      67108864     float     sum      -1  2212.56  121.32  121.32       0  2209.31  121.50  121.50    N/A
0: # Out of bounds values : 0 OK
0: # Avg bus bandwidth    : 91.6684 
0: #
0: # Collective test concluded: sendrecv_perf
0: #
0: 
0: 
0: ##### pass 8/20  pair g1-g2  sendrecv_perf
0: # nccl-tests version 2.17.8 nccl-headers=22903 nccl-library=22903
0: # Collective test starting: sendrecv_perf
0: # nThread 1 nGpus 2 minBytes 8388608 maxBytes 268435456 step: 2(factor) warmup iters: 5 iters: 20 agg iters: 1 validation: 1 graph: 0
0: #
0: # Using devices
0: #  Rank  0 Group  0 Pid 243796 on  nid006887 device  0 [0019:01:00] NVIDIA GH200 120GB
0: #  Rank  1 Group  0 Pid 243796 on  nid006887 device  1 [0029:01:00] NVIDIA GH200 120GB
0: #
0: #                                                              out-of-place                       in-place          
0: #       size         count      type   redop    root     time   algbw   busbw  #wrong     time   algbw   busbw  #wrong 
0: #        (B)    (elements)                               (us)  (GB/s)  (GB/s)             (us)  (GB/s)  (GB/s)         
0:      8388608       2097152     float     sum      -1   118.81   70.60   70.60       0   115.68   72.52   72.52    N/A
0:     16777216       4194304     float     sum      -1   236.43   70.96   70.96       0   219.82   76.32   76.32    N/A
0:     33554432       8388608     float     sum      -1   420.82   79.74   79.74       0   421.22   79.66   79.66    N/A
0:     67108864      16777216     float     sum      -1   814.51   82.39   82.39       0   821.26   81.71   81.71    N/A
0:    134217728      33554432     float     sum      -1  1137.65  117.98  117.98       0  1116.29  120.24  120.24    N/A
0:    268435456      67108864     float     sum      -1  2214.22  121.23  121.23       0  2207.79  121.59  121.59    N/A
0: # Out of bounds values : 0 OK
0: # Avg bus bandwidth    : 91.2451 
0: #
0: # Collective test concluded: sendrecv_perf
0: #
0: 
0: 
0: ##### pass 8/20  pair g1-g3  sendrecv_perf
0: # nccl-tests version 2.17.8 nccl-headers=22903 nccl-library=22903
0: # Collective test starting: sendrecv_perf
0: # nThread 1 nGpus 2 minBytes 8388608 maxBytes 268435456 step: 2(factor) warmup iters: 5 iters: 20 agg iters: 1 validation: 1 graph: 0
0: #
0: # Using devices
0: #  Rank  0 Group  0 Pid 243831 on  nid006887 device  0 [0019:01:00] NVIDIA GH200 120GB
0: #  Rank  1 Group  0 Pid 243831 on  nid006887 device  1 [0039:01:00] NVIDIA GH200 120GB
0: #
0: #                                                              out-of-place                       in-place          
0: #       size         count      type   redop    root     time   algbw   busbw  #wrong     time   algbw   busbw  #wrong 
0: #        (B)    (elements)                               (us)  (GB/s)  (GB/s)             (us)  (GB/s)  (GB/s)         
0:      8388608       2097152     float     sum      -1   116.45   72.04   72.04       0   117.48   71.41   71.41    N/A
0:     16777216       4194304     float     sum      -1   220.18   76.20   76.20       0   222.16   75.52   75.52    N/A
0:     33554432       8388608     float     sum      -1   421.99   79.52   79.52       0   420.80   79.74   79.74    N/A
0:     67108864      16777216     float     sum      -1   812.25   82.62   82.62       0   827.36   81.11   81.11    N/A
0:    134217728      33554432     float     sum      -1  1121.60  119.67  119.67       0  1125.77  119.22  119.22    N/A
0:    268435456      67108864     float     sum      -1  2213.90  121.25  121.25       0  2210.29  121.45  121.45    N/A
0: # Out of bounds values : 0 OK
0: # Avg bus bandwidth    : 91.6444 
0: #
0: # Collective test concluded: sendrecv_perf
0: #
0: 
0: 
0: ##### pass 8/20  pair g2-g3  sendrecv_perf
0: # nccl-tests version 2.17.8 nccl-headers=22903 nccl-library=22903
0: # Collective test starting: sendrecv_perf
0: # nThread 1 nGpus 2 minBytes 8388608 maxBytes 268435456 step: 2(factor) warmup iters: 5 iters: 20 agg iters: 1 validation: 1 graph: 0
0: #
0: # Using devices
0: #  Rank  0 Group  0 Pid 243870 on  nid006887 device  0 [0029:01:00] NVIDIA GH200 120GB
0: #  Rank  1 Group  0 Pid 243870 on  nid006887 device  1 [0039:01:00] NVIDIA GH200 120GB
0: #
0: #                                                              out-of-place                       in-place          
0: #       size         count      type   redop    root     time   algbw   busbw  #wrong     time   algbw   busbw  #wrong 
0: #        (B)    (elements)                               (us)  (GB/s)  (GB/s)             (us)  (GB/s)  (GB/s)         
0:      8388608       2097152     float     sum      -1   115.76   72.47   72.47       0   115.30   72.75   72.75    N/A
0:     16777216       4194304     float     sum      -1   219.17   76.55   76.55       0   221.79   75.65   75.65    N/A
0:     33554432       8388608     float     sum      -1   422.01   79.51   79.51       0   419.78   79.93   79.93    N/A
0:     67108864      16777216     float     sum      -1   811.50   82.70   82.70       0   819.09   81.93   81.93    N/A
0:    134217728      33554432     float     sum      -1  1125.66  119.23  119.23       0  1124.60  119.35  119.35    N/A
0:    268435456      67108864     float     sum      -1  2208.69  121.54  121.54       0  2209.26  121.50  121.50    N/A
0: # Out of bounds values : 0 OK
0: # Avg bus bandwidth    : 91.9257 
0: #
0: # Collective test concluded: sendrecv_perf
0: #
0: 
0: 
0: ##### pass 9/20  pair g0-g1  sendrecv_perf
0: # nccl-tests version 2.17.8 nccl-headers=22903 nccl-library=22903
0: # Collective test starting: sendrecv_perf
0: # nThread 1 nGpus 2 minBytes 8388608 maxBytes 268435456 step: 2(factor) warmup iters: 5 iters: 20 agg iters: 1 validation: 1 graph: 0
0: #
0: # Using devices
0: #  Rank  0 Group  0 Pid 243931 on  nid006887 device  0 [0009:01:00] NVIDIA GH200 120GB
0: #  Rank  1 Group  0 Pid 243931 on  nid006887 device  1 [0019:01:00] NVIDIA GH200 120GB
0: #
0: #                                                              out-of-place                       in-place          
0: #       size         count      type   redop    root     time   algbw   busbw  #wrong     time   algbw   busbw  #wrong 
0: #        (B)    (elements)                               (us)  (GB/s)  (GB/s)             (us)  (GB/s)  (GB/s)         
0:      8388608       2097152     float     sum      -1   115.66   72.53   72.53       0   115.04   72.92   72.92    N/A
0:     16777216       4194304     float     sum      -1   218.90   76.64   76.64       0   221.82   75.64   75.64    N/A
0:     33554432       8388608     float     sum      -1   420.84   79.73   79.73       0   424.15   79.11   79.11    N/A
0:     67108864      16777216     float     sum      -1   811.37   82.71   82.71       0   823.95   81.45   81.45    N/A
0:    134217728      33554432     float     sum      -1  1125.65  119.24  119.24       0  1126.38  119.16  119.16    N/A
0:    268435456      67108864     float     sum      -1  2220.18  120.91  120.91       0  2215.50  121.16  121.16    N/A
0: # Out of bounds values : 0 OK
0: # Avg bus bandwidth    : 91.7659 
0: #
0: # Collective test concluded: sendrecv_perf
0: #
0: 
0: 
0: ##### pass 9/20  pair g0-g2  sendrecv_perf
0: # nccl-tests version 2.17.8 nccl-headers=22903 nccl-library=22903
0: # Collective test starting: sendrecv_perf
0: # nThread 1 nGpus 2 minBytes 8388608 maxBytes 268435456 step: 2(factor) warmup iters: 5 iters: 20 agg iters: 1 validation: 1 graph: 0
0: #
0: # Using devices
0: #  Rank  0 Group  0 Pid 243970 on  nid006887 device  0 [0009:01:00] NVIDIA GH200 120GB
0: #  Rank  1 Group  0 Pid 243970 on  nid006887 device  1 [0029:01:00] NVIDIA GH200 120GB
0: #
0: #                                                              out-of-place                       in-place          
0: #       size         count      type   redop    root     time   algbw   busbw  #wrong     time   algbw   busbw  #wrong 
0: #        (B)    (elements)                               (us)  (GB/s)  (GB/s)             (us)  (GB/s)  (GB/s)         
0:      8388608       2097152     float     sum      -1   115.07   72.90   72.90       0   114.94   72.98   72.98    N/A
0:     16777216       4194304     float     sum      -1   219.02   76.60   76.60       0   216.80   77.39   77.39    N/A
0:     33554432       8388608     float     sum      -1   420.39   79.82   79.82       0   422.33   79.45   79.45    N/A
0:     67108864      16777216     float     sum      -1   811.45   82.70   82.70       0   820.19   81.82   81.82    N/A
0:    134217728      33554432     float     sum      -1  1121.25  119.70  119.70       0  1126.31  119.17  119.17    N/A
0:    268435456      67108864     float     sum      -1  2198.85  122.08  122.08       0  2205.76  121.70  121.70    N/A
0: # Out of bounds values : 0 OK
0: # Avg bus bandwidth    : 92.1922 
0: #
0: # Collective test concluded: sendrecv_perf
0: #
0: 
0: 
0: ##### pass 9/20  pair g0-g3  sendrecv_perf
0: # nccl-tests version 2.17.8 nccl-headers=22903 nccl-library=22903
0: # Collective test starting: sendrecv_perf
0: # nThread 1 nGpus 2 minBytes 8388608 maxBytes 268435456 step: 2(factor) warmup iters: 5 iters: 20 agg iters: 1 validation: 1 graph: 0
0: #
0: # Using devices
0: #  Rank  0 Group  0 Pid 244005 on  nid006887 device  0 [0009:01:00] NVIDIA GH200 120GB
0: #  Rank  1 Group  0 Pid 244005 on  nid006887 device  1 [0039:01:00] NVIDIA GH200 120GB
0: #
0: #                                                              out-of-place                       in-place          
0: #       size         count      type   redop    root     time   algbw   busbw  #wrong     time   algbw   busbw  #wrong 
0: #        (B)    (elements)                               (us)  (GB/s)  (GB/s)             (us)  (GB/s)  (GB/s)         
0:      8388608       2097152     float     sum      -1   119.50   70.20   70.20       0   114.98   72.96   72.96    N/A
0:     16777216       4194304     float     sum      -1   221.04   75.90   75.90       0   222.23   75.50   75.50    N/A
0:     33554432       8388608     float     sum      -1   417.49   80.37   80.37       0   423.23   79.28   79.28    N/A
0:     67108864      16777216     float     sum      -1   807.87   83.07   83.07       0   819.00   81.94   81.94    N/A
0:    134217728      33554432     float     sum      -1  1125.02  119.30  119.30       0  1118.37  120.01  120.01    N/A
0:    268435456      67108864     float     sum      -1  2209.09  121.51  121.51       0  2208.46  121.55  121.55    N/A
0: # Out of bounds values : 0 OK
0: # Avg bus bandwidth    : 91.7993 
0: #
0: # Collective test concluded: sendrecv_perf
0: #
0: 
0: 
0: ##### pass 9/20  pair g1-g2  sendrecv_perf
0: # nccl-tests version 2.17.8 nccl-headers=22903 nccl-library=22903
0: # Collective test starting: sendrecv_perf
0: # nThread 1 nGpus 2 minBytes 8388608 maxBytes 268435456 step: 2(factor) warmup iters: 5 iters: 20 agg iters: 1 validation: 1 graph: 0
0: #
0: # Using devices
0: #  Rank  0 Group  0 Pid 244040 on  nid006887 device  0 [0019:01:00] NVIDIA GH200 120GB
0: #  Rank  1 Group  0 Pid 244040 on  nid006887 device  1 [0029:01:00] NVIDIA GH200 120GB
0: #
0: #                                                              out-of-place                       in-place          
0: #       size         count      type   redop    root     time   algbw   busbw  #wrong     time   algbw   busbw  #wrong 
0: #        (B)    (elements)                               (us)  (GB/s)  (GB/s)             (us)  (GB/s)  (GB/s)         
0:      8388608       2097152     float     sum      -1   115.82   72.43   72.43       0   119.96   69.93   69.93    N/A
0:     16777216       4194304     float     sum      -1   220.66   76.03   76.03       0   222.66   75.35   75.35    N/A
0:     33554432       8388608     float     sum      -1   423.05   79.32   79.32       0   419.76   79.94   79.94    N/A
0:     67108864      16777216     float     sum      -1   814.87   82.36   82.36       0   822.63   81.58   81.58    N/A
0:    134217728      33554432     float     sum      -1  1120.53  119.78  119.78       0  1124.52  119.36  119.36    N/A
0:    268435456      67108864     float     sum      -1  2200.65  121.98  121.98       0  2200.50  121.99  121.99    N/A
0: # Out of bounds values : 0 OK
0: # Avg bus bandwidth    : 91.6688 
0: #
0: # Collective test concluded: sendrecv_perf
0: #
0: 
0: 
0: ##### pass 9/20  pair g1-g3  sendrecv_perf
0: # nccl-tests version 2.17.8 nccl-headers=22903 nccl-library=22903
0: # Collective test starting: sendrecv_perf
0: # nThread 1 nGpus 2 minBytes 8388608 maxBytes 268435456 step: 2(factor) warmup iters: 5 iters: 20 agg iters: 1 validation: 1 graph: 0
0: #
0: # Using devices
0: #  Rank  0 Group  0 Pid 244085 on  nid006887 device  0 [0019:01:00] NVIDIA GH200 120GB
0: #  Rank  1 Group  0 Pid 244085 on  nid006887 device  1 [0039:01:00] NVIDIA GH200 120GB
0: #
0: #                                                              out-of-place                       in-place          
0: #       size         count      type   redop    root     time   algbw   busbw  #wrong     time   algbw   busbw  #wrong 
0: #        (B)    (elements)                               (us)  (GB/s)  (GB/s)             (us)  (GB/s)  (GB/s)         
0:      8388608       2097152     float     sum      -1   116.39   72.07   72.07       0   119.65   70.11   70.11    N/A
0:     16777216       4194304     float     sum      -1   217.79   77.03   77.03       0   222.24   75.49   75.49    N/A
0:     33554432       8388608     float     sum      -1   419.78   79.93   79.93       0   422.22   79.47   79.47    N/A
0:     67108864      16777216     float     sum      -1   813.94   82.45   82.45       0   820.27   81.81   81.81    N/A
0:    134217728      33554432     float     sum      -1  1118.70  119.98  119.98       0  1118.42  120.01  120.01    N/A
0:    268435456      67108864     float     sum      -1  2205.84  121.69  121.69       0  2207.28  121.61  121.61    N/A
0: # Out of bounds values : 0 OK
0: # Avg bus bandwidth    : 91.8054 
0: #
0: # Collective test concluded: sendrecv_perf
0: #
0: 
0: 
0: ##### pass 9/20  pair g2-g3  sendrecv_perf
0: # nccl-tests version 2.17.8 nccl-headers=22903 nccl-library=22903
0: # Collective test starting: sendrecv_perf
0: # nThread 1 nGpus 2 minBytes 8388608 maxBytes 268435456 step: 2(factor) warmup iters: 5 iters: 20 agg iters: 1 validation: 1 graph: 0
0: #
0: # Using devices
0: #  Rank  0 Group  0 Pid 244126 on  nid006887 device  0 [0029:01:00] NVIDIA GH200 120GB
0: #  Rank  1 Group  0 Pid 244126 on  nid006887 device  1 [0039:01:00] NVIDIA GH200 120GB
0: #
0: #                                                              out-of-place                       in-place          
0: #       size         count      type   redop    root     time   algbw   busbw  #wrong     time   algbw   busbw  #wrong 
0: #        (B)    (elements)                               (us)  (GB/s)  (GB/s)             (us)  (GB/s)  (GB/s)         
0:      8388608       2097152     float     sum      -1   116.33   72.11   72.11       0   115.17   72.84   72.84    N/A
0:     16777216       4194304     float     sum      -1   217.99   76.96   76.96       0   219.73   76.35   76.35    N/A
0:     33554432       8388608     float     sum      -1   422.42   79.43   79.43       0   421.45   79.62   79.62    N/A
0:     67108864      16777216     float     sum      -1   811.12   82.74   82.74       0   822.56   81.59   81.59    N/A
0:    134217728      33554432     float     sum      -1  1125.96  119.20  119.20       0  1122.26  119.60  119.60    N/A
0:    268435456      67108864     float     sum      -1  2198.95  122.07  122.07       0  2203.67  121.81  121.81    N/A
0: # Out of bounds values : 0 OK
0: # Avg bus bandwidth    : 92.0269 
0: #
0: # Collective test concluded: sendrecv_perf
0: #
0: 
0: 
0: ##### pass 10/20  pair g0-g1  sendrecv_perf
0: # nccl-tests version 2.17.8 nccl-headers=22903 nccl-library=22903
0: # Collective test starting: sendrecv_perf
0: # nThread 1 nGpus 2 minBytes 8388608 maxBytes 268435456 step: 2(factor) warmup iters: 5 iters: 20 agg iters: 1 validation: 1 graph: 0
0: #
0: # Using devices
0: #  Rank  0 Group  0 Pid 244185 on  nid006887 device  0 [0009:01:00] NVIDIA GH200 120GB
0: #  Rank  1 Group  0 Pid 244185 on  nid006887 device  1 [0019:01:00] NVIDIA GH200 120GB
0: #
0: #                                                              out-of-place                       in-place          
0: #       size         count      type   redop    root     time   algbw   busbw  #wrong     time   algbw   busbw  #wrong 
0: #        (B)    (elements)                               (us)  (GB/s)  (GB/s)             (us)  (GB/s)  (GB/s)         
0:      8388608       2097152     float     sum      -1   119.06   70.46   70.46       0   115.43   72.67   72.67    N/A
0:     16777216       4194304     float     sum      -1   221.26   75.83   75.83       0   215.88   77.71   77.71    N/A
0:     33554432       8388608     float     sum      -1   421.61   79.59   79.59       0   423.20   79.29   79.29    N/A
0:     67108864      16777216     float     sum      -1   812.82   82.56   82.56       0   821.82   81.66   81.66    N/A
0:    134217728      33554432     float     sum      -1  1122.59  119.56  119.56       0  1122.91  119.53  119.53    N/A
0:    268435456      67108864     float     sum      -1  2200.92  121.96  121.96       0  2205.23  121.73  121.73    N/A
0: # Out of bounds values : 0 OK
0: # Avg bus bandwidth    : 91.8786 
0: #
0: # Collective test concluded: sendrecv_perf
0: #
0: 
0: 
0: ##### pass 10/20  pair g0-g2  sendrecv_perf
0: # nccl-tests version 2.17.8 nccl-headers=22903 nccl-library=22903
0: # Collective test starting: sendrecv_perf
0: # nThread 1 nGpus 2 minBytes 8388608 maxBytes 268435456 step: 2(factor) warmup iters: 5 iters: 20 agg iters: 1 validation: 1 graph: 0
0: #
0: # Using devices
0: #  Rank  0 Group  0 Pid 244224 on  nid006887 device  0 [0009:01:00] NVIDIA GH200 120GB
0: #  Rank  1 Group  0 Pid 244224 on  nid006887 device  1 [0029:01:00] NVIDIA GH200 120GB
0: #
0: #                                                              out-of-place                       in-place          
0: #       size         count      type   redop    root     time   algbw   busbw  #wrong     time   algbw   busbw  #wrong 
0: #        (B)    (elements)                               (us)  (GB/s)  (GB/s)             (us)  (GB/s)  (GB/s)         
0:      8388608       2097152     float     sum      -1   115.35   72.72   72.72       0   115.11   72.88   72.88    N/A
0:     16777216       4194304     float     sum      -1   220.45   76.11   76.11       0   219.08   76.58   76.58    N/A
0:     33554432       8388608     float     sum      -1   420.05   79.88   79.88       0   421.30   79.65   79.65    N/A
0:     67108864      16777216     float     sum      -1   808.15   83.04   83.04       0   821.99   81.64   81.64    N/A
0:    134217728      33554432     float     sum      -1  1118.37  120.01  120.01       0  1123.93  119.42  119.42    N/A
0:    268435456      67108864     float     sum      -1  2209.32  121.50  121.50       0  2208.45  121.55  121.55    N/A
0: # Out of bounds values : 0 OK
0: # Avg bus bandwidth    : 92.0814 
0: #
0: # Collective test concluded: sendrecv_perf
0: #
0: 
0: 
0: ##### pass 10/20  pair g0-g3  sendrecv_perf
0: # nccl-tests version 2.17.8 nccl-headers=22903 nccl-library=22903
0: # Collective test starting: sendrecv_perf
0: # nThread 1 nGpus 2 minBytes 8388608 maxBytes 268435456 step: 2(factor) warmup iters: 5 iters: 20 agg iters: 1 validation: 1 graph: 0
0: #
0: # Using devices
0: #  Rank  0 Group  0 Pid 244259 on  nid006887 device  0 [0009:01:00] NVIDIA GH200 120GB
0: #  Rank  1 Group  0 Pid 244259 on  nid006887 device  1 [0039:01:00] NVIDIA GH200 120GB
0: #
0: #                                                              out-of-place                       in-place          
0: #       size         count      type   redop    root     time   algbw   busbw  #wrong     time   algbw   busbw  #wrong 
0: #        (B)    (elements)                               (us)  (GB/s)  (GB/s)             (us)  (GB/s)  (GB/s)         
0:      8388608       2097152     float     sum      -1   115.55   72.60   72.60       0   119.80   70.02   70.02    N/A
0:     16777216       4194304     float     sum      -1   221.58   75.72   75.72       0   218.30   76.85   76.85    N/A
0:     33554432       8388608     float     sum      -1   421.03   79.70   79.70       0   421.09   79.69   79.69    N/A
0:     67108864      16777216     float     sum      -1   810.42   82.81   82.81       0   821.76   81.66   81.66    N/A
0:    134217728      33554432     float     sum      -1  1117.64  120.09  120.09       0  1125.98  119.20  119.20    N/A
0:    268435456      67108864     float     sum      -1  2208.16  121.57  121.57       0  2214.57  121.21  121.21    N/A
0: # Out of bounds values : 0 OK
0: # Avg bus bandwidth    : 91.7593 
0: #
0: # Collective test concluded: sendrecv_perf
0: #
0: 
0: 
0: ##### pass 10/20  pair g1-g2  sendrecv_perf
0: # nccl-tests version 2.17.8 nccl-headers=22903 nccl-library=22903
0: # Collective test starting: sendrecv_perf
0: # nThread 1 nGpus 2 minBytes 8388608 maxBytes 268435456 step: 2(factor) warmup iters: 5 iters: 20 agg iters: 1 validation: 1 graph: 0
0: #
0: # Using devices
0: #  Rank  0 Group  0 Pid 244295 on  nid006887 device  0 [0019:01:00] NVIDIA GH200 120GB
0: #  Rank  1 Group  0 Pid 244295 on  nid006887 device  1 [0029:01:00] NVIDIA GH200 120GB
0: #
0: #                                                              out-of-place                       in-place          
0: #       size         count      type   redop    root     time   algbw   busbw  #wrong     time   algbw   busbw  #wrong 
0: #        (B)    (elements)                               (us)  (GB/s)  (GB/s)             (us)  (GB/s)  (GB/s)         
0:      8388608       2097152     float     sum      -1   121.20   69.21   69.21       0   118.25   70.94   70.94    N/A
0:     16777216       4194304     float     sum      -1   222.96   75.25   75.25       0   217.60   77.10   77.10    N/A
0:     33554432       8388608     float     sum      -1   423.91   79.15   79.15       0   422.92   79.34   79.34    N/A
0:     67108864      16777216     float     sum      -1   816.46   82.19   82.19       0   821.36   81.70   81.70    N/A
0:    134217728      33554432     float     sum      -1  1122.53  119.57  119.57       0  1126.41  119.16  119.16    N/A
0:    268435456      67108864     float     sum      -1  2204.15  121.79  121.79       0  2205.57  121.71  121.71    N/A
0: # Out of bounds values : 0 OK
0: # Avg bus bandwidth    : 91.426 
0: #
0: # Collective test concluded: sendrecv_perf
0: #
0: 
0: 
0: ##### pass 10/20  pair g1-g3  sendrecv_perf
0: # nccl-tests version 2.17.8 nccl-headers=22903 nccl-library=22903
0: # Collective test starting: sendrecv_perf
0: # nThread 1 nGpus 2 minBytes 8388608 maxBytes 268435456 step: 2(factor) warmup iters: 5 iters: 20 agg iters: 1 validation: 1 graph: 0
0: #
0: # Using devices
0: #  Rank  0 Group  0 Pid 244335 on  nid006887 device  0 [0019:01:00] NVIDIA GH200 120GB
0: #  Rank  1 Group  0 Pid 244335 on  nid006887 device  1 [0039:01:00] NVIDIA GH200 120GB
0: #
0: #                                                              out-of-place                       in-place          
0: #       size         count      type   redop    root     time   algbw   busbw  #wrong     time   algbw   busbw  #wrong 
0: #        (B)    (elements)                               (us)  (GB/s)  (GB/s)             (us)  (GB/s)  (GB/s)         
0:      8388608       2097152     float     sum      -1   115.99   72.32   72.32       0   118.62   70.72   70.72    N/A
0:     16777216       4194304     float     sum      -1   220.51   76.08   76.08       0   217.25   77.23   77.23    N/A
0:     33554432       8388608     float     sum      -1   421.49   79.61   79.61       0   423.31   79.27   79.27    N/A
0:     67108864      16777216     float     sum      -1   815.28   82.31   82.31       0   825.99   81.25   81.25    N/A
0:    134217728      33554432     float     sum      -1  1124.18  119.39  119.39       0  1120.86  119.75  119.75    N/A
0:    268435456      67108864     float     sum      -1  2212.27  121.34  121.34       0  2211.82  121.36  121.36    N/A
0: # Out of bounds values : 0 OK
0: # Avg bus bandwidth    : 91.7192 
0: #
0: # Collective test concluded: sendrecv_perf
0: #
0: 
0: 
0: ##### pass 10/20  pair g2-g3  sendrecv_perf
0: # nccl-tests version 2.17.8 nccl-headers=22903 nccl-library=22903
0: # Collective test starting: sendrecv_perf
0: # nThread 1 nGpus 2 minBytes 8388608 maxBytes 268435456 step: 2(factor) warmup iters: 5 iters: 20 agg iters: 1 validation: 1 graph: 0
0: #
0: # Using devices
0: #  Rank  0 Group  0 Pid 244374 on  nid006887 device  0 [0029:01:00] NVIDIA GH200 120GB
0: #  Rank  1 Group  0 Pid 244374 on  nid006887 device  1 [0039:01:00] NVIDIA GH200 120GB
0: #
0: #                                                              out-of-place                       in-place          
0: #       size         count      type   redop    root     time   algbw   busbw  #wrong     time   algbw   busbw  #wrong 
0: #        (B)    (elements)                               (us)  (GB/s)  (GB/s)             (us)  (GB/s)  (GB/s)         
0:      8388608       2097152     float     sum      -1   115.68   72.52   72.52       0   115.35   72.72   72.72    N/A
0:     16777216       4194304     float     sum      -1   217.11   77.27   77.27       0   222.12   75.53   75.53    N/A
0:     33554432       8388608     float     sum      -1   420.14   79.86   79.86       0   423.56   79.22   79.22    N/A
0:     67108864      16777216     float     sum      -1   811.50   82.70   82.70       0   821.51   81.69   81.69    N/A
0:    134217728      33554432     float     sum      -1  1118.05  120.05  120.05       0  1124.23  119.39  119.39    N/A
0:    268435456      67108864     float     sum      -1  2206.97  121.63  121.63       0  2199.82  122.03  122.03    N/A
0: # Out of bounds values : 0 OK
0: # Avg bus bandwidth    : 92.0505 
0: #
0: # Collective test concluded: sendrecv_perf
0: #
0: 
0: 
0: ##### pass 11/20  pair g0-g1  sendrecv_perf
0: # nccl-tests version 2.17.8 nccl-headers=22903 nccl-library=22903
0: # Collective test starting: sendrecv_perf
0: # nThread 1 nGpus 2 minBytes 8388608 maxBytes 268435456 step: 2(factor) warmup iters: 5 iters: 20 agg iters: 1 validation: 1 graph: 0
0: #
0: # Using devices
0: #  Rank  0 Group  0 Pid 244410 on  nid006887 device  0 [0009:01:00] NVIDIA GH200 120GB
0: #  Rank  1 Group  0 Pid 244410 on  nid006887 device  1 [0019:01:00] NVIDIA GH200 120GB
0: #
0: #                                                              out-of-place                       in-place          
0: #       size         count      type   redop    root     time   algbw   busbw  #wrong     time   algbw   busbw  #wrong 
0: #        (B)    (elements)                               (us)  (GB/s)  (GB/s)             (us)  (GB/s)  (GB/s)         
0:      8388608       2097152     float     sum      -1   115.87   72.39   72.39       0   119.27   70.33   70.33    N/A
0:     16777216       4194304     float     sum      -1   218.85   76.66   76.66       0   222.11   75.53   75.53    N/A
0:     33554432       8388608     float     sum      -1   422.02   79.51   79.51       0   423.98   79.14   79.14    N/A
0:     67108864      16777216     float     sum      -1   812.28   82.62   82.62       0   818.82   81.96   81.96    N/A
0:    134217728      33554432     float     sum      -1  1123.67  119.45  119.45       0  1118.65  119.98  119.98    N/A
0:    268435456      67108864     float     sum      -1  2210.29  121.45  121.45       0  2207.00  121.63  121.63    N/A
0: # Out of bounds values : 0 OK
0: # Avg bus bandwidth    : 91.7211 
0: #
0: # Collective test concluded: sendrecv_perf
0: #
0: 
0: 
0: ##### pass 11/20  pair g0-g2  sendrecv_perf
0: # nccl-tests version 2.17.8 nccl-headers=22903 nccl-library=22903
0: # Collective test starting: sendrecv_perf
0: # nThread 1 nGpus 2 minBytes 8388608 maxBytes 268435456 step: 2(factor) warmup iters: 5 iters: 20 agg iters: 1 validation: 1 graph: 0
0: #
0: # Using devices
0: #  Rank  0 Group  0 Pid 244474 on  nid006887 device  0 [0009:01:00] NVIDIA GH200 120GB
0: #  Rank  1 Group  0 Pid 244474 on  nid006887 device  1 [0029:01:00] NVIDIA GH200 120GB
0: #
0: #                                                              out-of-place                       in-place          
0: #       size         count      type   redop    root     time   algbw   busbw  #wrong     time   algbw   busbw  #wrong 
0: #        (B)    (elements)                               (us)  (GB/s)  (GB/s)             (us)  (GB/s)  (GB/s)         
0:      8388608       2097152     float     sum      -1   115.89   72.39   72.39       0   119.55   70.17   70.17    N/A
0:     16777216       4194304     float     sum      -1   222.60   75.37   75.37       0   220.66   76.03   76.03    N/A
0:     33554432       8388608     float     sum      -1   421.29   79.65   79.65       0   420.51   79.80   79.80    N/A
0:     67108864      16777216     float     sum      -1   811.05   82.74   82.74       0   819.40   81.90   81.90    N/A
0:    134217728      33554432     float     sum      -1  1119.68  119.87  119.87       0  1122.08  119.62  119.62    N/A
0:    268435456      67108864     float     sum      -1  2200.67  121.98  121.98       0  2213.57  121.27  121.27    N/A
0: # Out of bounds values : 0 OK
0: # Avg bus bandwidth    : 91.7313 
0: #
0: # Collective test concluded: sendrecv_perf
0: #
0: 
0: 
0: ##### pass 11/20  pair g0-g3  sendrecv_perf
0: # nccl-tests version 2.17.8 nccl-headers=22903 nccl-library=22903
0: # Collective test starting: sendrecv_perf
0: # nThread 1 nGpus 2 minBytes 8388608 maxBytes 268435456 step: 2(factor) warmup iters: 5 iters: 20 agg iters: 1 validation: 1 graph: 0
0: #
0: # Using devices
0: #  Rank  0 Group  0 Pid 244511 on  nid006887 device  0 [0009:01:00] NVIDIA GH200 120GB
0: #  Rank  1 Group  0 Pid 244511 on  nid006887 device  1 [0039:01:00] NVIDIA GH200 120GB
0: #
0: #                                                              out-of-place                       in-place          
0: #       size         count      type   redop    root     time   algbw   busbw  #wrong     time   algbw   busbw  #wrong 
0: #        (B)    (elements)                               (us)  (GB/s)  (GB/s)             (us)  (GB/s)  (GB/s)         
0:      8388608       2097152     float     sum      -1   118.58   70.74   70.74       0   115.40   72.69   72.69    N/A
0:     16777216       4194304     float     sum      -1   220.05   76.24   76.24       0   216.54   77.48   77.48    N/A
0:     33554432       8388608     float     sum      -1   422.64   79.39   79.39       0   422.07   79.50   79.50    N/A
0:     67108864      16777216     float     sum      -1   815.42   82.30   82.30       0   824.66   81.38   81.38    N/A
0:    134217728      33554432     float     sum      -1  1123.56  119.46  119.46       0  1122.63  119.56  119.56    N/A
0:    268435456      67108864     float     sum      -1  2213.29  121.28  121.28       0  2208.25  121.56  121.56    N/A
0: # Out of bounds values : 0 OK
0: # Avg bus bandwidth    : 91.7985 
0: #
0: # Collective test concluded: sendrecv_perf
0: #
0: 
0: 
0: ##### pass 11/20  pair g1-g2  sendrecv_perf
0: # nccl-tests version 2.17.8 nccl-headers=22903 nccl-library=22903
0: # Collective test starting: sendrecv_perf
0: # nThread 1 nGpus 2 minBytes 8388608 maxBytes 268435456 step: 2(factor) warmup iters: 5 iters: 20 agg iters: 1 validation: 1 graph: 0
0: #
0: # Using devices
0: #  Rank  0 Group  0 Pid 244548 on  nid006887 device  0 [0019:01:00] NVIDIA GH200 120GB
0: #  Rank  1 Group  0 Pid 244548 on  nid006887 device  1 [0029:01:00] NVIDIA GH200 120GB
0: #
0: #                                                              out-of-place                       in-place          
0: #       size         count      type   redop    root     time   algbw   busbw  #wrong     time   algbw   busbw  #wrong 
0: #        (B)    (elements)                               (us)  (GB/s)  (GB/s)             (us)  (GB/s)  (GB/s)         
0:      8388608       2097152     float     sum      -1   115.63   72.55   72.55       0   119.43   70.24   70.24    N/A
0:     16777216       4194304     float     sum      -1   222.34   75.46   75.46       0   222.57   75.38   75.38    N/A
0:     33554432       8388608     float     sum      -1   422.09   79.50   79.50       0   421.90   79.53   79.53    N/A
0:     67108864      16777216     float     sum      -1   817.36   82.10   82.10       0   821.04   81.74   81.74    N/A
0:    134217728      33554432     float     sum      -1  1119.61  119.88  119.88       0  1122.77  119.54  119.54    N/A
0:    268435456      67108864     float     sum      -1  2205.85  121.69  121.69       0  2205.49  121.71  121.71    N/A
0: # Out of bounds values : 0 OK
0: # Avg bus bandwidth    : 91.6097 
0: #
0: # Collective test concluded: sendrecv_perf
0: #
0: 
0: 
0: ##### pass 11/20  pair g1-g3  sendrecv_perf
0: # nccl-tests version 2.17.8 nccl-headers=22903 nccl-library=22903
0: # Collective test starting: sendrecv_perf
0: # nThread 1 nGpus 2 minBytes 8388608 maxBytes 268435456 step: 2(factor) warmup iters: 5 iters: 20 agg iters: 1 validation: 1 graph: 0
0: #
0: # Using devices
0: #  Rank  0 Group  0 Pid 244591 on  nid006887 device  0 [0019:01:00] NVIDIA GH200 120GB
0: #  Rank  1 Group  0 Pid 244591 on  nid006887 device  1 [0039:01:00] NVIDIA GH200 120GB
0: #
0: #                                                              out-of-place                       in-place          
0: #       size         count      type   redop    root     time   algbw   busbw  #wrong     time   algbw   busbw  #wrong 
0: #        (B)    (elements)                               (us)  (GB/s)  (GB/s)             (us)  (GB/s)  (GB/s)         
0:      8388608       2097152     float     sum      -1   115.94   72.36   72.36       0   117.16   71.60   71.60    N/A
0:     16777216       4194304     float     sum      -1   220.06   76.24   76.24       0   221.97   75.58   75.58    N/A
0:     33554432       8388608     float     sum      -1   420.43   79.81   79.81       0   423.56   79.22   79.22    N/A
0:     67108864      16777216     float     sum      -1   815.55   82.29   82.29       0   826.09   81.24   81.24    N/A
0:    134217728      33554432     float     sum      -1  1125.33  119.27  119.27       0  1124.27  119.38  119.38    N/A
0:    268435456      67108864     float     sum      -1  2207.75  121.59  121.59       0  2209.74  121.48  121.48    N/A
0: # Out of bounds values : 0 OK
0: # Avg bus bandwidth    : 91.6706 
0: #
0: # Collective test concluded: sendrecv_perf
0: #
0: 
0: 
0: ##### pass 11/20  pair g2-g3  sendrecv_perf
0: # nccl-tests version 2.17.8 nccl-headers=22903 nccl-library=22903
0: # Collective test starting: sendrecv_perf
0: # nThread 1 nGpus 2 minBytes 8388608 maxBytes 268435456 step: 2(factor) warmup iters: 5 iters: 20 agg iters: 1 validation: 1 graph: 0
0: #
0: # Using devices
0: #  Rank  0 Group  0 Pid 244631 on  nid006887 device  0 [0029:01:00] NVIDIA GH200 120GB
0: #  Rank  1 Group  0 Pid 244631 on  nid006887 device  1 [0039:01:00] NVIDIA GH200 120GB
0: #
0: #                                                              out-of-place                       in-place          
0: #       size         count      type   redop    root     time   algbw   busbw  #wrong     time   algbw   busbw  #wrong 
0: #        (B)    (elements)                               (us)  (GB/s)  (GB/s)             (us)  (GB/s)  (GB/s)         
0:      8388608       2097152     float     sum      -1   115.65   72.53   72.53       0   118.54   70.77   70.77    N/A
0:     16777216       4194304     float     sum      -1   217.53   77.13   77.13       0   222.21   75.50   75.50    N/A
0:     33554432       8388608     float     sum      -1   420.50   79.80   79.80       0   421.06   79.69   79.69    N/A
0:     67108864      16777216     float     sum      -1   810.07   82.84   82.84       0   820.92   81.75   81.75    N/A
0:    134217728      33554432     float     sum      -1  1120.72  119.76  119.76       0  1125.17  119.29  119.29    N/A
0:    268435456      67108864     float     sum      -1  2206.60  121.65  121.65       0  2210.91  121.41  121.41    N/A
0: # Out of bounds values : 0 OK
0: # Avg bus bandwidth    : 91.8429 
0: #
0: # Collective test concluded: sendrecv_perf
0: #
0: 
0: 
0: ##### pass 12/20  pair g0-g1  sendrecv_perf
0: # nccl-tests version 2.17.8 nccl-headers=22903 nccl-library=22903
0: # Collective test starting: sendrecv_perf
0: # nThread 1 nGpus 2 minBytes 8388608 maxBytes 268435456 step: 2(factor) warmup iters: 5 iters: 20 agg iters: 1 validation: 1 graph: 0
0: #
0: # Using devices
0: #  Rank  0 Group  0 Pid 244666 on  nid006887 device  0 [0009:01:00] NVIDIA GH200 120GB
0: #  Rank  1 Group  0 Pid 244666 on  nid006887 device  1 [0019:01:00] NVIDIA GH200 120GB
0: #
0: #                                                              out-of-place                       in-place          
0: #       size         count      type   redop    root     time   algbw   busbw  #wrong     time   algbw   busbw  #wrong 
0: #        (B)    (elements)                               (us)  (GB/s)  (GB/s)             (us)  (GB/s)  (GB/s)         
0:      8388608       2097152     float     sum      -1   116.23   72.18   72.18       0   115.80   72.44   72.44    N/A
0:     16777216       4194304     float     sum      -1   221.64   75.70   75.70       0   217.87   77.01   77.01    N/A
0:     33554432       8388608     float     sum      -1   423.21   79.29   79.29       0   425.18   78.92   78.92    N/A
0:     67108864      16777216     float     sum      -1   818.37   82.00   82.00       0   828.56   80.99   80.99    N/A
0:    134217728      33554432     float     sum      -1  1116.80  120.18  120.18       0  1118.55  119.99  119.99    N/A
0:    268435456      67108864     float     sum      -1  2206.80  121.64  121.64       0  2212.45  121.33  121.33    N/A
0: # Out of bounds values : 0 OK
0: # Avg bus bandwidth    : 91.8052 
0: #
0: # Collective test concluded: sendrecv_perf
0: #
0: 
0: 
0: ##### pass 12/20  pair g0-g2  sendrecv_perf
0: # nccl-tests version 2.17.8 nccl-headers=22903 nccl-library=22903
0: # Collective test starting: sendrecv_perf
0: # nThread 1 nGpus 2 minBytes 8388608 maxBytes 268435456 step: 2(factor) warmup iters: 5 iters: 20 agg iters: 1 validation: 1 graph: 0
0: #
0: # Using devices
0: #  Rank  0 Group  0 Pid 244733 on  nid006887 device  0 [0009:01:00] NVIDIA GH200 120GB
0: #  Rank  1 Group  0 Pid 244733 on  nid006887 device  1 [0029:01:00] NVIDIA GH200 120GB
0: #
0: #                                                              out-of-place                       in-place          
0: #       size         count      type   redop    root     time   algbw   busbw  #wrong     time   algbw   busbw  #wrong 
0: #        (B)    (elements)                               (us)  (GB/s)  (GB/s)             (us)  (GB/s)  (GB/s)         
0:      8388608       2097152     float     sum      -1   116.11   72.25   72.25       0   115.62   72.55   72.55    N/A
0:     16777216       4194304     float     sum      -1   222.24   75.49   75.49       0   217.23   77.23   77.23    N/A
0:     33554432       8388608     float     sum      -1   423.01   79.32   79.32       0   420.88   79.72   79.72    N/A
0:     67108864      16777216     float     sum      -1   814.53   82.39   82.39       0   828.38   81.01   81.01    N/A
0:    134217728      33554432     float     sum      -1  1121.09  119.72  119.72       0  1125.43  119.26  119.26    N/A
0:    268435456      67108864     float     sum      -1  2205.57  121.71  121.71       0  2206.13  121.68  121.68    N/A
0: # Out of bounds values : 0 OK
0: # Avg bus bandwidth    : 91.8613 
0: #
0: # Collective test concluded: sendrecv_perf
0: #
0: 
0: 
0: ##### pass 12/20  pair g0-g3  sendrecv_perf
0: # nccl-tests version 2.17.8 nccl-headers=22903 nccl-library=22903
0: # Collective test starting: sendrecv_perf
0: # nThread 1 nGpus 2 minBytes 8388608 maxBytes 268435456 step: 2(factor) warmup iters: 5 iters: 20 agg iters: 1 validation: 1 graph: 0
0: #
0: # Using devices
0: #  Rank  0 Group  0 Pid 244770 on  nid006887 device  0 [0009:01:00] NVIDIA GH200 120GB
0: #  Rank  1 Group  0 Pid 244770 on  nid006887 device  1 [0039:01:00] NVIDIA GH200 120GB
0: #
0: #                                                              out-of-place                       in-place          
0: #       size         count      type   redop    root     time   algbw   busbw  #wrong     time   algbw   busbw  #wrong 
0: #        (B)    (elements)                               (us)  (GB/s)  (GB/s)             (us)  (GB/s)  (GB/s)         
0:      8388608       2097152     float     sum      -1   115.66   72.53   72.53       0   115.65   72.54   72.54    N/A
0:     16777216       4194304     float     sum      -1   221.99   75.58   75.58       0   219.58   76.41   76.41    N/A
0:     33554432       8388608     float     sum      -1   421.32   79.64   79.64       0   423.49   79.23   79.23    N/A
0:     67108864      16777216     float     sum      -1   815.91   82.25   82.25       0   822.34   81.61   81.61    N/A
0:    134217728      33554432     float     sum      -1  1124.09  119.40  119.40       0  1120.48  119.79  119.79    N/A
0:    268435456      67108864     float     sum      -1  2203.89  121.80  121.80       0  2207.26  121.61  121.61    N/A
0: # Out of bounds values : 0 OK
0: # Avg bus bandwidth    : 91.865 
0: #
0: # Collective test concluded: sendrecv_perf
0: #
0: 
0: 
0: ##### pass 12/20  pair g1-g2  sendrecv_perf
0: # nccl-tests version 2.17.8 nccl-headers=22903 nccl-library=22903
0: # Collective test starting: sendrecv_perf
0: # nThread 1 nGpus 2 minBytes 8388608 maxBytes 268435456 step: 2(factor) warmup iters: 5 iters: 20 agg iters: 1 validation: 1 graph: 0
0: #
0: # Using devices
0: #  Rank  0 Group  0 Pid 244809 on  nid006887 device  0 [0019:01:00] NVIDIA GH200 120GB
0: #  Rank  1 Group  0 Pid 244809 on  nid006887 device  1 [0029:01:00] NVIDIA GH200 120GB
0: #
0: #                                                              out-of-place                       in-place          
0: #       size         count      type   redop    root     time   algbw   busbw  #wrong     time   algbw   busbw  #wrong 
0: #        (B)    (elements)                               (us)  (GB/s)  (GB/s)             (us)  (GB/s)  (GB/s)         
0:      8388608       2097152     float     sum      -1   115.49   72.63   72.63       0   115.64   72.54   72.54    N/A
0:     16777216       4194304     float     sum      -1   217.25   77.22   77.22       0   217.16   77.26   77.26    N/A
0:     33554432       8388608     float     sum      -1   422.91   79.34   79.34       0   416.91   80.48   80.48    N/A
0:     67108864      16777216     float     sum      -1   813.98   82.45   82.45       0   812.10   82.64   82.64    N/A
0:    134217728      33554432     float     sum      -1  1120.19  119.82  119.82       0  1119.53  119.89  119.89    N/A
0:    268435456      67108864     float     sum      -1  2203.50  121.82  121.82       0  2208.39  121.55  121.55    N/A
0: # Out of bounds values : 0 OK
0: # Avg bus bandwidth    : 92.3034 
0: #
0: # Collective test concluded: sendrecv_perf
0: #
0: 
0: 
0: ##### pass 12/20  pair g1-g3  sendrecv_perf
0: # nccl-tests version 2.17.8 nccl-headers=22903 nccl-library=22903
0: # Collective test starting: sendrecv_perf
0: # nThread 1 nGpus 2 minBytes 8388608 maxBytes 268435456 step: 2(factor) warmup iters: 5 iters: 20 agg iters: 1 validation: 1 graph: 0
0: #
0: # Using devices
0: #  Rank  0 Group  0 Pid 244845 on  nid006887 device  0 [0019:01:00] NVIDIA GH200 120GB
0: #  Rank  1 Group  0 Pid 244845 on  nid006887 device  1 [0039:01:00] NVIDIA GH200 120GB
0: #
0: #                                                              out-of-place                       in-place          
0: #       size         count      type   redop    root     time   algbw   busbw  #wrong     time   algbw   busbw  #wrong 
0: #        (B)    (elements)                               (us)  (GB/s)  (GB/s)             (us)  (GB/s)  (GB/s)         
0:      8388608       2097152     float     sum      -1   115.64   72.54   72.54       0   115.22   72.80   72.80    N/A
0:     16777216       4194304     float     sum      -1   217.80   77.03   77.03       0   218.46   76.80   76.80    N/A
0:     33554432       8388608     float     sum      -1   421.88   79.54   79.54       0   423.49   79.23   79.23    N/A
0:     67108864      16777216     float     sum      -1   812.89   82.56   82.56       0   823.05   81.54   81.54    N/A
0:    134217728      33554432     float     sum      -1  1125.88  119.21  119.21       0  1118.83  119.96  119.96    N/A
0:    268435456      67108864     float     sum      -1  2206.61  121.65  121.65       0  2205.54  121.71  121.71    N/A
0: # Out of bounds values : 0 OK
0: # Avg bus bandwidth    : 92.0471 
0: #
0: # Collective test concluded: sendrecv_perf
0: #
0: 
0: 
0: ##### pass 12/20  pair g2-g3  sendrecv_perf
0: # nccl-tests version 2.17.8 nccl-headers=22903 nccl-library=22903
0: # Collective test starting: sendrecv_perf
0: # nThread 1 nGpus 2 minBytes 8388608 maxBytes 268435456 step: 2(factor) warmup iters: 5 iters: 20 agg iters: 1 validation: 1 graph: 0
0: #
0: # Using devices
0: #  Rank  0 Group  0 Pid 244884 on  nid006887 device  0 [0029:01:00] NVIDIA GH200 120GB
0: #  Rank  1 Group  0 Pid 244884 on  nid006887 device  1 [0039:01:00] NVIDIA GH200 120GB
0: #
0: #                                                              out-of-place                       in-place          
0: #       size         count      type   redop    root     time   algbw   busbw  #wrong     time   algbw   busbw  #wrong 
0: #        (B)    (elements)                               (us)  (GB/s)  (GB/s)             (us)  (GB/s)  (GB/s)         
0:      8388608       2097152     float     sum      -1   121.37   69.12   69.12       0   115.75   72.47   72.47    N/A
0:     16777216       4194304     float     sum      -1   221.42   75.77   75.77       0   222.69   75.34   75.34    N/A
0:     33554432       8388608     float     sum      -1   420.54   79.79   79.79       0   420.58   79.78   79.78    N/A
0:     67108864      16777216     float     sum      -1   810.23   82.83   82.83       0   816.55   82.19   82.19    N/A
0:    134217728      33554432     float     sum      -1  1124.05  119.41  119.41       0  1123.37  119.48  119.48    N/A
0:    268435456      67108864     float     sum      -1  2206.72  121.64  121.64       0  2206.49  121.66  121.66    N/A
0: # Out of bounds values : 0 OK
0: # Avg bus bandwidth    : 91.6221 
0: #
0: # Collective test concluded: sendrecv_perf
0: #
0: 
0: 
0: ##### pass 13/20  pair g0-g1  sendrecv_perf
0: # nccl-tests version 2.17.8 nccl-headers=22903 nccl-library=22903
0: # Collective test starting: sendrecv_perf
0: # nThread 1 nGpus 2 minBytes 8388608 maxBytes 268435456 step: 2(factor) warmup iters: 5 iters: 20 agg iters: 1 validation: 1 graph: 0
0: #
0: # Using devices
0: #  Rank  0 Group  0 Pid 244920 on  nid006887 device  0 [0009:01:00] NVIDIA GH200 120GB
0: #  Rank  1 Group  0 Pid 244920 on  nid006887 device  1 [0019:01:00] NVIDIA GH200 120GB
0: #
0: #                                                              out-of-place                       in-place          
0: #       size         count      type   redop    root     time   algbw   busbw  #wrong     time   algbw   busbw  #wrong 
0: #        (B)    (elements)                               (us)  (GB/s)  (GB/s)             (us)  (GB/s)  (GB/s)         
0:      8388608       2097152     float     sum      -1   115.97   72.34   72.34       0   115.39   72.70   72.70    N/A
0:     16777216       4194304     float     sum      -1   223.50   75.07   75.07       0   220.43   76.11   76.11    N/A
0:     33554432       8388608     float     sum      -1   420.97   79.71   79.71       0   421.22   79.66   79.66    N/A
0:     67108864      16777216     float     sum      -1   815.50   82.29   82.29       0   828.26   81.02   81.02    N/A
0:    134217728      33554432     float     sum      -1  1122.68  119.55  119.55       0  1119.22  119.92  119.92    N/A
0:    268435456      67108864     float     sum      -1  2213.75  121.26  121.26       0  2208.12  121.57  121.57    N/A
0: # Out of bounds values : 0 OK
0: # Avg bus bandwidth    : 91.7661 
0: #
0: # Collective test concluded: sendrecv_perf
0: #
0: 
0: 
0: ##### pass 13/20  pair g0-g2  sendrecv_perf
0: # nccl-tests version 2.17.8 nccl-headers=22903 nccl-library=22903
0: # Collective test starting: sendrecv_perf
0: # nThread 1 nGpus 2 minBytes 8388608 maxBytes 268435456 step: 2(factor) warmup iters: 5 iters: 20 agg iters: 1 validation: 1 graph: 0
0: #
0: # Using devices
0: #  Rank  0 Group  0 Pid 244960 on  nid006887 device  0 [0009:01:00] NVIDIA GH200 120GB
0: #  Rank  1 Group  0 Pid 244960 on  nid006887 device  1 [0029:01:00] NVIDIA GH200 120GB
0: #
0: #                                                              out-of-place                       in-place          
0: #       size         count      type   redop    root     time   algbw   busbw  #wrong     time   algbw   busbw  #wrong 
0: #        (B)    (elements)                               (us)  (GB/s)  (GB/s)             (us)  (GB/s)  (GB/s)         
0:      8388608       2097152     float     sum      -1   115.90   72.38   72.38       0   115.52   72.62   72.62    N/A
0:     16777216       4194304     float     sum      -1   221.87   75.62   75.62       0   223.05   75.22   75.22    N/A
0:     33554432       8388608     float     sum      -1   423.73   79.19   79.19       0   425.67   78.83   78.83    N/A
0:     67108864      16777216     float     sum      -1   814.18   82.42   82.42       0   823.62   81.48   81.48    N/A
0:    134217728      33554432     float     sum      -1  1122.85  119.53  119.53       0  1118.96  119.95  119.95    N/A
0:    268435456      67108864     float     sum      -1  2207.45  121.60  121.60       0  2202.30  121.89  121.89    N/A
0: # Out of bounds values : 0 OK
0: # Avg bus bandwidth    : 91.7268 
0: #
0: # Collective test concluded: sendrecv_perf
0: #
0: 
0: 
0: ##### pass 13/20  pair g0-g3  sendrecv_perf
0: # nccl-tests version 2.17.8 nccl-headers=22903 nccl-library=22903
0: # Collective test starting: sendrecv_perf
0: # nThread 1 nGpus 2 minBytes 8388608 maxBytes 268435456 step: 2(factor) warmup iters: 5 iters: 20 agg iters: 1 validation: 1 graph: 0
0: #
0: # Using devices
0: #  Rank  0 Group  0 Pid 245022 on  nid006887 device  0 [0009:01:00] NVIDIA GH200 120GB
0: #  Rank  1 Group  0 Pid 245022 on  nid006887 device  1 [0039:01:00] NVIDIA GH200 120GB
0: #
0: #                                                              out-of-place                       in-place          
0: #       size         count      type   redop    root     time   algbw   busbw  #wrong     time   algbw   busbw  #wrong 
0: #        (B)    (elements)                               (us)  (GB/s)  (GB/s)             (us)  (GB/s)  (GB/s)         
0:      8388608       2097152     float     sum      -1   121.12   69.26   69.26       0   115.45   72.66   72.66    N/A
0:     16777216       4194304     float     sum      -1   220.95   75.93   75.93       0   217.46   77.15   77.15    N/A
0:     33554432       8388608     float     sum      -1   422.39   79.44   79.44       0   422.82   79.36   79.36    N/A
0:     67108864      16777216     float     sum      -1   813.81   82.46   82.46       0   823.05   81.54   81.54    N/A
0:    134217728      33554432     float     sum      -1  1124.19  119.39  119.39       0  1125.34  119.27  119.27    N/A
0:    268435456      67108864     float     sum      -1  2215.06  121.19  121.19       0  2214.12  121.24  121.24    N/A
0: # Out of bounds values : 0 OK
0: # Avg bus bandwidth    : 91.5741 
0: #
0: # Collective test concluded: sendrecv_perf
0: #
0: 
0: 
0: ##### pass 13/20  pair g1-g2  sendrecv_perf
0: # nccl-tests version 2.17.8 nccl-headers=22903 nccl-library=22903
0: # Collective test starting: sendrecv_perf
0: # nThread 1 nGpus 2 minBytes 8388608 maxBytes 268435456 step: 2(factor) warmup iters: 5 iters: 20 agg iters: 1 validation: 1 graph: 0
0: #
0: # Using devices
0: #  Rank  0 Group  0 Pid 245061 on  nid006887 device  0 [0019:01:00] NVIDIA GH200 120GB
0: #  Rank  1 Group  0 Pid 245061 on  nid006887 device  1 [0029:01:00] NVIDIA GH200 120GB
0: #
0: #                                                              out-of-place                       in-place          
0: #       size         count      type   redop    root     time   algbw   busbw  #wrong     time   algbw   busbw  #wrong 
0: #        (B)    (elements)                               (us)  (GB/s)  (GB/s)             (us)  (GB/s)  (GB/s)         
0:      8388608       2097152     float     sum      -1   115.40   72.69   72.69       0   115.64   72.54   72.54    N/A
0:     16777216       4194304     float     sum      -1   220.75   76.00   76.00       0   217.87   77.00   77.00    N/A
0:     33554432       8388608     float     sum      -1   423.13   79.30   79.30       0   422.18   79.48   79.48    N/A
0:     67108864      16777216     float     sum      -1   813.63   82.48   82.48       0   820.93   81.75   81.75    N/A
0:    134217728      33554432     float     sum      -1  1122.78  119.54  119.54       0  1122.12  119.61  119.61    N/A
0:    268435456      67108864     float     sum      -1  2204.59  121.76  121.76       0  2205.91  121.69  121.69    N/A
0: # Out of bounds values : 0 OK
0: # Avg bus bandwidth    : 91.9874 
0: #
0: # Collective test concluded: sendrecv_perf
0: #
0: 
0: 
0: ##### pass 13/20  pair g1-g3  sendrecv_perf
0: # nccl-tests version 2.17.8 nccl-headers=22903 nccl-library=22903
0: # Collective test starting: sendrecv_perf
0: # nThread 1 nGpus 2 minBytes 8388608 maxBytes 268435456 step: 2(factor) warmup iters: 5 iters: 20 agg iters: 1 validation: 1 graph: 0
0: #
0: # Using devices
0: #  Rank  0 Group  0 Pid 245098 on  nid006887 device  0 [0019:01:00] NVIDIA GH200 120GB
0: #  Rank  1 Group  0 Pid 245098 on  nid006887 device  1 [0039:01:00] NVIDIA GH200 120GB
0: #
0: #                                                              out-of-place                       in-place          
0: #       size         count      type   redop    root     time   algbw   busbw  #wrong     time   algbw   busbw  #wrong 
0: #        (B)    (elements)                               (us)  (GB/s)  (GB/s)             (us)  (GB/s)  (GB/s)         
0:      8388608       2097152     float     sum      -1   115.76   72.47   72.47       0   118.47   70.81   70.81    N/A
0:     16777216       4194304     float     sum      -1   221.55   75.73   75.73       0   221.75   75.66   75.66    N/A
0:     33554432       8388608     float     sum      -1   422.05   79.50   79.50       0   422.12   79.49   79.49    N/A
0:     67108864      16777216     float     sum      -1   814.56   82.39   82.39       0   825.23   81.32   81.32    N/A
0:    134217728      33554432     float     sum      -1  1124.79  119.33  119.33       0  1122.57  119.56  119.56    N/A
0:    268435456      67108864     float     sum      -1  2215.26  121.18  121.18       0  2211.73  121.37  121.37    N/A
0: # Out of bounds values : 0 OK
0: # Avg bus bandwidth    : 91.5666 
0: #
0: # Collective test concluded: sendrecv_perf
0: #
0: 
0: 
0: ##### pass 13/20  pair g2-g3  sendrecv_perf
0: # nccl-tests version 2.17.8 nccl-headers=22903 nccl-library=22903
0: # Collective test starting: sendrecv_perf
0: # nThread 1 nGpus 2 minBytes 8388608 maxBytes 268435456 step: 2(factor) warmup iters: 5 iters: 20 agg iters: 1 validation: 1 graph: 0
0: #
0: # Using devices
0: #  Rank  0 Group  0 Pid 245133 on  nid006887 device  0 [0029:01:00] NVIDIA GH200 120GB
0: #  Rank  1 Group  0 Pid 245133 on  nid006887 device  1 [0039:01:00] NVIDIA GH200 120GB
0: #
0: #                                                              out-of-place                       in-place          
0: #       size         count      type   redop    root     time   algbw   busbw  #wrong     time   algbw   busbw  #wrong 
0: #        (B)    (elements)                               (us)  (GB/s)  (GB/s)             (us)  (GB/s)  (GB/s)         
0:      8388608       2097152     float     sum      -1   115.96   72.34   72.34       0   115.15   72.85   72.85    N/A
0:     16777216       4194304     float     sum      -1   220.72   76.01   76.01       0   222.46   75.42   75.42    N/A
0:     33554432       8388608     float     sum      -1   419.91   79.91   79.91       0   422.11   79.49   79.49    N/A
0:     67108864      16777216     float     sum      -1   807.35   83.12   83.12       0   820.27   81.81   81.81    N/A
0:    134217728      33554432     float     sum      -1  1117.54  120.10  120.10       0  1120.60  119.77  119.77    N/A
0:    268435456      67108864     float     sum      -1  2205.59  121.71  121.71       0  2206.94  121.63  121.63    N/A
0: # Out of bounds values : 0 OK
0: # Avg bus bandwidth    : 92.0135 
0: #
0: # Collective test concluded: sendrecv_perf
0: #
0: 
0: 
0: ##### pass 14/20  pair g0-g1  sendrecv_perf
0: # nccl-tests version 2.17.8 nccl-headers=22903 nccl-library=22903
0: # Collective test starting: sendrecv_perf
0: # nThread 1 nGpus 2 minBytes 8388608 maxBytes 268435456 step: 2(factor) warmup iters: 5 iters: 20 agg iters: 1 validation: 1 graph: 0
0: #
0: # Using devices
0: #  Rank  0 Group  0 Pid 245172 on  nid006887 device  0 [0009:01:00] NVIDIA GH200 120GB
0: #  Rank  1 Group  0 Pid 245172 on  nid006887 device  1 [0019:01:00] NVIDIA GH200 120GB
0: #
0: #                                                              out-of-place                       in-place          
0: #       size         count      type   redop    root     time   algbw   busbw  #wrong     time   algbw   busbw  #wrong 
0: #        (B)    (elements)                               (us)  (GB/s)  (GB/s)             (us)  (GB/s)  (GB/s)         
0:      8388608       2097152     float     sum      -1   116.09   72.26   72.26       0   115.50   72.63   72.63    N/A
0:     16777216       4194304     float     sum      -1   220.89   75.95   75.95       0   218.52   76.78   76.78    N/A
0:     33554432       8388608     float     sum      -1   422.47   79.42   79.42       0   424.23   79.10   79.10    N/A
0:     67108864      16777216     float     sum      -1   814.57   82.39   82.39       0   826.86   81.16   81.16    N/A
0:    134217728      33554432     float     sum      -1  1121.69  119.66  119.66       0  1122.54  119.57  119.57    N/A
0:    268435456      67108864     float     sum      -1  2213.69  121.26  121.26       0  2212.28  121.34  121.34    N/A
0: # Out of bounds values : 0 OK
0: # Avg bus bandwidth    : 91.7923 
0: #
0: # Collective test concluded: sendrecv_perf
0: #
0: 
0: 
0: ##### pass 14/20  pair g0-g2  sendrecv_perf
0: # nccl-tests version 2.17.8 nccl-headers=22903 nccl-library=22903
0: # Collective test starting: sendrecv_perf
0: # nThread 1 nGpus 2 minBytes 8388608 maxBytes 268435456 step: 2(factor) warmup iters: 5 iters: 20 agg iters: 1 validation: 1 graph: 0
0: #
0: # Using devices
0: #  Rank  0 Group  0 Pid 245211 on  nid006887 device  0 [0009:01:00] NVIDIA GH200 120GB
0: #  Rank  1 Group  0 Pid 245211 on  nid006887 device  1 [0029:01:00] NVIDIA GH200 120GB
0: #
0: #                                                              out-of-place                       in-place          
0: #       size         count      type   redop    root     time   algbw   busbw  #wrong     time   algbw   busbw  #wrong 
0: #        (B)    (elements)                               (us)  (GB/s)  (GB/s)             (us)  (GB/s)  (GB/s)         
0:      8388608       2097152     float     sum      -1   115.79   72.45   72.45       0   115.42   72.68   72.68    N/A
0:     16777216       4194304     float     sum      -1   218.48   76.79   76.79       0   222.46   75.42   75.42    N/A
0:     33554432       8388608     float     sum      -1   422.20   79.48   79.48       0   420.98   79.71   79.71    N/A
0:     67108864      16777216     float     sum      -1   813.33   82.51   82.51       0   831.60   80.70   80.70    N/A
0:    134217728      33554432     float     sum      -1  1123.45  119.47  119.47       0  1124.98  119.31  119.31    N/A
0:    268435456      67108864     float     sum      -1  2208.61  121.54  121.54       0  2210.23  121.45  121.45    N/A
0: # Out of bounds values : 0 OK
0: # Avg bus bandwidth    : 91.7908 
0: #
0: # Collective test concluded: sendrecv_perf
0: #
0: 
0: 
0: ##### pass 14/20  pair g0-g3  sendrecv_perf
0: # nccl-tests version 2.17.8 nccl-headers=22903 nccl-library=22903
0: # Collective test starting: sendrecv_perf
0: # nThread 1 nGpus 2 minBytes 8388608 maxBytes 268435456 step: 2(factor) warmup iters: 5 iters: 20 agg iters: 1 validation: 1 graph: 0
0: #
0: # Using devices
0: #  Rank  0 Group  0 Pid 245273 on  nid006887 device  0 [0009:01:00] NVIDIA GH200 120GB
0: #  Rank  1 Group  0 Pid 245273 on  nid006887 device  1 [0039:01:00] NVIDIA GH200 120GB
0: #
0: #                                                              out-of-place                       in-place          
0: #       size         count      type   redop    root     time   algbw   busbw  #wrong     time   algbw   busbw  #wrong 
0: #        (B)    (elements)                               (us)  (GB/s)  (GB/s)             (us)  (GB/s)  (GB/s)         
0:      8388608       2097152     float     sum      -1   115.88   72.39   72.39       0   115.69   72.51   72.51    N/A
0:     16777216       4194304     float     sum      -1   220.76   76.00   76.00       0   223.11   75.20   75.20    N/A
0:     33554432       8388608     float     sum      -1   422.08   79.50   79.50       0   423.32   79.26   79.26    N/A
0:     67108864      16777216     float     sum      -1   815.25   82.32   82.32       0   821.52   81.69   81.69    N/A
0:    134217728      33554432     float     sum      -1  1127.59  119.03  119.03       0  1118.97  119.95  119.95    N/A
0:    268435456      67108864     float     sum      -1  2217.10  121.07  121.07       0  2208.07  121.57  121.57    N/A
0: # Out of bounds values : 0 OK
0: # Avg bus bandwidth    : 91.7074 
0: #
0: # Collective test concluded: sendrecv_perf
0: #
0: 
0: 
0: ##### pass 14/20  pair g1-g2  sendrecv_perf
0: # nccl-tests version 2.17.8 nccl-headers=22903 nccl-library=22903
0: # Collective test starting: sendrecv_perf
0: # nThread 1 nGpus 2 minBytes 8388608 maxBytes 268435456 step: 2(factor) warmup iters: 5 iters: 20 agg iters: 1 validation: 1 graph: 0
0: #
0: # Using devices
0: #  Rank  0 Group  0 Pid 245312 on  nid006887 device  0 [0019:01:00] NVIDIA GH200 120GB
0: #  Rank  1 Group  0 Pid 245312 on  nid006887 device  1 [0029:01:00] NVIDIA GH200 120GB
0: #
0: #                                                              out-of-place                       in-place          
0: #       size         count      type   redop    root     time   algbw   busbw  #wrong     time   algbw   busbw  #wrong 
0: #        (B)    (elements)                               (us)  (GB/s)  (GB/s)             (us)  (GB/s)  (GB/s)         
0:      8388608       2097152     float     sum      -1   121.21   69.21   69.21       0   120.00   69.91   69.91    N/A
0:     16777216       4194304     float     sum      -1   220.66   76.03   76.03       0   223.00   75.23   75.23    N/A
0:     33554432       8388608     float     sum      -1   421.20   79.66   79.66       0   422.00   79.51   79.51    N/A
0:     67108864      16777216     float     sum      -1   818.62   81.98   81.98       0   819.79   81.86   81.86    N/A
0:    134217728      33554432     float     sum      -1  1125.45  119.26  119.26       0  1121.44  119.68  119.68    N/A
0:    268435456      67108864     float     sum      -1  2207.08  121.62  121.62       0  2205.85  121.69  121.69    N/A
0: # Out of bounds values : 0 OK
0: # Avg bus bandwidth    : 91.3046 
0: #
0: # Collective test concluded: sendrecv_perf
0: #
0: 
0: 
0: ##### pass 14/20  pair g1-g3  sendrecv_perf
0: # nccl-tests version 2.17.8 nccl-headers=22903 nccl-library=22903
0: # Collective test starting: sendrecv_perf
0: # nThread 1 nGpus 2 minBytes 8388608 maxBytes 268435456 step: 2(factor) warmup iters: 5 iters: 20 agg iters: 1 validation: 1 graph: 0
0: #
0: # Using devices
0: #  Rank  0 Group  0 Pid 245348 on  nid006887 device  0 [0019:01:00] NVIDIA GH200 120GB
0: #  Rank  1 Group  0 Pid 245348 on  nid006887 device  1 [0039:01:00] NVIDIA GH200 120GB
0: #
0: #                                                              out-of-place                       in-place          
0: #       size         count      type   redop    root     time   algbw   busbw  #wrong     time   algbw   busbw  #wrong 
0: #        (B)    (elements)                               (us)  (GB/s)  (GB/s)             (us)  (GB/s)  (GB/s)         
0:      8388608       2097152     float     sum      -1   115.65   72.54   72.54       0   117.86   71.18   71.18    N/A
0:     16777216       4194304     float     sum      -1   221.63   75.70   75.70       0   222.77   75.31   75.31    N/A
0:     33554432       8388608     float     sum      -1   421.94   79.53   79.53       0   422.37   79.44   79.44    N/A
0:     67108864      16777216     float     sum      -1   817.91   82.05   82.05       0   827.59   81.09   81.09    N/A
0:    134217728      33554432     float     sum      -1  1120.48  119.79  119.79       0  1121.91  119.63  119.63    N/A
0:    268435456      67108864     float     sum      -1  2203.83  121.80  121.80       0  2205.53  121.71  121.71    N/A
0: # Out of bounds values : 0 OK
0: # Avg bus bandwidth    : 91.6466 
0: #
0: # Collective test concluded: sendrecv_perf
0: #
0: 
0: 
0: ##### pass 14/20  pair g2-g3  sendrecv_perf
0: # nccl-tests version 2.17.8 nccl-headers=22903 nccl-library=22903
0: # Collective test starting: sendrecv_perf
0: # nThread 1 nGpus 2 minBytes 8388608 maxBytes 268435456 step: 2(factor) warmup iters: 5 iters: 20 agg iters: 1 validation: 1 graph: 0
0: #
0: # Using devices
0: #  Rank  0 Group  0 Pid 245387 on  nid006887 device  0 [0029:01:00] NVIDIA GH200 120GB
0: #  Rank  1 Group  0 Pid 245387 on  nid006887 device  1 [0039:01:00] NVIDIA GH200 120GB
0: #
0: #                                                              out-of-place                       in-place          
0: #       size         count      type   redop    root     time   algbw   busbw  #wrong     time   algbw   busbw  #wrong 
0: #        (B)    (elements)                               (us)  (GB/s)  (GB/s)             (us)  (GB/s)  (GB/s)         
0:      8388608       2097152     float     sum      -1   121.23   69.20   69.20       0   115.23   72.80   72.80    N/A
0:     16777216       4194304     float     sum      -1   221.07   75.89   75.89       0   216.90   77.35   77.35    N/A
0:     33554432       8388608     float     sum      -1   421.07   79.69   79.69       0   420.99   79.70   79.70    N/A
0:     67108864      16777216     float     sum      -1   812.44   82.60   82.60       0   817.49   82.09   82.09    N/A
0:    134217728      33554432     float     sum      -1  1126.21  119.18  119.18       0  1125.07  119.30  119.30    N/A
0:    268435456      67108864     float     sum      -1  2209.21  121.51  121.51       0  2201.40  121.94  121.94    N/A
0: # Out of bounds values : 0 OK
0: # Avg bus bandwidth    : 91.7704 
0: #
0: # Collective test concluded: sendrecv_perf
0: #
0: 
0: 
0: ##### pass 15/20  pair g0-g1  sendrecv_perf
0: # nccl-tests version 2.17.8 nccl-headers=22903 nccl-library=22903
0: # Collective test starting: sendrecv_perf
0: # nThread 1 nGpus 2 minBytes 8388608 maxBytes 268435456 step: 2(factor) warmup iters: 5 iters: 20 agg iters: 1 validation: 1 graph: 0
0: #
0: # Using devices
0: #  Rank  0 Group  0 Pid 245422 on  nid006887 device  0 [0009:01:00] NVIDIA GH200 120GB
0: #  Rank  1 Group  0 Pid 245422 on  nid006887 device  1 [0019:01:00] NVIDIA GH200 120GB
0: #
0: #                                                              out-of-place                       in-place          
0: #       size         count      type   redop    root     time   algbw   busbw  #wrong     time   algbw   busbw  #wrong 
0: #        (B)    (elements)                               (us)  (GB/s)  (GB/s)             (us)  (GB/s)  (GB/s)         
0:      8388608       2097152     float     sum      -1   117.57   71.35   71.35       0   115.56   72.59   72.59    N/A
0:     16777216       4194304     float     sum      -1   221.91   75.60   75.60       0   222.60   75.37   75.37    N/A
0:     33554432       8388608     float     sum      -1   422.82   79.36   79.36       0   424.74   79.00   79.00    N/A
0:     67108864      16777216     float     sum      -1   815.11   82.33   82.33       0   822.54   81.59   81.59    N/A
0:    134217728      33554432     float     sum      -1  1117.80  120.07  120.07       0  1122.34  119.59  119.59    N/A
0:    268435456      67108864     float     sum      -1  2211.66  121.37  121.37       0  2206.11  121.68  121.68    N/A
0: # Out of bounds values : 0 OK
0: # Avg bus bandwidth    : 91.6584 
0: #
0: # Collective test concluded: sendrecv_perf
0: #
0: 
0: 
0: ##### pass 15/20  pair g0-g2  sendrecv_perf
0: # nccl-tests version 2.17.8 nccl-headers=22903 nccl-library=22903
0: # Collective test starting: sendrecv_perf
0: # nThread 1 nGpus 2 minBytes 8388608 maxBytes 268435456 step: 2(factor) warmup iters: 5 iters: 20 agg iters: 1 validation: 1 graph: 0
0: #
0: # Using devices
0: #  Rank  0 Group  0 Pid 245461 on  nid006887 device  0 [0009:01:00] NVIDIA GH200 120GB
0: #  Rank  1 Group  0 Pid 245461 on  nid006887 device  1 [0029:01:00] NVIDIA GH200 120GB
0: #
0: #                                                              out-of-place                       in-place          
0: #       size         count      type   redop    root     time   algbw   busbw  #wrong     time   algbw   busbw  #wrong 
0: #        (B)    (elements)                               (us)  (GB/s)  (GB/s)             (us)  (GB/s)  (GB/s)         
0:      8388608       2097152     float     sum      -1   119.37   70.27   70.27       0   114.76   73.10   73.10    N/A
0:     16777216       4194304     float     sum      -1   220.50   76.09   76.09       0   222.36   75.45   75.45    N/A
0:     33554432       8388608     float     sum      -1   419.83   79.92   79.92       0   421.72   79.57   79.57    N/A
0:     67108864      16777216     float     sum      -1   816.25   82.22   82.22       0   820.74   81.77   81.77    N/A
0:    134217728      33554432     float     sum      -1  1123.73  119.44  119.44       0  1120.65  119.77  119.77    N/A
0:    268435456      67108864     float     sum      -1  2199.46  122.05  122.05       0  2208.37  121.55  121.55    N/A
0: # Out of bounds values : 0 OK
0: # Avg bus bandwidth    : 91.7655 
0: #
0: # Collective test concluded: sendrecv_perf
0: #
0: 
0: 
0: ##### pass 15/20  pair g0-g3  sendrecv_perf
0: # nccl-tests version 2.17.8 nccl-headers=22903 nccl-library=22903
0: # Collective test starting: sendrecv_perf
0: # nThread 1 nGpus 2 minBytes 8388608 maxBytes 268435456 step: 2(factor) warmup iters: 5 iters: 20 agg iters: 1 validation: 1 graph: 0
0: #
0: # Using devices
0: #  Rank  0 Group  0 Pid 245532 on  nid006887 device  0 [0009:01:00] NVIDIA GH200 120GB
0: #  Rank  1 Group  0 Pid 245532 on  nid006887 device  1 [0039:01:00] NVIDIA GH200 120GB
0: #
0: #                                                              out-of-place                       in-place          
0: #       size         count      type   redop    root     time   algbw   busbw  #wrong     time   algbw   busbw  #wrong 
0: #        (B)    (elements)                               (us)  (GB/s)  (GB/s)             (us)  (GB/s)  (GB/s)         
0:      8388608       2097152     float     sum      -1   118.03   71.07   71.07       0   118.65   70.70   70.70    N/A
0:     16777216       4194304     float     sum      -1   219.77   76.34   76.34       0   217.18   77.25   77.25    N/A
0:     33554432       8388608     float     sum      -1   420.20   79.85   79.85       0   424.53   79.04   79.04    N/A
0:     67108864      16777216     float     sum      -1   816.18   82.22   82.22       0   819.34   81.91   81.91    N/A
0:    134217728      33554432     float     sum      -1  1119.85  119.85  119.85       0  1122.78  119.54  119.54    N/A
0:    268435456      67108864     float     sum      -1  2206.47  121.66  121.66       0  2208.18  121.56  121.56    N/A
0: # Out of bounds values : 0 OK
0: # Avg bus bandwidth    : 91.7503 
0: #
0: # Collective test concluded: sendrecv_perf
0: #
0: 
0: 
0: ##### pass 15/20  pair g1-g2  sendrecv_perf
0: # nccl-tests version 2.17.8 nccl-headers=22903 nccl-library=22903
0: # Collective test starting: sendrecv_perf
0: # nThread 1 nGpus 2 minBytes 8388608 maxBytes 268435456 step: 2(factor) warmup iters: 5 iters: 20 agg iters: 1 validation: 1 graph: 0
0: #
0: # Using devices
0: #  Rank  0 Group  0 Pid 245574 on  nid006887 device  0 [0019:01:00] NVIDIA GH200 120GB
0: #  Rank  1 Group  0 Pid 245574 on  nid006887 device  1 [0029:01:00] NVIDIA GH200 120GB
0: #
0: #                                                              out-of-place                       in-place          
0: #       size         count      type   redop    root     time   algbw   busbw  #wrong     time   algbw   busbw  #wrong 
0: #        (B)    (elements)                               (us)  (GB/s)  (GB/s)             (us)  (GB/s)  (GB/s)         
0:      8388608       2097152     float     sum      -1   119.60   70.14   70.14       0   117.50   71.39   71.39    N/A
0:     16777216       4194304     float     sum      -1   220.82   75.98   75.98       0   220.23   76.18   76.18    N/A
0:     33554432       8388608     float     sum      -1   420.57   79.78   79.78       0   422.11   79.49   79.49    N/A
0:     67108864      16777216     float     sum      -1   818.53   81.99   81.99       0   820.11   81.83   81.83    N/A
0:    134217728      33554432     float     sum      -1  1121.82  119.64  119.64       0  1118.34  120.02  120.02    N/A
0:    268435456      67108864     float     sum      -1  2207.91  121.58  121.58       0  2208.69  121.54  121.54    N/A
0: # Out of bounds values : 0 OK
0: # Avg bus bandwidth    : 91.6294 
0: #
0: # Collective test concluded: sendrecv_perf
0: #
0: 
0: 
0: ##### pass 15/20  pair g1-g3  sendrecv_perf
0: # nccl-tests version 2.17.8 nccl-headers=22903 nccl-library=22903
0: # Collective test starting: sendrecv_perf
0: # nThread 1 nGpus 2 minBytes 8388608 maxBytes 268435456 step: 2(factor) warmup iters: 5 iters: 20 agg iters: 1 validation: 1 graph: 0
0: #
0: # Using devices
0: #  Rank  0 Group  0 Pid 245610 on  nid006887 device  0 [0019:01:00] NVIDIA GH200 120GB
0: #  Rank  1 Group  0 Pid 245610 on  nid006887 device  1 [0039:01:00] NVIDIA GH200 120GB
0: #
0: #                                                              out-of-place                       in-place          
0: #       size         count      type   redop    root     time   algbw   busbw  #wrong     time   algbw   busbw  #wrong 
0: #        (B)    (elements)                               (us)  (GB/s)  (GB/s)             (us)  (GB/s)  (GB/s)         
0:      8388608       2097152     float     sum      -1   116.06   72.28   72.28       0   117.38   71.47   71.47    N/A
0:     16777216       4194304     float     sum      -1   218.13   76.91   76.91       0   223.72   74.99   74.99    N/A
0:     33554432       8388608     float     sum      -1   421.85   79.54   79.54       0   420.59   79.78   79.78    N/A
0:     67108864      16777216     float     sum      -1   816.21   82.22   82.22       0   819.97   81.84   81.84    N/A
0:    134217728      33554432     float     sum      -1  1118.73  119.97  119.97       0  1121.78  119.65  119.65    N/A
0:    268435456      67108864     float     sum      -1  2211.93  121.36  121.36       0  2212.14  121.35  121.35    N/A
0: # Out of bounds values : 0 OK
0: # Avg bus bandwidth    : 91.7799 
0: #
0: # Collective test concluded: sendrecv_perf
0: #
0: 
0: 
0: ##### pass 15/20  pair g2-g3  sendrecv_perf
0: # nccl-tests version 2.17.8 nccl-headers=22903 nccl-library=22903
0: # Collective test starting: sendrecv_perf
0: # nThread 1 nGpus 2 minBytes 8388608 maxBytes 268435456 step: 2(factor) warmup iters: 5 iters: 20 agg iters: 1 validation: 1 graph: 0
0: #
0: # Using devices
0: #  Rank  0 Group  0 Pid 245648 on  nid006887 device  0 [0029:01:00] NVIDIA GH200 120GB
0: #  Rank  1 Group  0 Pid 245648 on  nid006887 device  1 [0039:01:00] NVIDIA GH200 120GB
0: #
0: #                                                              out-of-place                       in-place          
0: #       size         count      type   redop    root     time   algbw   busbw  #wrong     time   algbw   busbw  #wrong 
0: #        (B)    (elements)                               (us)  (GB/s)  (GB/s)             (us)  (GB/s)  (GB/s)         
0:      8388608       2097152     float     sum      -1   118.34   70.89   70.89       0   115.20   72.82   72.82    N/A
0:     16777216       4194304     float     sum      -1   222.48   75.41   75.41       0   221.01   75.91   75.91    N/A
0:     33554432       8388608     float     sum      -1   421.11   79.68   79.68       0   420.45   79.81   79.81    N/A
0:     67108864      16777216     float     sum      -1   811.49   82.70   82.70       0   818.46   81.99   81.99    N/A
0:    134217728      33554432     float     sum      -1  1119.49  119.89  119.89       0  1115.31  120.34  120.34    N/A
0:    268435456      67108864     float     sum      -1  2205.35  121.72  121.72       0  2201.24  121.95  121.95    N/A
0: # Out of bounds values : 0 OK
0: # Avg bus bandwidth    : 91.9256 
0: #
0: # Collective test concluded: sendrecv_perf
0: #
0: 
0: 
0: ##### pass 16/20  pair g0-g1  sendrecv_perf
0: # nccl-tests version 2.17.8 nccl-headers=22903 nccl-library=22903
0: # Collective test starting: sendrecv_perf
0: # nThread 1 nGpus 2 minBytes 8388608 maxBytes 268435456 step: 2(factor) warmup iters: 5 iters: 20 agg iters: 1 validation: 1 graph: 0
0: #
0: # Using devices
0: #  Rank  0 Group  0 Pid 245683 on  nid006887 device  0 [0009:01:00] NVIDIA GH200 120GB
0: #  Rank  1 Group  0 Pid 245683 on  nid006887 device  1 [0019:01:00] NVIDIA GH200 120GB
0: #
0: #                                                              out-of-place                       in-place          
0: #       size         count      type   redop    root     time   algbw   busbw  #wrong     time   algbw   busbw  #wrong 
0: #        (B)    (elements)                               (us)  (GB/s)  (GB/s)             (us)  (GB/s)  (GB/s)         
0:      8388608       2097152     float     sum      -1   115.86   72.40   72.40       0   115.38   72.70   72.70    N/A
0:     16777216       4194304     float     sum      -1   221.89   75.61   75.61       0   218.30   76.85   76.85    N/A
0:     33554432       8388608     float     sum      -1   420.85   79.73   79.73       0   422.85   79.35   79.35    N/A
0:     67108864      16777216     float     sum      -1   815.73   82.27   82.27       0   822.25   81.62   81.62    N/A
0:    134217728      33554432     float     sum      -1  1123.21  119.50  119.50       0  1128.87  118.90  118.90    N/A
0:    268435456      67108864     float     sum      -1  2210.40  121.44  121.44       0  2219.49  120.94  120.94    N/A
0: # Out of bounds values : 0 OK
0: # Avg bus bandwidth    : 91.7764 
0: #
0: # Collective test concluded: sendrecv_perf
0: #
0: 
0: 
0: ##### pass 16/20  pair g0-g2  sendrecv_perf
0: # nccl-tests version 2.17.8 nccl-headers=22903 nccl-library=22903
0: # Collective test starting: sendrecv_perf
0: # nThread 1 nGpus 2 minBytes 8388608 maxBytes 268435456 step: 2(factor) warmup iters: 5 iters: 20 agg iters: 1 validation: 1 graph: 0
0: #
0: # Using devices
0: #  Rank  0 Group  0 Pid 245723 on  nid006887 device  0 [0009:01:00] NVIDIA GH200 120GB
0: #  Rank  1 Group  0 Pid 245723 on  nid006887 device  1 [0029:01:00] NVIDIA GH200 120GB
0: #
0: #                                                              out-of-place                       in-place          
0: #       size         count      type   redop    root     time   algbw   busbw  #wrong     time   algbw   busbw  #wrong 
0: #        (B)    (elements)                               (us)  (GB/s)  (GB/s)             (us)  (GB/s)  (GB/s)         
0:      8388608       2097152     float     sum      -1   115.91   72.37   72.37       0   116.30   72.13   72.13    N/A
0:     16777216       4194304     float     sum      -1   218.48   76.79   76.79       0   222.68   75.34   75.34    N/A
0:     33554432       8388608     float     sum      -1   423.47   79.24   79.24       0   421.46   79.61   79.61    N/A
0:     67108864      16777216     float     sum      -1   815.54   82.29   82.29       0   825.81   81.26   81.26    N/A
0:    134217728      33554432     float     sum      -1  1127.63  119.03  119.03       0  1121.70  119.66  119.66    N/A
0:    268435456      67108864     float     sum      -1  2204.60  121.76  121.76       0  2208.63  121.54  121.54    N/A
0: # Out of bounds values : 0 OK
0: # Avg bus bandwidth    : 91.7515 
0: #
0: # Collective test concluded: sendrecv_perf
0: #
0: 
0: 
0: ##### pass 16/20  pair g0-g3  sendrecv_perf
0: # nccl-tests version 2.17.8 nccl-headers=22903 nccl-library=22903
0: # Collective test starting: sendrecv_perf
0: # nThread 1 nGpus 2 minBytes 8388608 maxBytes 268435456 step: 2(factor) warmup iters: 5 iters: 20 agg iters: 1 validation: 1 graph: 0
0: #
0: # Using devices
0: #  Rank  0 Group  0 Pid 245760 on  nid006887 device  0 [0009:01:00] NVIDIA GH200 120GB
0: #  Rank  1 Group  0 Pid 245760 on  nid006887 device  1 [0039:01:00] NVIDIA GH200 120GB
0: #
0: #                                                              out-of-place                       in-place          
0: #       size         count      type   redop    root     time   algbw   busbw  #wrong     time   algbw   busbw  #wrong 
0: #        (B)    (elements)                               (us)  (GB/s)  (GB/s)             (us)  (GB/s)  (GB/s)         
0:      8388608       2097152     float     sum      -1   116.14   72.23   72.23       0   115.68   72.52   72.52    N/A
0:     16777216       4194304     float     sum      -1   217.33   77.20   77.20       0   220.64   76.04   76.04    N/A
0:     33554432       8388608     float     sum      -1   420.60   79.78   79.78       0   423.55   79.22   79.22    N/A
0:     67108864      16777216     float     sum      -1   812.49   82.60   82.60       0   827.85   81.06   81.06    N/A
0:    134217728      33554432     float     sum      -1  1121.86  119.64  119.64       0  1123.09  119.51  119.51    N/A
0:    268435456      67108864     float     sum      -1  2210.39  121.44  121.44       0  2203.82  121.80  121.80    N/A
0: # Out of bounds values : 0 OK
0: # Avg bus bandwidth    : 91.9198 
0: #
0: # Collective test concluded: sendrecv_perf
0: #
0: 
0: 
0: ##### pass 16/20  pair g1-g2  sendrecv_perf
0: # nccl-tests version 2.17.8 nccl-headers=22903 nccl-library=22903
0: # Collective test starting: sendrecv_perf
0: # nThread 1 nGpus 2 minBytes 8388608 maxBytes 268435456 step: 2(factor) warmup iters: 5 iters: 20 agg iters: 1 validation: 1 graph: 0
0: #
0: # Using devices
0: #  Rank  0 Group  0 Pid 245824 on  nid006887 device  0 [0019:01:00] NVIDIA GH200 120GB
0: #  Rank  1 Group  0 Pid 245824 on  nid006887 device  1 [0029:01:00] NVIDIA GH200 120GB
0: #
0: #                                                              out-of-place                       in-place          
0: #       size         count      type   redop    root     time   algbw   busbw  #wrong     time   algbw   busbw  #wrong 
0: #        (B)    (elements)                               (us)  (GB/s)  (GB/s)             (us)  (GB/s)  (GB/s)         
0:      8388608       2097152     float     sum      -1   115.71   72.50   72.50       0   116.40   72.07   72.07    N/A
0:     16777216       4194304     float     sum      -1   219.73   76.36   76.36       0   220.79   75.99   75.99    N/A
0:     33554432       8388608     float     sum      -1   419.23   80.04   80.04       0   421.95   79.52   79.52    N/A
0:     67108864      16777216     float     sum      -1   806.33   83.23   83.23       0   820.45   81.80   81.80    N/A
0:    134217728      33554432     float     sum      -1  1123.30  119.48  119.48       0  1117.89  120.06  120.06    N/A
0:    268435456      67108864     float     sum      -1  2204.78  121.75  121.75       0  2203.62  121.82  121.82    N/A
0: # Out of bounds values : 0 OK
0: # Avg bus bandwidth    : 92.0505 
0: #
0: # Collective test concluded: sendrecv_perf
0: #
0: 
0: 
0: ##### pass 16/20  pair g1-g3  sendrecv_perf
0: # nccl-tests version 2.17.8 nccl-headers=22903 nccl-library=22903
0: # Collective test starting: sendrecv_perf
0: # nThread 1 nGpus 2 minBytes 8388608 maxBytes 268435456 step: 2(factor) warmup iters: 5 iters: 20 agg iters: 1 validation: 1 graph: 0
0: #
0: # Using devices
0: #  Rank  0 Group  0 Pid 245861 on  nid006887 device  0 [0019:01:00] NVIDIA GH200 120GB
0: #  Rank  1 Group  0 Pid 245861 on  nid006887 device  1 [0039:01:00] NVIDIA GH200 120GB
0: #
0: #                                                              out-of-place                       in-place          
0: #       size         count      type   redop    root     time   algbw   busbw  #wrong     time   algbw   busbw  #wrong 
0: #        (B)    (elements)                               (us)  (GB/s)  (GB/s)             (us)  (GB/s)  (GB/s)         
0:      8388608       2097152     float     sum      -1   115.92   72.36   72.36       0   115.41   72.68   72.68    N/A
0:     16777216       4194304     float     sum      -1   217.55   77.12   77.12       0   218.32   76.85   76.85    N/A
0:     33554432       8388608     float     sum      -1   419.97   79.90   79.90       0   419.60   79.97   79.97    N/A
0:     67108864      16777216     float     sum      -1   810.91   82.76   82.76       0   820.74   81.77   81.77    N/A
0:    134217728      33554432     float     sum      -1  1121.06  119.72  119.72       0  1124.53  119.35  119.35    N/A
0:    268435456      67108864     float     sum      -1  2214.37  121.22  121.22       0  2212.06  121.35  121.35    N/A
0: # Out of bounds values : 0 OK
0: # Avg bus bandwidth    : 92.0883 
0: #
0: # Collective test concluded: sendrecv_perf
0: #
0: 
0: 
0: ##### pass 16/20  pair g2-g3  sendrecv_perf
0: # nccl-tests version 2.17.8 nccl-headers=22903 nccl-library=22903
0: # Collective test starting: sendrecv_perf
0: # nThread 1 nGpus 2 minBytes 8388608 maxBytes 268435456 step: 2(factor) warmup iters: 5 iters: 20 agg iters: 1 validation: 1 graph: 0
0: #
0: # Using devices
0: #  Rank  0 Group  0 Pid 245897 on  nid006887 device  0 [0029:01:00] NVIDIA GH200 120GB
0: #  Rank  1 Group  0 Pid 245897 on  nid006887 device  1 [0039:01:00] NVIDIA GH200 120GB
0: #
0: #                                                              out-of-place                       in-place          
0: #       size         count      type   redop    root     time   algbw   busbw  #wrong     time   algbw   busbw  #wrong 
0: #        (B)    (elements)                               (us)  (GB/s)  (GB/s)             (us)  (GB/s)  (GB/s)         
0:      8388608       2097152     float     sum      -1   115.64   72.54   72.54       0   117.96   71.11   71.11    N/A
0:     16777216       4194304     float     sum      -1   221.67   75.69   75.69       0   220.42   76.12   76.12    N/A
0:     33554432       8388608     float     sum      -1   421.20   79.66   79.66       0   422.19   79.48   79.48    N/A
0:     67108864      16777216     float     sum      -1   811.12   82.74   82.74       0   816.59   82.18   82.18    N/A
0:    134217728      33554432     float     sum      -1  1123.41  119.47  119.47       0  1123.85  119.43  119.43    N/A
0:    268435456      67108864     float     sum      -1  2207.05  121.63  121.63       0  2206.40  121.66  121.66    N/A
0: # Out of bounds values : 0 OK
0: # Avg bus bandwidth    : 91.8089 
0: #
0: # Collective test concluded: sendrecv_perf
0: #
0: 
0: 
0: ##### pass 17/20  pair g0-g1  sendrecv_perf
0: # nccl-tests version 2.17.8 nccl-headers=22903 nccl-library=22903
0: # Collective test starting: sendrecv_perf
0: # nThread 1 nGpus 2 minBytes 8388608 maxBytes 268435456 step: 2(factor) warmup iters: 5 iters: 20 agg iters: 1 validation: 1 graph: 0
0: #
0: # Using devices
0: #  Rank  0 Group  0 Pid 245940 on  nid006887 device  0 [0009:01:00] NVIDIA GH200 120GB
0: #  Rank  1 Group  0 Pid 245940 on  nid006887 device  1 [0019:01:00] NVIDIA GH200 120GB
0: #
0: #                                                              out-of-place                       in-place          
0: #       size         count      type   redop    root     time   algbw   busbw  #wrong     time   algbw   busbw  #wrong 
0: #        (B)    (elements)                               (us)  (GB/s)  (GB/s)             (us)  (GB/s)  (GB/s)         
0:      8388608       2097152     float     sum      -1   117.79   71.22   71.22       0   115.50   72.63   72.63    N/A
0:     16777216       4194304     float     sum      -1   219.14   76.56   76.56       0   217.33   77.20   77.20    N/A
0:     33554432       8388608     float     sum      -1   422.06   79.50   79.50       0   420.56   79.78   79.78    N/A
0:     67108864      16777216     float     sum      -1   815.20   82.32   82.32       0   826.00   81.25   81.25    N/A
0:    134217728      33554432     float     sum      -1  1124.04  119.41  119.41       0  1124.02  119.41  119.41    N/A
0:    268435456      67108864     float     sum      -1  2208.77  121.53  121.53       0  2203.23  121.84  121.84    N/A
0: # Out of bounds values : 0 OK
0: # Avg bus bandwidth    : 91.8864 
0: #
0: # Collective test concluded: sendrecv_perf
0: #
0: 
0: 
0: ##### pass 17/20  pair g0-g2  sendrecv_perf
0: # nccl-tests version 2.17.8 nccl-headers=22903 nccl-library=22903
0: # Collective test starting: sendrecv_perf
0: # nThread 1 nGpus 2 minBytes 8388608 maxBytes 268435456 step: 2(factor) warmup iters: 5 iters: 20 agg iters: 1 validation: 1 graph: 0
0: #
0: # Using devices
0: #  Rank  0 Group  0 Pid 245978 on  nid006887 device  0 [0009:01:00] NVIDIA GH200 120GB
0: #  Rank  1 Group  0 Pid 245978 on  nid006887 device  1 [0029:01:00] NVIDIA GH200 120GB
0: #
0: #                                                              out-of-place                       in-place          
0: #       size         count      type   redop    root     time   algbw   busbw  #wrong     time   algbw   busbw  #wrong 
0: #        (B)    (elements)                               (us)  (GB/s)  (GB/s)             (us)  (GB/s)  (GB/s)         
0:      8388608       2097152     float     sum      -1   119.14   70.41   70.41       0   115.28   72.77   72.77    N/A
0:     16777216       4194304     float     sum      -1   222.73   75.32   75.32       0   221.74   75.66   75.66    N/A
0:     33554432       8388608     float     sum      -1   422.80   79.36   79.36       0   422.63   79.39   79.39    N/A
0:     67108864      16777216     float     sum      -1   815.67   82.27   82.27       0   825.21   81.32   81.32    N/A
0:    134217728      33554432     float     sum      -1  1124.47  119.36  119.36       0  1119.66  119.87  119.87    N/A
0:    268435456      67108864     float     sum      -1  2211.01  121.41  121.41       0  2206.16  121.68  121.68    N/A
0: # Out of bounds values : 0 OK
0: # Avg bus bandwidth    : 91.5697 
0: #
0: # Collective test concluded: sendrecv_perf
0: #
0: 
0: 
0: ##### pass 17/20  pair g0-g3  sendrecv_perf
0: # nccl-tests version 2.17.8 nccl-headers=22903 nccl-library=22903
0: # Collective test starting: sendrecv_perf
0: # nThread 1 nGpus 2 minBytes 8388608 maxBytes 268435456 step: 2(factor) warmup iters: 5 iters: 20 agg iters: 1 validation: 1 graph: 0
0: #
0: # Using devices
0: #  Rank  0 Group  0 Pid 246015 on  nid006887 device  0 [0009:01:00] NVIDIA GH200 120GB
0: #  Rank  1 Group  0 Pid 246015 on  nid006887 device  1 [0039:01:00] NVIDIA GH200 120GB
0: #
0: #                                                              out-of-place                       in-place          
0: #       size         count      type   redop    root     time   algbw   busbw  #wrong     time   algbw   busbw  #wrong 
0: #        (B)    (elements)                               (us)  (GB/s)  (GB/s)             (us)  (GB/s)  (GB/s)         
0:      8388608       2097152     float     sum      -1   115.61   72.56   72.56       0   115.32   72.74   72.74    N/A
0:     16777216       4194304     float     sum      -1   222.47   75.41   75.41       0   217.92   76.99   76.99    N/A
0:     33554432       8388608     float     sum      -1   420.94   79.71   79.71       0   423.29   79.27   79.27    N/A
0:     67108864      16777216     float     sum      -1   813.99   82.44   82.44       0   822.84   81.56   81.56    N/A
0:    134217728      33554432     float     sum      -1  1119.68  119.87  119.87       0  1121.71  119.65  119.65    N/A
0:    268435456      67108864     float     sum      -1  2207.09  121.62  121.62       0  2203.39  121.83  121.83    N/A
0: # Out of bounds values : 0 OK
0: # Avg bus bandwidth    : 91.9726 
0: #
0: # Collective test concluded: sendrecv_perf
0: #
0: 
0: 
0: ##### pass 17/20  pair g1-g2  sendrecv_perf
0: # nccl-tests version 2.17.8 nccl-headers=22903 nccl-library=22903
0: # Collective test starting: sendrecv_perf
0: # nThread 1 nGpus 2 minBytes 8388608 maxBytes 268435456 step: 2(factor) warmup iters: 5 iters: 20 agg iters: 1 validation: 1 graph: 0
0: #
0: # Using devices
0: #  Rank  0 Group  0 Pid 246055 on  nid006887 device  0 [0019:01:00] NVIDIA GH200 120GB
0: #  Rank  1 Group  0 Pid 246055 on  nid006887 device  1 [0029:01:00] NVIDIA GH200 120GB
0: #
0: #                                                              out-of-place                       in-place          
0: #       size         count      type   redop    root     time   algbw   busbw  #wrong     time   algbw   busbw  #wrong 
0: #        (B)    (elements)                               (us)  (GB/s)  (GB/s)             (us)  (GB/s)  (GB/s)         
0:      8388608       2097152     float     sum      -1   118.20   70.97   70.97       0   119.29   70.32   70.32    N/A
0:     16777216       4194304     float     sum      -1   221.11   75.88   75.88       0   220.98   75.92   75.92    N/A
0:     33554432       8388608     float     sum      -1   420.93   79.71   79.71       0   421.00   79.70   79.70    N/A
0:     67108864      16777216     float     sum      -1   808.88   82.96   82.96       0   824.22   81.42   81.42    N/A
0:    134217728      33554432     float     sum      -1  1123.07  119.51  119.51       0  1120.53  119.78  119.78    N/A
0:    268435456      67108864     float     sum      -1  2209.81  121.47  121.47       0  2209.68  121.48  121.48    N/A
0: # Out of bounds values : 0 OK
0: # Avg bus bandwidth    : 91.595 
0: #
0: # Collective test concluded: sendrecv_perf
0: #
0: 
0: 
0: ##### pass 17/20  pair g1-g3  sendrecv_perf
0: # nccl-tests version 2.17.8 nccl-headers=22903 nccl-library=22903
0: # Collective test starting: sendrecv_perf
0: # nThread 1 nGpus 2 minBytes 8388608 maxBytes 268435456 step: 2(factor) warmup iters: 5 iters: 20 agg iters: 1 validation: 1 graph: 0
0: #
0: # Using devices
0: #  Rank  0 Group  0 Pid 246115 on  nid006887 device  0 [0019:01:00] NVIDIA GH200 120GB
0: #  Rank  1 Group  0 Pid 246115 on  nid006887 device  1 [0039:01:00] NVIDIA GH200 120GB
0: #
0: #                                                              out-of-place                       in-place          
0: #       size         count      type   redop    root     time   algbw   busbw  #wrong     time   algbw   busbw  #wrong 
0: #        (B)    (elements)                               (us)  (GB/s)  (GB/s)             (us)  (GB/s)  (GB/s)         
0:      8388608       2097152     float     sum      -1   116.45   72.03   72.03       0   119.22   70.36   70.36    N/A
0:     16777216       4194304     float     sum      -1   221.64   75.69   75.69       0   217.09   77.28   77.28    N/A
0:     33554432       8388608     float     sum      -1   420.00   79.89   79.89       0   422.83   79.36   79.36    N/A
0:     67108864      16777216     float     sum      -1   811.28   82.72   82.72       0   818.24   82.02   82.02    N/A
0:    134217728      33554432     float     sum      -1  1124.11  119.40  119.40       0  1122.71  119.55  119.55    N/A
0:    268435456      67108864     float     sum      -1  2214.09  121.24  121.24       0  2207.33  121.61  121.61    N/A
0: # Out of bounds values : 0 OK
0: # Avg bus bandwidth    : 91.7626 
0: #
0: # Collective test concluded: sendrecv_perf
0: #
0: 
0: 
0: ##### pass 17/20  pair g2-g3  sendrecv_perf
0: # nccl-tests version 2.17.8 nccl-headers=22903 nccl-library=22903
0: # Collective test starting: sendrecv_perf
0: # nThread 1 nGpus 2 minBytes 8388608 maxBytes 268435456 step: 2(factor) warmup iters: 5 iters: 20 agg iters: 1 validation: 1 graph: 0
0: #
0: # Using devices
0: #  Rank  0 Group  0 Pid 246154 on  nid006887 device  0 [0029:01:00] NVIDIA GH200 120GB
0: #  Rank  1 Group  0 Pid 246154 on  nid006887 device  1 [0039:01:00] NVIDIA GH200 120GB
0: #
0: #                                                              out-of-place                       in-place          
0: #       size         count      type   redop    root     time   algbw   busbw  #wrong     time   algbw   busbw  #wrong 
0: #        (B)    (elements)                               (us)  (GB/s)  (GB/s)             (us)  (GB/s)  (GB/s)         
0:      8388608       2097152     float     sum      -1   115.42   72.68   72.68       0   115.87   72.40   72.40    N/A
0:     16777216       4194304     float     sum      -1   221.28   75.82   75.82       0   218.35   76.84   76.84    N/A
0:     33554432       8388608     float     sum      -1   421.98   79.52   79.52       0   420.96   79.71   79.71    N/A
0:     67108864      16777216     float     sum      -1   809.57   82.89   82.89       0   819.08   81.93   81.93    N/A
0:    134217728      33554432     float     sum      -1  1117.32  120.12  120.12       0  1129.55  118.82  118.82    N/A
0:    268435456      67108864     float     sum      -1  2207.77  121.59  121.59       0  2202.67  121.87  121.87    N/A
0: # Out of bounds values : 0 OK
0: # Avg bus bandwidth    : 92.0159 
0: #
0: # Collective test concluded: sendrecv_perf
0: #
0: 
0: 
0: ##### pass 18/20  pair g0-g1  sendrecv_perf
0: # nccl-tests version 2.17.8 nccl-headers=22903 nccl-library=22903
0: # Collective test starting: sendrecv_perf
0: # nThread 1 nGpus 2 minBytes 8388608 maxBytes 268435456 step: 2(factor) warmup iters: 5 iters: 20 agg iters: 1 validation: 1 graph: 0
0: #
0: # Using devices
0: #  Rank  0 Group  0 Pid 246191 on  nid006887 device  0 [0009:01:00] NVIDIA GH200 120GB
0: #  Rank  1 Group  0 Pid 246191 on  nid006887 device  1 [0019:01:00] NVIDIA GH200 120GB
0: #
0: #                                                              out-of-place                       in-place          
0: #       size         count      type   redop    root     time   algbw   busbw  #wrong     time   algbw   busbw  #wrong 
0: #        (B)    (elements)                               (us)  (GB/s)  (GB/s)             (us)  (GB/s)  (GB/s)         
0:      8388608       2097152     float     sum      -1   115.33   72.74   72.74       0   115.54   72.60   72.60    N/A
0:     16777216       4194304     float     sum      -1   221.18   75.85   75.85       0   217.69   77.07   77.07    N/A
0:     33554432       8388608     float     sum      -1   420.46   79.80   79.80       0   421.82   79.55   79.55    N/A
0:     67108864      16777216     float     sum      -1   808.88   82.97   82.97       0   819.91   81.85   81.85    N/A
0:    134217728      33554432     float     sum      -1  1122.35  119.59  119.59       0  1118.00  120.05  120.05    N/A
0:    268435456      67108864     float     sum      -1  2205.15  121.73  121.73       0  2206.15  121.68  121.68    N/A
0: # Out of bounds values : 0 OK
0: # Avg bus bandwidth    : 92.1228 
0: #
0: # Collective test concluded: sendrecv_perf
0: #
0: 
0: 
0: ##### pass 18/20  pair g0-g2  sendrecv_perf
0: # nccl-tests version 2.17.8 nccl-headers=22903 nccl-library=22903
0: # Collective test starting: sendrecv_perf
0: # nThread 1 nGpus 2 minBytes 8388608 maxBytes 268435456 step: 2(factor) warmup iters: 5 iters: 20 agg iters: 1 validation: 1 graph: 0
0: #
0: # Using devices
0: #  Rank  0 Group  0 Pid 246230 on  nid006887 device  0 [0009:01:00] NVIDIA GH200 120GB
0: #  Rank  1 Group  0 Pid 246230 on  nid006887 device  1 [0029:01:00] NVIDIA GH200 120GB
0: #
0: #                                                              out-of-place                       in-place          
0: #       size         count      type   redop    root     time   algbw   busbw  #wrong     time   algbw   busbw  #wrong 
0: #        (B)    (elements)                               (us)  (GB/s)  (GB/s)             (us)  (GB/s)  (GB/s)         
0:      8388608       2097152     float     sum      -1   115.20   72.82   72.82       0   115.06   72.90   72.90    N/A
0:     16777216       4194304     float     sum      -1   221.12   75.87   75.87       0   219.78   76.34   76.34    N/A
0:     33554432       8388608     float     sum      -1   421.27   79.65   79.65       0   421.45   79.62   79.62    N/A
0:     67108864      16777216     float     sum      -1   807.07   83.15   83.15       0   821.54   81.69   81.69    N/A
0:    134217728      33554432     float     sum      -1  1120.46  119.79  119.79       0  1123.53  119.46  119.46    N/A
0:    268435456      67108864     float     sum      -1  2206.04  121.68  121.68       0  2200.86  121.97  121.97    N/A
0: # Out of bounds values : 0 OK
0: # Avg bus bandwidth    : 92.078 
0: #
0: # Collective test concluded: sendrecv_perf
0: #
0: 
0: 
0: ##### pass 18/20  pair g0-g3  sendrecv_perf
0: # nccl-tests version 2.17.8 nccl-headers=22903 nccl-library=22903
0: # Collective test starting: sendrecv_perf
0: # nThread 1 nGpus 2 minBytes 8388608 maxBytes 268435456 step: 2(factor) warmup iters: 5 iters: 20 agg iters: 1 validation: 1 graph: 0
0: #
0: # Using devices
0: #  Rank  0 Group  0 Pid 246266 on  nid006887 device  0 [0009:01:00] NVIDIA GH200 120GB
0: #  Rank  1 Group  0 Pid 246266 on  nid006887 device  1 [0039:01:00] NVIDIA GH200 120GB
0: #
0: #                                                              out-of-place                       in-place          
0: #       size         count      type   redop    root     time   algbw   busbw  #wrong     time   algbw   busbw  #wrong 
0: #        (B)    (elements)                               (us)  (GB/s)  (GB/s)             (us)  (GB/s)  (GB/s)         
0:      8388608       2097152     float     sum      -1   115.84   72.41   72.41       0   114.86   73.04   73.04    N/A
0:     16777216       4194304     float     sum      -1   218.84   76.67   76.67       0   219.49   76.44   76.44    N/A
0:     33554432       8388608     float     sum      -1   419.05   80.07   80.07       0   420.40   79.82   79.82    N/A
0:     67108864      16777216     float     sum      -1   807.79   83.08   83.08       0   820.07   81.83   81.83    N/A
0:    134217728      33554432     float     sum      -1  1125.31  119.27  119.27       0  1120.41  119.79  119.79    N/A
0:    268435456      67108864     float     sum      -1  2204.79  121.75  121.75       0  2208.41  121.55  121.55    N/A
0: # Out of bounds values : 0 OK
0: # Avg bus bandwidth    : 92.1432 
0: #
0: # Collective test concluded: sendrecv_perf
0: #
0: 
0: 
0: ##### pass 18/20  pair g1-g2  sendrecv_perf
0: # nccl-tests version 2.17.8 nccl-headers=22903 nccl-library=22903
0: # Collective test starting: sendrecv_perf
0: # nThread 1 nGpus 2 minBytes 8388608 maxBytes 268435456 step: 2(factor) warmup iters: 5 iters: 20 agg iters: 1 validation: 1 graph: 0
0: #
0: # Using devices
0: #  Rank  0 Group  0 Pid 246304 on  nid006887 device  0 [0019:01:00] NVIDIA GH200 120GB
0: #  Rank  1 Group  0 Pid 246304 on  nid006887 device  1 [0029:01:00] NVIDIA GH200 120GB
0: #
0: #                                                              out-of-place                       in-place          
0: #       size         count      type   redop    root     time   algbw   busbw  #wrong     time   algbw   busbw  #wrong 
0: #        (B)    (elements)                               (us)  (GB/s)  (GB/s)             (us)  (GB/s)  (GB/s)         
0:      8388608       2097152     float     sum      -1   116.09   72.26   72.26       0   115.26   72.78   72.78    N/A
0:     16777216       4194304     float     sum      -1   217.06   77.29   77.29       0   217.39   77.18   77.18    N/A
0:     33554432       8388608     float     sum      -1   422.09   79.50   79.50       0   422.70   79.38   79.38    N/A
0:     67108864      16777216     float     sum      -1   813.79   82.47   82.47       0   820.76   81.76   81.76    N/A
0:    134217728      33554432     float     sum      -1  1121.35  119.69  119.69       0  1118.18  120.03  120.03    N/A
0:    268435456      67108864     float     sum      -1  2208.87  121.53  121.53       0  2201.30  121.94  121.94    N/A
0: # Out of bounds values : 0 OK
0: # Avg bus bandwidth    : 92.1508 
0: #
0: # Collective test concluded: sendrecv_perf
0: #
0: 
0: 
0: ##### pass 18/20  pair g1-g3  sendrecv_perf
0: # nccl-tests version 2.17.8 nccl-headers=22903 nccl-library=22903
0: # Collective test starting: sendrecv_perf
0: # nThread 1 nGpus 2 minBytes 8388608 maxBytes 268435456 step: 2(factor) warmup iters: 5 iters: 20 agg iters: 1 validation: 1 graph: 0
0: #
0: # Using devices
0: #  Rank  0 Group  0 Pid 246366 on  nid006887 device  0 [0019:01:00] NVIDIA GH200 120GB
0: #  Rank  1 Group  0 Pid 246366 on  nid006887 device  1 [0039:01:00] NVIDIA GH200 120GB
0: #
0: #                                                              out-of-place                       in-place          
0: #       size         count      type   redop    root     time   algbw   busbw  #wrong     time   algbw   busbw  #wrong 
0: #        (B)    (elements)                               (us)  (GB/s)  (GB/s)             (us)  (GB/s)  (GB/s)         
0:      8388608       2097152     float     sum      -1   115.93   72.36   72.36       0   119.01   70.49   70.49    N/A
0:     16777216       4194304     float     sum      -1   218.67   76.72   76.72       0   217.44   77.16   77.16    N/A
0:     33554432       8388608     float     sum      -1   421.79   79.55   79.55       0   421.65   79.58   79.58    N/A
0:     67108864      16777216     float     sum      -1   809.63   82.89   82.89       0   810.12   82.84   82.84    N/A
0:    134217728      33554432     float     sum      -1  1129.05  118.88  118.88       0  1119.13  119.93  119.93    N/A
0:    268435456      67108864     float     sum      -1  2211.08  121.40  121.40       0  2212.27  121.34  121.34    N/A
0: # Out of bounds values : 0 OK
0: # Avg bus bandwidth    : 91.928 
0: #
0: # Collective test concluded: sendrecv_perf
0: #
0: 
0: 
0: ##### pass 18/20  pair g2-g3  sendrecv_perf
0: # nccl-tests version 2.17.8 nccl-headers=22903 nccl-library=22903
0: # Collective test starting: sendrecv_perf
0: # nThread 1 nGpus 2 minBytes 8388608 maxBytes 268435456 step: 2(factor) warmup iters: 5 iters: 20 agg iters: 1 validation: 1 graph: 0
0: #
0: # Using devices
0: #  Rank  0 Group  0 Pid 246431 on  nid006887 device  0 [0029:01:00] NVIDIA GH200 120GB
0: #  Rank  1 Group  0 Pid 246431 on  nid006887 device  1 [0039:01:00] NVIDIA GH200 120GB
0: #
0: #                                                              out-of-place                       in-place          
0: #       size         count      type   redop    root     time   algbw   busbw  #wrong     time   algbw   busbw  #wrong 
0: #        (B)    (elements)                               (us)  (GB/s)  (GB/s)             (us)  (GB/s)  (GB/s)         
0:      8388608       2097152     float     sum      -1   119.87   69.98   69.98       0   114.85   73.04   73.04    N/A
0:     16777216       4194304     float     sum      -1   220.29   76.16   76.16       0   217.80   77.03   77.03    N/A
0:     33554432       8388608     float     sum      -1   420.55   79.79   79.79       0   419.19   80.05   80.05    N/A
0:     67108864      16777216     float     sum      -1   815.34   82.31   82.31       0   818.88   81.95   81.95    N/A
0:    134217728      33554432     float     sum      -1  1127.22  119.07  119.07       0  1123.98  119.41  119.41    N/A
0:    268435456      67108864     float     sum      -1  2211.08  121.40  121.40       0  2203.78  121.81  121.81    N/A
0: # Out of bounds values : 0 OK
0: # Avg bus bandwidth    : 91.8332 
0: #
0: # Collective test concluded: sendrecv_perf
0: #
0: 
0: 
0: ##### pass 19/20  pair g0-g1  sendrecv_perf
0: # nccl-tests version 2.17.8 nccl-headers=22903 nccl-library=22903
0: # Collective test starting: sendrecv_perf
0: # nThread 1 nGpus 2 minBytes 8388608 maxBytes 268435456 step: 2(factor) warmup iters: 5 iters: 20 agg iters: 1 validation: 1 graph: 0
0: #
0: # Using devices
0: #  Rank  0 Group  0 Pid 246484 on  nid006887 device  0 [0009:01:00] NVIDIA GH200 120GB
0: #  Rank  1 Group  0 Pid 246484 on  nid006887 device  1 [0019:01:00] NVIDIA GH200 120GB
0: #
0: #                                                              out-of-place                       in-place          
0: #       size         count      type   redop    root     time   algbw   busbw  #wrong     time   algbw   busbw  #wrong 
0: #        (B)    (elements)                               (us)  (GB/s)  (GB/s)             (us)  (GB/s)  (GB/s)         
0:      8388608       2097152     float     sum      -1   115.43   72.67   72.67       0   118.61   70.73   70.73    N/A
0:     16777216       4194304     float     sum      -1   218.26   76.87   76.87       0   221.83   75.63   75.63    N/A
0:     33554432       8388608     float     sum      -1   421.39   79.63   79.63       0   420.48   79.80   79.80    N/A
0:     67108864      16777216     float     sum      -1   810.42   82.81   82.81       0   820.11   81.83   81.83    N/A
0:    134217728      33554432     float     sum      -1  1118.66  119.98  119.98       0  1121.10  119.72  119.72    N/A
0:    268435456      67108864     float     sum      -1  2215.41  121.17  121.17       0  2203.72  121.81  121.81    N/A
0: # Out of bounds values : 0 OK
0: # Avg bus bandwidth    : 91.8866 
0: #
0: # Collective test concluded: sendrecv_perf
0: #
0: 
0: 
0: ##### pass 19/20  pair g0-g2  sendrecv_perf
0: # nccl-tests version 2.17.8 nccl-headers=22903 nccl-library=22903
0: # Collective test starting: sendrecv_perf
0: # nThread 1 nGpus 2 minBytes 8388608 maxBytes 268435456 step: 2(factor) warmup iters: 5 iters: 20 agg iters: 1 validation: 1 graph: 0
0: #
0: # Using devices
0: #  Rank  0 Group  0 Pid 246523 on  nid006887 device  0 [0009:01:00] NVIDIA GH200 120GB
0: #  Rank  1 Group  0 Pid 246523 on  nid006887 device  1 [0029:01:00] NVIDIA GH200 120GB
0: #
0: #                                                              out-of-place                       in-place          
0: #       size         count      type   redop    root     time   algbw   busbw  #wrong     time   algbw   busbw  #wrong 
0: #        (B)    (elements)                               (us)  (GB/s)  (GB/s)             (us)  (GB/s)  (GB/s)         
0:      8388608       2097152     float     sum      -1   115.93   72.36   72.36       0   114.80   73.07   73.07    N/A
0:     16777216       4194304     float     sum      -1   220.38   76.13   76.13       0   219.06   76.59   76.59    N/A
0:     33554432       8388608     float     sum      -1   419.81   79.93   79.93       0   421.52   79.60   79.60    N/A
0:     67108864      16777216     float     sum      -1   809.35   82.92   82.92       0   815.29   82.31   82.31    N/A
0:    134217728      33554432     float     sum      -1  1123.81  119.43  119.43       0  1122.74  119.54  119.54    N/A
0:    268435456      67108864     float     sum      -1  2207.04  121.63  121.63       0  2207.02  121.63  121.63    N/A
0: # Out of bounds values : 0 OK
0: # Avg bus bandwidth    : 92.0948 
0: #
0: # Collective test concluded: sendrecv_perf
0: #
0: 
0: 
0: ##### pass 19/20  pair g0-g3  sendrecv_perf
0: # nccl-tests version 2.17.8 nccl-headers=22903 nccl-library=22903
0: # Collective test starting: sendrecv_perf
0: # nThread 1 nGpus 2 minBytes 8388608 maxBytes 268435456 step: 2(factor) warmup iters: 5 iters: 20 agg iters: 1 validation: 1 graph: 0
0: #
0: # Using devices
0: #  Rank  0 Group  0 Pid 246560 on  nid006887 device  0 [0009:01:00] NVIDIA GH200 120GB
0: #  Rank  1 Group  0 Pid 246560 on  nid006887 device  1 [0039:01:00] NVIDIA GH200 120GB
0: #
0: #                                                              out-of-place                       in-place          
0: #       size         count      type   redop    root     time   algbw   busbw  #wrong     time   algbw   busbw  #wrong 
0: #        (B)    (elements)                               (us)  (GB/s)  (GB/s)             (us)  (GB/s)  (GB/s)         
0:      8388608       2097152     float     sum      -1   115.79   72.44   72.44       0   114.85   73.04   73.04    N/A
0:     16777216       4194304     float     sum      -1   220.67   76.03   76.03       0   216.37   77.54   77.54    N/A
0:     33554432       8388608     float     sum      -1   418.80   80.12   80.12       0   421.40   79.63   79.63    N/A
0:     67108864      16777216     float     sum      -1   811.93   82.65   82.65       0   819.48   81.89   81.89    N/A
0:    134217728      33554432     float     sum      -1  1118.38  120.01  120.01       0  1115.89  120.28  120.28    N/A
0:    268435456      67108864     float     sum      -1  2204.44  121.77  121.77       0  2207.51  121.60  121.60    N/A
0: # Out of bounds values : 0 OK
0: # Avg bus bandwidth    : 92.2505 
0: #
0: # Collective test concluded: sendrecv_perf
0: #
0: 
0: 
0: ##### pass 19/20  pair g1-g2  sendrecv_perf
0: # nccl-tests version 2.17.8 nccl-headers=22903 nccl-library=22903
0: # Collective test starting: sendrecv_perf
0: # nThread 1 nGpus 2 minBytes 8388608 maxBytes 268435456 step: 2(factor) warmup iters: 5 iters: 20 agg iters: 1 validation: 1 graph: 0
0: #
0: # Using devices
0: #  Rank  0 Group  0 Pid 246598 on  nid006887 device  0 [0019:01:00] NVIDIA GH200 120GB
0: #  Rank  1 Group  0 Pid 246598 on  nid006887 device  1 [0029:01:00] NVIDIA GH200 120GB
0: #
0: #                                                              out-of-place                       in-place          
0: #       size         count      type   redop    root     time   algbw   busbw  #wrong     time   algbw   busbw  #wrong 
0: #        (B)    (elements)                               (us)  (GB/s)  (GB/s)             (us)  (GB/s)  (GB/s)         
0:      8388608       2097152     float     sum      -1   115.78   72.45   72.45       0   115.67   72.52   72.52    N/A
0:     16777216       4194304     float     sum      -1   222.73   75.32   75.32       0   217.46   77.15   77.15    N/A
0:     33554432       8388608     float     sum      -1   420.40   79.82   79.82       0   420.68   79.76   79.76    N/A
0:     67108864      16777216     float     sum      -1   811.54   82.69   82.69       0   823.43   81.50   81.50    N/A
0:    134217728      33554432     float     sum      -1  1119.61  119.88  119.88       0  1118.31  120.02  120.02    N/A
0:    268435456      67108864     float     sum      -1  2205.08  121.73  121.73       0  2203.57  121.82  121.82    N/A
0: # Out of bounds values : 0 OK
0: # Avg bus bandwidth    : 92.0558 
0: #
0: # Collective test concluded: sendrecv_perf
0: #
0: 
0: 
0: ##### pass 19/20  pair g1-g3  sendrecv_perf
0: # nccl-tests version 2.17.8 nccl-headers=22903 nccl-library=22903
0: # Collective test starting: sendrecv_perf
0: # nThread 1 nGpus 2 minBytes 8388608 maxBytes 268435456 step: 2(factor) warmup iters: 5 iters: 20 agg iters: 1 validation: 1 graph: 0
0: #
0: # Using devices
0: #  Rank  0 Group  0 Pid 246663 on  nid006887 device  0 [0019:01:00] NVIDIA GH200 120GB
0: #  Rank  1 Group  0 Pid 246663 on  nid006887 device  1 [0039:01:00] NVIDIA GH200 120GB
0: #
0: #                                                              out-of-place                       in-place          
0: #       size         count      type   redop    root     time   algbw   busbw  #wrong     time   algbw   busbw  #wrong 
0: #        (B)    (elements)                               (us)  (GB/s)  (GB/s)             (us)  (GB/s)  (GB/s)         
0:      8388608       2097152     float     sum      -1   115.80   72.44   72.44       0   115.63   72.54   72.54    N/A
0:     16777216       4194304     float     sum      -1   220.56   76.07   76.07       0   221.09   75.89   75.89    N/A
0:     33554432       8388608     float     sum      -1   420.55   79.79   79.79       0   421.29   79.65   79.65    N/A
0:     67108864      16777216     float     sum      -1   808.26   83.03   83.03       0   818.32   82.01   82.01    N/A
0:    134217728      33554432     float     sum      -1  1121.66  119.66  119.66       0  1129.74  118.80  118.80    N/A
0:    268435456      67108864     float     sum      -1  2204.58  121.76  121.76       0  2206.68  121.65  121.65    N/A
0: # Out of bounds values : 0 OK
0: # Avg bus bandwidth    : 91.9402 
0: #
0: # Collective test concluded: sendrecv_perf
0: #
0: 
0: 
0: ##### pass 19/20  pair g2-g3  sendrecv_perf
0: # nccl-tests version 2.17.8 nccl-headers=22903 nccl-library=22903
0: # Collective test starting: sendrecv_perf
0: # nThread 1 nGpus 2 minBytes 8388608 maxBytes 268435456 step: 2(factor) warmup iters: 5 iters: 20 agg iters: 1 validation: 1 graph: 0
0: #
0: # Using devices
0: #  Rank  0 Group  0 Pid 246699 on  nid006887 device  0 [0029:01:00] NVIDIA GH200 120GB
0: #  Rank  1 Group  0 Pid 246699 on  nid006887 device  1 [0039:01:00] NVIDIA GH200 120GB
0: #
0: #                                                              out-of-place                       in-place          
0: #       size         count      type   redop    root     time   algbw   busbw  #wrong     time   algbw   busbw  #wrong 
0: #        (B)    (elements)                               (us)  (GB/s)  (GB/s)             (us)  (GB/s)  (GB/s)         
0:      8388608       2097152     float     sum      -1   115.96   72.34   72.34       0   115.19   72.83   72.83    N/A
0:     16777216       4194304     float     sum      -1   221.71   75.67   75.67       0   221.30   75.81   75.81    N/A
0:     33554432       8388608     float     sum      -1   422.09   79.50   79.50       0   424.72   79.00   79.00    N/A
0:     67108864      16777216     float     sum      -1   811.62   82.69   82.69       0   824.76   81.37   81.37    N/A
0:    134217728      33554432     float     sum      -1  1126.30  119.17  119.17       0  1119.67  119.87  119.87    N/A
0:    268435456      67108864     float     sum      -1  2208.12  121.57  121.57       0  2202.67  121.87  121.87    N/A
0: # Out of bounds values : 0 OK
0: # Avg bus bandwidth    : 91.8064 
0: #
0: # Collective test concluded: sendrecv_perf
0: #
0: 
0: 
0: ##### pass 20/20  pair g0-g1  sendrecv_perf
0: # nccl-tests version 2.17.8 nccl-headers=22903 nccl-library=22903
0: # Collective test starting: sendrecv_perf
0: # nThread 1 nGpus 2 minBytes 8388608 maxBytes 268435456 step: 2(factor) warmup iters: 5 iters: 20 agg iters: 1 validation: 1 graph: 0
0: #
0: # Using devices
0: #  Rank  0 Group  0 Pid 246742 on  nid006887 device  0 [0009:01:00] NVIDIA GH200 120GB
0: #  Rank  1 Group  0 Pid 246742 on  nid006887 device  1 [0019:01:00] NVIDIA GH200 120GB
0: #
0: #                                                              out-of-place                       in-place          
0: #       size         count      type   redop    root     time   algbw   busbw  #wrong     time   algbw   busbw  #wrong 
0: #        (B)    (elements)                               (us)  (GB/s)  (GB/s)             (us)  (GB/s)  (GB/s)         
0:      8388608       2097152     float     sum      -1   115.64   72.54   72.54       0   115.18   72.83   72.83    N/A
0:     16777216       4194304     float     sum      -1   218.53   76.77   76.77       0   222.27   75.48   75.48    N/A
0:     33554432       8388608     float     sum      -1   419.77   79.93   79.93       0   418.93   80.10   80.10    N/A
0:     67108864      16777216     float     sum      -1   806.99   83.16   83.16       0   818.33   82.01   82.01    N/A
0:    134217728      33554432     float     sum      -1  1121.79  119.65  119.65       0  1124.82  119.32  119.32    N/A
0:    268435456      67108864     float     sum      -1  2203.71  121.81  121.81       0  2211.63  121.37  121.37    N/A
0: # Out of bounds values : 0 OK
0: # Avg bus bandwidth    : 92.0817 
0: #
0: # Collective test concluded: sendrecv_perf
0: #
0: 
0: 
0: ##### pass 20/20  pair g0-g2  sendrecv_perf
0: # nccl-tests version 2.17.8 nccl-headers=22903 nccl-library=22903
0: # Collective test starting: sendrecv_perf
0: # nThread 1 nGpus 2 minBytes 8388608 maxBytes 268435456 step: 2(factor) warmup iters: 5 iters: 20 agg iters: 1 validation: 1 graph: 0
0: #
0: # Using devices
0: #  Rank  0 Group  0 Pid 246780 on  nid006887 device  0 [0009:01:00] NVIDIA GH200 120GB
0: #  Rank  1 Group  0 Pid 246780 on  nid006887 device  1 [0029:01:00] NVIDIA GH200 120GB
0: #
0: #                                                              out-of-place                       in-place          
0: #       size         count      type   redop    root     time   algbw   busbw  #wrong     time   algbw   busbw  #wrong 
0: #        (B)    (elements)                               (us)  (GB/s)  (GB/s)             (us)  (GB/s)  (GB/s)         
0:      8388608       2097152     float     sum      -1   121.37   69.12   69.12       0   115.41   72.68   72.68    N/A
0:     16777216       4194304     float     sum      -1   221.97   75.58   75.58       0   222.46   75.42   75.42    N/A
0:     33554432       8388608     float     sum      -1   421.07   79.69   79.69       0   422.62   79.40   79.40    N/A
0:     67108864      16777216     float     sum      -1   831.73   80.69   80.69       0   819.83   81.86   81.86    N/A
0:    134217728      33554432     float     sum      -1  1126.54  119.14  119.14       0  1121.88  119.64  119.64    N/A
0:    268435456      67108864     float     sum      -1  2202.31  121.89  121.89       0  2204.22  121.78  121.78    N/A
0: # Out of bounds values : 0 OK
0: # Avg bus bandwidth    : 91.4065 
0: #
0: # Collective test concluded: sendrecv_perf
0: #
0: 
0: 
0: ##### pass 20/20  pair g0-g3  sendrecv_perf
0: # nccl-tests version 2.17.8 nccl-headers=22903 nccl-library=22903
0: # Collective test starting: sendrecv_perf
0: # nThread 1 nGpus 2 minBytes 8388608 maxBytes 268435456 step: 2(factor) warmup iters: 5 iters: 20 agg iters: 1 validation: 1 graph: 0
0: #
0: # Using devices
0: #  Rank  0 Group  0 Pid 246816 on  nid006887 device  0 [0009:01:00] NVIDIA GH200 120GB
0: #  Rank  1 Group  0 Pid 246816 on  nid006887 device  1 [0039:01:00] NVIDIA GH200 120GB
0: #
0: #                                                              out-of-place                       in-place          
0: #       size         count      type   redop    root     time   algbw   busbw  #wrong     time   algbw   busbw  #wrong 
0: #        (B)    (elements)                               (us)  (GB/s)  (GB/s)             (us)  (GB/s)  (GB/s)         
0:      8388608       2097152     float     sum      -1   116.05   72.29   72.29       0   115.27   72.77   72.77    N/A
0:     16777216       4194304     float     sum      -1   218.97   76.62   76.62       0   223.15   75.18   75.18    N/A
0:     33554432       8388608     float     sum      -1   421.89   79.53   79.53       0   421.32   79.64   79.64    N/A
0:     67108864      16777216     float     sum      -1   813.01   82.54   82.54       0   829.14   80.94   80.94    N/A
0:    134217728      33554432     float     sum      -1  1123.93  119.42  119.42       0  1120.86  119.75  119.75    N/A
0:    268435456      67108864     float     sum      -1  2205.79  121.70  121.70       0  2213.61  121.27  121.27    N/A
0: # Out of bounds values : 0 OK
0: # Avg bus bandwidth    : 91.8034 
0: #
0: # Collective test concluded: sendrecv_perf
0: #
0: 
0: 
0: ##### pass 20/20  pair g1-g2  sendrecv_perf
0: # nccl-tests version 2.17.8 nccl-headers=22903 nccl-library=22903
0: # Collective test starting: sendrecv_perf
0: # nThread 1 nGpus 2 minBytes 8388608 maxBytes 268435456 step: 2(factor) warmup iters: 5 iters: 20 agg iters: 1 validation: 1 graph: 0
0: #
0: # Using devices
0: #  Rank  0 Group  0 Pid 246857 on  nid006887 device  0 [0019:01:00] NVIDIA GH200 120GB
0: #  Rank  1 Group  0 Pid 246857 on  nid006887 device  1 [0029:01:00] NVIDIA GH200 120GB
0: #
0: #                                                              out-of-place                       in-place          
0: #       size         count      type   redop    root     time   algbw   busbw  #wrong     time   algbw   busbw  #wrong 
0: #        (B)    (elements)                               (us)  (GB/s)  (GB/s)             (us)  (GB/s)  (GB/s)         
0:      8388608       2097152     float     sum      -1   117.03   71.68   71.68       0   117.03   71.68   71.68    N/A
0:     16777216       4194304     float     sum      -1   220.88   75.96   75.96       0   221.65   75.69   75.69    N/A
0:     33554432       8388608     float     sum      -1   419.74   79.94   79.94       0   419.90   79.91   79.91    N/A
0:     67108864      16777216     float     sum      -1   809.42   82.91   82.91       0   811.19   82.73   82.73    N/A
0:    134217728      33554432     float     sum      -1  1121.06  119.72  119.72       0  1120.75  119.76  119.76    N/A
0:    268435456      67108864     float     sum      -1  2209.79  121.48  121.48       0  2208.20  121.56  121.56    N/A
0: # Out of bounds values : 0 OK
0: # Avg bus bandwidth    : 91.918 
0: #
0: # Collective test concluded: sendrecv_perf
0: #
0: 
0: 
0: ##### pass 20/20  pair g1-g3  sendrecv_perf
0: # nccl-tests version 2.17.8 nccl-headers=22903 nccl-library=22903
0: # Collective test starting: sendrecv_perf
0: # nThread 1 nGpus 2 minBytes 8388608 maxBytes 268435456 step: 2(factor) warmup iters: 5 iters: 20 agg iters: 1 validation: 1 graph: 0
0: #
0: # Using devices
0: #  Rank  0 Group  0 Pid 246896 on  nid006887 device  0 [0019:01:00] NVIDIA GH200 120GB
0: #  Rank  1 Group  0 Pid 246896 on  nid006887 device  1 [0039:01:00] NVIDIA GH200 120GB
0: #
0: #                                                              out-of-place                       in-place          
0: #       size         count      type   redop    root     time   algbw   busbw  #wrong     time   algbw   busbw  #wrong 
0: #        (B)    (elements)                               (us)  (GB/s)  (GB/s)             (us)  (GB/s)  (GB/s)         
0:      8388608       2097152     float     sum      -1   115.30   72.75   72.75       0   115.13   72.86   72.86    N/A
0:     16777216       4194304     float     sum      -1   221.09   75.89   75.89       0   222.01   75.57   75.57    N/A
0:     33554432       8388608     float     sum      -1   419.40   80.01   80.01       0   420.94   79.71   79.71    N/A
0:     67108864      16777216     float     sum      -1   812.18   82.63   82.63       0   815.23   82.32   82.32    N/A
0:    134217728      33554432     float     sum      -1  1125.77  119.22  119.22       0  1121.99  119.62  119.62    N/A
0:    268435456      67108864     float     sum      -1  2209.28  121.50  121.50       0  2204.21  121.78  121.78    N/A
0: # Out of bounds values : 0 OK
0: # Avg bus bandwidth    : 91.9892 
0: #
0: # Collective test concluded: sendrecv_perf
0: #
0: 
0: 
0: ##### pass 20/20  pair g2-g3  sendrecv_perf
0: # nccl-tests version 2.17.8 nccl-headers=22903 nccl-library=22903
0: # Collective test starting: sendrecv_perf
0: # nThread 1 nGpus 2 minBytes 8388608 maxBytes 268435456 step: 2(factor) warmup iters: 5 iters: 20 agg iters: 1 validation: 1 graph: 0
0: #
0: # Using devices
0: #  Rank  0 Group  0 Pid 246962 on  nid006887 device  0 [0029:01:00] NVIDIA GH200 120GB
0: #  Rank  1 Group  0 Pid 246962 on  nid006887 device  1 [0039:01:00] NVIDIA GH200 120GB
0: #
0: #                                                              out-of-place                       in-place          
0: #       size         count      type   redop    root     time   algbw   busbw  #wrong     time   algbw   busbw  #wrong 
0: #        (B)    (elements)                               (us)  (GB/s)  (GB/s)             (us)  (GB/s)  (GB/s)         
0:      8388608       2097152     float     sum      -1   115.85   72.41   72.41       0   118.63   70.71   70.71    N/A
0:     16777216       4194304     float     sum      -1   217.84   77.02   77.02       0   219.46   76.45   76.45    N/A
0:     33554432       8388608     float     sum      -1   422.00   79.51   79.51       0   422.12   79.49   79.49    N/A
0:     67108864      16777216     float     sum      -1   814.87   82.35   82.35       0   820.18   81.82   81.82    N/A
0:    134217728      33554432     float     sum      -1  1123.97  119.41  119.41       0  1117.31  120.13  120.13    N/A
0:    268435456      67108864     float     sum      -1  2206.34  121.67  121.67       0  2205.26  121.73  121.73    N/A
0: # Out of bounds values : 0 OK
0: # Avg bus bandwidth    : 91.892 
0: #
0: # Collective test concluded: sendrecv_perf
0: #
0: 
0: === nvlink error counters AFTER ===
0: GPU 0: NVIDIA GH200 120GB (UUID: GPU-2884210f-e41b-5ad9-0d26-5e6265317555)
0: 	 Link 0: Replay Errors: 0
0: 	 Link 0: Recovery Errors: 0
0: 	 Link 0: CRC Errors: 0
0: 
0: 	 Link 1: Replay Errors: 0
0: 	 Link 1: Recovery Errors: 0
0: 	 Link 1: CRC Errors: 0
0: 
0: 	 Link 2: Replay Errors: 0
0: 	 Link 2: Recovery Errors: 0
0: 	 Link 2: CRC Errors: 0
0: 
0: 	 Link 3: Replay Errors: 0
0: 	 Link 3: Recovery Errors: 0
0: 	 Link 3: CRC Errors: 0
0: 
0: 	 Link 4: Replay Errors: 0
0: 	 Link 4: Recovery Errors: 0
0: 	 Link 4: CRC Errors: 1
0: 
0: 	 Link 5: Replay Errors: 0
0: 	 Link 5: Recovery Errors: 0
0: 	 Link 5: CRC Errors: 0
0: 
0: 	 Link 6: Replay Errors: 0
0: 	 Link 6: Recovery Errors: 0
0: 	 Link 6: CRC Errors: 0
0: 
0: 	 Link 7: Replay Errors: 0
0: 	 Link 7: Recovery Errors: 0
0: 	 Link 7: CRC Errors: 0
0: 
0: 	 Link 8: Replay Errors: 0
0: 	 Link 8: Recovery Errors: 0
0: 	 Link 8: CRC Errors: 0
0: 
0: 	 Link 9: Replay Errors: 0
0: 	 Link 9: Recovery Errors: 0
0: 	 Link 9: CRC Errors: 0
0: 
0: 	 Link 10: Replay Errors: 0
0: 	 Link 10: Recovery Errors: 0
0: 	 Link 10: CRC Errors: 0
0: 
0: 	 Link 11: Replay Errors: 0
0: 	 Link 11: Recovery Errors: 0
0: 	 Link 11: CRC Errors: 0
0: 
0: 	 Link 12: Replay Errors: 0
0: 	 Link 12: Recover
0: y Errors: 0
0: 	 Link 12: CRC Errors: 0
0: 
0: 	 Link 13: Replay Errors: 0
0: 	 Link 13: Recovery Errors: 0
0: 	 Link 13: CRC Errors: 0
0: 
0: 	 Link 14: Replay Errors: 0
0: 	 Link 14: Recovery Errors: 0
0: 	 Link 14: CRC Errors: 0
0: 
0: 	 Link 15: Replay Errors: 0
0: 	 Link 15: Recovery Errors: 0
0: 	 Link 15: CRC Errors: 0
0: 
0: 	 Link 16: Replay Errors: 0
0: 	 Link 16: Recovery Errors: 0
0: 	 Link 16: CRC Errors: 0
0: 
0: 	 Link 17: Replay Errors: 0
0: 	 Link 17: Recovery Errors: 0
0: 	 Link 17: CRC Errors: 0
0: 
0: GPU 1: NVIDIA GH200 120GB (UUID: GPU-aee32f62-9a0d-c5f7-768a-1373092fc8a0)
0: 	 Link 0: Replay Errors: 0
0: 	 Link 0: Recovery Errors: 0
0: 	 Link 0: CRC Errors: 0
0: 
0: 	 Link 1: Replay Errors: 0
0: 	 Link 1: Recovery Errors: 0
0: 	 Link 1: CRC Errors: 0
0: 
0: 	 Link 2: Replay Errors: 0
0: 	 Link 2: Recovery Errors: 0
0: 	 Link 2: CRC Errors: 0
0: 
0: 	 Link 3: Replay Errors: 0
0: 	 Link 3: Recovery Errors: 0
0: 	 Link 3: CRC Errors: 0
0: 
0: 	 Link 4: Replay Errors: 0
0: 	 Link 4: Recovery Errors: 0
0: 	 Link 4: CRC Errors: 0
0: 
0: 	 Link 5: Replay Errors: 0
0: 	 Link 5: Recovery Errors: 0
0: 	 Link 5: CRC Errors: 0
0: 
0: 	 Link 6: Replay Errors: 0
0: 	 Link 6: Recovery Errors: 0
0: 	 Link 6: CRC Errors: 0
0: 
0: 	 Link 7: Replay Errors: 0
0: 	 Link 7: Recovery Errors: 0
0: 	 Link 7: CRC Errors: 0
0: 
0: 	 Link 8: Replay Errors: 0
0: 	 Link 8: Recovery Errors: 0
0: 	 Link 8: CRC Errors: 0
0: 
0: 	 Link 9: Replay Errors: 0
0: 	 Link 9: Recovery Errors: 0
0: 	 Link 9: CRC Errors: 0
0: 
0: 	 Link 10: Replay Errors: 0
0: 	 Link 10: Recovery Errors: 0
0: 	 Link 10: CRC Errors: 0
0: 
0: 	 Link 11: Replay Errors: 0
0: 	 Link 11: Recovery Errors: 0
0: 	 Link 11: CRC Errors: 0
0: 
0: 	 Link 12: Replay Errors: 0
0: 	 Link 12: Recover
0: y Errors: 0
0: 	 Link 12: CRC Errors: 0
0: 
0: 	 Link 13: Replay Errors: 0
0: 	 Link 13: Recovery Errors: 0
0: 	 Link 13: CRC Errors: 0
0: 
0: 	 Link 14: Replay Errors: 0
0: 	 Link 14: Recovery Errors: 0
0: 	 Link 14: CRC Errors: 0
0: 
0: 	 Link 15: Replay Errors: 0
0: 	 Link 15: Recovery Errors: 0
0: 	 Link 15: CRC Errors: 0
0: 
0: 	 Link 16: Replay Errors: 0
0: 	 Link 16: Recovery Errors: 0
0: 	 Link 16: CRC Errors: 0
0: 
0: 	 Link 17: Replay Errors: 0
0: 	 Link 17: Recovery Errors: 0
0: 	 Link 17: CRC Errors: 0
0: 
0: GPU 2: NVIDIA GH200 120GB (UUID: GPU-500a395b-2ca4-da78-343b-8caf06ff032a)
0: 	 Link 0: Replay Errors: 0
0: 	 Link 0: Recovery Errors: 0
0: 	 Link 0: CRC Errors: 1
0: 
0: 	 Link 1: Replay Errors: 0
0: 	 Link 1: Recovery Errors: 0
0: 	 Link 1: CRC Errors: 1
0: 
0: 	 Link 2: Replay Errors: 0
0: 	 Link 2: Recovery Errors: 0
0: 	 Link 2: CRC Errors: 0
0: 
0: 	 Link 3: Replay Errors: 0
0: 	 Link 3: Recovery Errors: 0
0: 	 Link 3: CRC Errors: 0
0: 
0: 	 Link 4: Replay Errors: 0
0: 	 Link 4: Recovery Errors: 0
0: 	 Link 4: CRC Errors: 0
0: 
0: 	 Link 5: Replay Errors: 0
0: 	 Link 5: Recovery Errors: 0
0: 	 Link 5: CRC Errors: 0
0: 
0: 	 Link 6: Replay Errors: 0
0: 	 Link 6: Recovery Errors: 0
0: 	 Link 6: CRC Errors: 0
0: 
0: 	 Link 7: Replay Errors: 0
0: 	 Link 7: Recovery Errors: 0
0: 	 Link 7: CRC Errors: 0
0: 
0: 	 Link 8: Replay Errors: 0
0: 	 Link 8: Recovery Errors: 0
0: 	 Link 8: CRC Errors: 0
0: 
0: 	 Link 9: Replay Errors: 0
0: 	 Link 9: Recovery Errors: 0
0: 	 Link 9: CRC Errors: 0
0: 
0: 	 Link 10: Replay Errors: 0
0: 	 Link 10: Recovery Errors: 0
0: 	 Link 10: CRC Errors: 0
0: 
0: 	 Link 11: Replay Errors: 0
0: 	 Link 11: Recovery Errors: 0
0: 	 Link 11: CRC Errors: 0
0: 
0: 	 Link 12: Replay Errors: 0
0: 	 Link 12: Recover
0: y Errors: 0
0: 	 Link 12: CRC Errors: 0
0: 
0: 	 Link 13: Replay Errors: 0
0: 	 Link 13: Recovery Errors: 0
0: 	 Link 13: CRC Errors: 0
0: 
0: 	 Link 14: Replay Errors: 0
0: 	 Link 14: Recovery Errors: 0
0: 	 Link 14: CRC Errors: 0
0: 
0: 	 Link 15: Replay Errors: 0
0: 	 Link 15: Recovery Errors: 0
0: 	 Link 15: CRC Errors: 0
0: 
0: 	 Link 16: Replay Errors: 0
0: 	 Link 16: Recovery Errors: 0
0: 	 Link 16: CRC Errors: 0
0: 
0: 	 Link 17: Replay Errors: 0
0: 	 Link 17: Recovery Errors: 0
0: 	 Link 17: CRC Errors: 0
0: 
0: GPU 3: NVIDIA GH200 120GB (UUID: GPU-4b3edac9-5876-a224-e915-1a219f8defc0)
0: 	 Link 0: Replay Errors: 0
0: 	 Link 0: Recovery Errors: 0
0: 	 Link 0: CRC Errors: 0
0: 
0: 	 Link 1: Replay Errors: 0
0: 	 Link 1: Recovery Errors: 0
0: 	 Link 1: CRC Errors: 0
0: 
0: 	 Link 2: Replay Errors: 0
0: 	 Link 2: Recovery Errors: 0
0: 	 Link 2: CRC Errors: 0
0: 
0: 	 Link 3: Replay Errors: 0
0: 	 Link 3: Recovery Errors: 0
0: 	 Link 3: CRC Errors: 0
0: 
0: 	 Link 4: Replay Errors: 0
0: 	 Link 4: Recovery Errors: 0
0: 	 Link 4: CRC Errors: 0
0: 
0: 	 Link 5: Replay Errors: 0
0: 	 Link 5: Recovery Errors: 0
0: 	 Link 5: CRC Errors: 0
0: 
0: 	 Link 6: Replay Errors: 0
0: 	 Link 6: Recovery Errors: 0
0: 	 Link 6: CRC Errors: 0
0: 
0: 	 Link 7: Replay Errors: 0
0: 	 Link 7: Recovery Errors: 0
0: 	 Link 7: CRC Errors: 0
0: 
0: 	 Link 8: Replay Errors: 0
0: 	 Link 8: Recovery Errors: 0
0: 	 Link 8: CRC Errors: 0
0: 
0: 	 Link 9: Replay Errors: 0
0: 	 Link 9: Recovery Errors: 0
0: 	 Link 9: CRC Errors: 0
0: 
0: 	 Link 10: Replay Errors: 0
0: 	 Link 10: Recovery Errors: 0
0: 	 Link 10: CRC Errors: 0
0: 
0: 	 Link 11: Replay Errors: 0
0: 	 Link 11: Recovery Errors: 0
0: 	 Link 11: CRC Errors: 0
0: 
0: 	 Link 12: Replay Errors: 0
0: 	 Link 12: Recover
0: y Errors: 0
0: 	 Link 12: CRC Errors: 0
0: 
0: 	 Link 13: Replay Errors: 0
0: 	 Link 13: Recovery Errors: 0
0: 	 Link 13: CRC Errors: 0
0: 
0: 	 Link 14: Replay Errors: 0
0: 	 Link 14: Recovery Errors: 0
0: 	 Link 14: CRC Errors: 0
0: 
0: 	 Link 15: Replay Errors: 0
0: 	 Link 15: Recovery Errors: 0
0: 	 Link 15: CRC Errors: 0
0: 
0: 	 Link 16: Replay Errors: 0
0: 	 Link 16: Recovery Errors: 0
0: 	 Link 16: CRC Errors: 0
0: 
0: 	 Link 17: Replay Errors: 0
0: 	 Link 17: Recovery Errors: 0
0: 	 Link 17: CRC Errors: 0
0: 

NCCL_TESTS_INTRA_COMPLETE nid006887
