=== node: nid006907  EDF: /iopsstor/scratch/cscs/mvasilev/vllm-play/megatron-v2601-multinode.toml  passes: 20 ===
0: === nvlink status ===
0: GPU 0: NVIDIA GH200 120GB (UUID: GPU-9d36807f-c929-6040-ce3e-e5ef0edf9677)
0: 	 Link 0: 26.562 GB/s
0: 	 Link 1: 26.562 GB/s
0: 	 Link 2: 26.562 GB/s
0: 	 Link 3: 26.562 GB/s
0: 	 Link 4: 26.562 GB/s
0: 	 Link 5: 26.562 GB/s
0: 	 Link 6: 26.562 GB/s
0: 	 Link 7: 26.562 GB/s
0: 	 Link 8: 26.562 GB/s
0: 	 Link 9: 26.562 GB/s
0: 	 Link 10: 26.562 GB/s
0: 	 Link 11: 26.562 GB/s
0: 	 Link 12: 26.562 GB/s
0: 	 Link 13: 26.562 GB/s
0: 	 Link 14: 26.562 GB/s
0: 	 Link 15: 26.562 GB/s
0: 	 Link 16: 26.562 GB/s
0: 	 Link 17: 26.562 GB/s
0: GPU 1: NVIDIA GH200 120GB (UUID: GPU-aa39d32e-47b3-382c-178a-7b640e134a2c)
0: 	 Link 0: 26.562 GB/s
0: 	 Link 1: 26.562 GB/s
0: 	 Link 2: 26.562 GB/s
0: 	 Link 3: 26.562 GB/s
0: 	 Link 4: 26.562 GB/s
0: 	 Link 5: 26.562 GB/s
0: 	 Link 6: 26.562 GB/s
0: 	 Link 7: 26.562 GB/s
0: 	 Link 8: 26.562 GB/s
0: 	 Link 9: 26.562 GB/s
0: 	 Link 10: 26.562 GB/s
0: 	 Link 11: 26.562 GB/s
0: 	 Link 12: 26.562 GB/s
0: 	 Link 13: 26.562 GB/s
0: 	 Link 14: 26.562 GB/s
0: 	 Link 15: 26.562 GB/s
0: 	 Link 16: 26.562 GB/s
0: 	 Link 17: 26.562 GB/s
0: GPU 2: NVIDIA GH200 120GB (UUID: GPU-6adc13d0-1948-671e-283d-8555eff87ac8)
0: 	 Link 0: 26.562 GB/s
0: 	 Link 1: 26.562 GB/s
0: 	 Link 2: 26.562 GB/s
0: 	 Link 3: 26.562 GB/s
0: 	 Link 4: 26.562 GB/s
0: 	 Link 5: 26.562 GB/s
0: 	 Link 6: 26.562 GB/s
0: 	 Link 7: 26.562 GB/s
0: 	 Link 8: 26.562 GB/s
0: 	 Link 9: 26.562 GB/s
0: 	 Link 10: 26.562 GB/s
0: 	 Link 11: 26.562 GB/s
0: 	 Link 12: 26.562 GB/s
0: 	 Link 13: 26.562 GB/s
0: 	 Link 14: 26.562 GB/s
0: 	 Link 15: 26.562 GB/s
0: 	 Link 16: 26.562 GB/s
0: 	 Link 17: 26.562 GB/s
0: GPU 3: NVIDIA GH200 120GB (UUID: GPU-d1aacc41-8061-a7aa-777b-b0b4868b2025)
0: 	 Link 0: 26.562 GB/s
0: 	 Link 1: 26.562 GB/s
0: 	 Link 2: 26.562 GB/s
0: 	 Link 3: 26.562 GB/s
0: 	 Link 4: 26.562 GB/s
0: 	 Link 5: 26.562 GB/s
0: 	 Link 6: 26.562 GB/s
0: 	 Link 7: 26.562 GB/s
0: 	 Link 8: 26.562 GB/s
0: 	 Link 9: 26.562 GB/s
0: 	 Link 10: 26.562 GB/s
0: 	 Link 11: 26.562 GB/s
0: 	 Link 12: 26.562 GB/s
0: 	 Link 13: 26.562 GB/s
0: 	 Link 14: 26.562 GB/s
0: 	 Link 15: 26.562 GB/s
0: 	 Link 16: 26.562 GB/s
0: 	 Link 17: 26.562 GB/s
0: === nvlink error counters BEFORE ===
0: GPU 0: NVIDIA GH200 120GB (UUID: GPU-9d36807f-c929-6040-ce3e-e5ef0edf9677)
0: 	 Link 0: Replay Errors: 0
0: 	 Link 0: Recovery Errors: 0
0: 	 Link 0: CRC Errors: 0
0: 
0: 	 Link 1: Replay Errors: 0
0: 	 Link 1: Recovery Errors: 0
0: 	 Link 1: CRC Errors: 0
0: 
0: 	 Link 2: Replay Errors: 0
0: 	 Link 2: Recovery Errors: 0
0: 	 Link 2: CRC Errors: 0
0: 
0: 	 Link 3: Replay Errors: 0
0: 	 Link 3: Recovery Errors: 0
0: 	 Link 3: CRC Errors: 0
0: 
0: 	 Link 4: Replay Errors: 0
0: 	 Link 4: Recovery Errors: 0
0: 	 Link 4: CRC Errors: 0
0: 
0: 	 Link 5: Replay Errors: 0
0: 	 Link 5: Recovery Errors: 0
0: 	 Link 5: CRC Errors: 0
0: 
0: 	 Link 6: Replay Errors: 0
0: 	 Link 6: Recovery Errors: 0
0: 	 Link 6: CRC Errors: 0
0: 
0: 	 Link 7: Replay Errors: 0
0: 	 Link 7: Recovery Errors: 0
0: 	 Link 7: CRC Errors: 0
0: 
0: 	 Link 8: Replay Errors: 0
0: 	 Link 8: Recovery Errors: 0
0: 	 Link 8: CRC Errors: 0
0: 
0: 	 Link 9: Replay Errors: 0
0: 	 Link 9: Recovery Errors: 0
0: 	 Link 9: CRC Errors: 0
0: 
0: 	 Link 10: Replay Errors: 0
0: 	 Link 10: Recovery Errors: 0
0: 	 Link 10: CRC Errors: 0
0: 
0: 	 Link 11: Replay Errors: 0
0: 	 Link 11: Recovery Errors: 0
0: 	 Link 11: CRC Errors: 0
0: 
0: 	 Link 12: Replay Errors: 0
0: 	 Link 12: Recover
0: y Errors: 0
0: 	 Link 12: CRC Errors: 0
0: 
0: 	 Link 13: Replay Errors: 0
0: 	 Link 13: Recovery Errors: 0
0: 	 Link 13: CRC Errors: 0
0: 
0: 	 Link 14: Replay Errors: 0
0: 	 Link 14: Recovery Errors: 0
0: 	 Link 14: CRC Errors: 0
0: 
0: 	 Link 15: Replay Errors: 0
0: 	 Link 15: Recovery Errors: 0
0: 	 Link 15: CRC Errors: 0
0: 
0: 	 Link 16: Replay Errors: 0
0: 	 Link 16: Recovery Errors: 0
0: 	 Link 16: CRC Errors: 0
0: 
0: 	 Link 17: Replay Errors: 0
0: 	 Link 17: Recovery Errors: 0
0: 	 Link 17: CRC Errors: 0
0: 
0: GPU 1: NVIDIA GH200 120GB (UUID: GPU-aa39d32e-47b3-382c-178a-7b640e134a2c)
0: 	 Link 0: Replay Errors: 0
0: 	 Link 0: Recovery Errors: 0
0: 	 Link 0: CRC Errors: 0
0: 
0: 	 Link 1: Replay Errors: 0
0: 	 Link 1: Recovery Errors: 0
0: 	 Link 1: CRC Errors: 0
0: 
0: 	 Link 2: Replay Errors: 0
0: 	 Link 2: Recovery Errors: 0
0: 	 Link 2: CRC Errors: 1
0: 
0: 	 Link 3: Replay Errors: 0
0: 	 Link 3: Recovery Errors: 0
0: 	 Link 3: CRC Errors: 0
0: 
0: 	 Link 4: Replay Errors: 0
0: 	 Link 4: Recovery Errors: 0
0: 	 Link 4: CRC Errors: 0
0: 
0: 	 Link 5: Replay Errors: 0
0: 	 Link 5: Recovery Errors: 0
0: 	 Link 5: CRC Errors: 0
0: 
0: 	 Link 6: Replay Errors: 0
0: 	 Link 6: Recovery Errors: 0
0: 	 Link 6: CRC Errors: 0
0: 
0: 	 Link 7: Replay Errors: 0
0: 	 Link 7: Recovery Errors: 0
0: 	 Link 7: CRC Errors: 0
0: 
0: 	 Link 8: Replay Errors: 0
0: 	 Link 8: Recovery Errors: 0
0: 	 Link 8: CRC Errors: 0
0: 
0: 	 Link 9: Replay Errors: 0
0: 	 Link 9: Recovery Errors: 0
0: 	 Link 9: CRC Errors: 0
0: 
0: 	 Link 10: Replay Errors: 0
0: 	 Link 10: Recovery Errors: 0
0: 	 Link 10: CRC Errors: 0
0: 
0: 	 Link 11: Replay Errors: 0
0: 	 Link 11: Recovery Errors: 0
0: 	 Link 11: CRC Errors: 0
0: 
0: 	 Link 12: Replay Errors: 0
0: 	 Link 12: Recover
0: y Errors: 0
0: 	 Link 12: CRC Errors: 0
0: 
0: 	 Link 13: Replay Errors: 0
0: 	 Link 13: Recovery Errors: 0
0: 	 Link 13: CRC Errors: 0
0: 
0: 	 Link 14: Replay Errors: 0
0: 	 Link 14: Recovery Errors: 0
0: 	 Link 14: CRC Errors: 0
0: 
0: 	 Link 15: Replay Errors: 0
0: 	 Link 15: Recovery Errors: 0
0: 	 Link 15: CRC Errors: 0
0: 
0: 	 Link 16: Replay Errors: 0
0: 	 Link 16: Recovery Errors: 0
0: 	 Link 16: CRC Errors: 0
0: 
0: 	 Link 17: Replay Errors: 0
0: 	 Link 17: Recovery Errors: 0
0: 	 Link 17: CRC Errors: 0
0: 
0: GPU 2: NVIDIA GH200 120GB (UUID: GPU-6adc13d0-1948-671e-283d-8555eff87ac8)
0: 	 Link 0: Replay Errors: 0
0: 	 Link 0: Recovery Errors: 0
0: 	 Link 0: CRC Errors: 0
0: 
0: 	 Link 1: Replay Errors: 0
0: 	 Link 1: Recovery Errors: 0
0: 	 Link 1: CRC Errors: 0
0: 
0: 	 Link 2: Replay Errors: 0
0: 	 Link 2: Recovery Errors: 0
0: 	 Link 2: CRC Errors: 0
0: 
0: 	 Link 3: Replay Errors: 0
0: 	 Link 3: Recovery Errors: 0
0: 	 Link 3: CRC Errors: 0
0: 
0: 	 Link 4: Replay Errors: 0
0: 	 Link 4: Recovery Errors: 0
0: 	 Link 4: CRC Errors: 0
0: 
0: 	 Link 5: Replay Errors: 0
0: 	 Link 5: Recovery Errors: 0
0: 	 Link 5: CRC Errors: 0
0: 
0: 	 Link 6: Replay Errors: 0
0: 	 Link 6: Recovery Errors: 0
0: 	 Link 6: CRC Errors: 0
0: 
0: 	 Link 7: Replay Errors: 0
0: 	 Link 7: Recovery Errors: 0
0: 	 Link 7: CRC Errors: 0
0: 
0: 	 Link 8: Replay Errors: 0
0: 	 Link 8: Recovery Errors: 0
0: 	 Link 8: CRC Errors: 0
0: 
0: 	 Link 9: Replay Errors: 0
0: 	 Link 9: Recovery Errors: 0
0: 	 Link 9: CRC Errors: 0
0: 
0: 	 Link 10: Replay Errors: 0
0: 	 Link 10: Recovery Errors: 0
0: 	 Link 10: CRC Errors: 0
0: 
0: 	 Link 11: Replay Errors: 0
0: 	 Link 11: Recovery Errors: 0
0: 	 Link 11: CRC Errors: 0
0: 
0: 	 Link 12: Replay Errors: 0
0: 	 Link 12: Recover
0: y Errors: 0
0: 	 Link 12: CRC Errors: 0
0: 
0: 	 Link 13: Replay Errors: 0
0: 	 Link 13: Recovery Errors: 0
0: 	 Link 13: CRC Errors: 0
0: 
0: 	 Link 14: Replay Errors: 0
0: 	 Link 14: Recovery Errors: 0
0: 	 Link 14: CRC Errors: 0
0: 
0: 	 Link 15: Replay Errors: 0
0: 	 Link 15: Recovery Errors: 0
0: 	 Link 15: CRC Errors: 0
0: 
0: 	 Link 16: Replay Errors: 0
0: 	 Link 16: Recovery Errors: 0
0: 	 Link 16: CRC Errors: 0
0: 
0: 	 Link 17: Replay Errors: 0
0: 	 Link 17: Recovery Errors: 0
0: 	 Link 17: CRC Errors: 0
0: 
0: GPU 3: NVIDIA GH200 120GB (UUID: GPU-d1aacc41-8061-a7aa-777b-b0b4868b2025)
0: 	 Link 0: Replay Errors: 0
0: 	 Link 0: Recovery Errors: 0
0: 	 Link 0: CRC Errors: 0
0: 
0: 	 Link 1: Replay Errors: 0
0: 	 Link 1: Recovery Errors: 0
0: 	 Link 1: CRC Errors: 0
0: 
0: 	 Link 2: Replay Errors: 0
0: 	 Link 2: Recovery Errors: 0
0: 	 Link 2: CRC Errors: 0
0: 
0: 	 Link 3: Replay Errors: 0
0: 	 Link 3: Recovery Errors: 0
0: 	 Link 3: CRC Errors: 0
0: 
0: 	 Link 4: Replay Errors: 0
0: 	 Link 4: Recovery Errors: 0
0: 	 Link 4: CRC Errors: 0
0: 
0: 	 Link 5: Replay Errors: 0
0: 	 Link 5: Recovery Errors: 0
0: 	 Link 5: CRC Errors: 0
0: 
0: 	 Link 6: Replay Errors: 0
0: 	 Link 6: Recovery Errors: 0
0: 	 Link 6: CRC Errors: 0
0: 
0: 	 Link 7: Replay Errors: 0
0: 	 Link 7: Recovery Errors: 0
0: 	 Link 7: CRC Errors: 0
0: 
0: 	 Link 8: Replay Errors: 0
0: 	 Link 8: Recovery Errors: 0
0: 	 Link 8: CRC Errors: 0
0: 
0: 	 Link 9: Replay Errors: 0
0: 	 Link 9: Recovery Errors: 0
0: 	 Link 9: CRC Errors: 0
0: 
0: 	 Link 10: Replay Errors: 0
0: 	 Link 10: Recovery Errors: 0
0: 	 Link 10: CRC Errors: 0
0: 
0: 	 Link 11: Replay Errors: 0
0: 	 Link 11: Recovery Errors: 0
0: 	 Link 11: CRC Errors: 0
0: 
0: 	 Link 12: Replay Errors: 0
0: 	 Link 12: Recover
0: y Errors: 0
0: 	 Link 12: CRC Errors: 0
0: 
0: 	 Link 13: Replay Errors: 0
0: 	 Link 13: Recovery Errors: 0
0: 	 Link 13: CRC Errors: 0
0: 
0: 	 Link 14: Replay Errors: 0
0: 	 Link 14: Recovery Errors: 0
0: 	 Link 14: CRC Errors: 0
0: 
0: 	 Link 15: Replay Errors: 0
0: 	 Link 15: Recovery Errors: 0
0: 	 Link 15: CRC Errors: 0
0: 
0: 	 Link 16: Replay Errors: 0
0: 	 Link 16: Recovery Errors: 0
0: 	 Link 16: CRC Errors: 0
0: 
0: 	 Link 17: Replay Errors: 0
0: 	 Link 17: Recovery Errors: 0
0: 	 Link 17: CRC Errors: 0
0: 
0: 
0: ##### pass 1/20  pair g0-g1  sendrecv_perf
0: # nccl-tests version 2.17.8 nccl-headers=22903 nccl-library=22903
0: # Collective test starting: sendrecv_perf
0: # nThread 1 nGpus 2 minBytes 8388608 maxBytes 268435456 step: 2(factor) warmup iters: 5 iters: 20 agg iters: 1 validation: 1 graph: 0
0: #
0: # Using devices
0: #  Rank  0 Group  0 Pid  86854 on  nid006907 device  0 [0009:01:00] NVIDIA GH200 120GB
0: #  Rank  1 Group  0 Pid  86854 on  nid006907 device  1 [0019:01:00] NVIDIA GH200 120GB
0: #
0: #                                                              out-of-place                       in-place          
0: #       size         count      type   redop    root     time   algbw   busbw  #wrong     time   algbw   busbw  #wrong 
0: #        (B)    (elements)                               (us)  (GB/s)  (GB/s)             (us)  (GB/s)  (GB/s)         
0:      8388608       2097152     float     sum      -1   117.53   71.37   71.37       0   119.72   70.07   70.07    N/A
0:     16777216       4194304     float     sum      -1   222.03   75.56   75.56       0   222.27   75.48   75.48    N/A
0:     33554432       8388608     float     sum      -1   420.85   79.73   79.73       0   423.34   79.26   79.26    N/A
0:     67108864      16777216     float     sum      -1   815.46   82.30   82.30       0   820.49   81.79   81.79    N/A
0:    134217728      33554432     float     sum      -1  1120.33  119.80  119.80       0  1122.61  119.56  119.56    N/A
0:    268435456      67108864     float     sum      -1  2200.18  122.01  122.01       0  2207.43  121.61  121.61    N/A
0: # Out of bounds values : 0 OK
0: # Avg bus bandwidth    : 91.5444 
0: #
0: # Collective test concluded: sendrecv_perf
0: #
0: 
0: 
0: ##### pass 1/20  pair g0-g2  sendrecv_perf
0: # nccl-tests version 2.17.8 nccl-headers=22903 nccl-library=22903
0: # Collective test starting: sendrecv_perf
0: # nThread 1 nGpus 2 minBytes 8388608 maxBytes 268435456 step: 2(factor) warmup iters: 5 iters: 20 agg iters: 1 validation: 1 graph: 0
0: #
0: # Using devices
0: #  Rank  0 Group  0 Pid  86902 on  nid006907 device  0 [0009:01:00] NVIDIA GH200 120GB
0: #  Rank  1 Group  0 Pid  86902 on  nid006907 device  1 [0029:01:00] NVIDIA GH200 120GB
0: #
0: #                                                              out-of-place                       in-place          
0: #       size         count      type   redop    root     time   algbw   busbw  #wrong     time   algbw   busbw  #wrong 
0: #        (B)    (elements)                               (us)  (GB/s)  (GB/s)             (us)  (GB/s)  (GB/s)         
0:      8388608       2097152     float     sum      -1   118.90   70.55   70.55       0   115.85   72.41   72.41    N/A
0:     16777216       4194304     float     sum      -1   223.38   75.11   75.11       0   223.80   74.96   74.96    N/A
0:     33554432       8388608     float     sum      -1   423.33   79.26   79.26       0   423.22   79.28   79.28    N/A
0:     67108864      16777216     float     sum      -1   816.47   82.19   82.19       0   827.95   81.05   81.05    N/A
0:    134217728      33554432     float     sum      -1  1127.75  119.01  119.01       0  1118.29  120.02  120.02    N/A
0:    268435456      67108864     float     sum      -1  2209.73  121.48  121.48       0  2208.73  121.53  121.53    N/A
0: # Out of bounds values : 0 OK
0: # Avg bus bandwidth    : 91.4064 
0: #
0: # Collective test concluded: sendrecv_perf
0: #
0: 
0: 
0: ##### pass 1/20  pair g0-g3  sendrecv_perf
0: # nccl-tests version 2.17.8 nccl-headers=22903 nccl-library=22903
0: # Collective test starting: sendrecv_perf
0: # nThread 1 nGpus 2 minBytes 8388608 maxBytes 268435456 step: 2(factor) warmup iters: 5 iters: 20 agg iters: 1 validation: 1 graph: 0
0: #
0: # Using devices
0: #  Rank  0 Group  0 Pid  86938 on  nid006907 device  0 [0009:01:00] NVIDIA GH200 120GB
0: #  Rank  1 Group  0 Pid  86938 on  nid006907 device  1 [0039:01:00] NVIDIA GH200 120GB
0: #
0: #                                                              out-of-place                       in-place          
0: #       size         count      type   redop    root     time   algbw   busbw  #wrong     time   algbw   busbw  #wrong 
0: #        (B)    (elements)                               (us)  (GB/s)  (GB/s)             (us)  (GB/s)  (GB/s)         
0:      8388608       2097152     float     sum      -1   119.84   70.00   70.00       0   115.47   72.65   72.65    N/A
0:     16777216       4194304     float     sum      -1   221.49   75.75   75.75       0   221.19   75.85   75.85    N/A
0:     33554432       8388608     float     sum      -1   423.28   79.27   79.27       0   422.12   79.49   79.49    N/A
0:     67108864      16777216     float     sum      -1   818.40   82.00   82.00       0   822.78   81.56   81.56    N/A
0:    134217728      33554432     float     sum      -1  1125.27  119.28  119.28       0  1117.08  120.15  120.15    N/A
0:    268435456      67108864     float     sum      -1  2203.42  121.83  121.83       0  2207.22  121.62  121.62    N/A
0: # Out of bounds values : 0 OK
0: # Avg bus bandwidth    : 91.6204 
0: #
0: # Collective test concluded: sendrecv_perf
0: #
0: 
0: 
0: ##### pass 1/20  pair g1-g2  sendrecv_perf
0: # nccl-tests version 2.17.8 nccl-headers=22903 nccl-library=22903
0: # Collective test starting: sendrecv_perf
0: # nThread 1 nGpus 2 minBytes 8388608 maxBytes 268435456 step: 2(factor) warmup iters: 5 iters: 20 agg iters: 1 validation: 1 graph: 0
0: #
0: # Using devices
0: #  Rank  0 Group  0 Pid  86976 on  nid006907 device  0 [0019:01:00] NVIDIA GH200 120GB
0: #  Rank  1 Group  0 Pid  86976 on  nid006907 device  1 [0029:01:00] NVIDIA GH200 120GB
0: #
0: #                                                              out-of-place                       in-place          
0: #       size         count      type   redop    root     time   algbw   busbw  #wrong     time   algbw   busbw  #wrong 
0: #        (B)    (elements)                               (us)  (GB/s)  (GB/s)             (us)  (GB/s)  (GB/s)         
0:      8388608       2097152     float     sum      -1   118.35   70.88   70.88       0   119.27   70.33   70.33    N/A
0:     16777216       4194304     float     sum      -1   220.92   75.94   75.94       0   220.89   75.95   75.95    N/A
0:     33554432       8388608     float     sum      -1   432.06   77.66   77.66       0   428.74   78.26   78.26    N/A
0:     67108864      16777216     float     sum      -1   815.21   82.32   82.32       0   820.36   81.80   81.80    N/A
0:    134217728      33554432     float     sum      -1  1124.90  119.32  119.32       0  1118.16  120.03  120.03    N/A
0:    268435456      67108864     float     sum      -1  2211.15  121.40  121.40       0  2215.26  121.18  121.18    N/A
0: # Out of bounds values : 0 OK
0: # Avg bus bandwidth    : 91.2566 
0: #
0: # Collective test concluded: sendrecv_perf
0: #
0: 
0: 
0: ##### pass 1/20  pair g1-g3  sendrecv_perf
0: # nccl-tests version 2.17.8 nccl-headers=22903 nccl-library=22903
0: # Collective test starting: sendrecv_perf
0: # nThread 1 nGpus 2 minBytes 8388608 maxBytes 268435456 step: 2(factor) warmup iters: 5 iters: 20 agg iters: 1 validation: 1 graph: 0
0: #
0: # Using devices
0: #  Rank  0 Group  0 Pid  87038 on  nid006907 device  0 [0019:01:00] NVIDIA GH200 120GB
0: #  Rank  1 Group  0 Pid  87038 on  nid006907 device  1 [0039:01:00] NVIDIA GH200 120GB
0: #
0: #                                                              out-of-place                       in-place          
0: #       size         count      type   redop    root     time   algbw   busbw  #wrong     time   algbw   busbw  #wrong 
0: #        (B)    (elements)                               (us)  (GB/s)  (GB/s)             (us)  (GB/s)  (GB/s)         
0:      8388608       2097152     float     sum      -1   115.68   72.51   72.51       0   115.70   72.50   72.50    N/A
0:     16777216       4194304     float     sum      -1   222.71   75.33   75.33       0   221.57   75.72   75.72    N/A
0:     33554432       8388608     float     sum      -1   421.37   79.63   79.63       0   422.89   79.34   79.34    N/A
0:     67108864      16777216     float     sum      -1   813.98   82.45   82.45       0   823.16   81.53   81.53    N/A
0:    134217728      33554432     float     sum      -1  1120.48  119.79  119.79       0  1122.77  119.54  119.54    N/A
0:    268435456      67108864     float     sum      -1  2199.69  122.03  122.03       0  2202.58  121.87  121.87    N/A
0: # Out of bounds values : 0 OK
0: # Avg bus bandwidth    : 91.8542 
0: #
0: # Collective test concluded: sendrecv_perf
0: #
0: 
0: 
0: ##### pass 1/20  pair g2-g3  sendrecv_perf
0: # nccl-tests version 2.17.8 nccl-headers=22903 nccl-library=22903
0: # Collective test starting: sendrecv_perf
0: # nThread 1 nGpus 2 minBytes 8388608 maxBytes 268435456 step: 2(factor) warmup iters: 5 iters: 20 agg iters: 1 validation: 1 graph: 0
0: #
0: # Using devices
0: #  Rank  0 Group  0 Pid  87073 on  nid006907 device  0 [0029:01:00] NVIDIA GH200 120GB
0: #  Rank  1 Group  0 Pid  87073 on  nid006907 device  1 [0039:01:00] NVIDIA GH200 120GB
0: #
0: #                                                              out-of-place                       in-place          
0: #       size         count      type   redop    root     time   algbw   busbw  #wrong     time   algbw   busbw  #wrong 
0: #        (B)    (elements)                               (us)  (GB/s)  (GB/s)             (us)  (GB/s)  (GB/s)         
0:      8388608       2097152     float     sum      -1   116.30   72.13   72.13       0   120.72   69.49   69.49    N/A
0:     16777216       4194304     float     sum      -1   221.21   75.84   75.84       0   222.43   75.43   75.43    N/A
0:     33554432       8388608     float     sum      -1   422.37   79.44   79.44       0   426.77   78.62   78.62    N/A
0:     67108864      16777216     float     sum      -1   814.46   82.40   82.40       0   829.15   80.94   80.94    N/A
0:    134217728      33554432     float     sum      -1  1126.38  119.16  119.16       0  1121.30  119.70  119.70    N/A
0:    268435456      67108864     float     sum      -1  2212.16  121.35  121.35       0  2208.91  121.52  121.52    N/A
0: # Out of bounds values : 0 OK
0: # Avg bus bandwidth    : 91.3347 
0: #
0: # Collective test concluded: sendrecv_perf
0: #
0: 
0: 
0: ##### pass 2/20  pair g0-g1  sendrecv_perf
0: # nccl-tests version 2.17.8 nccl-headers=22903 nccl-library=22903
0: # Collective test starting: sendrecv_perf
0: # nThread 1 nGpus 2 minBytes 8388608 maxBytes 268435456 step: 2(factor) warmup iters: 5 iters: 20 agg iters: 1 validation: 1 graph: 0
0: #
0: # Using devices
0: #  Rank  0 Group  0 Pid  87111 on  nid006907 device  0 [0009:01:00] NVIDIA GH200 120GB
0: #  Rank  1 Group  0 Pid  87111 on  nid006907 device  1 [0019:01:00] NVIDIA GH200 120GB
0: #
0: #                                                              out-of-place                       in-place          
0: #       size         count      type   redop    root     time   algbw   busbw  #wrong     time   algbw   busbw  #wrong 
0: #        (B)    (elements)                               (us)  (GB/s)  (GB/s)             (us)  (GB/s)  (GB/s)         
0:      8388608       2097152     float     sum      -1   120.23   69.77   69.77       0   119.56   70.16   70.16    N/A
0:     16777216       4194304     float     sum      -1   221.27   75.82   75.82       0   218.27   76.87   76.87    N/A
0:     33554432       8388608     float     sum      -1   422.73   79.37   79.37       0   419.53   79.98   79.98    N/A
0:     67108864      16777216     float     sum      -1   816.78   82.16   82.16       0   828.12   81.04   81.04    N/A
0:    134217728      33554432     float     sum      -1  1123.45  119.47  119.47       0  1119.60  119.88  119.88    N/A
0:    268435456      67108864     float     sum      -1  2215.55  121.16  121.16       0  2210.32  121.45  121.45    N/A
0: # Out of bounds values : 0 OK
0: # Avg bus bandwidth    : 91.4277 
0: #
0: # Collective test concluded: sendrecv_perf
0: #
0: 
0: 
0: ##### pass 2/20  pair g0-g2  sendrecv_perf
0: # nccl-tests version 2.17.8 nccl-headers=22903 nccl-library=22903
0: # Collective test starting: sendrecv_perf
0: # nThread 1 nGpus 2 minBytes 8388608 maxBytes 268435456 step: 2(factor) warmup iters: 5 iters: 20 agg iters: 1 validation: 1 graph: 0
0: #
0: # Using devices
0: #  Rank  0 Group  0 Pid  87147 on  nid006907 device  0 [0009:01:00] NVIDIA GH200 120GB
0: #  Rank  1 Group  0 Pid  87147 on  nid006907 device  1 [0029:01:00] NVIDIA GH200 120GB
0: #
0: #                                                              out-of-place                       in-place          
0: #       size         count      type   redop    root     time   algbw   busbw  #wrong     time   algbw   busbw  #wrong 
0: #        (B)    (elements)                               (us)  (GB/s)  (GB/s)             (us)  (GB/s)  (GB/s)         
0:      8388608       2097152     float     sum      -1   119.71   70.07   70.07       0   116.11   72.25   72.25    N/A
0:     16777216       4194304     float     sum      -1   218.31   76.85   76.85       0   218.50   76.78   76.78    N/A
0:     33554432       8388608     float     sum      -1   423.74   79.19   79.19       0   424.50   79.04   79.04    N/A
0:     67108864      16777216     float     sum      -1   814.75   82.37   82.37       0   825.26   81.32   81.32    N/A
0:    134217728      33554432     float     sum      -1  1122.97  119.52  119.52       0  1125.49  119.25  119.25    N/A
0:    268435456      67108864     float     sum      -1  2223.74  120.71  120.71       0  2201.65  121.92  121.92    N/A
0: # Out of bounds values : 0 OK
0: # Avg bus bandwidth    : 91.6069 
0: #
0: # Collective test concluded: sendrecv_perf
0: #
0: 
0: 
0: ##### pass 2/20  pair g0-g3  sendrecv_perf
0: # nccl-tests version 2.17.8 nccl-headers=22903 nccl-library=22903
0: # Collective test starting: sendrecv_perf
0: # nThread 1 nGpus 2 minBytes 8388608 maxBytes 268435456 step: 2(factor) warmup iters: 5 iters: 20 agg iters: 1 validation: 1 graph: 0
0: #
0: # Using devices
0: #  Rank  0 Group  0 Pid  87185 on  nid006907 device  0 [0009:01:00] NVIDIA GH200 120GB
0: #  Rank  1 Group  0 Pid  87185 on  nid006907 device  1 [0039:01:00] NVIDIA GH200 120GB
0: #
0: #                                                              out-of-place                       in-place          
0: #       size         count      type   redop    root     time   algbw   busbw  #wrong     time   algbw   busbw  #wrong 
0: #        (B)    (elements)                               (us)  (GB/s)  (GB/s)             (us)  (GB/s)  (GB/s)         
0:      8388608       2097152     float     sum      -1   119.28   70.33   70.33       0   115.38   72.70   72.70    N/A
0:     16777216       4194304     float     sum      -1   222.04   75.56   75.56       0   222.97   75.24   75.24    N/A
0:     33554432       8388608     float     sum      -1   425.52   78.86   78.86       0   423.96   79.15   79.15    N/A
0:     67108864      16777216     float     sum      -1   819.39   81.90   81.90       0   826.71   81.18   81.18    N/A
0:    134217728      33554432     float     sum      -1  1121.65  119.66  119.66       0  1118.11  120.04  120.04    N/A
0:    268435456      67108864     float     sum      -1  2208.95  121.52  121.52       0  2197.69  122.14  122.14    N/A
0: # Out of bounds values : 0 OK
0: # Avg bus bandwidth    : 91.5232 
0: #
0: # Collective test concluded: sendrecv_perf
0: #
0: 
0: 
0: ##### pass 2/20  pair g1-g2  sendrecv_perf
0: # nccl-tests version 2.17.8 nccl-headers=22903 nccl-library=22903
0: # Collective test starting: sendrecv_perf
0: # nThread 1 nGpus 2 minBytes 8388608 maxBytes 268435456 step: 2(factor) warmup iters: 5 iters: 20 agg iters: 1 validation: 1 graph: 0
0: #
0: # Using devices
0: #  Rank  0 Group  0 Pid  87224 on  nid006907 device  0 [0019:01:00] NVIDIA GH200 120GB
0: #  Rank  1 Group  0 Pid  87224 on  nid006907 device  1 [0029:01:00] NVIDIA GH200 120GB
0: #
0: #                                                              out-of-place                       in-place          
0: #       size         count      type   redop    root     time   algbw   busbw  #wrong     time   algbw   busbw  #wrong 
0: #        (B)    (elements)                               (us)  (GB/s)  (GB/s)             (us)  (GB/s)  (GB/s)         
0:      8388608       2097152     float     sum      -1   119.29   70.32   70.32       0   115.43   72.67   72.67    N/A
0:     16777216       4194304     float     sum      -1   223.33   75.12   75.12       0   220.00   76.26   76.26    N/A
0:     33554432       8388608     float     sum      -1   422.86   79.35   79.35       0   421.76   79.56   79.56    N/A
0:     67108864      16777216     float     sum      -1   817.58   82.08   82.08       0   829.16   80.94   80.94    N/A
0:    134217728      33554432     float     sum      -1  1120.60  119.77  119.77       0  1127.13  119.08  119.08    N/A
0:    268435456      67108864     float     sum      -1  2216.70  121.10  121.10       0  2209.13  121.51  121.51    N/A
0: # Out of bounds values : 0 OK
0: # Avg bus bandwidth    : 91.4805 
0: #
0: # Collective test concluded: sendrecv_perf
0: #
0: 
0: 
0: ##### pass 2/20  pair g1-g3  sendrecv_perf
0: # nccl-tests version 2.17.8 nccl-headers=22903 nccl-library=22903
0: # Collective test starting: sendrecv_perf
0: # nThread 1 nGpus 2 minBytes 8388608 maxBytes 268435456 step: 2(factor) warmup iters: 5 iters: 20 agg iters: 1 validation: 1 graph: 0
0: #
0: # Using devices
0: #  Rank  0 Group  0 Pid  87259 on  nid006907 device  0 [0019:01:00] NVIDIA GH200 120GB
0: #  Rank  1 Group  0 Pid  87259 on  nid006907 device  1 [0039:01:00] NVIDIA GH200 120GB
0: #
0: #                                                              out-of-place                       in-place          
0: #       size         count      type   redop    root     time   algbw   busbw  #wrong     time   algbw   busbw  #wrong 
0: #        (B)    (elements)                               (us)  (GB/s)  (GB/s)             (us)  (GB/s)  (GB/s)         
0:      8388608       2097152     float     sum      -1   116.76   71.84   71.84       0   122.72   68.36   68.36    N/A
0:     16777216       4194304     float     sum      -1   219.20   76.54   76.54       0   219.36   76.48   76.48    N/A
0:     33554432       8388608     float     sum      -1   420.82   79.74   79.74       0   418.76   80.13   80.13    N/A
0:     67108864      16777216     float     sum      -1   812.92   82.55   82.55       0   827.13   81.13   81.13    N/A
0:    134217728      33554432     float     sum      -1  1126.45  119.15  119.15       0  1125.21  119.28  119.28    N/A
0:    268435456      67108864     float     sum      -1  2209.05  121.52  121.52       0  2208.21  121.56  121.56    N/A
0: # Out of bounds values : 0 OK
0: # Avg bus bandwidth    : 91.5236 
0: #
0: # Collective test concluded: sendrecv_perf
0: #
0: 
0: 
0: ##### pass 2/20  pair g2-g3  sendrecv_perf
0: # nccl-tests version 2.17.8 nccl-headers=22903 nccl-library=22903
0: # Collective test starting: sendrecv_perf
0: # nThread 1 nGpus 2 minBytes 8388608 maxBytes 268435456 step: 2(factor) warmup iters: 5 iters: 20 agg iters: 1 validation: 1 graph: 0
0: #
0: # Using devices
0: #  Rank  0 Group  0 Pid  87324 on  nid006907 device  0 [0029:01:00] NVIDIA GH200 120GB
0: #  Rank  1 Group  0 Pid  87324 on  nid006907 device  1 [0039:01:00] NVIDIA GH200 120GB
0: #
0: #                                                              out-of-place                       in-place          
0: #       size         count      type   redop    root     time   algbw   busbw  #wrong     time   algbw   busbw  #wrong 
0: #        (B)    (elements)                               (us)  (GB/s)  (GB/s)             (us)  (GB/s)  (GB/s)         
0:      8388608       2097152     float     sum      -1   115.76   72.47   72.47       0   115.46   72.65   72.65    N/A
0:     16777216       4194304     float     sum      -1   222.45   75.42   75.42       0   217.90   76.99   76.99    N/A
0:     33554432       8388608     float     sum      -1   423.69   79.20   79.20       0   422.21   79.47   79.47    N/A
0:     67108864      16777216     float     sum      -1   821.61   81.68   81.68       0   824.84   81.36   81.36    N/A
0:    134217728      33554432     float     sum      -1  1124.67  119.34  119.34       0  1123.91  119.42  119.42    N/A
0:    268435456      67108864     float     sum      -1  2202.88  121.86  121.86       0  2214.78  121.20  121.20    N/A
0: # Out of bounds values : 0 OK
0: # Avg bus bandwidth    : 91.7553 
0: #
0: # Collective test concluded: sendrecv_perf
0: #
0: 
0: 
0: ##### pass 3/20  pair g0-g1  sendrecv_perf
0: # nccl-tests version 2.17.8 nccl-headers=22903 nccl-library=22903
0: # Collective test starting: sendrecv_perf
0: # nThread 1 nGpus 2 minBytes 8388608 maxBytes 268435456 step: 2(factor) warmup iters: 5 iters: 20 agg iters: 1 validation: 1 graph: 0
0: #
0: # Using devices
0: #  Rank  0 Group  0 Pid  87360 on  nid006907 device  0 [0009:01:00] NVIDIA GH200 120GB
0: #  Rank  1 Group  0 Pid  87360 on  nid006907 device  1 [0019:01:00] NVIDIA GH200 120GB
0: #
0: #                                                              out-of-place                       in-place          
0: #       size         count      type   redop    root     time   algbw   busbw  #wrong     time   algbw   busbw  #wrong 
0: #        (B)    (elements)                               (us)  (GB/s)  (GB/s)             (us)  (GB/s)  (GB/s)         
0:      8388608       2097152     float     sum      -1   122.37   68.55   68.55       0   116.44   72.04   72.04    N/A
0:     16777216       4194304     float     sum      -1   219.62   76.39   76.39       0   220.26   76.17   76.17    N/A
0:     33554432       8388608     float     sum      -1   422.72   79.38   79.38       0   422.24   79.47   79.47    N/A
0:     67108864      16777216     float     sum      -1   815.51   82.29   82.29       0   824.67   81.38   81.38    N/A
0:    134217728      33554432     float     sum      -1  1124.47  119.36  119.36       0  1124.36  119.37  119.37    N/A
0:    268435456      67108864     float     sum      -1  2210.65  121.43  121.43       0  2208.76  121.53  121.53    N/A
0: # Out of bounds values : 0 OK
0: # Avg bus bandwidth    : 91.4472 
0: #
0: # Collective test concluded: sendrecv_perf
0: #
0: 
0: 
0: ##### pass 3/20  pair g0-g2  sendrecv_perf
0: # nccl-tests version 2.17.8 nccl-headers=22903 nccl-library=22903
0: # Collective test starting: sendrecv_perf
0: # nThread 1 nGpus 2 minBytes 8388608 maxBytes 268435456 step: 2(factor) warmup iters: 5 iters: 20 agg iters: 1 validation: 1 graph: 0
0: #
0: # Using devices
0: #  Rank  0 Group  0 Pid  87399 on  nid006907 device  0 [0009:01:00] NVIDIA GH200 120GB
0: #  Rank  1 Group  0 Pid  87399 on  nid006907 device  1 [0029:01:00] NVIDIA GH200 120GB
0: #
0: #                                                              out-of-place                       in-place          
0: #       size         count      type   redop    root     time   algbw   busbw  #wrong     time   algbw   busbw  #wrong 
0: #        (B)    (elements)                               (us)  (GB/s)  (GB/s)             (us)  (GB/s)  (GB/s)         
0:      8388608       2097152     float     sum      -1   115.86   72.40   72.40       0   115.18   72.83   72.83    N/A
0:     16777216       4194304     float     sum      -1   219.03   76.60   76.60       0   217.68   77.07   77.07    N/A
0:     33554432       8388608     float     sum      -1   422.06   79.50   79.50       0   422.56   79.41   79.41    N/A
0:     67108864      16777216     float     sum      -1   814.88   82.35   82.35       0   824.89   81.35   81.35    N/A
0:    134217728      33554432     float     sum      -1  1119.62  119.88  119.88       0  1120.63  119.77  119.77    N/A
0:    268435456      67108864     float     sum      -1  2207.79  121.59  121.59       0  2204.47  121.77  121.77    N/A
0: # Out of bounds values : 0 OK
0: # Avg bus bandwidth    : 92.0432 
0: #
0: # Collective test concluded: sendrecv_perf
0: #
0: 
0: 
0: ##### pass 3/20  pair g0-g3  sendrecv_perf
0: # nccl-tests version 2.17.8 nccl-headers=22903 nccl-library=22903
0: # Collective test starting: sendrecv_perf
0: # nThread 1 nGpus 2 minBytes 8388608 maxBytes 268435456 step: 2(factor) warmup iters: 5 iters: 20 agg iters: 1 validation: 1 graph: 0
0: #
0: # Using devices
0: #  Rank  0 Group  0 Pid  87441 on  nid006907 device  0 [0009:01:00] NVIDIA GH200 120GB
0: #  Rank  1 Group  0 Pid  87441 on  nid006907 device  1 [0039:01:00] NVIDIA GH200 120GB
0: #
0: #                                                              out-of-place                       in-place          
0: #       size         count      type   redop    root     time   algbw   busbw  #wrong     time   algbw   busbw  #wrong 
0: #        (B)    (elements)                               (us)  (GB/s)  (GB/s)             (us)  (GB/s)  (GB/s)         
0:      8388608       2097152     float     sum      -1   115.98   72.33   72.33       0   115.54   72.61   72.61    N/A
0:     16777216       4194304     float     sum      -1   221.31   75.81   75.81       0   217.35   77.19   77.19    N/A
0:     33554432       8388608     float     sum      -1   425.10   78.93   78.93       0   425.94   78.78   78.78    N/A
0:     67108864      16777216     float     sum      -1   818.06   82.03   82.03       0   830.14   80.84   80.84    N/A
0:    134217728      33554432     float     sum      -1  1121.00  119.73  119.73       0  1120.40  119.79  119.79    N/A
0:    268435456      67108864     float     sum      -1  2209.38  121.50  121.50       0  2206.28  121.67  121.67    N/A
0: # Out of bounds values : 0 OK
0: # Avg bus bandwidth    : 91.7676 
0: #
0: # Collective test concluded: sendrecv_perf
0: #
0: 
0: 
0: ##### pass 3/20  pair g1-g2  sendrecv_perf
0: # nccl-tests version 2.17.8 nccl-headers=22903 nccl-library=22903
0: # Collective test starting: sendrecv_perf
0: # nThread 1 nGpus 2 minBytes 8388608 maxBytes 268435456 step: 2(factor) warmup iters: 5 iters: 20 agg iters: 1 validation: 1 graph: 0
0: #
0: # Using devices
0: #  Rank  0 Group  0 Pid  87476 on  nid006907 device  0 [0019:01:00] NVIDIA GH200 120GB
0: #  Rank  1 Group  0 Pid  87476 on  nid006907 device  1 [0029:01:00] NVIDIA GH200 120GB
0: #
0: #                                                              out-of-place                       in-place          
0: #       size         count      type   redop    root     time   algbw   busbw  #wrong     time   algbw   busbw  #wrong 
0: #        (B)    (elements)                               (us)  (GB/s)  (GB/s)             (us)  (GB/s)  (GB/s)         
0:      8388608       2097152     float     sum      -1   115.90   72.38   72.38       0   118.00   71.09   71.09    N/A
0:     16777216       4194304     float     sum      -1   218.51   76.78   76.78       0   223.68   75.01   75.01    N/A
0:     33554432       8388608     float     sum      -1   420.54   79.79   79.79       0   422.86   79.35   79.35    N/A
0:     67108864      16777216     float     sum      -1   813.49   82.50   82.50       0   822.32   81.61   81.61    N/A
0:    134217728      33554432     float     sum      -1  1126.36  119.16  119.16       0  1124.44  119.36  119.36    N/A
0:    268435456      67108864     float     sum      -1  2208.66  121.54  121.54       0  2209.66  121.48  121.48    N/A
0: # Out of bounds values : 0 OK
0: # Avg bus bandwidth    : 91.6703 
0: #
0: # Collective test concluded: sendrecv_perf
0: #
0: 
0: 
0: ##### pass 3/20  pair g1-g3  sendrecv_perf
0: # nccl-tests version 2.17.8 nccl-headers=22903 nccl-library=22903
0: # Collective test starting: sendrecv_perf
0: # nThread 1 nGpus 2 minBytes 8388608 maxBytes 268435456 step: 2(factor) warmup iters: 5 iters: 20 agg iters: 1 validation: 1 graph: 0
0: #
0: # Using devices
0: #  Rank  0 Group  0 Pid  87514 on  nid006907 device  0 [0019:01:00] NVIDIA GH200 120GB
0: #  Rank  1 Group  0 Pid  87514 on  nid006907 device  1 [0039:01:00] NVIDIA GH200 120GB
0: #
0: #                                                              out-of-place                       in-place          
0: #       size         count      type   redop    root     time   algbw   busbw  #wrong     time   algbw   busbw  #wrong 
0: #        (B)    (elements)                               (us)  (GB/s)  (GB/s)             (us)  (GB/s)  (GB/s)         
0:      8388608       2097152     float     sum      -1   116.15   72.22   72.22       0   117.17   71.59   71.59    N/A
0:     16777216       4194304     float     sum      -1   222.81   75.30   75.30       0   217.83   77.02   77.02    N/A
0:     33554432       8388608     float     sum      -1   422.95   79.33   79.33       0   423.19   79.29   79.29    N/A
0:     67108864      16777216     float     sum      -1   813.60   82.48   82.48       0   823.10   81.53   81.53    N/A
0:    134217728      33554432     float     sum      -1  1125.49  119.25  119.25       0  1118.02  120.05  120.05    N/A
0:    268435456      67108864     float     sum      -1  2208.11  121.57  121.57       0  2205.82  121.69  121.69    N/A
0: # Out of bounds values : 0 OK
0: # Avg bus bandwidth    : 91.7781 
0: #
0: # Collective test concluded: sendrecv_perf
0: #
0: 
0: 
0: ##### pass 3/20  pair g2-g3  sendrecv_perf
0: # nccl-tests version 2.17.8 nccl-headers=22903 nccl-library=22903
0: # Collective test starting: sendrecv_perf
0: # nThread 1 nGpus 2 minBytes 8388608 maxBytes 268435456 step: 2(factor) warmup iters: 5 iters: 20 agg iters: 1 validation: 1 graph: 0
0: #
0: # Using devices
0: #  Rank  0 Group  0 Pid  87577 on  nid006907 device  0 [0029:01:00] NVIDIA GH200 120GB
0: #  Rank  1 Group  0 Pid  87577 on  nid006907 device  1 [0039:01:00] NVIDIA GH200 120GB
0: #
0: #                                                              out-of-place                       in-place          
0: #       size         count      type   redop    root     time   algbw   busbw  #wrong     time   algbw   busbw  #wrong 
0: #        (B)    (elements)                               (us)  (GB/s)  (GB/s)             (us)  (GB/s)  (GB/s)         
0:      8388608       2097152     float     sum      -1   116.38   72.08   72.08       0   115.65   72.54   72.54    N/A
0:     16777216       4194304     float     sum      -1   221.58   75.72   75.72       0   217.50   77.14   77.14    N/A
0:     33554432       8388608     float     sum      -1   421.55   79.60   79.60       0   424.00   79.14   79.14    N/A
0:     67108864      16777216     float     sum      -1   814.66   82.38   82.38       0   824.88   81.36   81.36    N/A
0:    134217728      33554432     float     sum      -1  1125.80  119.22  119.22       0  1120.49  119.78  119.78    N/A
0:    268435456      67108864     float     sum      -1  2208.27  121.56  121.56       0  2213.19  121.29  121.29    N/A
0: # Out of bounds values : 0 OK
0: # Avg bus bandwidth    : 91.8157 
0: #
0: # Collective test concluded: sendrecv_perf
0: #
0: 
0: 
0: ##### pass 4/20  pair g0-g1  sendrecv_perf
0: # nccl-tests version 2.17.8 nccl-headers=22903 nccl-library=22903
0: # Collective test starting: sendrecv_perf
0: # nThread 1 nGpus 2 minBytes 8388608 maxBytes 268435456 step: 2(factor) warmup iters: 5 iters: 20 agg iters: 1 validation: 1 graph: 0
0: #
0: # Using devices
0: #  Rank  0 Group  0 Pid  87617 on  nid006907 device  0 [0009:01:00] NVIDIA GH200 120GB
0: #  Rank  1 Group  0 Pid  87617 on  nid006907 device  1 [0019:01:00] NVIDIA GH200 120GB
0: #
0: #                                                              out-of-place                       in-place          
0: #       size         count      type   redop    root     time   algbw   busbw  #wrong     time   algbw   busbw  #wrong 
0: #        (B)    (elements)                               (us)  (GB/s)  (GB/s)             (us)  (GB/s)  (GB/s)         
0:      8388608       2097152     float     sum      -1   121.58   69.00   69.00       0   115.67   72.52   72.52    N/A
0:     16777216       4194304     float     sum      -1   221.76   75.65   75.65       0   222.57   75.38   75.38    N/A
0:     33554432       8388608     float     sum      -1   421.86   79.54   79.54       0   425.14   78.93   78.93    N/A
0:     67108864      16777216     float     sum      -1   816.58   82.18   82.18       0   827.70   81.08   81.08    N/A
0:    134217728      33554432     float     sum      -1  1121.24  119.70  119.70       0  1117.30  120.13  120.13    N/A
0:    268435456      67108864     float     sum      -1  2209.29  121.50  121.50       0  2206.10  121.68  121.68    N/A
0: # Out of bounds values : 0 OK
0: # Avg bus bandwidth    : 91.4414 
0: #
0: # Collective test concluded: sendrecv_perf
0: #
0: 
0: 
0: ##### pass 4/20  pair g0-g2  sendrecv_perf
0: # nccl-tests version 2.17.8 nccl-headers=22903 nccl-library=22903
0: # Collective test starting: sendrecv_perf
0: # nThread 1 nGpus 2 minBytes 8388608 maxBytes 268435456 step: 2(factor) warmup iters: 5 iters: 20 agg iters: 1 validation: 1 graph: 0
0: #
0: # Using devices
0: #  Rank  0 Group  0 Pid  87653 on  nid006907 device  0 [0009:01:00] NVIDIA GH200 120GB
0: #  Rank  1 Group  0 Pid  87653 on  nid006907 device  1 [0029:01:00] NVIDIA GH200 120GB
0: #
0: #                                                              out-of-place                       in-place          
0: #       size         count      type   redop    root     time   algbw   busbw  #wrong     time   algbw   busbw  #wrong 
0: #        (B)    (elements)                               (us)  (GB/s)  (GB/s)             (us)  (GB/s)  (GB/s)         
0:      8388608       2097152     float     sum      -1   117.90   71.15   71.15       0   116.10   72.25   72.25    N/A
0:     16777216       4194304     float     sum      -1   220.63   76.04   76.04       0   222.69   75.34   75.34    N/A
0:     33554432       8388608     float     sum      -1   421.82   79.55   79.55       0   422.89   79.35   79.35    N/A
0:     67108864      16777216     float     sum      -1   816.57   82.18   82.18       0   825.23   81.32   81.32    N/A
0:    134217728      33554432     float     sum      -1  1119.56  119.88  119.88       0  1120.98  119.73  119.73    N/A
0:    268435456      67108864     float     sum      -1  2211.10  121.40  121.40       0  2213.56  121.27  121.27    N/A
0: # Out of bounds values : 0 OK
0: # Avg bus bandwidth    : 91.6229 
0: #
0: # Collective test concluded: sendrecv_perf
0: #
0: 
0: 
0: ##### pass 4/20  pair g0-g3  sendrecv_perf
0: # nccl-tests version 2.17.8 nccl-headers=22903 nccl-library=22903
0: # Collective test starting: sendrecv_perf
0: # nThread 1 nGpus 2 minBytes 8388608 maxBytes 268435456 step: 2(factor) warmup iters: 5 iters: 20 agg iters: 1 validation: 1 graph: 0
0: #
0: # Using devices
0: #  Rank  0 Group  0 Pid  87692 on  nid006907 device  0 [0009:01:00] NVIDIA GH200 120GB
0: #  Rank  1 Group  0 Pid  87692 on  nid006907 device  1 [0039:01:00] NVIDIA GH200 120GB
0: #
0: #                                                              out-of-place                       in-place          
0: #       size         count      type   redop    root     time   algbw   busbw  #wrong     time   algbw   busbw  #wrong 
0: #        (B)    (elements)                               (us)  (GB/s)  (GB/s)             (us)  (GB/s)  (GB/s)         
0:      8388608       2097152     float     sum      -1   115.93   72.36   72.36       0   116.85   71.79   71.79    N/A
0:     16777216       4194304     float     sum      -1   217.35   77.19   77.19       0   219.63   76.39   76.39    N/A
0:     33554432       8388608     float     sum      -1   422.60   79.40   79.40       0   423.19   79.29   79.29    N/A
0:     67108864      16777216     float     sum      -1   816.15   82.23   82.23       0   823.39   81.50   81.50    N/A
0:    134217728      33554432     float     sum      -1  1119.40  119.90  119.90       0  1117.89  120.06  120.06    N/A
0:    268435456      67108864     float     sum      -1  2205.27  121.72  121.72       0  2207.66  121.59  121.59    N/A
0: # Out of bounds values : 0 OK
0: # Avg bus bandwidth    : 91.9523 
0: #
0: # Collective test concluded: sendrecv_perf
0: #
0: 
0: 
0: ##### pass 4/20  pair g1-g2  sendrecv_perf
0: # nccl-tests version 2.17.8 nccl-headers=22903 nccl-library=22903
0: # Collective test starting: sendrecv_perf
0: # nThread 1 nGpus 2 minBytes 8388608 maxBytes 268435456 step: 2(factor) warmup iters: 5 iters: 20 agg iters: 1 validation: 1 graph: 0
0: #
0: # Using devices
0: #  Rank  0 Group  0 Pid  87729 on  nid006907 device  0 [0019:01:00] NVIDIA GH200 120GB
0: #  Rank  1 Group  0 Pid  87729 on  nid006907 device  1 [0029:01:00] NVIDIA GH200 120GB
0: #
0: #                                                              out-of-place                       in-place          
0: #       size         count      type   redop    root     time   algbw   busbw  #wrong     time   algbw   busbw  #wrong 
0: #        (B)    (elements)                               (us)  (GB/s)  (GB/s)             (us)  (GB/s)  (GB/s)         
0:      8388608       2097152     float     sum      -1   116.44   72.04   72.04       0   116.70   71.88   71.88    N/A
0:     16777216       4194304     float     sum      -1   221.02   75.91   75.91       0   218.23   76.88   76.88    N/A
0:     33554432       8388608     float     sum      -1   423.49   79.23   79.23       0   422.64   79.39   79.39    N/A
0:     67108864      16777216     float     sum      -1   816.64   82.18   82.18       0   827.23   81.12   81.12    N/A
0:    134217728      33554432     float     sum      -1  1122.99  119.52  119.52       0  1117.66  120.09  120.09    N/A
0:    268435456      67108864     float     sum      -1  2213.09  121.29  121.29       0  2208.35  121.56  121.56    N/A
0: # Out of bounds values : 0 OK
0: # Avg bus bandwidth    : 91.7579 
0: #
0: # Collective test concluded: sendrecv_perf
0: #
0: 
0: 
0: ##### pass 4/20  pair g1-g3  sendrecv_perf
0: # nccl-tests version 2.17.8 nccl-headers=22903 nccl-library=22903
0: # Collective test starting: sendrecv_perf
0: # nThread 1 nGpus 2 minBytes 8388608 maxBytes 268435456 step: 2(factor) warmup iters: 5 iters: 20 agg iters: 1 validation: 1 graph: 0
0: #
0: # Using devices
0: #  Rank  0 Group  0 Pid  87769 on  nid006907 device  0 [0019:01:00] NVIDIA GH200 120GB
0: #  Rank  1 Group  0 Pid  87769 on  nid006907 device  1 [0039:01:00] NVIDIA GH200 120GB
0: #
0: #                                                              out-of-place                       in-place          
0: #       size         count      type   redop    root     time   algbw   busbw  #wrong     time   algbw   busbw  #wrong 
0: #        (B)    (elements)                               (us)  (GB/s)  (GB/s)             (us)  (GB/s)  (GB/s)         
0:      8388608       2097152     float     sum      -1   123.26   68.06   68.06       0   115.49   72.63   72.63    N/A
0:     16777216       4194304     float     sum      -1   223.57   75.04   75.04       0   223.85   74.95   74.95    N/A
0:     33554432       8388608     float     sum      -1   423.14   79.30   79.30       0   418.89   80.10   80.10    N/A
0:     67108864      16777216     float     sum      -1   813.09   82.54   82.54       0   830.07   80.85   80.85    N/A
0:    134217728      33554432     float     sum      -1  1115.07  120.37  120.37       0  1125.51  119.25  119.25    N/A
0:    268435456      67108864     float     sum      -1  2210.94  121.41  121.41       0  2201.71  121.92  121.92    N/A
0: # Out of bounds values : 0 OK
0: # Avg bus bandwidth    : 91.368 
0: #
0: # Collective test concluded: sendrecv_perf
0: #
0: 
0: 
0: ##### pass 4/20  pair g2-g3  sendrecv_perf
0: # nccl-tests version 2.17.8 nccl-headers=22903 nccl-library=22903
0: # Collective test starting: sendrecv_perf
0: # nThread 1 nGpus 2 minBytes 8388608 maxBytes 268435456 step: 2(factor) warmup iters: 5 iters: 20 agg iters: 1 validation: 1 graph: 0
0: #
0: # Using devices
0: #  Rank  0 Group  0 Pid  87831 on  nid006907 device  0 [0029:01:00] NVIDIA GH200 120GB
0: #  Rank  1 Group  0 Pid  87831 on  nid006907 device  1 [0039:01:00] NVIDIA GH200 120GB
0: #
0: #                                                              out-of-place                       in-place          
0: #       size         count      type   redop    root     time   algbw   busbw  #wrong     time   algbw   busbw  #wrong 
0: #        (B)    (elements)                               (us)  (GB/s)  (GB/s)             (us)  (GB/s)  (GB/s)         
0:      8388608       2097152     float     sum      -1   116.71   71.87   71.87       0   115.18   72.83   72.83    N/A
0:     16777216       4194304     float     sum      -1   216.81   77.38   77.38       0   218.63   76.74   76.74    N/A
0:     33554432       8388608     float     sum      -1   419.36   80.01   80.01       0   417.19   80.43   80.43    N/A
0:     67108864      16777216     float     sum      -1   813.27   82.52   82.52       0   818.16   82.02   82.02    N/A
0:    134217728      33554432     float     sum      -1  1123.21  119.50  119.50       0  1119.70  119.87  119.87    N/A
0:    268435456      67108864     float     sum      -1  2200.57  121.98  121.98       0  2207.25  121.62  121.62    N/A
0: # Out of bounds values : 0 OK
0: # Avg bus bandwidth    : 92.2311 
0: #
0: # Collective test concluded: sendrecv_perf
0: #
0: 
0: 
0: ##### pass 5/20  pair g0-g1  sendrecv_perf
0: # nccl-tests version 2.17.8 nccl-headers=22903 nccl-library=22903
0: # Collective test starting: sendrecv_perf
0: # nThread 1 nGpus 2 minBytes 8388608 maxBytes 268435456 step: 2(factor) warmup iters: 5 iters: 20 agg iters: 1 validation: 1 graph: 0
0: #
0: # Using devices
0: #  Rank  0 Group  0 Pid  87870 on  nid006907 device  0 [0009:01:00] NVIDIA GH200 120GB
0: #  Rank  1 Group  0 Pid  87870 on  nid006907 device  1 [0019:01:00] NVIDIA GH200 120GB
0: #
0: #                                                              out-of-place                       in-place          
0: #       size         count      type   redop    root     time   algbw   busbw  #wrong     time   algbw   busbw  #wrong 
0: #        (B)    (elements)                               (us)  (GB/s)  (GB/s)             (us)  (GB/s)  (GB/s)         
0:      8388608       2097152     float     sum      -1   118.24   70.94   70.94       0   117.99   71.09   71.09    N/A
0:     16777216       4194304     float     sum      -1   218.36   76.83   76.83       0   222.36   75.45   75.45    N/A
0:     33554432       8388608     float     sum      -1   424.58   79.03   79.03       0   424.23   79.10   79.10    N/A
0:     67108864      16777216     float     sum      -1   817.42   82.10   82.10       0   852.52   78.72   78.72    N/A
0:    134217728      33554432     float     sum      -1  1122.24  119.60  119.60       0  1124.81  119.32  119.32    N/A
0:    268435456      67108864     float     sum      -1  2217.09  121.08  121.08       0  2215.22  121.18  121.18    N/A
0: # Out of bounds values : 0 OK
0: # Avg bus bandwidth    : 91.2034 
0: #
0: # Collective test concluded: sendrecv_perf
0: #
0: 
0: 
0: ##### pass 5/20  pair g0-g2  sendrecv_perf
0: # nccl-tests version 2.17.8 nccl-headers=22903 nccl-library=22903
0: # Collective test starting: sendrecv_perf
0: # nThread 1 nGpus 2 minBytes 8388608 maxBytes 268435456 step: 2(factor) warmup iters: 5 iters: 20 agg iters: 1 validation: 1 graph: 0
0: #
0: # Using devices
0: #  Rank  0 Group  0 Pid  87910 on  nid006907 device  0 [0009:01:00] NVIDIA GH200 120GB
0: #  Rank  1 Group  0 Pid  87910 on  nid006907 device  1 [0029:01:00] NVIDIA GH200 120GB
0: #
0: #                                                              out-of-place                       in-place          
0: #       size         count      type   redop    root     time   algbw   busbw  #wrong     time   algbw   busbw  #wrong 
0: #        (B)    (elements)                               (us)  (GB/s)  (GB/s)             (us)  (GB/s)  (GB/s)         
0:      8388608       2097152     float     sum      -1   119.71   70.08   70.08       0   116.48   72.02   72.02    N/A
0:     16777216       4194304     float     sum      -1   221.44   75.76   75.76       0   223.42   75.09   75.09    N/A
0:     33554432       8388608     float     sum      -1   424.41   79.06   79.06       0   425.19   78.92   78.92    N/A
0:     67108864      16777216     float     sum      -1   817.45   82.09   82.09       0   825.82   81.26   81.26    N/A
0:    134217728      33554432     float     sum      -1  1125.45  119.26  119.26       0  1122.21  119.60  119.60    N/A
0:    268435456      67108864     float     sum      -1  2216.40  121.11  121.11       0  2209.29  121.50  121.50    N/A
0: # Out of bounds values : 0 OK
0: # Avg bus bandwidth    : 91.3133 
0: #
0: # Collective test concluded: sendrecv_perf
0: #
0: 
0: 
0: ##### pass 5/20  pair g0-g3  sendrecv_perf
0: # nccl-tests version 2.17.8 nccl-headers=22903 nccl-library=22903
0: # Collective test starting: sendrecv_perf
0: # nThread 1 nGpus 2 minBytes 8388608 maxBytes 268435456 step: 2(factor) warmup iters: 5 iters: 20 agg iters: 1 validation: 1 graph: 0
0: #
0: # Using devices
0: #  Rank  0 Group  0 Pid  87945 on  nid006907 device  0 [0009:01:00] NVIDIA GH200 120GB
0: #  Rank  1 Group  0 Pid  87945 on  nid006907 device  1 [0039:01:00] NVIDIA GH200 120GB
0: #
0: #                                                              out-of-place                       in-place          
0: #       size         count      type   redop    root     time   algbw   busbw  #wrong     time   algbw   busbw  #wrong 
0: #        (B)    (elements)                               (us)  (GB/s)  (GB/s)             (us)  (GB/s)  (GB/s)         
0:      8388608       2097152     float     sum      -1   115.51   72.62   72.62       0   117.22   71.56   71.56    N/A
0:     16777216       4194304     float     sum      -1   221.09   75.88   75.88       0   220.75   76.00   76.00    N/A
0:     33554432       8388608     float     sum      -1   423.29   79.27   79.27       0   422.29   79.46   79.46    N/A
0:     67108864      16777216     float     sum      -1   819.84   81.86   81.86       0   821.22   81.72   81.72    N/A
0:    134217728      33554432     float     sum      -1  1123.58  119.46  119.46       0  1118.38  120.01  120.01    N/A
0:    268435456      67108864     float     sum      -1  2208.00  121.57  121.57       0  2207.95  121.58  121.58    N/A
0: # Out of bounds values : 0 OK
0: # Avg bus bandwidth    : 91.7493 
0: #
0: # Collective test concluded: sendrecv_perf
0: #
0: 
0: 
0: ##### pass 5/20  pair g1-g2  sendrecv_perf
0: # nccl-tests version 2.17.8 nccl-headers=22903 nccl-library=22903
0: # Collective test starting: sendrecv_perf
0: # nThread 1 nGpus 2 minBytes 8388608 maxBytes 268435456 step: 2(factor) warmup iters: 5 iters: 20 agg iters: 1 validation: 1 graph: 0
0: #
0: # Using devices
0: #  Rank  0 Group  0 Pid  87982 on  nid006907 device  0 [0019:01:00] NVIDIA GH200 120GB
0: #  Rank  1 Group  0 Pid  87982 on  nid006907 device  1 [0029:01:00] NVIDIA GH200 120GB
0: #
0: #                                                              out-of-place                       in-place          
0: #       size         count      type   redop    root     time   algbw   busbw  #wrong     time   algbw   busbw  #wrong 
0: #        (B)    (elements)                               (us)  (GB/s)  (GB/s)             (us)  (GB/s)  (GB/s)         
0:      8388608       2097152     float     sum      -1   119.39   70.26   70.26       0   118.31   70.90   70.90    N/A
0:     16777216       4194304     float     sum      -1   219.36   76.48   76.48       0   224.33   74.79   74.79    N/A
0:     33554432       8388608     float     sum      -1   422.94   79.34   79.34       0   423.38   79.25   79.25    N/A
0:     67108864      16777216     float     sum      -1   816.85   82.16   82.16       0   825.58   81.29   81.29    N/A
0:    134217728      33554432     float     sum      -1  1124.79  119.33  119.33       0  1121.29  119.70  119.70    N/A
0:    268435456      67108864     float     sum      -1  2209.55  121.49  121.49       0  2205.17  121.73  121.73    N/A
0: # Out of bounds values : 0 OK
0: # Avg bus bandwidth    : 91.3933 
0: #
0: # Collective test concluded: sendrecv_perf
0: #
0: 
0: 
0: ##### pass 5/20  pair g1-g3  sendrecv_perf
0: # nccl-tests version 2.17.8 nccl-headers=22903 nccl-library=22903
0: # Collective test starting: sendrecv_perf
0: # nThread 1 nGpus 2 minBytes 8388608 maxBytes 268435456 step: 2(factor) warmup iters: 5 iters: 20 agg iters: 1 validation: 1 graph: 0
0: #
0: # Using devices
0: #  Rank  0 Group  0 Pid  88021 on  nid006907 device  0 [0019:01:00] NVIDIA GH200 120GB
0: #  Rank  1 Group  0 Pid  88021 on  nid006907 device  1 [0039:01:00] NVIDIA GH200 120GB
0: #
0: #                                                              out-of-place                       in-place          
0: #       size         count      type   redop    root     time   algbw   busbw  #wrong     time   algbw   busbw  #wrong 
0: #        (B)    (elements)                               (us)  (GB/s)  (GB/s)             (us)  (GB/s)  (GB/s)         
0:      8388608       2097152     float     sum      -1   115.71   72.50   72.50       0   115.58   72.58   72.58    N/A
0:     16777216       4194304     float     sum      -1   220.28   76.16   76.16       0   217.54   77.12   77.12    N/A
0:     33554432       8388608     float     sum      -1   422.95   79.33   79.33       0   424.38   79.07   79.07    N/A
0:     67108864      16777216     float     sum      -1   814.61   82.38   82.38       0   824.92   81.35   81.35    N/A
0:    134217728      33554432     float     sum      -1  1123.37  119.48  119.48       0  1119.62  119.88  119.88    N/A
0:    268435456      67108864     float     sum      -1  2212.10  121.35  121.35       0  2205.60  121.71  121.71    N/A
0: # Out of bounds values : 0 OK
0: # Avg bus bandwidth    : 91.9092 
0: #
0: # Collective test concluded: sendrecv_perf
0: #
0: 
0: 
0: ##### pass 5/20  pair g2-g3  sendrecv_perf
0: # nccl-tests version 2.17.8 nccl-headers=22903 nccl-library=22903
0: # Collective test starting: sendrecv_perf
0: # nThread 1 nGpus 2 minBytes 8388608 maxBytes 268435456 step: 2(factor) warmup iters: 5 iters: 20 agg iters: 1 validation: 1 graph: 0
0: #
0: # Using devices
0: #  Rank  0 Group  0 Pid  88056 on  nid006907 device  0 [0029:01:00] NVIDIA GH200 120GB
0: #  Rank  1 Group  0 Pid  88056 on  nid006907 device  1 [0039:01:00] NVIDIA GH200 120GB
0: #
0: #                                                              out-of-place                       in-place          
0: #       size         count      type   redop    root     time   algbw   busbw  #wrong     time   algbw   busbw  #wrong 
0: #        (B)    (elements)                               (us)  (GB/s)  (GB/s)             (us)  (GB/s)  (GB/s)         
0:      8388608       2097152     float     sum      -1   119.19   70.38   70.38       0   118.46   70.82   70.82    N/A
0:     16777216       4194304     float     sum      -1   217.71   77.06   77.06       0   219.13   76.56   76.56    N/A
0:     33554432       8388608     float     sum      -1   420.49   79.80   79.80       0   422.16   79.48   79.48    N/A
0:     67108864      16777216     float     sum      -1   816.76   82.17   82.17       0   824.77   81.37   81.37    N/A
0:    134217728      33554432     float     sum      -1  1126.78  119.12  119.12       0  1122.04  119.62  119.62    N/A
0:    268435456      67108864     float     sum      -1  2214.62  121.21  121.21       0  2209.56  121.49  121.49    N/A
0: # Out of bounds values : 0 OK
0: # Avg bus bandwidth    : 91.5888 
0: #
0: # Collective test concluded: sendrecv_perf
0: #
0: 
0: 
0: ##### pass 6/20  pair g0-g1  sendrecv_perf
0: # nccl-tests version 2.17.8 nccl-headers=22903 nccl-library=22903
0: # Collective test starting: sendrecv_perf
0: # nThread 1 nGpus 2 minBytes 8388608 maxBytes 268435456 step: 2(factor) warmup iters: 5 iters: 20 agg iters: 1 validation: 1 graph: 0
0: #
0: # Using devices
0: #  Rank  0 Group  0 Pid  88122 on  nid006907 device  0 [0009:01:00] NVIDIA GH200 120GB
0: #  Rank  1 Group  0 Pid  88122 on  nid006907 device  1 [0019:01:00] NVIDIA GH200 120GB
0: #
0: #                                                              out-of-place                       in-place          
0: #       size         count      type   redop    root     time   algbw   busbw  #wrong     time   algbw   busbw  #wrong 
0: #        (B)    (elements)                               (us)  (GB/s)  (GB/s)             (us)  (GB/s)  (GB/s)         
0:      8388608       2097152     float     sum      -1   116.05   72.28   72.28       0   115.98   72.33   72.33    N/A
0:     16777216       4194304     float     sum      -1   220.64   76.04   76.04       0   221.24   75.83   75.83    N/A
0:     33554432       8388608     float     sum      -1   423.91   79.16   79.16       0   423.37   79.26   79.26    N/A
0:     67108864      16777216     float     sum      -1   816.03   82.24   82.24       0   823.50   81.49   81.49    N/A
0:    134217728      33554432     float     sum      -1  1126.38  119.16  119.16       0  1121.65  119.66  119.66    N/A
0:    268435456      67108864     float     sum      -1  2213.12  121.29  121.29       0  2204.83  121.75  121.75    N/A
0: # Out of bounds values : 0 OK
0: # Avg bus bandwidth    : 91.7071 
0: #
0: # Collective test concluded: sendrecv_perf
0: #
0: 
0: 
0: ##### pass 6/20  pair g0-g2  sendrecv_perf
0: # nccl-tests version 2.17.8 nccl-headers=22903 nccl-library=22903
0: # Collective test starting: sendrecv_perf
0: # nThread 1 nGpus 2 minBytes 8388608 maxBytes 268435456 step: 2(factor) warmup iters: 5 iters: 20 agg iters: 1 validation: 1 graph: 0
0: #
0: # Using devices
0: #  Rank  0 Group  0 Pid  88158 on  nid006907 device  0 [0009:01:00] NVIDIA GH200 120GB
0: #  Rank  1 Group  0 Pid  88158 on  nid006907 device  1 [0029:01:00] NVIDIA GH200 120GB
0: #
0: #                                                              out-of-place                       in-place          
0: #       size         count      type   redop    root     time   algbw   busbw  #wrong     time   algbw   busbw  #wrong 
0: #        (B)    (elements)                               (us)  (GB/s)  (GB/s)             (us)  (GB/s)  (GB/s)         
0:      8388608       2097152     float     sum      -1   119.53   70.18   70.18       0   117.01   71.69   71.69    N/A
0:     16777216       4194304     float     sum      -1   221.83   75.63   75.63       0   218.15   76.91   76.91    N/A
0:     33554432       8388608     float     sum      -1   421.56   79.60   79.60       0   423.93   79.15   79.15    N/A
0:     67108864      16777216     float     sum      -1   815.98   82.24   82.24       0   824.96   81.35   81.35    N/A
0:    134217728      33554432     float     sum      -1  1121.30  119.70  119.70       0  1119.50  119.89  119.89    N/A
0:    268435456      67108864     float     sum      -1  2213.46  121.27  121.27       0  2206.53  121.66  121.66    N/A
0: # Out of bounds values : 0 OK
0: # Avg bus bandwidth    : 91.6058 
0: #
0: # Collective test concluded: sendrecv_perf
0: #
0: 
0: 
0: ##### pass 6/20  pair g0-g3  sendrecv_perf
0: # nccl-tests version 2.17.8 nccl-headers=22903 nccl-library=22903
0: # Collective test starting: sendrecv_perf
0: # nThread 1 nGpus 2 minBytes 8388608 maxBytes 268435456 step: 2(factor) warmup iters: 5 iters: 20 agg iters: 1 validation: 1 graph: 0
0: #
0: # Using devices
0: #  Rank  0 Group  0 Pid  88197 on  nid006907 device  0 [0009:01:00] NVIDIA GH200 120GB
0: #  Rank  1 Group  0 Pid  88197 on  nid006907 device  1 [0039:01:00] NVIDIA GH200 120GB
0: #
0: #                                                              out-of-place                       in-place          
0: #       size         count      type   redop    root     time   algbw   busbw  #wrong     time   algbw   busbw  #wrong 
0: #        (B)    (elements)                               (us)  (GB/s)  (GB/s)             (us)  (GB/s)  (GB/s)         
0:      8388608       2097152     float     sum      -1   116.92   71.75   71.75       0   115.95   72.35   72.35    N/A
0:     16777216       4194304     float     sum      -1   216.86   77.36   77.36       0   222.01   75.57   75.57    N/A
0:     33554432       8388608     float     sum      -1   420.85   79.73   79.73       0   422.26   79.46   79.46    N/A
0:     67108864      16777216     float     sum      -1   817.21   82.12   82.12       0   823.21   81.52   81.52    N/A
0:    134217728      33554432     float     sum      -1  1117.66  120.09  120.09       0  1127.71  119.02  119.02    N/A
0:    268435456      67108864     float     sum      -1  2214.75  121.20  121.20       0  2205.60  121.71  121.71    N/A
0: # Out of bounds values : 0 OK
0: # Avg bus bandwidth    : 91.8231 
0: #
0: # Collective test concluded: sendrecv_perf
0: #
0: 
0: 
0: ##### pass 6/20  pair g1-g2  sendrecv_perf
0: # nccl-tests version 2.17.8 nccl-headers=22903 nccl-library=22903
0: # Collective test starting: sendrecv_perf
0: # nThread 1 nGpus 2 minBytes 8388608 maxBytes 268435456 step: 2(factor) warmup iters: 5 iters: 20 agg iters: 1 validation: 1 graph: 0
0: #
0: # Using devices
0: #  Rank  0 Group  0 Pid  88232 on  nid006907 device  0 [0019:01:00] NVIDIA GH200 120GB
0: #  Rank  1 Group  0 Pid  88232 on  nid006907 device  1 [0029:01:00] NVIDIA GH200 120GB
0: #
0: #                                                              out-of-place                       in-place          
0: #       size         count      type   redop    root     time   algbw   busbw  #wrong     time   algbw   busbw  #wrong 
0: #        (B)    (elements)                               (us)  (GB/s)  (GB/s)             (us)  (GB/s)  (GB/s)         
0:      8388608       2097152     float     sum      -1   115.76   72.46   72.46       0   116.39   72.07   72.07    N/A
0:     16777216       4194304     float     sum      -1   218.06   76.94   76.94       0   220.46   76.10   76.10    N/A
0:     33554432       8388608     float     sum      -1   420.62   79.77   79.77       0   423.95   79.15   79.15    N/A
0:     67108864      16777216     float     sum      -1   811.90   82.66   82.66       0   816.51   82.19   82.19    N/A
0:    134217728      33554432     float     sum      -1  1126.19  119.18  119.18       0  1127.68  119.02  119.02    N/A
0:    268435456      67108864     float     sum      -1  2209.89  121.47  121.47       0  2211.15  121.40  121.40    N/A
0: # Out of bounds values : 0 OK
0: # Avg bus bandwidth    : 91.8678 
0: #
0: # Collective test concluded: sendrecv_perf
0: #
0: 
0: 
0: ##### pass 6/20  pair g1-g3  sendrecv_perf
0: # nccl-tests version 2.17.8 nccl-headers=22903 nccl-library=22903
0: # Collective test starting: sendrecv_perf
0: # nThread 1 nGpus 2 minBytes 8388608 maxBytes 268435456 step: 2(factor) warmup iters: 5 iters: 20 agg iters: 1 validation: 1 graph: 0
0: #
0: # Using devices
0: #  Rank  0 Group  0 Pid  88271 on  nid006907 device  0 [0019:01:00] NVIDIA GH200 120GB
0: #  Rank  1 Group  0 Pid  88271 on  nid006907 device  1 [0039:01:00] NVIDIA GH200 120GB
0: #
0: #                                                              out-of-place                       in-place          
0: #       size         count      type   redop    root     time   algbw   busbw  #wrong     time   algbw   busbw  #wrong 
0: #        (B)    (elements)                               (us)  (GB/s)  (GB/s)             (us)  (GB/s)  (GB/s)         
0:      8388608       2097152     float     sum      -1   116.20   72.19   72.19       0   116.17   72.21   72.21    N/A
0:     16777216       4194304     float     sum      -1   218.60   76.75   76.75       0   219.20   76.54   76.54    N/A
0:     33554432       8388608     float     sum      -1   423.40   79.25   79.25       0   426.24   78.72   78.72    N/A
0:     67108864      16777216     float     sum      -1   812.03   82.64   82.64       0   826.10   81.24   81.24    N/A
0:    134217728      33554432     float     sum      -1  1124.07  119.40  119.40       0  1126.77  119.12  119.12    N/A
0:    268435456      67108864     float     sum      -1  2211.09  121.40  121.40       0  2202.63  121.87  121.87    N/A
0: # Out of bounds values : 0 OK
0: # Avg bus bandwidth    : 91.778 
0: #
0: # Collective test concluded: sendrecv_perf
0: #
0: 
0: 
0: ##### pass 6/20  pair g2-g3  sendrecv_perf
0: # nccl-tests version 2.17.8 nccl-headers=22903 nccl-library=22903
0: # Collective test starting: sendrecv_perf
0: # nThread 1 nGpus 2 minBytes 8388608 maxBytes 268435456 step: 2(factor) warmup iters: 5 iters: 20 agg iters: 1 validation: 1 graph: 0
0: #
0: # Using devices
0: #  Rank  0 Group  0 Pid  88310 on  nid006907 device  0 [0029:01:00] NVIDIA GH200 120GB
0: #  Rank  1 Group  0 Pid  88310 on  nid006907 device  1 [0039:01:00] NVIDIA GH200 120GB
0: #
0: #                                                              out-of-place                       in-place          
0: #       size         count      type   redop    root     time   algbw   busbw  #wrong     time   algbw   busbw  #wrong 
0: #        (B)    (elements)                               (us)  (GB/s)  (GB/s)             (us)  (GB/s)  (GB/s)         
0:      8388608       2097152     float     sum      -1   115.49   72.64   72.64       0   119.15   70.40   70.40    N/A
0:     16777216       4194304     float     sum      -1   221.92   75.60   75.60       0   220.28   76.16   76.16    N/A
0:     33554432       8388608     float     sum      -1   423.42   79.25   79.25       0   422.03   79.51   79.51    N/A
0:     67108864      16777216     float     sum      -1   816.10   82.23   82.23       0   821.56   81.68   81.68    N/A
0:    134217728      33554432     float     sum      -1  1116.61  120.20  120.20       0  1125.98  119.20  119.20    N/A
0:    268435456      67108864     float     sum      -1  2206.03  121.68  121.68       0  2204.94  121.74  121.74    N/A
0: # Out of bounds values : 0 OK
0: # Avg bus bandwidth    : 91.6915 
0: #
0: # Collective test concluded: sendrecv_perf
0: #
0: 
0: 
0: ##### pass 7/20  pair g0-g1  sendrecv_perf
0: # nccl-tests version 2.17.8 nccl-headers=22903 nccl-library=22903
0: # Collective test starting: sendrecv_perf
0: # nThread 1 nGpus 2 minBytes 8388608 maxBytes 268435456 step: 2(factor) warmup iters: 5 iters: 20 agg iters: 1 validation: 1 graph: 0
0: #
0: # Using devices
0: #  Rank  0 Group  0 Pid  88368 on  nid006907 device  0 [0009:01:00] NVIDIA GH200 120GB
0: #  Rank  1 Group  0 Pid  88368 on  nid006907 device  1 [0019:01:00] NVIDIA GH200 120GB
0: #
0: #                                                              out-of-place                       in-place          
0: #       size         count      type   redop    root     time   algbw   busbw  #wrong     time   algbw   busbw  #wrong 
0: #        (B)    (elements)                               (us)  (GB/s)  (GB/s)             (us)  (GB/s)  (GB/s)         
0:      8388608       2097152     float     sum      -1   118.16   70.99   70.99       0   118.13   71.01   71.01    N/A
0:     16777216       4194304     float     sum      -1   220.67   76.03   76.03       0   223.66   75.01   75.01    N/A
0:     33554432       8388608     float     sum      -1   423.76   79.18   79.18       0   423.69   79.20   79.20    N/A
0:     67108864      16777216     float     sum      -1   818.34   82.01   82.01       0   822.88   81.55   81.55    N/A
0:    134217728      33554432     float     sum      -1  1123.73  119.44  119.44       0  1119.02  119.94  119.94    N/A
0:    268435456      67108864     float     sum      -1  2211.53  121.38  121.38       0  2208.75  121.53  121.53    N/A
0: # Out of bounds values : 0 OK
0: # Avg bus bandwidth    : 91.4397 
0: #
0: # Collective test concluded: sendrecv_perf
0: #
0: 
0: 
0: ##### pass 7/20  pair g0-g2  sendrecv_perf
0: # nccl-tests version 2.17.8 nccl-headers=22903 nccl-library=22903
0: # Collective test starting: sendrecv_perf
0: # nThread 1 nGpus 2 minBytes 8388608 maxBytes 268435456 step: 2(factor) warmup iters: 5 iters: 20 agg iters: 1 validation: 1 graph: 0
0: #
0: # Using devices
0: #  Rank  0 Group  0 Pid  88406 on  nid006907 device  0 [0009:01:00] NVIDIA GH200 120GB
0: #  Rank  1 Group  0 Pid  88406 on  nid006907 device  1 [0029:01:00] NVIDIA GH200 120GB
0: #
0: #                                                              out-of-place                       in-place          
0: #       size         count      type   redop    root     time   algbw   busbw  #wrong     time   algbw   busbw  #wrong 
0: #        (B)    (elements)                               (us)  (GB/s)  (GB/s)             (us)  (GB/s)  (GB/s)         
0:      8388608       2097152     float     sum      -1   119.31   70.31   70.31       0   115.42   72.68   72.68    N/A
0:     16777216       4194304     float     sum      -1   222.01   75.57   75.57       0   222.51   75.40   75.40    N/A
0:     33554432       8388608     float     sum      -1   421.08   79.69   79.69       0   422.47   79.42   79.42    N/A
0:     67108864      16777216     float     sum      -1   813.06   82.54   82.54       0   820.01   81.84   81.84    N/A
0:    134217728      33554432     float     sum      -1  1118.87  119.96  119.96       0  1127.86  119.00  119.00    N/A
0:    268435456      67108864     float     sum      -1  2207.22  121.62  121.62       0  2209.41  121.50  121.50    N/A
0: # Out of bounds values : 0 OK
0: # Avg bus bandwidth    : 91.6266 
0: #
0: # Collective test concluded: sendrecv_perf
0: #
0: 
0: 
0: ##### pass 7/20  pair g0-g3  sendrecv_perf
0: # nccl-tests version 2.17.8 nccl-headers=22903 nccl-library=22903
0: # Collective test starting: sendrecv_perf
0: # nThread 1 nGpus 2 minBytes 8388608 maxBytes 268435456 step: 2(factor) warmup iters: 5 iters: 20 agg iters: 1 validation: 1 graph: 0
0: #
0: # Using devices
0: #  Rank  0 Group  0 Pid  88442 on  nid006907 device  0 [0009:01:00] NVIDIA GH200 120GB
0: #  Rank  1 Group  0 Pid  88442 on  nid006907 device  1 [0039:01:00] NVIDIA GH200 120GB
0: #
0: #                                                              out-of-place                       in-place          
0: #       size         count      type   redop    root     time   algbw   busbw  #wrong     time   algbw   busbw  #wrong 
0: #        (B)    (elements)                               (us)  (GB/s)  (GB/s)             (us)  (GB/s)  (GB/s)         
0:      8388608       2097152     float     sum      -1   118.18   70.98   70.98       0   117.39   71.46   71.46    N/A
0:     16777216       4194304     float     sum      -1   219.08   76.58   76.58       0   223.42   75.09   75.09    N/A
0:     33554432       8388608     float     sum      -1   423.10   79.31   79.31       0   424.31   79.08   79.08    N/A
0:     67108864      16777216     float     sum      -1   816.77   82.16   82.16       0   823.65   81.48   81.48    N/A
0:    134217728      33554432     float     sum      -1  1125.28  119.27  119.27       0  1123.40  119.47  119.47    N/A
0:    268435456      67108864     float     sum      -1  2206.20  121.67  121.67       0  2206.73  121.64  121.64    N/A
0: # Out of bounds values : 0 OK
0: # Avg bus bandwidth    : 91.5171 
0: #
0: # Collective test concluded: sendrecv_perf
0: #
0: 
0: 
0: ##### pass 7/20  pair g1-g2  sendrecv_perf
0: # nccl-tests version 2.17.8 nccl-headers=22903 nccl-library=22903
0: # Collective test starting: sendrecv_perf
0: # nThread 1 nGpus 2 minBytes 8388608 maxBytes 268435456 step: 2(factor) warmup iters: 5 iters: 20 agg iters: 1 validation: 1 graph: 0
0: #
0: # Using devices
0: #  Rank  0 Group  0 Pid  88480 on  nid006907 device  0 [0019:01:00] NVIDIA GH200 120GB
0: #  Rank  1 Group  0 Pid  88480 on  nid006907 device  1 [0029:01:00] NVIDIA GH200 120GB
0: #
0: #                                                              out-of-place                       in-place          
0: #       size         count      type   redop    root     time   algbw   busbw  #wrong     time   algbw   busbw  #wrong 
0: #        (B)    (elements)                               (us)  (GB/s)  (GB/s)             (us)  (GB/s)  (GB/s)         
0:      8388608       2097152     float     sum      -1   115.79   72.44   72.44       0   115.47   72.65   72.65    N/A
0:     16777216       4194304     float     sum      -1   221.48   75.75   75.75       0   220.53   76.08   76.08    N/A
0:     33554432       8388608     float     sum      -1   422.48   79.42   79.42       0   422.42   79.43   79.43    N/A
0:     67108864      16777216     float     sum      -1   818.80   81.96   81.96       0   822.97   81.55   81.55    N/A
0:    134217728      33554432     float     sum      -1  1119.82  119.86  119.86       0  1121.09  119.72  119.72    N/A
0:    268435456      67108864     float     sum      -1  2211.78  121.37  121.37       0  2212.78  121.31  121.31    N/A
0: # Out of bounds values : 0 OK
0: # Avg bus bandwidth    : 91.7949 
0: #
0: # Collective test concluded: sendrecv_perf
0: #
0: 
0: 
0: ##### pass 7/20  pair g1-g3  sendrecv_perf
0: # nccl-tests version 2.17.8 nccl-headers=22903 nccl-library=22903
0: # Collective test starting: sendrecv_perf
0: # nThread 1 nGpus 2 minBytes 8388608 maxBytes 268435456 step: 2(factor) warmup iters: 5 iters: 20 agg iters: 1 validation: 1 graph: 0
0: #
0: # Using devices
0: #  Rank  0 Group  0 Pid  88516 on  nid006907 device  0 [0019:01:00] NVIDIA GH200 120GB
0: #  Rank  1 Group  0 Pid  88516 on  nid006907 device  1 [0039:01:00] NVIDIA GH200 120GB
0: #
0: #                                                              out-of-place                       in-place          
0: #       size         count      type   redop    root     time   algbw   busbw  #wrong     time   algbw   busbw  #wrong 
0: #        (B)    (elements)                               (us)  (GB/s)  (GB/s)             (us)  (GB/s)  (GB/s)         
0:      8388608       2097152     float     sum      -1   116.86   71.78   71.78       0   119.45   70.23   70.23    N/A
0:     16777216       4194304     float     sum      -1   222.08   75.55   75.55       0   222.68   75.34   75.34    N/A
0:     33554432       8388608     float     sum      -1   423.19   79.29   79.29       0   426.53   78.67   78.67    N/A
0:     67108864      16777216     float     sum      -1   816.53   82.19   82.19       0   826.55   81.19   81.19    N/A
0:    134217728      33554432     float     sum      -1  1121.51  119.68  119.68       0  1117.35  120.12  120.12    N/A
0:    268435456      67108864     float     sum      -1  2210.40  121.44  121.44       0  2207.54  121.60  121.60    N/A
0: # Out of bounds values : 0 OK
0: # Avg bus bandwidth    : 91.4231 
0: #
0: # Collective test concluded: sendrecv_perf
0: #
0: 
0: 
0: ##### pass 7/20  pair g2-g3  sendrecv_perf
0: # nccl-tests version 2.17.8 nccl-headers=22903 nccl-library=22903
0: # Collective test starting: sendrecv_perf
0: # nThread 1 nGpus 2 minBytes 8388608 maxBytes 268435456 step: 2(factor) warmup iters: 5 iters: 20 agg iters: 1 validation: 1 graph: 0
0: #
0: # Using devices
0: #  Rank  0 Group  0 Pid  88554 on  nid006907 device  0 [0029:01:00] NVIDIA GH200 120GB
0: #  Rank  1 Group  0 Pid  88554 on  nid006907 device  1 [0039:01:00] NVIDIA GH200 120GB
0: #
0: #                                                              out-of-place                       in-place          
0: #       size         count      type   redop    root     time   algbw   busbw  #wrong     time   algbw   busbw  #wrong 
0: #        (B)    (elements)                               (us)  (GB/s)  (GB/s)             (us)  (GB/s)  (GB/s)         
0:      8388608       2097152     float     sum      -1   115.94   72.36   72.36       0   115.43   72.68   72.68    N/A
0:     16777216       4194304     float     sum      -1   222.50   75.40   75.40       0   219.31   76.50   76.50    N/A
0:     33554432       8388608     float     sum      -1   421.12   79.68   79.68       0   423.54   79.22   79.22    N/A
0:     67108864      16777216     float     sum      -1   813.09   82.54   82.54       0   824.87   81.36   81.36    N/A
0:    134217728      33554432     float     sum      -1  1126.18  119.18  119.18       0  1122.59  119.56  119.56    N/A
0:    268435456      67108864     float     sum      -1  2207.89  121.58  121.58       0  2207.42  121.61  121.61    N/A
0: # Out of bounds values : 0 OK
0: # Avg bus bandwidth    : 91.8048 
0: #
0: # Collective test concluded: sendrecv_perf
0: #
0: 
0: 
0: ##### pass 8/20  pair g0-g1  sendrecv_perf
0: # nccl-tests version 2.17.8 nccl-headers=22903 nccl-library=22903
0: # Collective test starting: sendrecv_perf
0: # nThread 1 nGpus 2 minBytes 8388608 maxBytes 268435456 step: 2(factor) warmup iters: 5 iters: 20 agg iters: 1 validation: 1 graph: 0
0: #
0: # Using devices
0: #  Rank  0 Group  0 Pid  88592 on  nid006907 device  0 [0009:01:00] NVIDIA GH200 120GB
0: #  Rank  1 Group  0 Pid  88592 on  nid006907 device  1 [0019:01:00] NVIDIA GH200 120GB
0: #
0: #                                                              out-of-place                       in-place          
0: #       size         count      type   redop    root     time   algbw   busbw  #wrong     time   algbw   busbw  #wrong 
0: #        (B)    (elements)                               (us)  (GB/s)  (GB/s)             (us)  (GB/s)  (GB/s)         
0:      8388608       2097152     float     sum      -1   119.37   70.27   70.27       0   115.75   72.47   72.47    N/A
0:     16777216       4194304     float     sum      -1   222.66   75.35   75.35       0   221.12   75.87   75.87    N/A
0:     33554432       8388608     float     sum      -1   422.87   79.35   79.35       0   425.81   78.80   78.80    N/A
0:     67108864      16777216     float     sum      -1   812.45   82.60   82.60       0   825.79   81.27   81.27    N/A
0:    134217728      33554432     float     sum      -1  1122.47  119.57  119.57       0  1124.55  119.35  119.35    N/A
0:    268435456      67108864     float     sum      -1  2213.58  121.27  121.27       0  2205.94  121.69  121.69    N/A
0: # Out of bounds values : 0 OK
0: # Avg bus bandwidth    : 91.4886 
0: #
0: # Collective test concluded: sendrecv_perf
0: #
0: 
0: 
0: ##### pass 8/20  pair g0-g2  sendrecv_perf
0: # nccl-tests version 2.17.8 nccl-headers=22903 nccl-library=22903
0: # Collective test starting: sendrecv_perf
0: # nThread 1 nGpus 2 minBytes 8388608 maxBytes 268435456 step: 2(factor) warmup iters: 5 iters: 20 agg iters: 1 validation: 1 graph: 0
0: #
0: # Using devices
0: #  Rank  0 Group  0 Pid  88656 on  nid006907 device  0 [0009:01:00] NVIDIA GH200 120GB
0: #  Rank  1 Group  0 Pid  88656 on  nid006907 device  1 [0029:01:00] NVIDIA GH200 120GB
0: #
0: #                                                              out-of-place                       in-place          
0: #       size         count      type   redop    root     time   algbw   busbw  #wrong     time   algbw   busbw  #wrong 
0: #        (B)    (elements)                               (us)  (GB/s)  (GB/s)             (us)  (GB/s)  (GB/s)         
0:      8388608       2097152     float     sum      -1   116.14   72.23   72.23       0   115.77   72.46   72.46    N/A
0:     16777216       4194304     float     sum      -1   223.22   75.16   75.16       0   221.64   75.70   75.70    N/A
0:     33554432       8388608     float     sum      -1   418.95   80.09   80.09       0   422.88   79.35   79.35    N/A
0:     67108864      16777216     float     sum      -1   810.23   82.83   82.83       0   826.85   81.16   81.16    N/A
0:    134217728      33554432     float     sum      -1  1127.25  119.07  119.07       0  1126.62  119.13  119.13    N/A
0:    268435456      67108864     float     sum      -1  2209.67  121.48  121.48       0  2210.51  121.44  121.44    N/A
0: # Out of bounds values : 0 OK
0: # Avg bus bandwidth    : 91.6742 
0: #
0: # Collective test concluded: sendrecv_perf
0: #
0: 
0: 
0: ##### pass 8/20  pair g0-g3  sendrecv_perf
0: # nccl-tests version 2.17.8 nccl-headers=22903 nccl-library=22903
0: # Collective test starting: sendrecv_perf
0: # nThread 1 nGpus 2 minBytes 8388608 maxBytes 268435456 step: 2(factor) warmup iters: 5 iters: 20 agg iters: 1 validation: 1 graph: 0
0: #
0: # Using devices
0: #  Rank  0 Group  0 Pid  88697 on  nid006907 device  0 [0009:01:00] NVIDIA GH200 120GB
0: #  Rank  1 Group  0 Pid  88697 on  nid006907 device  1 [0039:01:00] NVIDIA GH200 120GB
0: #
0: #                                                              out-of-place                       in-place          
0: #       size         count      type   redop    root     time   algbw   busbw  #wrong     time   algbw   busbw  #wrong 
0: #        (B)    (elements)                               (us)  (GB/s)  (GB/s)             (us)  (GB/s)  (GB/s)         
0:      8388608       2097152     float     sum      -1   119.19   70.38   70.38       0   115.32   72.74   72.74    N/A
0:     16777216       4194304     float     sum      -1   221.40   75.78   75.78       0   219.65   76.38   76.38    N/A
0:     33554432       8388608     float     sum      -1   423.29   79.27   79.27       0   423.76   79.18   79.18    N/A
0:     67108864      16777216     float     sum      -1   814.18   82.42   82.42       0   823.03   81.54   81.54    N/A
0:    134217728      33554432     float     sum      -1  1125.71  119.23  119.23       0  1122.67  119.55  119.55    N/A
0:    268435456      67108864     float     sum      -1  2205.72  121.70  121.70       0  2208.98  121.52  121.52    N/A
0: # Out of bounds values : 0 OK
0: # Avg bus bandwidth    : 91.6416 
0: #
0: # Collective test concluded: sendrecv_perf
0: #
0: 
0: 
0: ##### pass 8/20  pair g1-g2  sendrecv_perf
0: # nccl-tests version 2.17.8 nccl-headers=22903 nccl-library=22903
0: # Collective test starting: sendrecv_perf
0: # nThread 1 nGpus 2 minBytes 8388608 maxBytes 268435456 step: 2(factor) warmup iters: 5 iters: 20 agg iters: 1 validation: 1 graph: 0
0: #
0: # Using devices
0: #  Rank  0 Group  0 Pid  88736 on  nid006907 device  0 [0019:01:00] NVIDIA GH200 120GB
0: #  Rank  1 Group  0 Pid  88736 on  nid006907 device  1 [0029:01:00] NVIDIA GH200 120GB
0: #
0: #                                                              out-of-place                       in-place          
0: #       size         count      type   redop    root     time   algbw   busbw  #wrong     time   algbw   busbw  #wrong 
0: #        (B)    (elements)                               (us)  (GB/s)  (GB/s)             (us)  (GB/s)  (GB/s)         
0:      8388608       2097152     float     sum      -1   118.99   70.50   70.50       0   117.53   71.37   71.37    N/A
0:     16777216       4194304     float     sum      -1   218.05   76.94   76.94       0   223.68   75.01   75.01    N/A
0:     33554432       8388608     float     sum      -1   423.36   79.26   79.26       0   422.41   79.44   79.44    N/A
0:     67108864      16777216     float     sum      -1   811.16   82.73   82.73       0   827.15   81.13   81.13    N/A
0:    134217728      33554432     float     sum      -1  1122.48  119.57  119.57       0  1122.50  119.57  119.57    N/A
0:    268435456      67108864     float     sum      -1  2210.45  121.44  121.44       0  2211.15  121.40  121.40    N/A
0: # Out of bounds values : 0 OK
0: # Avg bus bandwidth    : 91.5301 
0: #
0: # Collective test concluded: sendrecv_perf
0: #
0: 
0: 
0: ##### pass 8/20  pair g1-g3  sendrecv_perf
0: # nccl-tests version 2.17.8 nccl-headers=22903 nccl-library=22903
0: # Collective test starting: sendrecv_perf
0: # nThread 1 nGpus 2 minBytes 8388608 maxBytes 268435456 step: 2(factor) warmup iters: 5 iters: 20 agg iters: 1 validation: 1 graph: 0
0: #
0: # Using devices
0: #  Rank  0 Group  0 Pid  88773 on  nid006907 device  0 [0019:01:00] NVIDIA GH200 120GB
0: #  Rank  1 Group  0 Pid  88773 on  nid006907 device  1 [0039:01:00] NVIDIA GH200 120GB
0: #
0: #                                                              out-of-place                       in-place          
0: #       size         count      type   redop    root     time   algbw   busbw  #wrong     time   algbw   busbw  #wrong 
0: #        (B)    (elements)                               (us)  (GB/s)  (GB/s)             (us)  (GB/s)  (GB/s)         
0:      8388608       2097152     float     sum      -1   116.20   72.19   72.19       0   116.50   72.01   72.01    N/A
0:     16777216       4194304     float     sum      -1   221.06   75.89   75.89       0   221.16   75.86   75.86    N/A
0:     33554432       8388608     float     sum      -1   419.89   79.91   79.91       0   425.92   78.78   78.78    N/A
0:     67108864      16777216     float     sum      -1   812.50   82.60   82.60       0   819.38   81.90   81.90    N/A
0:    134217728      33554432     float     sum      -1  1122.29  119.59  119.59       0  1119.95  119.84  119.84    N/A
0:    268435456      67108864     float     sum      -1  2212.62  121.32  121.32       0  2207.33  121.61  121.61    N/A
0: # Out of bounds values : 0 OK
0: # Avg bus bandwidth    : 91.7926 
0: #
0: # Collective test concluded: sendrecv_perf
0: #
0: 
0: 
0: ##### pass 8/20  pair g2-g3  sendrecv_perf
0: # nccl-tests version 2.17.8 nccl-headers=22903 nccl-library=22903
0: # Collective test starting: sendrecv_perf
0: # nThread 1 nGpus 2 minBytes 8388608 maxBytes 268435456 step: 2(factor) warmup iters: 5 iters: 20 agg iters: 1 validation: 1 graph: 0
0: #
0: # Using devices
0: #  Rank  0 Group  0 Pid  88811 on  nid006907 device  0 [0029:01:00] NVIDIA GH200 120GB
0: #  Rank  1 Group  0 Pid  88811 on  nid006907 device  1 [0039:01:00] NVIDIA GH200 120GB
0: #
0: #                                                              out-of-place                       in-place          
0: #       size         count      type   redop    root     time   algbw   busbw  #wrong     time   algbw   busbw  #wrong 
0: #        (B)    (elements)                               (us)  (GB/s)  (GB/s)             (us)  (GB/s)  (GB/s)         
0:      8388608       2097152     float     sum      -1   115.22   72.81   72.81       0   115.22   72.80   72.80    N/A
0:     16777216       4194304     float     sum      -1   218.91   76.64   76.64       0   218.93   76.63   76.63    N/A
0:     33554432       8388608     float     sum      -1   421.10   79.68   79.68       0   419.37   80.01   80.01    N/A
0:     67108864      16777216     float     sum      -1   810.64   82.79   82.79       0   813.41   82.50   82.50    N/A
0:    134217728      33554432     float     sum      -1  1119.57  119.88  119.88       0  1118.23  120.03  120.03    N/A
0:    268435456      67108864     float     sum      -1  2209.91  121.47  121.47       0  2198.29  122.11  122.11    N/A
0: # Out of bounds values : 0 OK
0: # Avg bus bandwidth    : 92.2794 
0: #
0: # Collective test concluded: sendrecv_perf
0: #
0: 
0: 
0: ##### pass 9/20  pair g0-g1  sendrecv_perf
0: # nccl-tests version 2.17.8 nccl-headers=22903 nccl-library=22903
0: # Collective test starting: sendrecv_perf
0: # nThread 1 nGpus 2 minBytes 8388608 maxBytes 268435456 step: 2(factor) warmup iters: 5 iters: 20 agg iters: 1 validation: 1 graph: 0
0: #
0: # Using devices
0: #  Rank  0 Group  0 Pid  88850 on  nid006907 device  0 [0009:01:00] NVIDIA GH200 120GB
0: #  Rank  1 Group  0 Pid  88850 on  nid006907 device  1 [0019:01:00] NVIDIA GH200 120GB
0: #
0: #                                                              out-of-place                       in-place          
0: #       size         count      type   redop    root     time   algbw   busbw  #wrong     time   algbw   busbw  #wrong 
0: #        (B)    (elements)                               (us)  (GB/s)  (GB/s)             (us)  (GB/s)  (GB/s)         
0:      8388608       2097152     float     sum      -1   115.66   72.53   72.53       0   120.15   69.82   69.82    N/A
0:     16777216       4194304     float     sum      -1   220.97   75.93   75.93       0   218.58   76.76   76.76    N/A
0:     33554432       8388608     float     sum      -1   423.65   79.20   79.20       0   424.10   79.12   79.12    N/A
0:     67108864      16777216     float     sum      -1   818.70   81.97   81.97       0   823.75   81.47   81.47    N/A
0:    134217728      33554432     float     sum      -1  1117.50  120.11  120.11       0  1126.66  119.13  119.13    N/A
0:    268435456      67108864     float     sum      -1  2211.56  121.38  121.38       0  2211.77  121.37  121.37    N/A
0: # Out of bounds values : 0 OK
0: # Avg bus bandwidth    : 91.5639 
0: #
0: # Collective test concluded: sendrecv_perf
0: #
0: 
0: 
0: ##### pass 9/20  pair g0-g2  sendrecv_perf
0: # nccl-tests version 2.17.8 nccl-headers=22903 nccl-library=22903
0: # Collective test starting: sendrecv_perf
0: # nThread 1 nGpus 2 minBytes 8388608 maxBytes 268435456 step: 2(factor) warmup iters: 5 iters: 20 agg iters: 1 validation: 1 graph: 0
0: #
0: # Using devices
0: #  Rank  0 Group  0 Pid  88912 on  nid006907 device  0 [0009:01:00] NVIDIA GH200 120GB
0: #  Rank  1 Group  0 Pid  88912 on  nid006907 device  1 [0029:01:00] NVIDIA GH200 120GB
0: #
0: #                                                              out-of-place                       in-place          
0: #       size         count      type   redop    root     time   algbw   busbw  #wrong     time   algbw   busbw  #wrong 
0: #        (B)    (elements)                               (us)  (GB/s)  (GB/s)             (us)  (GB/s)  (GB/s)         
0:      8388608       2097152     float     sum      -1   118.57   70.75   70.75       0   115.45   72.66   72.66    N/A
0:     16777216       4194304     float     sum      -1   221.45   75.76   75.76       0   217.92   76.99   76.99    N/A
0:     33554432       8388608     float     sum      -1   421.11   79.68   79.68       0   422.78   79.37   79.37    N/A
0:     67108864      16777216     float     sum      -1   813.91   82.45   82.45       0   818.44   82.00   82.00    N/A
0:    134217728      33554432     float     sum      -1  1118.72  119.97  119.97       0  1118.57  119.99  119.99    N/A
0:    268435456      67108864     float     sum      -1  2212.95  121.30  121.30       0  2204.57  121.76  121.76    N/A
0: # Out of bounds values : 0 OK
0: # Avg bus bandwidth    : 91.8903 
0: #
0: # Collective test concluded: sendrecv_perf
0: #
0: 
0: 
0: ##### pass 9/20  pair g0-g3  sendrecv_perf
0: # nccl-tests version 2.17.8 nccl-headers=22903 nccl-library=22903
0: # Collective test starting: sendrecv_perf
0: # nThread 1 nGpus 2 minBytes 8388608 maxBytes 268435456 step: 2(factor) warmup iters: 5 iters: 20 agg iters: 1 validation: 1 graph: 0
0: #
0: # Using devices
0: #  Rank  0 Group  0 Pid  88951 on  nid006907 device  0 [0009:01:00] NVIDIA GH200 120GB
0: #  Rank  1 Group  0 Pid  88951 on  nid006907 device  1 [0039:01:00] NVIDIA GH200 120GB
0: #
0: #                                                              out-of-place                       in-place          
0: #       size         count      type   redop    root     time   algbw   busbw  #wrong     time   algbw   busbw  #wrong 
0: #        (B)    (elements)                               (us)  (GB/s)  (GB/s)             (us)  (GB/s)  (GB/s)         
0:      8388608       2097152     float     sum      -1   115.38   72.70   72.70       0   120.67   69.52   69.52    N/A
0:     16777216       4194304     float     sum      -1   222.57   75.38   75.38       0   221.10   75.88   75.88    N/A
0:     33554432       8388608     float     sum      -1   422.55   79.41   79.41       0   419.21   80.04   80.04    N/A
0:     67108864      16777216     float     sum      -1   817.90   82.05   82.05       0   817.16   82.12   82.12    N/A
0:    134217728      33554432     float     sum      -1  1125.25  119.28  119.28       0  1117.17  120.14  120.14    N/A
0:    268435456      67108864     float     sum      -1  2204.29  121.78  121.78       0  2201.09  121.96  121.96    N/A
0: # Out of bounds values : 0 OK
0: # Avg bus bandwidth    : 91.6882 
0: #
0: # Collective test concluded: sendrecv_perf
0: #
0: 
0: 
0: ##### pass 9/20  pair g1-g2  sendrecv_perf
0: # nccl-tests version 2.17.8 nccl-headers=22903 nccl-library=22903
0: # Collective test starting: sendrecv_perf
0: # nThread 1 nGpus 2 minBytes 8388608 maxBytes 268435456 step: 2(factor) warmup iters: 5 iters: 20 agg iters: 1 validation: 1 graph: 0
0: #
0: # Using devices
0: #  Rank  0 Group  0 Pid  88986 on  nid006907 device  0 [0019:01:00] NVIDIA GH200 120GB
0: #  Rank  1 Group  0 Pid  88986 on  nid006907 device  1 [0029:01:00] NVIDIA GH200 120GB
0: #
0: #                                                              out-of-place                       in-place          
0: #       size         count      type   redop    root     time   algbw   busbw  #wrong     time   algbw   busbw  #wrong 
0: #        (B)    (elements)                               (us)  (GB/s)  (GB/s)             (us)  (GB/s)  (GB/s)         
0:      8388608       2097152     float     sum      -1   116.03   72.29   72.29       0   116.22   72.18   72.18    N/A
0:     16777216       4194304     float     sum      -1   222.54   75.39   75.39       0   223.52   75.06   75.06    N/A
0:     33554432       8388608     float     sum      -1   423.30   79.27   79.27       0   421.47   79.61   79.61    N/A
0:     67108864      16777216     float     sum      -1   819.63   81.88   81.88       0   823.03   81.54   81.54    N/A
0:    134217728      33554432     float     sum      -1  1131.97  118.57  118.57       0  1121.98  119.63  119.63    N/A
0:    268435456      67108864     float     sum      -1  2204.53  121.77  121.77       0  2202.86  121.86  121.86    N/A
0: # Out of bounds values : 0 OK
0: # Avg bus bandwidth    : 91.5864 
0: #
0: # Collective test concluded: sendrecv_perf
0: #
0: 
0: 
0: ##### pass 9/20  pair g1-g3  sendrecv_perf
0: # nccl-tests version 2.17.8 nccl-headers=22903 nccl-library=22903
0: # Collective test starting: sendrecv_perf
0: # nThread 1 nGpus 2 minBytes 8388608 maxBytes 268435456 step: 2(factor) warmup iters: 5 iters: 20 agg iters: 1 validation: 1 graph: 0
0: #
0: # Using devices
0: #  Rank  0 Group  0 Pid  89025 on  nid006907 device  0 [0019:01:00] NVIDIA GH200 120GB
0: #  Rank  1 Group  0 Pid  89025 on  nid006907 device  1 [0039:01:00] NVIDIA GH200 120GB
0: #
0: #                                                              out-of-place                       in-place          
0: #       size         count      type   redop    root     time   algbw   busbw  #wrong     time   algbw   busbw  #wrong 
0: #        (B)    (elements)                               (us)  (GB/s)  (GB/s)             (us)  (GB/s)  (GB/s)         
0:      8388608       2097152     float     sum      -1   118.20   70.97   70.97       0   115.48   72.64   72.64    N/A
0:     16777216       4194304     float     sum      -1   217.66   77.08   77.08       0   217.56   77.12   77.12    N/A
0:     33554432       8388608     float     sum      -1   419.85   79.92   79.92       0   422.71   79.38   79.38    N/A
0:     67108864      16777216     float     sum      -1   815.08   82.33   82.33       0   825.83   81.26   81.26    N/A
0:    134217728      33554432     float     sum      -1  1122.84  119.53  119.53       0  1123.13  119.50  119.50    N/A
0:    268435456      67108864     float     sum      -1  2204.68  121.76  121.76       0  2208.61  121.54  121.54    N/A
0: # Out of bounds values : 0 OK
0: # Avg bus bandwidth    : 91.9197 
0: #
0: # Collective test concluded: sendrecv_perf
0: #
0: 
0: 
0: ##### pass 9/20  pair g2-g3  sendrecv_perf
0: # nccl-tests version 2.17.8 nccl-headers=22903 nccl-library=22903
0: # Collective test starting: sendrecv_perf
0: # nThread 1 nGpus 2 minBytes 8388608 maxBytes 268435456 step: 2(factor) warmup iters: 5 iters: 20 agg iters: 1 validation: 1 graph: 0
0: #
0: # Using devices
0: #  Rank  0 Group  0 Pid  89061 on  nid006907 device  0 [0029:01:00] NVIDIA GH200 120GB
0: #  Rank  1 Group  0 Pid  89061 on  nid006907 device  1 [0039:01:00] NVIDIA GH200 120GB
0: #
0: #                                                              out-of-place                       in-place          
0: #       size         count      type   redop    root     time   algbw   busbw  #wrong     time   algbw   busbw  #wrong 
0: #        (B)    (elements)                               (us)  (GB/s)  (GB/s)             (us)  (GB/s)  (GB/s)         
0:      8388608       2097152     float     sum      -1   119.09   70.44   70.44       0   115.65   72.53   72.53    N/A
0:     16777216       4194304     float     sum      -1   217.54   77.12   77.12       0   220.05   76.24   76.24    N/A
0:     33554432       8388608     float     sum      -1   421.83   79.54   79.54       0   423.48   79.24   79.24    N/A
0:     67108864      16777216     float     sum      -1   814.46   82.40   82.40       0   826.67   81.18   81.18    N/A
0:    134217728      33554432     float     sum      -1  1128.95  118.89  118.89       0  1117.19  120.14  120.14    N/A
0:    268435456      67108864     float     sum      -1  2216.84  121.09  121.09       0  2203.87  121.80  121.80    N/A
0: # Out of bounds values : 0 OK
0: # Avg bus bandwidth    : 91.7178 
0: #
0: # Collective test concluded: sendrecv_perf
0: #
0: 
0: 
0: ##### pass 10/20  pair g0-g1  sendrecv_perf
0: # nccl-tests version 2.17.8 nccl-headers=22903 nccl-library=22903
0: # Collective test starting: sendrecv_perf
0: # nThread 1 nGpus 2 minBytes 8388608 maxBytes 268435456 step: 2(factor) warmup iters: 5 iters: 20 agg iters: 1 validation: 1 graph: 0
0: #
0: # Using devices
0: #  Rank  0 Group  0 Pid  89101 on  nid006907 device  0 [0009:01:00] NVIDIA GH200 120GB
0: #  Rank  1 Group  0 Pid  89101 on  nid006907 device  1 [0019:01:00] NVIDIA GH200 120GB
0: #
0: #                                                              out-of-place                       in-place          
0: #       size         count      type   redop    root     time   algbw   busbw  #wrong     time   algbw   busbw  #wrong 
0: #        (B)    (elements)                               (us)  (GB/s)  (GB/s)             (us)  (GB/s)  (GB/s)         
0:      8388608       2097152     float     sum      -1   118.41   70.84   70.84       0   117.47   71.41   71.41    N/A
0:     16777216       4194304     float     sum      -1   222.42   75.43   75.43       0   222.14   75.52   75.52    N/A
0:     33554432       8388608     float     sum      -1   423.90   79.16   79.16       0   423.79   79.18   79.18    N/A
0:     67108864      16777216     float     sum      -1   820.51   81.79   81.79       0   822.72   81.57   81.57    N/A
0:    134217728      33554432     float     sum      -1  1128.29  118.96  118.96       0  1117.82  120.07  120.07    N/A
0:    268435456      67108864     float     sum      -1  2214.96  121.19  121.19       0  2212.25  121.34  121.34    N/A
0: # Out of bounds values : 0 OK
0: # Avg bus bandwidth    : 91.3719 
0: #
0: # Collective test concluded: sendrecv_perf
0: #
0: 
0: 
0: ##### pass 10/20  pair g0-g2  sendrecv_perf
0: # nccl-tests version 2.17.8 nccl-headers=22903 nccl-library=22903
0: # Collective test starting: sendrecv_perf
0: # nThread 1 nGpus 2 minBytes 8388608 maxBytes 268435456 step: 2(factor) warmup iters: 5 iters: 20 agg iters: 1 validation: 1 graph: 0
0: #
0: # Using devices
0: #  Rank  0 Group  0 Pid  89186 on  nid006907 device  0 [0009:01:00] NVIDIA GH200 120GB
0: #  Rank  1 Group  0 Pid  89186 on  nid006907 device  1 [0029:01:00] NVIDIA GH200 120GB
0: #
0: #                                                              out-of-place                       in-place          
0: #       size         count      type   redop    root     time   algbw   busbw  #wrong     time   algbw   busbw  #wrong 
0: #        (B)    (elements)                               (us)  (GB/s)  (GB/s)             (us)  (GB/s)  (GB/s)         
0:      8388608       2097152     float     sum      -1   115.76   72.46   72.46       0   115.70   72.50   72.50    N/A
0:     16777216       4194304     float     sum      -1   219.56   76.41   76.41       0   217.70   77.07   77.07    N/A
0:     33554432       8388608     float     sum      -1   419.92   79.91   79.91       0   423.77   79.18   79.18    N/A
0:     67108864      16777216     float     sum      -1   814.01   82.44   82.44       0   817.49   82.09   82.09    N/A
0:    134217728      33554432     float     sum      -1  1119.80  119.86  119.86       0  1119.84  119.85  119.85    N/A
0:    268435456      67108864     float     sum      -1  2203.50  121.82  121.82       0  2200.34  122.00  122.00    N/A
0: # Out of bounds values : 0 OK
0: # Avg bus bandwidth    : 92.1337 
0: #
0: # Collective test concluded: sendrecv_perf
0: #
0: 
0: 
0: ##### pass 10/20  pair g0-g3  sendrecv_perf
0: # nccl-tests version 2.17.8 nccl-headers=22903 nccl-library=22903
0: # Collective test starting: sendrecv_perf
0: # nThread 1 nGpus 2 minBytes 8388608 maxBytes 268435456 step: 2(factor) warmup iters: 5 iters: 20 agg iters: 1 validation: 1 graph: 0
0: #
0: # Using devices
0: #  Rank  0 Group  0 Pid  89222 on  nid006907 device  0 [0009:01:00] NVIDIA GH200 120GB
0: #  Rank  1 Group  0 Pid  89222 on  nid006907 device  1 [0039:01:00] NVIDIA GH200 120GB
0: #
0: #                                                              out-of-place                       in-place          
0: #       size         count      type   redop    root     time   algbw   busbw  #wrong     time   algbw   busbw  #wrong 
0: #        (B)    (elements)                               (us)  (GB/s)  (GB/s)             (us)  (GB/s)  (GB/s)         
0:      8388608       2097152     float     sum      -1   118.77   70.63   70.63       0   118.44   70.83   70.83    N/A
0:     16777216       4194304     float     sum      -1   221.99   75.58   75.58       0   220.88   75.96   75.96    N/A
0:     33554432       8388608     float     sum      -1   422.89   79.34   79.34       0   421.30   79.64   79.64    N/A
0:     67108864      16777216     float     sum      -1   815.36   82.31   82.31       0   818.44   82.00   82.00    N/A
0:    134217728      33554432     float     sum      -1  1118.54  119.99  119.99       0  1122.95  119.52  119.52    N/A
0:    268435456      67108864     float     sum      -1  2209.37  121.50  121.50       0  2202.46  121.88  121.88    N/A
0: # Out of bounds values : 0 OK
0: # Avg bus bandwidth    : 91.5978 
0: #
0: # Collective test concluded: sendrecv_perf
0: #
0: 
0: 
0: ##### pass 10/20  pair g1-g2  sendrecv_perf
0: # nccl-tests version 2.17.8 nccl-headers=22903 nccl-library=22903
0: # Collective test starting: sendrecv_perf
0: # nThread 1 nGpus 2 minBytes 8388608 maxBytes 268435456 step: 2(factor) warmup iters: 5 iters: 20 agg iters: 1 validation: 1 graph: 0
0: #
0: # Using devices
0: #  Rank  0 Group  0 Pid  89257 on  nid006907 device  0 [0019:01:00] NVIDIA GH200 120GB
0: #  Rank  1 Group  0 Pid  89257 on  nid006907 device  1 [0029:01:00] NVIDIA GH200 120GB
0: #
0: #                                                              out-of-place                       in-place          
0: #       size         count      type   redop    root     time   algbw   busbw  #wrong     time   algbw   busbw  #wrong 
0: #        (B)    (elements)                               (us)  (GB/s)  (GB/s)             (us)  (GB/s)  (GB/s)         
0:      8388608       2097152     float     sum      -1   120.87   69.40   69.40       0   115.91   72.37   72.37    N/A
0:     16777216       4194304     float     sum      -1   221.55   75.73   75.73       0   217.68   77.07   77.07    N/A
0:     33554432       8388608     float     sum      -1   423.93   79.15   79.15       0   425.39   78.88   78.88    N/A
0:     67108864      16777216     float     sum      -1   815.53   82.29   82.29       0   827.49   81.10   81.10    N/A
0:    134217728      33554432     float     sum      -1  1131.58  118.61  118.61       0  1119.13  119.93  119.93    N/A
0:    268435456      67108864     float     sum      -1  2215.07  121.19  121.19       0  2211.04  121.41  121.41    N/A
0: # Out of bounds values : 0 OK
0: # Avg bus bandwidth    : 91.4272 
0: #
0: # Collective test concluded: sendrecv_perf
0: #
0: 
0: 
0: ##### pass 10/20  pair g1-g3  sendrecv_perf
0: # nccl-tests version 2.17.8 nccl-headers=22903 nccl-library=22903
0: # Collective test starting: sendrecv_perf
0: # nThread 1 nGpus 2 minBytes 8388608 maxBytes 268435456 step: 2(factor) warmup iters: 5 iters: 20 agg iters: 1 validation: 1 graph: 0
0: #
0: # Using devices
0: #  Rank  0 Group  0 Pid  89297 on  nid006907 device  0 [0019:01:00] NVIDIA GH200 120GB
0: #  Rank  1 Group  0 Pid  89297 on  nid006907 device  1 [0039:01:00] NVIDIA GH200 120GB
0: #
0: #                                                              out-of-place                       in-place          
0: #       size         count      type   redop    root     time   algbw   busbw  #wrong     time   algbw   busbw  #wrong 
0: #        (B)    (elements)                               (us)  (GB/s)  (GB/s)             (us)  (GB/s)  (GB/s)         
0:      8388608       2097152     float     sum      -1   119.31   70.31   70.31       0   115.77   72.46   72.46    N/A
0:     16777216       4194304     float     sum      -1   220.54   76.07   76.07       0   220.66   76.03   76.03    N/A
0:     33554432       8388608     float     sum      -1   423.55   79.22   79.22       0   421.61   79.59   79.59    N/A
0:     67108864      16777216     float     sum      -1   816.59   82.18   82.18       0   817.10   82.13   82.13    N/A
0:    134217728      33554432     float     sum      -1  1123.53  119.46  119.46       0  1122.13  119.61  119.61    N/A
0:    268435456      67108864     float     sum      -1  2208.24  121.56  121.56       0  2206.01  121.68  121.68    N/A
0: # Out of bounds values : 0 OK
0: # Avg bus bandwidth    : 91.6925 
0: #
0: # Collective test concluded: sendrecv_perf
0: #
0: 
0: 
0: ##### pass 10/20  pair g2-g3  sendrecv_perf
0: # nccl-tests version 2.17.8 nccl-headers=22903 nccl-library=22903
0: # Collective test starting: sendrecv_perf
0: # nThread 1 nGpus 2 minBytes 8388608 maxBytes 268435456 step: 2(factor) warmup iters: 5 iters: 20 agg iters: 1 validation: 1 graph: 0
0: #
0: # Using devices
0: #  Rank  0 Group  0 Pid  89335 on  nid006907 device  0 [0029:01:00] NVIDIA GH200 120GB
0: #  Rank  1 Group  0 Pid  89335 on  nid006907 device  1 [0039:01:00] NVIDIA GH200 120GB
0: #
0: #                                                              out-of-place                       in-place          
0: #       size         count      type   redop    root     time   algbw   busbw  #wrong     time   algbw   busbw  #wrong 
0: #        (B)    (elements)                               (us)  (GB/s)  (GB/s)             (us)  (GB/s)  (GB/s)         
0:      8388608       2097152     float     sum      -1   115.80   72.44   72.44       0   115.03   72.92   72.92    N/A
0:     16777216       4194304     float     sum      -1   222.57   75.38   75.38       0   221.95   75.59   75.59    N/A
0:     33554432       8388608     float     sum      -1   422.09   79.50   79.50       0   422.29   79.46   79.46    N/A
0:     67108864      16777216     float     sum      -1   818.13   82.03   82.03       0   822.42   81.60   81.60    N/A
0:    134217728      33554432     float     sum      -1  1123.67  119.45  119.45       0  1117.92  120.06  120.06    N/A
0:    268435456      67108864     float     sum      -1  2207.97  121.58  121.58       0  2206.38  121.66  121.66    N/A
0: # Out of bounds values : 0 OK
0: # Avg bus bandwidth    : 91.8046 
0: #
0: # Collective test concluded: sendrecv_perf
0: #
0: 
0: 
0: ##### pass 11/20  pair g0-g1  sendrecv_perf
0: # nccl-tests version 2.17.8 nccl-headers=22903 nccl-library=22903
0: # Collective test starting: sendrecv_perf
0: # nThread 1 nGpus 2 minBytes 8388608 maxBytes 268435456 step: 2(factor) warmup iters: 5 iters: 20 agg iters: 1 validation: 1 graph: 0
0: #
0: # Using devices
0: #  Rank  0 Group  0 Pid  89370 on  nid006907 device  0 [0009:01:00] NVIDIA GH200 120GB
0: #  Rank  1 Group  0 Pid  89370 on  nid006907 device  1 [0019:01:00] NVIDIA GH200 120GB
0: #
0: #                                                              out-of-place                       in-place          
0: #       size         count      type   redop    root     time   algbw   busbw  #wrong     time   algbw   busbw  #wrong 
0: #        (B)    (elements)                               (us)  (GB/s)  (GB/s)             (us)  (GB/s)  (GB/s)         
0:      8388608       2097152     float     sum      -1   115.82   72.43   72.43       0   118.65   70.70   70.70    N/A
0:     16777216       4194304     float     sum      -1   220.06   76.24   76.24       0   216.49   77.49   77.49    N/A
0:     33554432       8388608     float     sum      -1   419.05   80.07   80.07       0   422.42   79.43   79.43    N/A
0:     67108864      16777216     float     sum      -1   808.25   83.03   83.03       0   821.74   81.67   81.67    N/A
0:    134217728      33554432     float     sum      -1  1119.88  119.85  119.85       0  1116.52  120.21  120.21    N/A
0:    268435456      67108864     float     sum      -1  2209.64  121.48  121.48       0  2207.28  121.61  121.61    N/A
0: # Out of bounds values : 0 OK
0: # Avg bus bandwidth    : 92.0188 
0: #
0: # Collective test concluded: sendrecv_perf
0: #
0: 
0: 
0: ##### pass 11/20  pair g0-g2  sendrecv_perf
0: # nccl-tests version 2.17.8 nccl-headers=22903 nccl-library=22903
0: # Collective test starting: sendrecv_perf
0: # nThread 1 nGpus 2 minBytes 8388608 maxBytes 268435456 step: 2(factor) warmup iters: 5 iters: 20 agg iters: 1 validation: 1 graph: 0
0: #
0: # Using devices
0: #  Rank  0 Group  0 Pid  89409 on  nid006907 device  0 [0009:01:00] NVIDIA GH200 120GB
0: #  Rank  1 Group  0 Pid  89409 on  nid006907 device  1 [0029:01:00] NVIDIA GH200 120GB
0: #
0: #                                                              out-of-place                       in-place          
0: #       size         count      type   redop    root     time   algbw   busbw  #wrong     time   algbw   busbw  #wrong 
0: #        (B)    (elements)                               (us)  (GB/s)  (GB/s)             (us)  (GB/s)  (GB/s)         
0:      8388608       2097152     float     sum      -1   115.71   72.50   72.50       0   115.31   72.75   72.75    N/A
0:     16777216       4194304     float     sum      -1   219.98   76.27   76.27       0   216.65   77.44   77.44    N/A
0:     33554432       8388608     float     sum      -1   421.94   79.52   79.52       0   423.13   79.30   79.30    N/A
0:     67108864      16777216     float     sum      -1   816.32   82.21   82.21       0   818.89   81.95   81.95    N/A
0:    134217728      33554432     float     sum      -1  1121.43  119.68  119.68       0  1126.13  119.18  119.18    N/A
0:    268435456      67108864     float     sum      -1  2209.01  121.52  121.52       0  2211.26  121.39  121.39    N/A
0: # Out of bounds values : 0 OK
0: # Avg bus bandwidth    : 91.9763 
0: #
0: # Collective test concluded: sendrecv_perf
0: #
0: 
0: 
0: ##### pass 11/20  pair g0-g3  sendrecv_perf
0: # nccl-tests version 2.17.8 nccl-headers=22903 nccl-library=22903
0: # Collective test starting: sendrecv_perf
0: # nThread 1 nGpus 2 minBytes 8388608 maxBytes 268435456 step: 2(factor) warmup iters: 5 iters: 20 agg iters: 1 validation: 1 graph: 0
0: #
0: # Using devices
0: #  Rank  0 Group  0 Pid  89474 on  nid006907 device  0 [0009:01:00] NVIDIA GH200 120GB
0: #  Rank  1 Group  0 Pid  89474 on  nid006907 device  1 [0039:01:00] NVIDIA GH200 120GB
0: #
0: #                                                              out-of-place                       in-place          
0: #       size         count      type   redop    root     time   algbw   busbw  #wrong     time   algbw   busbw  #wrong 
0: #        (B)    (elements)                               (us)  (GB/s)  (GB/s)             (us)  (GB/s)  (GB/s)         
0:      8388608       2097152     float     sum      -1   115.48   72.64   72.64       0   115.06   72.91   72.91    N/A
0:     16777216       4194304     float     sum      -1   222.13   75.53   75.53       0   222.60   75.37   75.37    N/A
0:     33554432       8388608     float     sum      -1   421.21   79.66   79.66       0   421.21   79.66   79.66    N/A
0:     67108864      16777216     float     sum      -1   813.08   82.54   82.54       0   813.40   82.50   82.50    N/A
0:    134217728      33554432     float     sum      -1  1119.14  119.93  119.93       0  1124.90  119.32  119.32    N/A
0:    268435456      67108864     float     sum      -1  2202.22  121.89  121.89       0  2204.11  121.79  121.79    N/A
0: # Out of bounds values : 0 OK
0: # Avg bus bandwidth    : 91.9785 
0: #
0: # Collective test concluded: sendrecv_perf
0: #
0: 
0: 
0: ##### pass 11/20  pair g1-g2  sendrecv_perf
0: # nccl-tests version 2.17.8 nccl-headers=22903 nccl-library=22903
0: # Collective test starting: sendrecv_perf
0: # nThread 1 nGpus 2 minBytes 8388608 maxBytes 268435456 step: 2(factor) warmup iters: 5 iters: 20 agg iters: 1 validation: 1 graph: 0
0: #
0: # Using devices
0: #  Rank  0 Group  0 Pid  89514 on  nid006907 device  0 [0019:01:00] NVIDIA GH200 120GB
0: #  Rank  1 Group  0 Pid  89514 on  nid006907 device  1 [0029:01:00] NVIDIA GH200 120GB
0: #
0: #                                                              out-of-place                       in-place          
0: #       size         count      type   redop    root     time   algbw   busbw  #wrong     time   algbw   busbw  #wrong 
0: #        (B)    (elements)                               (us)  (GB/s)  (GB/s)             (us)  (GB/s)  (GB/s)         
0:      8388608       2097152     float     sum      -1   120.52   69.60   69.60       0   115.76   72.47   72.47    N/A
0:     16777216       4194304     float     sum      -1   222.00   75.57   75.57       0   218.59   76.75   76.75    N/A
0:     33554432       8388608     float     sum      -1   420.37   79.82   79.82       0   423.24   79.28   79.28    N/A
0:     67108864      16777216     float     sum      -1   815.79   82.26   82.26       0   823.67   81.48   81.48    N/A
0:    134217728      33554432     float     sum      -1  1119.17  119.93  119.93       0  1121.95  119.63  119.63    N/A
0:    268435456      67108864     float     sum      -1  2216.63  121.10  121.10       0  2206.28  121.67  121.67    N/A
0: # Out of bounds values : 0 OK
0: # Avg bus bandwidth    : 91.6299 
0: #
0: # Collective test concluded: sendrecv_perf
0: #
0: 
0: 
0: ##### pass 11/20  pair g1-g3  sendrecv_perf
0: # nccl-tests version 2.17.8 nccl-headers=22903 nccl-library=22903
0: # Collective test starting: sendrecv_perf
0: # nThread 1 nGpus 2 minBytes 8388608 maxBytes 268435456 step: 2(factor) warmup iters: 5 iters: 20 agg iters: 1 validation: 1 graph: 0
0: #
0: # Using devices
0: #  Rank  0 Group  0 Pid  89553 on  nid006907 device  0 [0019:01:00] NVIDIA GH200 120GB
0: #  Rank  1 Group  0 Pid  89553 on  nid006907 device  1 [0039:01:00] NVIDIA GH200 120GB
0: #
0: #                                                              out-of-place                       in-place          
0: #       size         count      type   redop    root     time   algbw   busbw  #wrong     time   algbw   busbw  #wrong 
0: #        (B)    (elements)                               (us)  (GB/s)  (GB/s)             (us)  (GB/s)  (GB/s)         
0:      8388608       2097152     float     sum      -1   118.88   70.57   70.57       0   115.39   72.70   72.70    N/A
0:     16777216       4194304     float     sum      -1   221.90   75.61   75.61       0   222.50   75.40   75.40    N/A
0:     33554432       8388608     float     sum      -1   420.80   79.74   79.74       0   421.06   79.69   79.69    N/A
0:     67108864      16777216     float     sum      -1   809.01   82.95   82.95       0   821.62   81.68   81.68    N/A
0:    134217728      33554432     float     sum      -1  1121.52  119.67  119.67       0  1118.37  120.01  120.01    N/A
0:    268435456      67108864     float     sum      -1  2206.14  121.68  121.68       0  2201.86  121.91  121.91    N/A
0: # Out of bounds values : 0 OK
0: # Avg bus bandwidth    : 91.8008 
0: #
0: # Collective test concluded: sendrecv_perf
0: #
0: 
0: 
0: ##### pass 11/20  pair g2-g3  sendrecv_perf
0: # nccl-tests version 2.17.8 nccl-headers=22903 nccl-library=22903
0: # Collective test starting: sendrecv_perf
0: # nThread 1 nGpus 2 minBytes 8388608 maxBytes 268435456 step: 2(factor) warmup iters: 5 iters: 20 agg iters: 1 validation: 1 graph: 0
0: #
0: # Using devices
0: #  Rank  0 Group  0 Pid  89593 on  nid006907 device  0 [0029:01:00] NVIDIA GH200 120GB
0: #  Rank  1 Group  0 Pid  89593 on  nid006907 device  1 [0039:01:00] NVIDIA GH200 120GB
0: #
0: #                                                              out-of-place                       in-place          
0: #       size         count      type   redop    root     time   algbw   busbw  #wrong     time   algbw   busbw  #wrong 
0: #        (B)    (elements)                               (us)  (GB/s)  (GB/s)             (us)  (GB/s)  (GB/s)         
0:      8388608       2097152     float     sum      -1   117.52   71.38   71.38       0   117.05   71.66   71.66    N/A
0:     16777216       4194304     float     sum      -1   219.40   76.47   76.47       0   220.79   75.99   75.99    N/A
0:     33554432       8388608     float     sum      -1   421.80   79.55   79.55       0   422.71   79.38   79.38    N/A
0:     67108864      16777216     float     sum      -1   821.43   81.70   81.70       0   827.95   81.05   81.05    N/A
0:    134217728      33554432     float     sum      -1  1124.63  119.34  119.34       0  1125.19  119.28  119.28    N/A
0:    268435456      67108864     float     sum      -1  2206.87  121.64  121.64       0  2205.09  121.73  121.73    N/A
0: # Out of bounds values : 0 OK
0: # Avg bus bandwidth    : 91.5983 
0: #
0: # Collective test concluded: sendrecv_perf
0: #
0: 
0: 
0: ##### pass 12/20  pair g0-g1  sendrecv_perf
0: # nccl-tests version 2.17.8 nccl-headers=22903 nccl-library=22903
0: # Collective test starting: sendrecv_perf
0: # nThread 1 nGpus 2 minBytes 8388608 maxBytes 268435456 step: 2(factor) warmup iters: 5 iters: 20 agg iters: 1 validation: 1 graph: 0
0: #
0: # Using devices
0: #  Rank  0 Group  0 Pid  89632 on  nid006907 device  0 [0009:01:00] NVIDIA GH200 120GB
0: #  Rank  1 Group  0 Pid  89632 on  nid006907 device  1 [0019:01:00] NVIDIA GH200 120GB
0: #
0: #                                                              out-of-place                       in-place          
0: #       size         count      type   redop    root     time   algbw   busbw  #wrong     time   algbw   busbw  #wrong 
0: #        (B)    (elements)                               (us)  (GB/s)  (GB/s)             (us)  (GB/s)  (GB/s)         
0:      8388608       2097152     float     sum      -1   117.26   71.54   71.54       0   116.18   72.20   72.20    N/A
0:     16777216       4194304     float     sum      -1   222.58   75.38   75.38       0   221.31   75.81   75.81    N/A
0:     33554432       8388608     float     sum      -1   421.01   79.70   79.70       0   420.71   79.76   79.76    N/A
0:     67108864      16777216     float     sum      -1   818.39   82.00   82.00       0   819.20   81.92   81.92    N/A
0:    134217728      33554432     float     sum      -1  1127.88  119.00  119.00       0  1119.69  119.87  119.87    N/A
0:    268435456      67108864     float     sum      -1  2213.01  121.30  121.30       0  2209.85  121.47  121.47    N/A
0: # Out of bounds values : 0 OK
0: # Avg bus bandwidth    : 91.6625 
0: #
0: # Collective test concluded: sendrecv_perf
0: #
0: 
0: 
0: ##### pass 12/20  pair g0-g2  sendrecv_perf
0: # nccl-tests version 2.17.8 nccl-headers=22903 nccl-library=22903
0: # Collective test starting: sendrecv_perf
0: # nThread 1 nGpus 2 minBytes 8388608 maxBytes 268435456 step: 2(factor) warmup iters: 5 iters: 20 agg iters: 1 validation: 1 graph: 0
0: #
0: # Using devices
0: #  Rank  0 Group  0 Pid  89670 on  nid006907 device  0 [0009:01:00] NVIDIA GH200 120GB
0: #  Rank  1 Group  0 Pid  89670 on  nid006907 device  1 [0029:01:00] NVIDIA GH200 120GB
0: #
0: #                                                              out-of-place                       in-place          
0: #       size         count      type   redop    root     time   algbw   busbw  #wrong     time   algbw   busbw  #wrong 
0: #        (B)    (elements)                               (us)  (GB/s)  (GB/s)             (us)  (GB/s)  (GB/s)         
0:      8388608       2097152     float     sum      -1   121.47   69.06   69.06       0   115.38   72.70   72.70    N/A
0:     16777216       4194304     float     sum      -1   219.34   76.49   76.49       0   218.52   76.78   76.78    N/A
0:     33554432       8388608     float     sum      -1   423.29   79.27   79.27       0   424.44   79.06   79.06    N/A
0:     67108864      16777216     float     sum      -1   813.73   82.47   82.47       0   825.25   81.32   81.32    N/A
0:    134217728      33554432     float     sum      -1  1123.48  119.47  119.47       0  1124.05  119.41  119.41    N/A
0:    268435456      67108864     float     sum      -1  2211.79  121.37  121.37       0  2214.34  121.23  121.23    N/A
0: # Out of bounds values : 0 OK
0: # Avg bus bandwidth    : 91.5507 
0: #
0: # Collective test concluded: sendrecv_perf
0: #
0: 
0: 
0: ##### pass 12/20  pair g0-g3  sendrecv_perf
0: # nccl-tests version 2.17.8 nccl-headers=22903 nccl-library=22903
0: # Collective test starting: sendrecv_perf
0: # nThread 1 nGpus 2 minBytes 8388608 maxBytes 268435456 step: 2(factor) warmup iters: 5 iters: 20 agg iters: 1 validation: 1 graph: 0
0: #
0: # Using devices
0: #  Rank  0 Group  0 Pid  89734 on  nid006907 device  0 [0009:01:00] NVIDIA GH200 120GB
0: #  Rank  1 Group  0 Pid  89734 on  nid006907 device  1 [0039:01:00] NVIDIA GH200 120GB
0: #
0: #                                                              out-of-place                       in-place          
0: #       size         count      type   redop    root     time   algbw   busbw  #wrong     time   algbw   busbw  #wrong 
0: #        (B)    (elements)                               (us)  (GB/s)  (GB/s)             (us)  (GB/s)  (GB/s)         
0:      8388608       2097152     float     sum      -1   115.92   72.37   72.37       0   117.18   71.59   71.59    N/A
0:     16777216       4194304     float     sum      -1   221.90   75.61   75.61       0   217.30   77.21   77.21    N/A
0:     33554432       8388608     float     sum      -1   421.41   79.62   79.62       0   420.39   79.82   79.82    N/A
0:     67108864      16777216     float     sum      -1   816.67   82.17   82.17       0   820.67   81.77   81.77    N/A
0:    134217728      33554432     float     sum      -1  1123.78  119.43  119.43       0  1119.05  119.94  119.94    N/A
0:    268435456      67108864     float     sum      -1  2204.47  121.77  121.77       0  2204.47  121.77  121.77    N/A
0: # Out of bounds values : 0 OK
0: # Avg bus bandwidth    : 91.9223 
0: #
0: # Collective test concluded: sendrecv_perf
0: #
0: 
0: 
0: ##### pass 12/20  pair g1-g2  sendrecv_perf
0: # nccl-tests version 2.17.8 nccl-headers=22903 nccl-library=22903
0: # Collective test starting: sendrecv_perf
0: # nThread 1 nGpus 2 minBytes 8388608 maxBytes 268435456 step: 2(factor) warmup iters: 5 iters: 20 agg iters: 1 validation: 1 graph: 0
0: #
0: # Using devices
0: #  Rank  0 Group  0 Pid  89774 on  nid006907 device  0 [0019:01:00] NVIDIA GH200 120GB
0: #  Rank  1 Group  0 Pid  89774 on  nid006907 device  1 [0029:01:00] NVIDIA GH200 120GB
0: #
0: #                                                              out-of-place                       in-place          
0: #       size         count      type   redop    root     time   algbw   busbw  #wrong     time   algbw   busbw  #wrong 
0: #        (B)    (elements)                               (us)  (GB/s)  (GB/s)             (us)  (GB/s)  (GB/s)         
0:      8388608       2097152     float     sum      -1   115.93   72.36   72.36       0   115.76   72.47   72.47    N/A
0:     16777216       4194304     float     sum      -1   218.34   76.84   76.84       0   221.11   75.88   75.88    N/A
0:     33554432       8388608     float     sum      -1   423.21   79.29   79.29       0   424.29   79.08   79.08    N/A
0:     67108864      16777216     float     sum      -1   812.91   82.55   82.55       0   818.55   81.98   81.98    N/A
0:    134217728      33554432     float     sum      -1  1122.66  119.55  119.55       0  1124.13  119.40  119.40    N/A
0:    268435456      67108864     float     sum      -1  2205.66  121.70  121.70       0  2208.70  121.54  121.54    N/A
0: # Out of bounds values : 0 OK
0: # Avg bus bandwidth    : 91.8867 
0: #
0: # Collective test concluded: sendrecv_perf
0: #
0: 
0: 
0: ##### pass 12/20  pair g1-g3  sendrecv_perf
0: # nccl-tests version 2.17.8 nccl-headers=22903 nccl-library=22903
0: # Collective test starting: sendrecv_perf
0: # nThread 1 nGpus 2 minBytes 8388608 maxBytes 268435456 step: 2(factor) warmup iters: 5 iters: 20 agg iters: 1 validation: 1 graph: 0
0: #
0: # Using devices
0: #  Rank  0 Group  0 Pid  89812 on  nid006907 device  0 [0019:01:00] NVIDIA GH200 120GB
0: #  Rank  1 Group  0 Pid  89812 on  nid006907 device  1 [0039:01:00] NVIDIA GH200 120GB
0: #
0: #                                                              out-of-place                       in-place          
0: #       size         count      type   redop    root     time   algbw   busbw  #wrong     time   algbw   busbw  #wrong 
0: #        (B)    (elements)                               (us)  (GB/s)  (GB/s)             (us)  (GB/s)  (GB/s)         
0:      8388608       2097152     float     sum      -1   115.40   72.69   72.69       0   118.06   71.05   71.05    N/A
0:     16777216       4194304     float     sum      -1   221.66   75.69   75.69       0   220.05   76.24   76.24    N/A
0:     33554432       8388608     float     sum      -1   417.85   80.30   80.30       0   423.10   79.31   79.31    N/A
0:     67108864      16777216     float     sum      -1   811.18   82.73   82.73       0   822.68   81.57   81.57    N/A
0:    134217728      33554432     float     sum      -1  1119.58  119.88  119.88       0  1124.23  119.39  119.39    N/A
0:    268435456      67108864     float     sum      -1  2205.90  121.69  121.69       0  2202.73  121.87  121.87    N/A
0: # Out of bounds values : 0 OK
0: # Avg bus bandwidth    : 91.8674 
0: #
0: # Collective test concluded: sendrecv_perf
0: #
0: 
0: 
0: ##### pass 12/20  pair g2-g3  sendrecv_perf
0: # nccl-tests version 2.17.8 nccl-headers=22903 nccl-library=22903
0: # Collective test starting: sendrecv_perf
0: # nThread 1 nGpus 2 minBytes 8388608 maxBytes 268435456 step: 2(factor) warmup iters: 5 iters: 20 agg iters: 1 validation: 1 graph: 0
0: #
0: # Using devices
0: #  Rank  0 Group  0 Pid  89848 on  nid006907 device  0 [0029:01:00] NVIDIA GH200 120GB
0: #  Rank  1 Group  0 Pid  89848 on  nid006907 device  1 [0039:01:00] NVIDIA GH200 120GB
0: #
0: #                                                              out-of-place                       in-place          
0: #       size         count      type   redop    root     time   algbw   busbw  #wrong     time   algbw   busbw  #wrong 
0: #        (B)    (elements)                               (us)  (GB/s)  (GB/s)             (us)  (GB/s)  (GB/s)         
0:      8388608       2097152     float     sum      -1   116.18   72.20   72.20       0   120.44   69.65   69.65    N/A
0:     16777216       4194304     float     sum      -1   221.79   75.64   75.64       0   223.16   75.18   75.18    N/A
0:     33554432       8388608     float     sum      -1   422.47   79.42   79.42       0   424.88   78.97   78.97    N/A
0:     67108864      16777216     float     sum      -1   815.45   82.30   82.30       0   827.71   81.08   81.08    N/A
0:    134217728      33554432     float     sum      -1  1118.65  119.98  119.98       0  1122.26  119.60  119.60    N/A
0:    268435456      67108864     float     sum      -1  2200.05  122.01  122.01       0  2206.78  121.64  121.64    N/A
0: # Out of bounds values : 0 OK
0: # Avg bus bandwidth    : 91.4734 
0: #
0: # Collective test concluded: sendrecv_perf
0: #
0: 
0: 
0: ##### pass 13/20  pair g0-g1  sendrecv_perf
0: # nccl-tests version 2.17.8 nccl-headers=22903 nccl-library=22903
0: # Collective test starting: sendrecv_perf
0: # nThread 1 nGpus 2 minBytes 8388608 maxBytes 268435456 step: 2(factor) warmup iters: 5 iters: 20 agg iters: 1 validation: 1 graph: 0
0: #
0: # Using devices
0: #  Rank  0 Group  0 Pid  89886 on  nid006907 device  0 [0009:01:00] NVIDIA GH200 120GB
0: #  Rank  1 Group  0 Pid  89886 on  nid006907 device  1 [0019:01:00] NVIDIA GH200 120GB
0: #
0: #                                                              out-of-place                       in-place          
0: #       size         count      type   redop    root     time   algbw   busbw  #wrong     time   algbw   busbw  #wrong 
0: #        (B)    (elements)                               (us)  (GB/s)  (GB/s)             (us)  (GB/s)  (GB/s)         
0:      8388608       2097152     float     sum      -1   119.02   70.48   70.48       0   115.24   72.79   72.79    N/A
0:     16777216       4194304     float     sum      -1   220.88   75.96   75.96       0   216.96   77.33   77.33    N/A
0:     33554432       8388608     float     sum      -1   419.52   79.98   79.98       0   423.69   79.20   79.20    N/A
0:     67108864      16777216     float     sum      -1   810.36   82.81   82.81       0   813.94   82.45   82.45    N/A
0:    134217728      33554432     float     sum      -1  1115.96  120.27  120.27       0  1120.62  119.77  119.77    N/A
0:    268435456      67108864     float     sum      -1  2204.15  121.79  121.79       0  2206.53  121.66  121.66    N/A
0: # Out of bounds values : 0 OK
0: # Avg bus bandwidth    : 92.0403 
0: #
0: # Collective test concluded: sendrecv_perf
0: #
0: 
0: 
0: ##### pass 13/20  pair g0-g2  sendrecv_perf
0: # nccl-tests version 2.17.8 nccl-headers=22903 nccl-library=22903
0: # Collective test starting: sendrecv_perf
0: # nThread 1 nGpus 2 minBytes 8388608 maxBytes 268435456 step: 2(factor) warmup iters: 5 iters: 20 agg iters: 1 validation: 1 graph: 0
0: #
0: # Using devices
0: #  Rank  0 Group  0 Pid  89922 on  nid006907 device  0 [0009:01:00] NVIDIA GH200 120GB
0: #  Rank  1 Group  0 Pid  89922 on  nid006907 device  1 [0029:01:00] NVIDIA GH200 120GB
0: #
0: #                                                              out-of-place                       in-place          
0: #       size         count      type   redop    root     time   algbw   busbw  #wrong     time   algbw   busbw  #wrong 
0: #        (B)    (elements)                               (us)  (GB/s)  (GB/s)             (us)  (GB/s)  (GB/s)         
0:      8388608       2097152     float     sum      -1   115.60   72.56   72.56       0   118.07   71.05   71.05    N/A
0:     16777216       4194304     float     sum      -1   221.36   75.79   75.79       0   220.41   76.12   76.12    N/A
0:     33554432       8388608     float     sum      -1   422.10   79.49   79.49       0   423.43   79.24   79.24    N/A
0:     67108864      16777216     float     sum      -1   820.07   81.83   81.83       0   815.16   82.33   82.33    N/A
0:    134217728      33554432     float     sum      -1  1125.82  119.22  119.22       0  1122.28  119.59  119.59    N/A
0:    268435456      67108864     float     sum      -1  2211.47  121.38  121.38       0  2203.42  121.83  121.83    N/A
0: # Out of bounds values : 0 OK
0: # Avg bus bandwidth    : 91.7032 
0: #
0: # Collective test concluded: sendrecv_perf
0: #
0: 
0: 
0: ##### pass 13/20  pair g0-g3  sendrecv_perf
0: # nccl-tests version 2.17.8 nccl-headers=22903 nccl-library=22903
0: # Collective test starting: sendrecv_perf
0: # nThread 1 nGpus 2 minBytes 8388608 maxBytes 268435456 step: 2(factor) warmup iters: 5 iters: 20 agg iters: 1 validation: 1 graph: 0
0: #
0: # Using devices
0: #  Rank  0 Group  0 Pid  89985 on  nid006907 device  0 [0009:01:00] NVIDIA GH200 120GB
0: #  Rank  1 Group  0 Pid  89985 on  nid006907 device  1 [0039:01:00] NVIDIA GH200 120GB
0: #
0: #                                                              out-of-place                       in-place          
0: #       size         count      type   redop    root     time   algbw   busbw  #wrong     time   algbw   busbw  #wrong 
0: #        (B)    (elements)                               (us)  (GB/s)  (GB/s)             (us)  (GB/s)  (GB/s)         
0:      8388608       2097152     float     sum      -1   119.62   70.13   70.13       0   119.62   70.13   70.13    N/A
0:     16777216       4194304     float     sum      -1   218.53   76.77   76.77       0   219.00   76.61   76.61    N/A
0:     33554432       8388608     float     sum      -1   422.01   79.51   79.51       0   422.16   79.48   79.48    N/A
0:     67108864      16777216     float     sum      -1   813.34   82.51   82.51       0   821.33   81.71   81.71    N/A
0:    134217728      33554432     float     sum      -1  1126.32  119.16  119.16       0  1126.09  119.19  119.19    N/A
0:    268435456      67108864     float     sum      -1  2202.21  121.89  121.89       0  2203.87  121.80  121.80    N/A
0: # Out of bounds values : 0 OK
0: # Avg bus bandwidth    : 91.5749 
0: #
0: # Collective test concluded: sendrecv_perf
0: #
0: 
0: 
0: ##### pass 13/20  pair g1-g2  sendrecv_perf
0: # nccl-tests version 2.17.8 nccl-headers=22903 nccl-library=22903
0: # Collective test starting: sendrecv_perf
0: # nThread 1 nGpus 2 minBytes 8388608 maxBytes 268435456 step: 2(factor) warmup iters: 5 iters: 20 agg iters: 1 validation: 1 graph: 0
0: #
0: # Using devices
0: #  Rank  0 Group  0 Pid  90020 on  nid006907 device  0 [0019:01:00] NVIDIA GH200 120GB
0: #  Rank  1 Group  0 Pid  90020 on  nid006907 device  1 [0029:01:00] NVIDIA GH200 120GB
0: #
0: #                                                              out-of-place                       in-place          
0: #       size         count      type   redop    root     time   algbw   busbw  #wrong     time   algbw   busbw  #wrong 
0: #        (B)    (elements)                               (us)  (GB/s)  (GB/s)             (us)  (GB/s)  (GB/s)         
0:      8388608       2097152     float     sum      -1   116.20   72.19   72.19       0   115.40   72.69   72.69    N/A
0:     16777216       4194304     float     sum      -1   221.45   75.76   75.76       0   222.61   75.37   75.37    N/A
0:     33554432       8388608     float     sum      -1   421.39   79.63   79.63       0   421.51   79.60   79.60    N/A
0:     67108864      16777216     float     sum      -1   811.74   82.67   82.67       0   821.18   81.72   81.72    N/A
0:    134217728      33554432     float     sum      -1  1122.79  119.54  119.54       0  1121.42  119.69  119.69    N/A
0:    268435456      67108864     float     sum      -1  2213.89  121.25  121.25       0  2210.63  121.43  121.43    N/A
0: # Out of bounds values : 0 OK
0: # Avg bus bandwidth    : 91.7954 
0: #
0: # Collective test concluded: sendrecv_perf
0: #
0: 
0: 
0: ##### pass 13/20  pair g1-g3  sendrecv_perf
0: # nccl-tests version 2.17.8 nccl-headers=22903 nccl-library=22903
0: # Collective test starting: sendrecv_perf
0: # nThread 1 nGpus 2 minBytes 8388608 maxBytes 268435456 step: 2(factor) warmup iters: 5 iters: 20 agg iters: 1 validation: 1 graph: 0
0: #
0: # Using devices
0: #  Rank  0 Group  0 Pid  90059 on  nid006907 device  0 [0019:01:00] NVIDIA GH200 120GB
0: #  Rank  1 Group  0 Pid  90059 on  nid006907 device  1 [0039:01:00] NVIDIA GH200 120GB
0: #
0: #                                                              out-of-place                       in-place          
0: #       size         count      type   redop    root     time   algbw   busbw  #wrong     time   algbw   busbw  #wrong 
0: #        (B)    (elements)                               (us)  (GB/s)  (GB/s)             (us)  (GB/s)  (GB/s)         
0:      8388608       2097152     float     sum      -1   115.96   72.34   72.34       0   115.17   72.84   72.84    N/A
0:     16777216       4194304     float     sum      -1   222.21   75.50   75.50       0   219.47   76.45   76.45    N/A
0:     33554432       8388608     float     sum      -1   419.22   80.04   80.04       0   422.66   79.39   79.39    N/A
0:     67108864      16777216     float     sum      -1   806.83   83.18   83.18       0   823.82   81.46   81.46    N/A
0:    134217728      33554432     float     sum      -1  1123.00  119.52  119.52       0  1120.80  119.75  119.75    N/A
0:    268435456      67108864     float     sum      -1  2209.06  121.52  121.52       0  2204.99  121.74  121.74    N/A
0: # Out of bounds values : 0 OK
0: # Avg bus bandwidth    : 91.9764 
0: #
0: # Collective test concluded: sendrecv_perf
0: #
0: 
0: 
0: ##### pass 13/20  pair g2-g3  sendrecv_perf
0: # nccl-tests version 2.17.8 nccl-headers=22903 nccl-library=22903
0: # Collective test starting: sendrecv_perf
0: # nThread 1 nGpus 2 minBytes 8388608 maxBytes 268435456 step: 2(factor) warmup iters: 5 iters: 20 agg iters: 1 validation: 1 graph: 0
0: #
0: # Using devices
0: #  Rank  0 Group  0 Pid  90094 on  nid006907 device  0 [0029:01:00] NVIDIA GH200 120GB
0: #  Rank  1 Group  0 Pid  90094 on  nid006907 device  1 [0039:01:00] NVIDIA GH200 120GB
0: #
0: #                                                              out-of-place                       in-place          
0: #       size         count      type   redop    root     time   algbw   busbw  #wrong     time   algbw   busbw  #wrong 
0: #        (B)    (elements)                               (us)  (GB/s)  (GB/s)             (us)  (GB/s)  (GB/s)         
0:      8388608       2097152     float     sum      -1   117.16   71.60   71.60       0   115.38   72.71   72.71    N/A
0:     16777216       4194304     float     sum      -1   218.50   76.78   76.78       0   222.25   75.49   75.49    N/A
0:     33554432       8388608     float     sum      -1   419.99   79.89   79.89       0   423.41   79.25   79.25    N/A
0:     67108864      16777216     float     sum      -1   817.55   82.09   82.09       0   825.05   81.34   81.34    N/A
0:    134217728      33554432     float     sum      -1  1122.40  119.58  119.58       0  1116.97  120.16  120.16    N/A
0:    268435456      67108864     float     sum      -1  2211.88  121.36  121.36       0  2203.56  121.82  121.82    N/A
0: # Out of bounds values : 0 OK
0: # Avg bus bandwidth    : 91.8387 
0: #
0: # Collective test concluded: sendrecv_perf
0: #
0: 
0: 
0: ##### pass 14/20  pair g0-g1  sendrecv_perf
0: # nccl-tests version 2.17.8 nccl-headers=22903 nccl-library=22903
0: # Collective test starting: sendrecv_perf
0: # nThread 1 nGpus 2 minBytes 8388608 maxBytes 268435456 step: 2(factor) warmup iters: 5 iters: 20 agg iters: 1 validation: 1 graph: 0
0: #
0: # Using devices
0: #  Rank  0 Group  0 Pid  90133 on  nid006907 device  0 [0009:01:00] NVIDIA GH200 120GB
0: #  Rank  1 Group  0 Pid  90133 on  nid006907 device  1 [0019:01:00] NVIDIA GH200 120GB
0: #
0: #                                                              out-of-place                       in-place          
0: #       size         count      type   redop    root     time   algbw   busbw  #wrong     time   algbw   busbw  #wrong 
0: #        (B)    (elements)                               (us)  (GB/s)  (GB/s)             (us)  (GB/s)  (GB/s)         
0:      8388608       2097152     float     sum      -1   116.80   71.82   71.82       0   117.59   71.34   71.34    N/A
0:     16777216       4194304     float     sum      -1   221.48   75.75   75.75       0   219.09   76.58   76.58    N/A
0:     33554432       8388608     float     sum      -1   420.18   79.86   79.86       0   420.27   79.84   79.84    N/A
0:     67108864      16777216     float     sum      -1   812.26   82.62   82.62       0   817.30   82.11   82.11    N/A
0:    134217728      33554432     float     sum      -1  1127.49  119.04  119.04       0  1120.00  119.84  119.84    N/A
0:    268435456      67108864     float     sum      -1  2203.83  121.80  121.80       0  2205.17  121.73  121.73    N/A
0: # Out of bounds values : 0 OK
0: # Avg bus bandwidth    : 91.8602 
0: #
0: # Collective test concluded: sendrecv_perf
0: #
0: 
0: 
0: ##### pass 14/20  pair g0-g2  sendrecv_perf
0: # nccl-tests version 2.17.8 nccl-headers=22903 nccl-library=22903
0: # Collective test starting: sendrecv_perf
0: # nThread 1 nGpus 2 minBytes 8388608 maxBytes 268435456 step: 2(factor) warmup iters: 5 iters: 20 agg iters: 1 validation: 1 graph: 0
0: #
0: # Using devices
0: #  Rank  0 Group  0 Pid  90171 on  nid006907 device  0 [0009:01:00] NVIDIA GH200 120GB
0: #  Rank  1 Group  0 Pid  90171 on  nid006907 device  1 [0029:01:00] NVIDIA GH200 120GB
0: #
0: #                                                              out-of-place                       in-place          
0: #       size         count      type   redop    root     time   algbw   busbw  #wrong     time   algbw   busbw  #wrong 
0: #        (B)    (elements)                               (us)  (GB/s)  (GB/s)             (us)  (GB/s)  (GB/s)         
0:      8388608       2097152     float     sum      -1   116.26   72.15   72.15       0   115.41   72.68   72.68    N/A
0:     16777216       4194304     float     sum      -1   218.72   76.71   76.71       0   221.47   75.75   75.75    N/A
0:     33554432       8388608     float     sum      -1   422.50   79.42   79.42       0   420.40   79.81   79.81    N/A
0:     67108864      16777216     float     sum      -1   817.16   82.12   82.12       0   819.04   81.94   81.94    N/A
0:    134217728      33554432     float     sum      -1  1119.80  119.86  119.86       0  1126.14  119.18  119.18    N/A
0:    268435456      67108864     float     sum      -1  2206.36  121.66  121.66       0  2204.34  121.78  121.78    N/A
0: # Out of bounds values : 0 OK
0: # Avg bus bandwidth    : 91.9229 
0: #
0: # Collective test concluded: sendrecv_perf
0: #
0: 
0: 
0: ##### pass 14/20  pair g0-g3  sendrecv_perf
0: # nccl-tests version 2.17.8 nccl-headers=22903 nccl-library=22903
0: # Collective test starting: sendrecv_perf
0: # nThread 1 nGpus 2 minBytes 8388608 maxBytes 268435456 step: 2(factor) warmup iters: 5 iters: 20 agg iters: 1 validation: 1 graph: 0
0: #
0: # Using devices
0: #  Rank  0 Group  0 Pid  90207 on  nid006907 device  0 [0009:01:00] NVIDIA GH200 120GB
0: #  Rank  1 Group  0 Pid  90207 on  nid006907 device  1 [0039:01:00] NVIDIA GH200 120GB
0: #
0: #                                                              out-of-place                       in-place          
0: #       size         count      type   redop    root     time   algbw   busbw  #wrong     time   algbw   busbw  #wrong 
0: #        (B)    (elements)                               (us)  (GB/s)  (GB/s)             (us)  (GB/s)  (GB/s)         
0:      8388608       2097152     float     sum      -1   115.95   72.35   72.35       0   115.27   72.77   72.77    N/A
0:     16777216       4194304     float     sum      -1   220.91   75.95   75.95       0   217.72   77.06   77.06    N/A
0:     33554432       8388608     float     sum      -1   421.86   79.54   79.54       0   419.53   79.98   79.98    N/A
0:     67108864      16777216     float     sum      -1   810.80   82.77   82.77       0   817.61   82.08   82.08    N/A
0:    134217728      33554432     float     sum      -1  1122.07  119.62  119.62       0  1121.48  119.68  119.68    N/A
0:    268435456      67108864     float     sum      -1  2201.91  121.91  121.91       0  2202.64  121.87  121.87    N/A
0: # Out of bounds values : 0 OK
0: # Avg bus bandwidth    : 92.1308 
0: #
0: # Collective test concluded: sendrecv_perf
0: #
0: 
0: 
0: ##### pass 14/20  pair g1-g2  sendrecv_perf
0: # nccl-tests version 2.17.8 nccl-headers=22903 nccl-library=22903
0: # Collective test starting: sendrecv_perf
0: # nThread 1 nGpus 2 minBytes 8388608 maxBytes 268435456 step: 2(factor) warmup iters: 5 iters: 20 agg iters: 1 validation: 1 graph: 0
0: #
0: # Using devices
0: #  Rank  0 Group  0 Pid  90269 on  nid006907 device  0 [0019:01:00] NVIDIA GH200 120GB
0: #  Rank  1 Group  0 Pid  90269 on  nid006907 device  1 [0029:01:00] NVIDIA GH200 120GB
0: #
0: #                                                              out-of-place                       in-place          
0: #       size         count      type   redop    root     time   algbw   busbw  #wrong     time   algbw   busbw  #wrong 
0: #        (B)    (elements)                               (us)  (GB/s)  (GB/s)             (us)  (GB/s)  (GB/s)         
0:      8388608       2097152     float     sum      -1   115.49   72.64   72.64       0   117.38   71.47   71.47    N/A
0:     16777216       4194304     float     sum      -1   218.33   76.84   76.84       0   220.42   76.12   76.12    N/A
0:     33554432       8388608     float     sum      -1   422.84   79.35   79.35       0   423.43   79.24   79.24    N/A
0:     67108864      16777216     float     sum      -1   815.88   82.25   82.25       0   822.75   81.57   81.57    N/A
0:    134217728      33554432     float     sum      -1  1126.51  119.14  119.14       0  1117.30  120.13  120.13    N/A
0:    268435456      67108864     float     sum      -1  2206.18  121.67  121.67       0  2206.66  121.65  121.65    N/A
0: # Out of bounds values : 0 OK
0: # Avg bus bandwidth    : 91.8396 
0: #
0: # Collective test concluded: sendrecv_perf
0: #
0: 
0: 
0: ##### pass 14/20  pair g1-g3  sendrecv_perf
0: # nccl-tests version 2.17.8 nccl-headers=22903 nccl-library=22903
0: # Collective test starting: sendrecv_perf
0: # nThread 1 nGpus 2 minBytes 8388608 maxBytes 268435456 step: 2(factor) warmup iters: 5 iters: 20 agg iters: 1 validation: 1 graph: 0
0: #
0: # Using devices
0: #  Rank  0 Group  0 Pid  90307 on  nid006907 device  0 [0019:01:00] NVIDIA GH200 120GB
0: #  Rank  1 Group  0 Pid  90307 on  nid006907 device  1 [0039:01:00] NVIDIA GH200 120GB
0: #
0: #                                                              out-of-place                       in-place          
0: #       size         count      type   redop    root     time   algbw   busbw  #wrong     time   algbw   busbw  #wrong 
0: #        (B)    (elements)                               (us)  (GB/s)  (GB/s)             (us)  (GB/s)  (GB/s)         
0:      8388608       2097152     float     sum      -1   115.54   72.60   72.60       0   115.42   72.68   72.68    N/A
0:     16777216       4194304     float     sum      -1   221.53   75.73   75.73       0   220.63   76.04   76.04    N/A
0:     33554432       8388608     float     sum      -1   420.62   79.77   79.77       0   421.64   79.58   79.58    N/A
0:     67108864      16777216     float     sum      -1   809.84   82.87   82.87       0   817.30   82.11   82.11    N/A
0:    134217728      33554432     float     sum      -1  1122.87  119.53  119.53       0  1126.24  119.17  119.17    N/A
0:    268435456      67108864     float     sum      -1  2207.01  121.63  121.63       0  2202.69  121.87  121.87    N/A
0: # Out of bounds values : 0 OK
0: # Avg bus bandwidth    : 91.9657 
0: #
0: # Collective test concluded: sendrecv_perf
0: #
0: 
0: 
0: ##### pass 14/20  pair g2-g3  sendrecv_perf
0: # nccl-tests version 2.17.8 nccl-headers=22903 nccl-library=22903
0: # Collective test starting: sendrecv_perf
0: # nThread 1 nGpus 2 minBytes 8388608 maxBytes 268435456 step: 2(factor) warmup iters: 5 iters: 20 agg iters: 1 validation: 1 graph: 0
0: #
0: # Using devices
0: #  Rank  0 Group  0 Pid  90346 on  nid006907 device  0 [0029:01:00] NVIDIA GH200 120GB
0: #  Rank  1 Group  0 Pid  90346 on  nid006907 device  1 [0039:01:00] NVIDIA GH200 120GB
0: #
0: #                                                              out-of-place                       in-place          
0: #       size         count      type   redop    root     time   algbw   busbw  #wrong     time   algbw   busbw  #wrong 
0: #        (B)    (elements)                               (us)  (GB/s)  (GB/s)             (us)  (GB/s)  (GB/s)         
0:      8388608       2097152     float     sum      -1   118.33   70.89   70.89       0   117.88   71.16   71.16    N/A
0:     16777216       4194304     float     sum      -1   216.94   77.34   77.34       0   218.34   76.84   76.84    N/A
0:     33554432       8388608     float     sum      -1   421.06   79.69   79.69       0   422.20   79.48   79.48    N/A
0:     67108864      16777216     float     sum      -1   811.53   82.69   82.69       0   822.52   81.59   81.59    N/A
0:    134217728      33554432     float     sum      -1  1122.29  119.59  119.59       0  1128.87  118.90  118.90    N/A
0:    268435456      67108864     float     sum      -1  2207.06  121.63  121.63       0  2207.43  121.61  121.61    N/A
0: # Out of bounds values : 0 OK
0: # Avg bus bandwidth    : 91.7834 
0: #
0: # Collective test concluded: sendrecv_perf
0: #
0: 
0: 
0: ##### pass 15/20  pair g0-g1  sendrecv_perf
0: # nccl-tests version 2.17.8 nccl-headers=22903 nccl-library=22903
0: # Collective test starting: sendrecv_perf
0: # nThread 1 nGpus 2 minBytes 8388608 maxBytes 268435456 step: 2(factor) warmup iters: 5 iters: 20 agg iters: 1 validation: 1 graph: 0
0: #
0: # Using devices
0: #  Rank  0 Group  0 Pid  90381 on  nid006907 device  0 [0009:01:00] NVIDIA GH200 120GB
0: #  Rank  1 Group  0 Pid  90381 on  nid006907 device  1 [0019:01:00] NVIDIA GH200 120GB
0: #
0: #                                                              out-of-place                       in-place          
0: #       size         count      type   redop    root     time   algbw   busbw  #wrong     time   algbw   busbw  #wrong 
0: #        (B)    (elements)                               (us)  (GB/s)  (GB/s)             (us)  (GB/s)  (GB/s)         
0:      8388608       2097152     float     sum      -1   120.68   69.51   69.51       0   115.18   72.83   72.83    N/A
0:     16777216       4194304     float     sum      -1   222.04   75.56   75.56       0   222.70   75.33   75.33    N/A
0:     33554432       8388608     float     sum      -1   420.40   79.82   79.82       0   423.98   79.14   79.14    N/A
0:     67108864      16777216     float     sum      -1   815.42   82.30   82.30       0   822.15   81.63   81.63    N/A
0:    134217728      33554432     float     sum      -1  1125.64  119.24  119.24       0  1127.11  119.08  119.08    N/A
0:    268435456      67108864     float     sum      -1  2205.90  121.69  121.69       0  2205.28  121.72  121.72    N/A
0: # Out of bounds values : 0 OK
0: # Avg bus bandwidth    : 91.4875 
0: #
0: # Collective test concluded: sendrecv_perf
0: #
0: 
0: 
0: ##### pass 15/20  pair g0-g2  sendrecv_perf
0: # nccl-tests version 2.17.8 nccl-headers=22903 nccl-library=22903
0: # Collective test starting: sendrecv_perf
0: # nThread 1 nGpus 2 minBytes 8388608 maxBytes 268435456 step: 2(factor) warmup iters: 5 iters: 20 agg iters: 1 validation: 1 graph: 0
0: #
0: # Using devices
0: #  Rank  0 Group  0 Pid  90419 on  nid006907 device  0 [0009:01:00] NVIDIA GH200 120GB
0: #  Rank  1 Group  0 Pid  90419 on  nid006907 device  1 [0029:01:00] NVIDIA GH200 120GB
0: #
0: #                                                              out-of-place                       in-place          
0: #       size         count      type   redop    root     time   algbw   busbw  #wrong     time   algbw   busbw  #wrong 
0: #        (B)    (elements)                               (us)  (GB/s)  (GB/s)             (us)  (GB/s)  (GB/s)         
0:      8388608       2097152     float     sum      -1   116.82   71.81   71.81       0   114.85   73.04   73.04    N/A
0:     16777216       4194304     float     sum      -1   216.77   77.40   77.40       0   221.48   75.75   75.75    N/A
0:     33554432       8388608     float     sum      -1   420.16   79.86   79.86       0   419.49   79.99   79.99    N/A
0:     67108864      16777216     float     sum      -1   815.42   82.30   82.30       0   817.47   82.09   82.09    N/A
0:    134217728      33554432     float     sum      -1  1125.47  119.26  119.26       0  1130.84  118.69  118.69    N/A
0:    268435456      67108864     float     sum      -1  2214.15  121.24  121.24       0  2213.21  121.29  121.29    N/A
0: # Out of bounds values : 0 OK
0: # Avg bus bandwidth    : 91.8923 
0: #
0: # Collective test concluded: sendrecv_perf
0: #
0: 
0: 
0: ##### pass 15/20  pair g0-g3  sendrecv_perf
0: # nccl-tests version 2.17.8 nccl-headers=22903 nccl-library=22903
0: # Collective test starting: sendrecv_perf
0: # nThread 1 nGpus 2 minBytes 8388608 maxBytes 268435456 step: 2(factor) warmup iters: 5 iters: 20 agg iters: 1 validation: 1 graph: 0
0: #
0: # Using devices
0: #  Rank  0 Group  0 Pid  90457 on  nid006907 device  0 [0009:01:00] NVIDIA GH200 120GB
0: #  Rank  1 Group  0 Pid  90457 on  nid006907 device  1 [0039:01:00] NVIDIA GH200 120GB
0: #
0: #                                                              out-of-place                       in-place          
0: #       size         count      type   redop    root     time   algbw   busbw  #wrong     time   algbw   busbw  #wrong 
0: #        (B)    (elements)                               (us)  (GB/s)  (GB/s)             (us)  (GB/s)  (GB/s)         
0:      8388608       2097152     float     sum      -1   119.25   70.35   70.35       0   115.12   72.87   72.87    N/A
0:     16777216       4194304     float     sum      -1   219.98   76.27   76.27       0   217.31   77.20   77.20    N/A
0:     33554432       8388608     float     sum      -1   421.15   79.67   79.67       0   420.27   79.84   79.84    N/A
0:     67108864      16777216     float     sum      -1   815.57   82.28   82.28       0   814.76   82.37   82.37    N/A
0:    134217728      33554432     float     sum      -1  1122.20  119.60  119.60       0  1120.63  119.77  119.77    N/A
0:    268435456      67108864     float     sum      -1  2202.96  121.85  121.85       0  2209.09  121.51  121.51    N/A
0: # Out of bounds values : 0 OK
0: # Avg bus bandwidth    : 91.9658 
0: #
0: # Collective test concluded: sendrecv_perf
0: #
0: 
0: 
0: ##### pass 15/20  pair g1-g2  sendrecv_perf
0: # nccl-tests version 2.17.8 nccl-headers=22903 nccl-library=22903
0: # Collective test starting: sendrecv_perf
0: # nThread 1 nGpus 2 minBytes 8388608 maxBytes 268435456 step: 2(factor) warmup iters: 5 iters: 20 agg iters: 1 validation: 1 graph: 0
0: #
0: # Using devices
0: #  Rank  0 Group  0 Pid  90522 on  nid006907 device  0 [0019:01:00] NVIDIA GH200 120GB
0: #  Rank  1 Group  0 Pid  90522 on  nid006907 device  1 [0029:01:00] NVIDIA GH200 120GB
0: #
0: #                                                              out-of-place                       in-place          
0: #       size         count      type   redop    root     time   algbw   busbw  #wrong     time   algbw   busbw  #wrong 
0: #        (B)    (elements)                               (us)  (GB/s)  (GB/s)             (us)  (GB/s)  (GB/s)         
0:      8388608       2097152     float     sum      -1   116.27   72.15   72.15       0   115.79   72.45   72.45    N/A
0:     16777216       4194304     float     sum      -1   222.63   75.36   75.36       0   221.32   75.80   75.80    N/A
0:     33554432       8388608     float     sum      -1   421.32   79.64   79.64       0   424.47   79.05   79.05    N/A
0:     67108864      16777216     float     sum      -1   812.22   82.62   82.62       0   822.02   81.64   81.64    N/A
0:    134217728      33554432     float     sum      -1  1122.98  119.52  119.52       0  1124.73  119.33  119.33    N/A
0:    268435456      67108864     float     sum      -1  2213.44  121.28  121.28       0  2206.03  121.68  121.68    N/A
0: # Out of bounds values : 0 OK
0: # Avg bus bandwidth    : 91.7103 
0: #
0: # Collective test concluded: sendrecv_perf
0: #
0: 
0: 
0: ##### pass 15/20  pair g1-g3  sendrecv_perf
0: # nccl-tests version 2.17.8 nccl-headers=22903 nccl-library=22903
0: # Collective test starting: sendrecv_perf
0: # nThread 1 nGpus 2 minBytes 8388608 maxBytes 268435456 step: 2(factor) warmup iters: 5 iters: 20 agg iters: 1 validation: 1 graph: 0
0: #
0: # Using devices
0: #  Rank  0 Group  0 Pid  90560 on  nid006907 device  0 [0019:01:00] NVIDIA GH200 120GB
0: #  Rank  1 Group  0 Pid  90560 on  nid006907 device  1 [0039:01:00] NVIDIA GH200 120GB
0: #
0: #                                                              out-of-place                       in-place          
0: #       size         count      type   redop    root     time   algbw   busbw  #wrong     time   algbw   busbw  #wrong 
0: #        (B)    (elements)                               (us)  (GB/s)  (GB/s)             (us)  (GB/s)  (GB/s)         
0:      8388608       2097152     float     sum      -1   115.89   72.39   72.39       0   115.47   72.65   72.65    N/A
0:     16777216       4194304     float     sum      -1   220.97   75.93   75.93       0   221.31   75.81   75.81    N/A
0:     33554432       8388608     float     sum      -1   420.98   79.70   79.70       0   420.79   79.74   79.74    N/A
0:     67108864      16777216     float     sum      -1   813.90   82.45   82.45       0   826.13   81.23   81.23    N/A
0:    134217728      33554432     float     sum      -1  1123.35  119.48  119.48       0  1117.55  120.10  120.10    N/A
0:    268435456      67108864     float     sum      -1  2206.31  121.67  121.67       0  2200.36  122.00  122.00    N/A
0: # Out of bounds values : 0 OK
0: # Avg bus bandwidth    : 91.9284 
0: #
0: # Collective test concluded: sendrecv_perf
0: #
0: 
0: 
0: ##### pass 15/20  pair g2-g3  sendrecv_perf
0: # nccl-tests version 2.17.8 nccl-headers=22903 nccl-library=22903
0: # Collective test starting: sendrecv_perf
0: # nThread 1 nGpus 2 minBytes 8388608 maxBytes 268435456 step: 2(factor) warmup iters: 5 iters: 20 agg iters: 1 validation: 1 graph: 0
0: #
0: # Using devices
0: #  Rank  0 Group  0 Pid  90597 on  nid006907 device  0 [0029:01:00] NVIDIA GH200 120GB
0: #  Rank  1 Group  0 Pid  90597 on  nid006907 device  1 [0039:01:00] NVIDIA GH200 120GB
0: #
0: #                                                              out-of-place                       in-place          
0: #       size         count      type   redop    root     time   algbw   busbw  #wrong     time   algbw   busbw  #wrong 
0: #        (B)    (elements)                               (us)  (GB/s)  (GB/s)             (us)  (GB/s)  (GB/s)         
0:      8388608       2097152     float     sum      -1   115.14   72.86   72.86       0   116.28   72.14   72.14    N/A
0:     16777216       4194304     float     sum      -1   221.52   75.74   75.74       0   216.40   77.53   77.53    N/A
0:     33554432       8388608     float     sum      -1   419.69   79.95   79.95       0   422.25   79.47   79.47    N/A
0:     67108864      16777216     float     sum      -1   810.85   82.76   82.76       0   823.14   81.53   81.53    N/A
0:    134217728      33554432     float     sum      -1  1120.61  119.77  119.77       0  1120.16  119.82  119.82    N/A
0:    268435456      67108864     float     sum      -1  2202.36  121.89  121.89       0  2207.60  121.60  121.60    N/A
0: # Out of bounds values : 0 OK
0: # Avg bus bandwidth    : 92.087 
0: #
0: # Collective test concluded: sendrecv_perf
0: #
0: 
0: 
0: ##### pass 16/20  pair g0-g1  sendrecv_perf
0: # nccl-tests version 2.17.8 nccl-headers=22903 nccl-library=22903
0: # Collective test starting: sendrecv_perf
0: # nThread 1 nGpus 2 minBytes 8388608 maxBytes 268435456 step: 2(factor) warmup iters: 5 iters: 20 agg iters: 1 validation: 1 graph: 0
0: #
0: # Using devices
0: #  Rank  0 Group  0 Pid  90636 on  nid006907 device  0 [0009:01:00] NVIDIA GH200 120GB
0: #  Rank  1 Group  0 Pid  90636 on  nid006907 device  1 [0019:01:00] NVIDIA GH200 120GB
0: #
0: #                                                              out-of-place                       in-place          
0: #       size         count      type   redop    root     time   algbw   busbw  #wrong     time   algbw   busbw  #wrong 
0: #        (B)    (elements)                               (us)  (GB/s)  (GB/s)             (us)  (GB/s)  (GB/s)         
0:      8388608       2097152     float     sum      -1   119.59   70.14   70.14       0   115.38   72.71   72.71    N/A
0:     16777216       4194304     float     sum      -1   220.46   76.10   76.10       0   222.49   75.41   75.41    N/A
0:     33554432       8388608     float     sum      -1   422.72   79.38   79.38       0   422.56   79.41   79.41    N/A
0:     67108864      16777216     float     sum      -1   820.01   81.84   81.84       0   818.76   81.96   81.96    N/A
0:    134217728      33554432     float     sum      -1  1124.44  119.36  119.36       0  1118.03  120.05  120.05    N/A
0:    268435456      67108864     float     sum      -1  2218.81  120.98  120.98       0  2211.64  121.37  121.37    N/A
0: # Out of bounds values : 0 OK
0: # Avg bus bandwidth    : 91.5594 
0: #
0: # Collective test concluded: sendrecv_perf
0: #
0: 
0: 
0: ##### pass 16/20  pair g0-g2  sendrecv_perf
0: # nccl-tests version 2.17.8 nccl-headers=22903 nccl-library=22903
0: # Collective test starting: sendrecv_perf
0: # nThread 1 nGpus 2 minBytes 8388608 maxBytes 268435456 step: 2(factor) warmup iters: 5 iters: 20 agg iters: 1 validation: 1 graph: 0
0: #
0: # Using devices
0: #  Rank  0 Group  0 Pid  90675 on  nid006907 device  0 [0009:01:00] NVIDIA GH200 120GB
0: #  Rank  1 Group  0 Pid  90675 on  nid006907 device  1 [0029:01:00] NVIDIA GH200 120GB
0: #
0: #                                                              out-of-place                       in-place          
0: #       size         count      type   redop    root     time   algbw   busbw  #wrong     time   algbw   busbw  #wrong 
0: #        (B)    (elements)                               (us)  (GB/s)  (GB/s)             (us)  (GB/s)  (GB/s)         
0:      8388608       2097152     float     sum      -1   115.47   72.65   72.65       0   115.29   72.76   72.76    N/A
0:     16777216       4194304     float     sum      -1   216.87   77.36   77.36       0   217.01   77.31   77.31    N/A
0:     33554432       8388608     float     sum      -1   422.38   79.44   79.44       0   421.43   79.62   79.62    N/A
0:     67108864      16777216     float     sum      -1   810.22   82.83   82.83       0   818.39   82.00   82.00    N/A
0:    134217728      33554432     float     sum      -1  1127.25  119.07  119.07       0  1122.16  119.61  119.61    N/A
0:    268435456      67108864     float     sum      -1  2212.87  121.31  121.31       0  2210.39  121.44  121.44    N/A
0: # Out of bounds values : 0 OK
0: # Avg bus bandwidth    : 92.116 
0: #
0: # Collective test concluded: sendrecv_perf
0: #
0: 
0: 
0: ##### pass 16/20  pair g0-g3  sendrecv_perf
0: # nccl-tests version 2.17.8 nccl-headers=22903 nccl-library=22903
0: # Collective test starting: sendrecv_perf
0: # nThread 1 nGpus 2 minBytes 8388608 maxBytes 268435456 step: 2(factor) warmup iters: 5 iters: 20 agg iters: 1 validation: 1 graph: 0
0: #
0: # Using devices
0: #  Rank  0 Group  0 Pid  90710 on  nid006907 device  0 [0009:01:00] NVIDIA GH200 120GB
0: #  Rank  1 Group  0 Pid  90710 on  nid006907 device  1 [0039:01:00] NVIDIA GH200 120GB
0: #
0: #                                                              out-of-place                       in-place          
0: #       size         count      type   redop    root     time   algbw   busbw  #wrong     time   algbw   busbw  #wrong 
0: #        (B)    (elements)                               (us)  (GB/s)  (GB/s)             (us)  (GB/s)  (GB/s)         
0:      8388608       2097152     float     sum      -1   115.16   72.85   72.85       0   114.76   73.10   73.10    N/A
0:     16777216       4194304     float     sum      -1   218.54   76.77   76.77       0   220.20   76.19   76.19    N/A
0:     33554432       8388608     float     sum      -1   421.57   79.59   79.59       0   419.52   79.98   79.98    N/A
0:     67108864      16777216     float     sum      -1   817.16   82.12   82.12       0   816.12   82.23   82.23    N/A
0:    134217728      33554432     float     sum      -1  1120.37  119.80  119.80       0  1119.30  119.91  119.91    N/A
0:    268435456      67108864     float     sum      -1  2203.68  121.81  121.81       0  2203.39  121.83  121.83    N/A
0: # Out of bounds values : 0 OK
0: # Avg bus bandwidth    : 92.182 
0: #
0: # Collective test concluded: sendrecv_perf
0: #
0: 
0: 
0: ##### pass 16/20  pair g1-g2  sendrecv_perf
0: # nccl-tests version 2.17.8 nccl-headers=22903 nccl-library=22903
0: # Collective test starting: sendrecv_perf
0: # nThread 1 nGpus 2 minBytes 8388608 maxBytes 268435456 step: 2(factor) warmup iters: 5 iters: 20 agg iters: 1 validation: 1 graph: 0
0: #
0: # Using devices
0: #  Rank  0 Group  0 Pid  90775 on  nid006907 device  0 [0019:01:00] NVIDIA GH200 120GB
0: #  Rank  1 Group  0 Pid  90775 on  nid006907 device  1 [0029:01:00] NVIDIA GH200 120GB
0: #
0: #                                                              out-of-place                       in-place          
0: #       size         count      type   redop    root     time   algbw   busbw  #wrong     time   algbw   busbw  #wrong 
0: #        (B)    (elements)                               (us)  (GB/s)  (GB/s)             (us)  (GB/s)  (GB/s)         
0:      8388608       2097152     float     sum      -1   115.99   72.32   72.32       0   120.85   69.42   69.42    N/A
0:     16777216       4194304     float     sum      -1   218.01   76.96   76.96       0   218.79   76.68   76.68    N/A
0:     33554432       8388608     float     sum      -1   422.30   79.46   79.46       0   424.00   79.14   79.14    N/A
0:     67108864      16777216     float     sum      -1   815.61   82.28   82.28       0   825.34   81.31   81.31    N/A
0:    134217728      33554432     float     sum      -1  1122.80  119.54  119.54       0  1119.75  119.86  119.86    N/A
0:    268435456      67108864     float     sum      -1  2207.23  121.62  121.62       0  2205.37  121.72  121.72    N/A
0: # Out of bounds values : 0 OK
0: # Avg bus bandwidth    : 91.6919 
0: #
0: # Collective test concluded: sendrecv_perf
0: #
0: 
0: 
0: ##### pass 16/20  pair g1-g3  sendrecv_perf
0: # nccl-tests version 2.17.8 nccl-headers=22903 nccl-library=22903
0: # Collective test starting: sendrecv_perf
0: # nThread 1 nGpus 2 minBytes 8388608 maxBytes 268435456 step: 2(factor) warmup iters: 5 iters: 20 agg iters: 1 validation: 1 graph: 0
0: #
0: # Using devices
0: #  Rank  0 Group  0 Pid  90811 on  nid006907 device  0 [0019:01:00] NVIDIA GH200 120GB
0: #  Rank  1 Group  0 Pid  90811 on  nid006907 device  1 [0039:01:00] NVIDIA GH200 120GB
0: #
0: #                                                              out-of-place                       in-place          
0: #       size         count      type   redop    root     time   algbw   busbw  #wrong     time   algbw   busbw  #wrong 
0: #        (B)    (elements)                               (us)  (GB/s)  (GB/s)             (us)  (GB/s)  (GB/s)         
0:      8388608       2097152     float     sum      -1   116.23   72.17   72.17       0   118.18   70.98   70.98    N/A
0:     16777216       4194304     float     sum      -1   222.63   75.36   75.36       0   222.53   75.39   75.39    N/A
0:     33554432       8388608     float     sum      -1   421.45   79.62   79.62       0   422.11   79.49   79.49    N/A
0:     67108864      16777216     float     sum      -1   814.46   82.40   82.40       0   821.98   81.64   81.64    N/A
0:    134217728      33554432     float     sum      -1  1126.13  119.18  119.18       0  1129.61  118.82  118.82    N/A
0:    268435456      67108864     float     sum      -1  2201.43  121.94  121.94       0  2208.63  121.54  121.54    N/A
0: # Out of bounds values : 0 OK
0: # Avg bus bandwidth    : 91.5447 
0: #
0: # Collective test concluded: sendrecv_perf
0: #
0: 
0: 
0: ##### pass 16/20  pair g2-g3  sendrecv_perf
0: # nccl-tests version 2.17.8 nccl-headers=22903 nccl-library=22903
0: # Collective test starting: sendrecv_perf
0: # nThread 1 nGpus 2 minBytes 8388608 maxBytes 268435456 step: 2(factor) warmup iters: 5 iters: 20 agg iters: 1 validation: 1 graph: 0
0: #
0: # Using devices
0: #  Rank  0 Group  0 Pid  90851 on  nid006907 device  0 [0029:01:00] NVIDIA GH200 120GB
0: #  Rank  1 Group  0 Pid  90851 on  nid006907 device  1 [0039:01:00] NVIDIA GH200 120GB
0: #
0: #                                                              out-of-place                       in-place          
0: #       size         count      type   redop    root     time   algbw   busbw  #wrong     time   algbw   busbw  #wrong 
0: #        (B)    (elements)                               (us)  (GB/s)  (GB/s)             (us)  (GB/s)  (GB/s)         
0:      8388608       2097152     float     sum      -1   119.75   70.05   70.05       0   118.67   70.69   70.69    N/A
0:     16777216       4194304     float     sum      -1   216.65   77.44   77.44       0   218.22   76.88   76.88    N/A
0:     33554432       8388608     float     sum      -1   422.26   79.46   79.46       0   419.19   80.05   80.05    N/A
0:     67108864      16777216     float     sum      -1   808.60   82.99   82.99       0   815.91   82.25   82.25    N/A
0:    134217728      33554432     float     sum      -1  1122.24  119.60  119.60       0  1126.30  119.17  119.17    N/A
0:    268435456      67108864     float     sum      -1  2202.59  121.87  121.87       0  2204.86  121.75  121.75    N/A
0: # Out of bounds values : 0 OK
0: # Avg bus bandwidth    : 91.8499 
0: #
0: # Collective test concluded: sendrecv_perf
0: #
0: 
0: 
0: ##### pass 17/20  pair g0-g1  sendrecv_perf
0: # nccl-tests version 2.17.8 nccl-headers=22903 nccl-library=22903
0: # Collective test starting: sendrecv_perf
0: # nThread 1 nGpus 2 minBytes 8388608 maxBytes 268435456 step: 2(factor) warmup iters: 5 iters: 20 agg iters: 1 validation: 1 graph: 0
0: #
0: # Using devices
0: #  Rank  0 Group  0 Pid  90890 on  nid006907 device  0 [0009:01:00] NVIDIA GH200 120GB
0: #  Rank  1 Group  0 Pid  90890 on  nid006907 device  1 [0019:01:00] NVIDIA GH200 120GB
0: #
0: #                                                              out-of-place                       in-place          
0: #       size         count      type   redop    root     time   algbw   busbw  #wrong     time   algbw   busbw  #wrong 
0: #        (B)    (elements)                               (us)  (GB/s)  (GB/s)             (us)  (GB/s)  (GB/s)         
0:      8388608       2097152     float     sum      -1   119.58   70.15   70.15       0   115.05   72.91   72.91    N/A
0:     16777216       4194304     float     sum      -1   223.02   75.23   75.23       0   222.51   75.40   75.40    N/A
0:     33554432       8388608     float     sum      -1   421.23   79.66   79.66       0   423.10   79.31   79.31    N/A
0:     67108864      16777216     float     sum      -1   815.81   82.26   82.26       0   818.15   82.03   82.03    N/A
0:    134217728      33554432     float     sum      -1  1130.06  118.77  118.77       0  1122.66  119.55  119.55    N/A
0:    268435456      67108864     float     sum      -1  2209.80  121.47  121.47       0  2205.35  121.72  121.72    N/A
0: # Out of bounds values : 0 OK
0: # Avg bus bandwidth    : 91.5383 
0: #
0: # Collective test concluded: sendrecv_perf
0: #
0: 
0: 
0: ##### pass 17/20  pair g0-g2  sendrecv_perf
0: # nccl-tests version 2.17.8 nccl-headers=22903 nccl-library=22903
0: # Collective test starting: sendrecv_perf
0: # nThread 1 nGpus 2 minBytes 8388608 maxBytes 268435456 step: 2(factor) warmup iters: 5 iters: 20 agg iters: 1 validation: 1 graph: 0
0: #
0: # Using devices
0: #  Rank  0 Group  0 Pid  90928 on  nid006907 device  0 [0009:01:00] NVIDIA GH200 120GB
0: #  Rank  1 Group  0 Pid  90928 on  nid006907 device  1 [0029:01:00] NVIDIA GH200 120GB
0: #
0: #                                                              out-of-place                       in-place          
0: #       size         count      type   redop    root     time   algbw   busbw  #wrong     time   algbw   busbw  #wrong 
0: #        (B)    (elements)                               (us)  (GB/s)  (GB/s)             (us)  (GB/s)  (GB/s)         
0:      8388608       2097152     float     sum      -1   118.04   71.06   71.06       0   115.04   72.92   72.92    N/A
0:     16777216       4194304     float     sum      -1   220.71   76.02   76.02       0   216.28   77.57   77.57    N/A
0:     33554432       8388608     float     sum      -1   422.19   79.48   79.48       0   420.92   79.72   79.72    N/A
0:     67108864      16777216     float     sum      -1   816.38   82.20   82.20       0   815.80   82.26   82.26    N/A
0:    134217728      33554432     float     sum      -1  1118.81  119.97  119.97       0  1117.98  120.05  120.05    N/A
0:    268435456      67108864     float     sum      -1  2211.54  121.38  121.38       0  2210.83  121.42  121.42    N/A
0: # Out of bounds values : 0 OK
0: # Avg bus bandwidth    : 92.0039 
0: #
0: # Collective test concluded: sendrecv_perf
0: #
0: 
0: 
0: ##### pass 17/20  pair g0-g3  sendrecv_perf
0: # nccl-tests version 2.17.8 nccl-headers=22903 nccl-library=22903
0: # Collective test starting: sendrecv_perf
0: # nThread 1 nGpus 2 minBytes 8388608 maxBytes 268435456 step: 2(factor) warmup iters: 5 iters: 20 agg iters: 1 validation: 1 graph: 0
0: #
0: # Using devices
0: #  Rank  0 Group  0 Pid  90966 on  nid006907 device  0 [0009:01:00] NVIDIA GH200 120GB
0: #  Rank  1 Group  0 Pid  90966 on  nid006907 device  1 [0039:01:00] NVIDIA GH200 120GB
0: #
0: #                                                              out-of-place                       in-place          
0: #       size         count      type   redop    root     time   algbw   busbw  #wrong     time   algbw   busbw  #wrong 
0: #        (B)    (elements)                               (us)  (GB/s)  (GB/s)             (us)  (GB/s)  (GB/s)         
0:      8388608       2097152     float     sum      -1   115.86   72.40   72.40       0   115.24   72.79   72.79    N/A
0:     16777216       4194304     float     sum      -1   219.65   76.38   76.38       0   221.42   75.77   75.77    N/A
0:     33554432       8388608     float     sum      -1   423.34   79.26   79.26       0   422.54   79.41   79.41    N/A
0:     67108864      16777216     float     sum      -1   816.18   82.22   82.22       0   819.57   81.88   81.88    N/A
0:    134217728      33554432     float     sum      -1  1126.17  119.18  119.18       0  1116.09  120.26  120.26    N/A
0:    268435456      67108864     float     sum      -1  2210.14  121.46  121.46       0  2204.05  121.79  121.79    N/A
0: # Out of bounds values : 0 OK
0: # Avg bus bandwidth    : 91.9012 
0: #
0: # Collective test concluded: sendrecv_perf
0: #
0: 
0: 
0: ##### pass 17/20  pair g1-g2  sendrecv_perf
0: # nccl-tests version 2.17.8 nccl-headers=22903 nccl-library=22903
0: # Collective test starting: sendrecv_perf
0: # nThread 1 nGpus 2 minBytes 8388608 maxBytes 268435456 step: 2(factor) warmup iters: 5 iters: 20 agg iters: 1 validation: 1 graph: 0
0: #
0: # Using devices
0: #  Rank  0 Group  0 Pid  91002 on  nid006907 device  0 [0019:01:00] NVIDIA GH200 120GB
0: #  Rank  1 Group  0 Pid  91002 on  nid006907 device  1 [0029:01:00] NVIDIA GH200 120GB
0: #
0: #                                                              out-of-place                       in-place          
0: #       size         count      type   redop    root     time   algbw   busbw  #wrong     time   algbw   busbw  #wrong 
0: #        (B)    (elements)                               (us)  (GB/s)  (GB/s)             (us)  (GB/s)  (GB/s)         
0:      8388608       2097152     float     sum      -1   115.90   72.38   72.38       0   119.07   70.45   70.45    N/A
0:     16777216       4194304     float     sum      -1   219.60   76.40   76.40       0   219.46   76.45   76.45    N/A
0:     33554432       8388608     float     sum      -1   420.91   79.72   79.72       0   421.87   79.54   79.54    N/A
0:     67108864      16777216     float     sum      -1   812.58   82.59   82.59       0   813.87   82.46   82.46    N/A
0:    134217728      33554432     float     sum      -1  1121.63  119.66  119.66       0  1118.77  119.97  119.97    N/A
0:    268435456      67108864     float     sum      -1  2212.58  121.32  121.32       0  2218.89  120.98  120.98    N/A
0: # Out of bounds values : 0 OK
0: # Avg bus bandwidth    : 91.826 
0: #
0: # Collective test concluded: sendrecv_perf
0: #
0: 
0: 
0: ##### pass 17/20  pair g1-g3  sendrecv_perf
0: # nccl-tests version 2.17.8 nccl-headers=22903 nccl-library=22903
0: # Collective test starting: sendrecv_perf
0: # nThread 1 nGpus 2 minBytes 8388608 maxBytes 268435456 step: 2(factor) warmup iters: 5 iters: 20 agg iters: 1 validation: 1 graph: 0
0: #
0: # Using devices
0: #  Rank  0 Group  0 Pid  91068 on  nid006907 device  0 [0019:01:00] NVIDIA GH200 120GB
0: #  Rank  1 Group  0 Pid  91068 on  nid006907 device  1 [0039:01:00] NVIDIA GH200 120GB
0: #
0: #                                                              out-of-place                       in-place          
0: #       size         count      type   redop    root     time   algbw   busbw  #wrong     time   algbw   busbw  #wrong 
0: #        (B)    (elements)                               (us)  (GB/s)  (GB/s)             (us)  (GB/s)  (GB/s)         
0:      8388608       2097152     float     sum      -1   116.07   72.27   72.27       0   115.92   72.37   72.37    N/A
0:     16777216       4194304     float     sum      -1   222.78   75.31   75.31       0   222.82   75.29   75.29    N/A
0:     33554432       8388608     float     sum      -1   422.37   79.44   79.44       0   420.76   79.75   79.75    N/A
0:     67108864      16777216     float     sum      -1   814.54   82.39   82.39       0   822.72   81.57   81.57    N/A
0:    134217728      33554432     float     sum      -1  1125.57  119.24  119.24       0  1116.11  120.26  120.26    N/A
0:    268435456      67108864     float     sum      -1  2207.41  121.61  121.61       0  2201.98  121.91  121.91    N/A
0: # Out of bounds values : 0 OK
0: # Avg bus bandwidth    : 91.7833 
0: #
0: # Collective test concluded: sendrecv_perf
0: #
0: 
0: 
0: ##### pass 17/20  pair g2-g3  sendrecv_perf
0: # nccl-tests version 2.17.8 nccl-headers=22903 nccl-library=22903
0: # Collective test starting: sendrecv_perf
0: # nThread 1 nGpus 2 minBytes 8388608 maxBytes 268435456 step: 2(factor) warmup iters: 5 iters: 20 agg iters: 1 validation: 1 graph: 0
0: #
0: # Using devices
0: #  Rank  0 Group  0 Pid  91107 on  nid006907 device  0 [0029:01:00] NVIDIA GH200 120GB
0: #  Rank  1 Group  0 Pid  91107 on  nid006907 device  1 [0039:01:00] NVIDIA GH200 120GB
0: #
0: #                                                              out-of-place                       in-place          
0: #       size         count      type   redop    root     time   algbw   busbw  #wrong     time   algbw   busbw  #wrong 
0: #        (B)    (elements)                               (us)  (GB/s)  (GB/s)             (us)  (GB/s)  (GB/s)         
0:      8388608       2097152     float     sum      -1   122.15   68.68   68.68       0   114.99   72.95   72.95    N/A
0:     16777216       4194304     float     sum      -1   219.00   76.61   76.61       0   216.64   77.44   77.44    N/A
0:     33554432       8388608     float     sum      -1   419.24   80.04   80.04       0   421.31   79.64   79.64    N/A
0:     67108864      16777216     float     sum      -1   811.85   82.66   82.66       0   825.03   81.34   81.34    N/A
0:    134217728      33554432     float     sum      -1  1117.82  120.07  120.07       0  1123.97  119.41  119.41    N/A
0:    268435456      67108864     float     sum      -1  2210.24  121.45  121.45       0  2205.78  121.70  121.70    N/A
0: # Out of bounds values : 0 OK
0: # Avg bus bandwidth    : 91.8328 
0: #
0: # Collective test concluded: sendrecv_perf
0: #
0: 
0: 
0: ##### pass 18/20  pair g0-g1  sendrecv_perf
0: # nccl-tests version 2.17.8 nccl-headers=22903 nccl-library=22903
0: # Collective test starting: sendrecv_perf
0: # nThread 1 nGpus 2 minBytes 8388608 maxBytes 268435456 step: 2(factor) warmup iters: 5 iters: 20 agg iters: 1 validation: 1 graph: 0
0: #
0: # Using devices
0: #  Rank  0 Group  0 Pid  91145 on  nid006907 device  0 [0009:01:00] NVIDIA GH200 120GB
0: #  Rank  1 Group  0 Pid  91145 on  nid006907 device  1 [0019:01:00] NVIDIA GH200 120GB
0: #
0: #                                                              out-of-place                       in-place          
0: #       size         count      type   redop    root     time   algbw   busbw  #wrong     time   algbw   busbw  #wrong 
0: #        (B)    (elements)                               (us)  (GB/s)  (GB/s)             (us)  (GB/s)  (GB/s)         
0:      8388608       2097152     float     sum      -1   116.61   71.94   71.94       0   118.13   71.01   71.01    N/A
0:     16777216       4194304     float     sum      -1   222.03   75.56   75.56       0   216.62   77.45   77.45    N/A
0:     33554432       8388608     float     sum      -1   421.38   79.63   79.63       0   420.42   79.81   79.81    N/A
0:     67108864      16777216     float     sum      -1   809.11   82.94   82.94       0   817.07   82.13   82.13    N/A
0:    134217728      33554432     float     sum      -1  1127.59  119.03  119.03       0  1121.63  119.66  119.66    N/A
0:    268435456      67108864     float     sum      -1  2211.95  121.36  121.36       0  2207.08  121.62  121.62    N/A
0: # Out of bounds values : 0 OK
0: # Avg bus bandwidth    : 91.8466 
0: #
0: # Collective test concluded: sendrecv_perf
0: #
0: 
0: 
0: ##### pass 18/20  pair g0-g2  sendrecv_perf
0: # nccl-tests version 2.17.8 nccl-headers=22903 nccl-library=22903
0: # Collective test starting: sendrecv_perf
0: # nThread 1 nGpus 2 minBytes 8388608 maxBytes 268435456 step: 2(factor) warmup iters: 5 iters: 20 agg iters: 1 validation: 1 graph: 0
0: #
0: # Using devices
0: #  Rank  0 Group  0 Pid  91183 on  nid006907 device  0 [0009:01:00] NVIDIA GH200 120GB
0: #  Rank  1 Group  0 Pid  91183 on  nid006907 device  1 [0029:01:00] NVIDIA GH200 120GB
0: #
0: #                                                              out-of-place                       in-place          
0: #       size         count      type   redop    root     time   algbw   busbw  #wrong     time   algbw   busbw  #wrong 
0: #        (B)    (elements)                               (us)  (GB/s)  (GB/s)             (us)  (GB/s)  (GB/s)         
0:      8388608       2097152     float     sum      -1   119.72   70.07   70.07       0   115.29   72.76   72.76    N/A
0:     16777216       4194304     float     sum      -1   217.84   77.02   77.02       0   221.82   75.63   75.63    N/A
0:     33554432       8388608     float     sum      -1   420.72   79.76   79.76       0   421.48   79.61   79.61    N/A
0:     67108864      16777216     float     sum      -1   811.42   82.71   82.71       0   819.86   81.85   81.85    N/A
0:    134217728      33554432     float     sum      -1  1120.17  119.82  119.82       0  1119.03  119.94  119.94    N/A
0:    268435456      67108864     float     sum      -1  2214.95  121.19  121.19       0  2206.21  121.67  121.67    N/A
0: # Out of bounds values : 0 OK
0: # Avg bus bandwidth    : 91.8353 
0: #
0: # Collective test concluded: sendrecv_perf
0: #
0: 
0: 
0: ##### pass 18/20  pair g0-g3  sendrecv_perf
0: # nccl-tests version 2.17.8 nccl-headers=22903 nccl-library=22903
0: # Collective test starting: sendrecv_perf
0: # nThread 1 nGpus 2 minBytes 8388608 maxBytes 268435456 step: 2(factor) warmup iters: 5 iters: 20 agg iters: 1 validation: 1 graph: 0
0: #
0: # Using devices
0: #  Rank  0 Group  0 Pid  91219 on  nid006907 device  0 [0009:01:00] NVIDIA GH200 120GB
0: #  Rank  1 Group  0 Pid  91219 on  nid006907 device  1 [0039:01:00] NVIDIA GH200 120GB
0: #
0: #                                                              out-of-place                       in-place          
0: #       size         count      type   redop    root     time   algbw   busbw  #wrong     time   algbw   busbw  #wrong 
0: #        (B)    (elements)                               (us)  (GB/s)  (GB/s)             (us)  (GB/s)  (GB/s)         
0:      8388608       2097152     float     sum      -1   115.23   72.80   72.80       0   115.12   72.87   72.87    N/A
0:     16777216       4194304     float     sum      -1   217.36   77.19   77.19       0   218.54   76.77   76.77    N/A
0:     33554432       8388608     float     sum      -1   419.80   79.93   79.93       0   420.58   79.78   79.78    N/A
0:     67108864      16777216     float     sum      -1   809.79   82.87   82.87       0   819.68   81.87   81.87    N/A
0:    134217728      33554432     float     sum      -1  1119.51  119.89  119.89       0  1115.62  120.31  120.31    N/A
0:    268435456      67108864     float     sum      -1  2205.94  121.69  121.69       0  2202.20  121.89  121.89    N/A
0: # Out of bounds values : 0 OK
0: # Avg bus bandwidth    : 92.3215 
0: #
0: # Collective test concluded: sendrecv_perf
0: #
0: 
0: 
0: ##### pass 18/20  pair g1-g2  sendrecv_perf
0: # nccl-tests version 2.17.8 nccl-headers=22903 nccl-library=22903
0: # Collective test starting: sendrecv_perf
0: # nThread 1 nGpus 2 minBytes 8388608 maxBytes 268435456 step: 2(factor) warmup iters: 5 iters: 20 agg iters: 1 validation: 1 graph: 0
0: #
0: # Using devices
0: #  Rank  0 Group  0 Pid  91258 on  nid006907 device  0 [0019:01:00] NVIDIA GH200 120GB
0: #  Rank  1 Group  0 Pid  91258 on  nid006907 device  1 [0029:01:00] NVIDIA GH200 120GB
0: #
0: #                                                              out-of-place                       in-place          
0: #       size         count      type   redop    root     time   algbw   busbw  #wrong     time   algbw   busbw  #wrong 
0: #        (B)    (elements)                               (us)  (GB/s)  (GB/s)             (us)  (GB/s)  (GB/s)         
0:      8388608       2097152     float     sum      -1   115.52   72.61   72.61       0   118.97   70.51   70.51    N/A
0:     16777216       4194304     float     sum      -1   222.10   75.54   75.54       0   220.35   76.14   76.14    N/A
0:     33554432       8388608     float     sum      -1   421.32   79.64   79.64       0   424.43   79.06   79.06    N/A
0:     67108864      16777216     float     sum      -1   821.81   81.66   81.66       0   825.96   81.25   81.25    N/A
0:    134217728      33554432     float     sum      -1  1126.75  119.12  119.12       0  1127.04  119.09  119.09    N/A
0:    268435456      67108864     float     sum      -1  2208.59  121.54  121.54       0  2213.73  121.26  121.26    N/A
0: # Out of bounds values : 0 OK
0: # Avg bus bandwidth    : 91.4513 
0: #
0: # Collective test concluded: sendrecv_perf
0: #
0: 
0: 
0: ##### pass 18/20  pair g1-g3  sendrecv_perf
0: # nccl-tests version 2.17.8 nccl-headers=22903 nccl-library=22903
0: # Collective test starting: sendrecv_perf
0: # nThread 1 nGpus 2 minBytes 8388608 maxBytes 268435456 step: 2(factor) warmup iters: 5 iters: 20 agg iters: 1 validation: 1 graph: 0
0: #
0: # Using devices
0: #  Rank  0 Group  0 Pid  91324 on  nid006907 device  0 [0019:01:00] NVIDIA GH200 120GB
0: #  Rank  1 Group  0 Pid  91324 on  nid006907 device  1 [0039:01:00] NVIDIA GH200 120GB
0: #
0: #                                                              out-of-place                       in-place          
0: #       size         count      type   redop    root     time   algbw   busbw  #wrong     time   algbw   busbw  #wrong 
0: #        (B)    (elements)                               (us)  (GB/s)  (GB/s)             (us)  (GB/s)  (GB/s)         
0:      8388608       2097152     float     sum      -1   115.80   72.44   72.44       0   118.39   70.85   70.85    N/A
0:     16777216       4194304     float     sum      -1   220.72   76.01   76.01       0   217.21   77.24   77.24    N/A
0:     33554432       8388608     float     sum      -1   421.82   79.55   79.55       0   421.81   79.55   79.55    N/A
0:     67108864      16777216     float     sum      -1   810.57   82.79   82.79       0   819.00   81.94   81.94    N/A
0:    134217728      33554432     float     sum      -1  1122.38  119.58  119.58       0  1117.19  120.14  120.14    N/A
0:    268435456      67108864     float     sum      -1  2206.57  121.65  121.65       0  2207.51  121.60  121.60    N/A
0: # Out of bounds values : 0 OK
0: # Avg bus bandwidth    : 91.9458 
0: #
0: # Collective test concluded: sendrecv_perf
0: #
0: 
0: 
0: ##### pass 18/20  pair g2-g3  sendrecv_perf
0: # nccl-tests version 2.17.8 nccl-headers=22903 nccl-library=22903
0: # Collective test starting: sendrecv_perf
0: # nThread 1 nGpus 2 minBytes 8388608 maxBytes 268435456 step: 2(factor) warmup iters: 5 iters: 20 agg iters: 1 validation: 1 graph: 0
0: #
0: # Using devices
0: #  Rank  0 Group  0 Pid  91360 on  nid006907 device  0 [0029:01:00] NVIDIA GH200 120GB
0: #  Rank  1 Group  0 Pid  91360 on  nid006907 device  1 [0039:01:00] NVIDIA GH200 120GB
0: #
0: #                                                              out-of-place                       in-place          
0: #       size         count      type   redop    root     time   algbw   busbw  #wrong     time   algbw   busbw  #wrong 
0: #        (B)    (elements)                               (us)  (GB/s)  (GB/s)             (us)  (GB/s)  (GB/s)         
0:      8388608       2097152     float     sum      -1   115.65   72.53   72.53       0   115.08   72.90   72.90    N/A
0:     16777216       4194304     float     sum      -1   219.06   76.59   76.59       0   216.35   77.55   77.55    N/A
0:     33554432       8388608     float     sum      -1   423.26   79.28   79.28       0   420.60   79.78   79.78    N/A
0:     67108864      16777216     float     sum      -1   819.21   81.92   81.92       0   817.18   82.12   82.12    N/A
0:    134217728      33554432     float     sum      -1  1125.48  119.25  119.25       0  1120.60  119.77  119.77    N/A
0:    268435456      67108864     float     sum      -1  2205.36  121.72  121.72       0  2207.23  121.62  121.62    N/A
0: # Out of bounds values : 0 OK
0: # Avg bus bandwidth    : 92.0851 
0: #
0: # Collective test concluded: sendrecv_perf
0: #
0: 
0: 
0: ##### pass 19/20  pair g0-g1  sendrecv_perf
0: # nccl-tests version 2.17.8 nccl-headers=22903 nccl-library=22903
0: # Collective test starting: sendrecv_perf
0: # nThread 1 nGpus 2 minBytes 8388608 maxBytes 268435456 step: 2(factor) warmup iters: 5 iters: 20 agg iters: 1 validation: 1 graph: 0
0: #
0: # Using devices
0: #  Rank  0 Group  0 Pid  91398 on  nid006907 device  0 [0009:01:00] NVIDIA GH200 120GB
0: #  Rank  1 Group  0 Pid  91398 on  nid006907 device  1 [0019:01:00] NVIDIA GH200 120GB
0: #
0: #                                                              out-of-place                       in-place          
0: #       size         count      type   redop    root     time   algbw   busbw  #wrong     time   algbw   busbw  #wrong 
0: #        (B)    (elements)                               (us)  (GB/s)  (GB/s)             (us)  (GB/s)  (GB/s)         
0:      8388608       2097152     float     sum      -1   115.84   72.42   72.42       0   119.07   70.45   70.45    N/A
0:     16777216       4194304     float     sum      -1   218.98   76.61   76.61       0   222.43   75.43   75.43    N/A
0:     33554432       8388608     float     sum      -1   421.00   79.70   79.70       0   421.94   79.52   79.52    N/A
0:     67108864      16777216     float     sum      -1   814.30   82.41   82.41       0   814.91   82.35   82.35    N/A
0:    134217728      33554432     float     sum      -1  1119.31  119.91  119.91       0  1123.70  119.44  119.44    N/A
0:    268435456      67108864     float     sum      -1  2214.49  121.22  121.22       0  2207.68  121.59  121.59    N/A
0: # Out of bounds values : 0 OK
0: # Avg bus bandwidth    : 91.7556 
0: #
0: # Collective test concluded: sendrecv_perf
0: #
0: 
0: 
0: ##### pass 19/20  pair g0-g2  sendrecv_perf
0: # nccl-tests version 2.17.8 nccl-headers=22903 nccl-library=22903
0: # Collective test starting: sendrecv_perf
0: # nThread 1 nGpus 2 minBytes 8388608 maxBytes 268435456 step: 2(factor) warmup iters: 5 iters: 20 agg iters: 1 validation: 1 graph: 0
0: #
0: # Using devices
0: #  Rank  0 Group  0 Pid  91438 on  nid006907 device  0 [0009:01:00] NVIDIA GH200 120GB
0: #  Rank  1 Group  0 Pid  91438 on  nid006907 device  1 [0029:01:00] NVIDIA GH200 120GB
0: #
0: #                                                              out-of-place                       in-place          
0: #       size         count      type   redop    root     time   algbw   busbw  #wrong     time   algbw   busbw  #wrong 
0: #        (B)    (elements)                               (us)  (GB/s)  (GB/s)             (us)  (GB/s)  (GB/s)         
0:      8388608       2097152     float     sum      -1   115.45   72.66   72.66       0   117.88   71.16   71.16    N/A
0:     16777216       4194304     float     sum      -1   220.84   75.97   75.97       0   218.24   76.87   76.87    N/A
0:     33554432       8388608     float     sum      -1   421.17   79.67   79.67       0   419.73   79.94   79.94    N/A
0:     67108864      16777216     float     sum      -1   813.27   82.52   82.52       0   820.95   81.75   81.75    N/A
0:    134217728      33554432     float     sum      -1  1121.99  119.62  119.62       0  1124.65  119.34  119.34    N/A
0:    268435456      67108864     float     sum      -1  2212.43  121.33  121.33       0  2210.24  121.45  121.45    N/A
0: # Out of bounds values : 0 OK
0: # Avg bus bandwidth    : 91.8572 
0: #
0: # Collective test concluded: sendrecv_perf
0: #
0: 
0: 
0: ##### pass 19/20  pair g0-g3  sendrecv_perf
0: # nccl-tests version 2.17.8 nccl-headers=22903 nccl-library=22903
0: # Collective test starting: sendrecv_perf
0: # nThread 1 nGpus 2 minBytes 8388608 maxBytes 268435456 step: 2(factor) warmup iters: 5 iters: 20 agg iters: 1 validation: 1 graph: 0
0: #
0: # Using devices
0: #  Rank  0 Group  0 Pid  91473 on  nid006907 device  0 [0009:01:00] NVIDIA GH200 120GB
0: #  Rank  1 Group  0 Pid  91473 on  nid006907 device  1 [0039:01:00] NVIDIA GH200 120GB
0: #
0: #                                                              out-of-place                       in-place          
0: #       size         count      type   redop    root     time   algbw   busbw  #wrong     time   algbw   busbw  #wrong 
0: #        (B)    (elements)                               (us)  (GB/s)  (GB/s)             (us)  (GB/s)  (GB/s)         
0:      8388608       2097152     float     sum      -1   117.16   71.60   71.60       0   119.44   70.23   70.23    N/A
0:     16777216       4194304     float     sum      -1   222.43   75.43   75.43       0   224.06   74.88   74.88    N/A
0:     33554432       8388608     float     sum      -1   424.09   79.12   79.12       0   424.06   79.13   79.13    N/A
0:     67108864      16777216     float     sum      -1   819.21   81.92   81.92       0   822.66   81.58   81.58    N/A
0:    134217728      33554432     float     sum      -1  1117.87  120.07  120.07       0  1125.99  119.20  119.20    N/A
0:    268435456      67108864     float     sum      -1  2210.13  121.46  121.46       0  2208.40  121.55  121.55    N/A
0: # Out of bounds values : 0 OK
0: # Avg bus bandwidth    : 91.3463 
0: #
0: # Collective test concluded: sendrecv_perf
0: #
0: 
0: 
0: ##### pass 19/20  pair g1-g2  sendrecv_perf
0: # nccl-tests version 2.17.8 nccl-headers=22903 nccl-library=22903
0: # Collective test starting: sendrecv_perf
0: # nThread 1 nGpus 2 minBytes 8388608 maxBytes 268435456 step: 2(factor) warmup iters: 5 iters: 20 agg iters: 1 validation: 1 graph: 0
0: #
0: # Using devices
0: #  Rank  0 Group  0 Pid  91513 on  nid006907 device  0 [0019:01:00] NVIDIA GH200 120GB
0: #  Rank  1 Group  0 Pid  91513 on  nid006907 device  1 [0029:01:00] NVIDIA GH200 120GB
0: #
0: #                                                              out-of-place                       in-place          
0: #       size         count      type   redop    root     time   algbw   busbw  #wrong     time   algbw   busbw  #wrong 
0: #        (B)    (elements)                               (us)  (GB/s)  (GB/s)             (us)  (GB/s)  (GB/s)         
0:      8388608       2097152     float     sum      -1   116.74   71.86   71.86       0   120.68   69.51   69.51    N/A
0:     16777216       4194304     float     sum      -1   221.07   75.89   75.89       0   216.48   77.50   77.50    N/A
0:     33554432       8388608     float     sum      -1   420.59   79.78   79.78       0   418.85   80.11   80.11    N/A
0:     67108864      16777216     float     sum      -1   812.56   82.59   82.59       0   812.65   82.58   82.58    N/A
0:    134217728      33554432     float     sum      -1  1120.09  119.83  119.83       0  1126.79  119.12  119.12    N/A
0:    268435456      67108864     float     sum      -1  2204.32  121.78  121.78       0  2212.74  121.31  121.31    N/A
0: # Out of bounds values : 0 OK
0: # Avg bus bandwidth    : 91.8208 
0: #
0: # Collective test concluded: sendrecv_perf
0: #
0: 
0: 
0: ##### pass 19/20  pair g1-g3  sendrecv_perf
0: # nccl-tests version 2.17.8 nccl-headers=22903 nccl-library=22903
0: # Collective test starting: sendrecv_perf
0: # nThread 1 nGpus 2 minBytes 8388608 maxBytes 268435456 step: 2(factor) warmup iters: 5 iters: 20 agg iters: 1 validation: 1 graph: 0
0: #
0: # Using devices
0: #  Rank  0 Group  0 Pid  91576 on  nid006907 device  0 [0019:01:00] NVIDIA GH200 120GB
0: #  Rank  1 Group  0 Pid  91576 on  nid006907 device  1 [0039:01:00] NVIDIA GH200 120GB
0: #
0: #                                                              out-of-place                       in-place          
0: #       size         count      type   redop    root     time   algbw   busbw  #wrong     time   algbw   busbw  #wrong 
0: #        (B)    (elements)                               (us)  (GB/s)  (GB/s)             (us)  (GB/s)  (GB/s)         
0:      8388608       2097152     float     sum      -1   120.02   69.90   69.90       0   117.18   71.59   71.59    N/A
0:     16777216       4194304     float     sum      -1   220.47   76.10   76.10       0   217.94   76.98   76.98    N/A
0:     33554432       8388608     float     sum      -1   421.04   79.69   79.69       0   423.38   79.25   79.25    N/A
0:     67108864      16777216     float     sum      -1   814.02   82.44   82.44       0   823.12   81.53   81.53    N/A
0:    134217728      33554432     float     sum      -1  1123.49  119.47  119.47       0  1125.37  119.27  119.27    N/A
0:    268435456      67108864     float     sum      -1  2210.14  121.46  121.46       0  2207.52  121.60  121.60    N/A
0: # Out of bounds values : 0 OK
0: # Avg bus bandwidth    : 91.6058 
0: #
0: # Collective test concluded: sendrecv_perf
0: #
0: 
0: 
0: ##### pass 19/20  pair g2-g3  sendrecv_perf
0: # nccl-tests version 2.17.8 nccl-headers=22903 nccl-library=22903
0: # Collective test starting: sendrecv_perf
0: # nThread 1 nGpus 2 minBytes 8388608 maxBytes 268435456 step: 2(factor) warmup iters: 5 iters: 20 agg iters: 1 validation: 1 graph: 0
0: #
0: # Using devices
0: #  Rank  0 Group  0 Pid  91615 on  nid006907 device  0 [0029:01:00] NVIDIA GH200 120GB
0: #  Rank  1 Group  0 Pid  91615 on  nid006907 device  1 [0039:01:00] NVIDIA GH200 120GB
0: #
0: #                                                              out-of-place                       in-place          
0: #       size         count      type   redop    root     time   algbw   busbw  #wrong     time   algbw   busbw  #wrong 
0: #        (B)    (elements)                               (us)  (GB/s)  (GB/s)             (us)  (GB/s)  (GB/s)         
0:      8388608       2097152     float     sum      -1   116.14   72.23   72.23       0   115.45   72.66   72.66    N/A
0:     16777216       4194304     float     sum      -1   222.30   75.47   75.47       0   217.88   77.00   77.00    N/A
0:     33554432       8388608     float     sum      -1   420.23   79.85   79.85       0   423.52   79.23   79.23    N/A
0:     67108864      16777216     float     sum      -1   814.29   82.41   82.41       0   819.63   81.88   81.88    N/A
0:    134217728      33554432     float     sum      -1  1125.33  119.27  119.27       0  1121.85  119.64  119.64    N/A
0:    268435456      67108864     float     sum      -1  2202.78  121.86  121.86       0  2201.98  121.91  121.91    N/A
0: # Out of bounds values : 0 OK
0: # Avg bus bandwidth    : 91.9501 
0: #
0: # Collective test concluded: sendrecv_perf
0: #
0: 
0: 
0: ##### pass 20/20  pair g0-g1  sendrecv_perf
0: # nccl-tests version 2.17.8 nccl-headers=22903 nccl-library=22903
0: # Collective test starting: sendrecv_perf
0: # nThread 1 nGpus 2 minBytes 8388608 maxBytes 268435456 step: 2(factor) warmup iters: 5 iters: 20 agg iters: 1 validation: 1 graph: 0
0: #
0: # Using devices
0: #  Rank  0 Group  0 Pid  91651 on  nid006907 device  0 [0009:01:00] NVIDIA GH200 120GB
0: #  Rank  1 Group  0 Pid  91651 on  nid006907 device  1 [0019:01:00] NVIDIA GH200 120GB
0: #
0: #                                                              out-of-place                       in-place          
0: #       size         count      type   redop    root     time   algbw   busbw  #wrong     time   algbw   busbw  #wrong 
0: #        (B)    (elements)                               (us)  (GB/s)  (GB/s)             (us)  (GB/s)  (GB/s)         
0:      8388608       2097152     float     sum      -1   117.38   71.46   71.46       0   115.57   72.58   72.58    N/A
0:     16777216       4194304     float     sum      -1   222.49   75.41   75.41       0   218.62   76.74   76.74    N/A
0:     33554432       8388608     float     sum      -1   423.10   79.31   79.31       0   419.35   80.02   80.02    N/A
0:     67108864      16777216     float     sum      -1   815.70   82.27   82.27       0   823.12   81.53   81.53    N/A
0:    134217728      33554432     float     sum      -1  1121.83  119.64  119.64       0  1125.68  119.23  119.23    N/A
0:    268435456      67108864     float     sum      -1  2210.47  121.44  121.44       0  2214.55  121.21  121.21    N/A
0: # Out of bounds values : 0 OK
0: # Avg bus bandwidth    : 91.7375 
0: #
0: # Collective test concluded: sendrecv_perf
0: #
0: 
0: 
0: ##### pass 20/20  pair g0-g2  sendrecv_perf
0: # nccl-tests version 2.17.8 nccl-headers=22903 nccl-library=22903
0: # Collective test starting: sendrecv_perf
0: # nThread 1 nGpus 2 minBytes 8388608 maxBytes 268435456 step: 2(factor) warmup iters: 5 iters: 20 agg iters: 1 validation: 1 graph: 0
0: #
0: # Using devices
0: #  Rank  0 Group  0 Pid  91689 on  nid006907 device  0 [0009:01:00] NVIDIA GH200 120GB
0: #  Rank  1 Group  0 Pid  91689 on  nid006907 device  1 [0029:01:00] NVIDIA GH200 120GB
0: #
0: #                                                              out-of-place                       in-place          
0: #       size         count      type   redop    root     time   algbw   busbw  #wrong     time   algbw   busbw  #wrong 
0: #        (B)    (elements)                               (us)  (GB/s)  (GB/s)             (us)  (GB/s)  (GB/s)         
0:      8388608       2097152     float     sum      -1   116.05   72.28   72.28       0   115.35   72.72   72.72    N/A
0:     16777216       4194304     float     sum      -1   222.22   75.50   75.50       0   219.78   76.34   76.34    N/A
0:     33554432       8388608     float     sum      -1   417.94   80.29   80.29       0   421.52   79.60   79.60    N/A
0:     67108864      16777216     float     sum      -1   813.93   82.45   82.45       0   819.28   81.91   81.91    N/A
0:    134217728      33554432     float     sum      -1  1123.52  119.46  119.46       0  1120.15  119.82  119.82    N/A
0:    268435456      67108864     float     sum      -1  2216.85  121.09  121.09       0  2207.25  121.62  121.62    N/A
0: # Out of bounds values : 0 OK
0: # Avg bus bandwidth    : 91.9233 
0: #
0: # Collective test concluded: sendrecv_perf
0: #
0: 
0: 
0: ##### pass 20/20  pair g0-g3  sendrecv_perf
0: # nccl-tests version 2.17.8 nccl-headers=22903 nccl-library=22903
0: # Collective test starting: sendrecv_perf
0: # nThread 1 nGpus 2 minBytes 8388608 maxBytes 268435456 step: 2(factor) warmup iters: 5 iters: 20 agg iters: 1 validation: 1 graph: 0
0: #
0: # Using devices
0: #  Rank  0 Group  0 Pid  91725 on  nid006907 device  0 [0009:01:00] NVIDIA GH200 120GB
0: #  Rank  1 Group  0 Pid  91725 on  nid006907 device  1 [0039:01:00] NVIDIA GH200 120GB
0: #
0: #                                                              out-of-place                       in-place          
0: #       size         count      type   redop    root     time   algbw   busbw  #wrong     time   algbw   busbw  #wrong 
0: #        (B)    (elements)                               (us)  (GB/s)  (GB/s)             (us)  (GB/s)  (GB/s)         
0:      8388608       2097152     float     sum      -1   115.86   72.40   72.40       0   119.28   70.33   70.33    N/A
0:     16777216       4194304     float     sum      -1   221.03   75.91   75.91       0   217.25   77.23   77.23    N/A
0:     33554432       8388608     float     sum      -1   421.98   79.52   79.52       0   421.86   79.54   79.54    N/A
0:     67108864      16777216     float     sum      -1   818.10   82.03   82.03       0   818.77   81.96   81.96    N/A
0:    134217728      33554432     float     sum      -1  1123.43  119.47  119.47       0  1122.66  119.55  119.55    N/A
0:    268435456      67108864     float     sum      -1  2201.68  121.92  121.92       0  2207.14  121.62  121.62    N/A
0: # Out of bounds values : 0 OK
0: # Avg bus bandwidth    : 91.7903 
0: #
0: # Collective test concluded: sendrecv_perf
0: #
0: 
0: 
0: ##### pass 20/20  pair g1-g2  sendrecv_perf
0: # nccl-tests version 2.17.8 nccl-headers=22903 nccl-library=22903
0: # Collective test starting: sendrecv_perf
0: # nThread 1 nGpus 2 minBytes 8388608 maxBytes 268435456 step: 2(factor) warmup iters: 5 iters: 20 agg iters: 1 validation: 1 graph: 0
0: #
0: # Using devices
0: #  Rank  0 Group  0 Pid  91786 on  nid006907 device  0 [0019:01:00] NVIDIA GH200 120GB
0: #  Rank  1 Group  0 Pid  91786 on  nid006907 device  1 [0029:01:00] NVIDIA GH200 120GB
0: #
0: #                                                              out-of-place                       in-place          
0: #       size         count      type   redop    root     time   algbw   busbw  #wrong     time   algbw   busbw  #wrong 
0: #        (B)    (elements)                               (us)  (GB/s)  (GB/s)             (us)  (GB/s)  (GB/s)         
0:      8388608       2097152     float     sum      -1   115.72   72.49   72.49       0   115.42   72.68   72.68    N/A
0:     16777216       4194304     float     sum      -1   221.91   75.60   75.60       0   221.80   75.64   75.64    N/A
0:     33554432       8388608     float     sum      -1   422.73   79.38   79.38       0   421.62   79.58   79.58    N/A
0:     67108864      16777216     float     sum      -1   820.22   81.82   81.82       0   825.03   81.34   81.34    N/A
0:    134217728      33554432     float     sum      -1  1123.56  119.46  119.46       0  1120.37  119.80  119.80    N/A
0:    268435456      67108864     float     sum      -1  2215.87  121.14  121.14       0  2215.75  121.15  121.15    N/A
0: # Out of bounds values : 0 OK
0: # Avg bus bandwidth    : 91.6731 
0: #
0: # Collective test concluded: sendrecv_perf
0: #
0: 
0: 
0: ##### pass 20/20  pair g1-g3  sendrecv_perf
0: # nccl-tests version 2.17.8 nccl-headers=22903 nccl-library=22903
0: # Collective test starting: sendrecv_perf
0: # nThread 1 nGpus 2 minBytes 8388608 maxBytes 268435456 step: 2(factor) warmup iters: 5 iters: 20 agg iters: 1 validation: 1 graph: 0
0: #
0: # Using devices
0: #  Rank  0 Group  0 Pid  91828 on  nid006907 device  0 [0019:01:00] NVIDIA GH200 120GB
0: #  Rank  1 Group  0 Pid  91828 on  nid006907 device  1 [0039:01:00] NVIDIA GH200 120GB
0: #
0: #                                                              out-of-place                       in-place          
0: #       size         count      type   redop    root     time   algbw   busbw  #wrong     time   algbw   busbw  #wrong 
0: #        (B)    (elements)                               (us)  (GB/s)  (GB/s)             (us)  (GB/s)  (GB/s)         
0:      8388608       2097152     float     sum      -1   120.11   69.84   69.84       0   119.10   70.43   70.43    N/A
0:     16777216       4194304     float     sum      -1   219.40   76.47   76.47       0   222.52   75.40   75.40    N/A
0:     33554432       8388608     float     sum      -1   423.98   79.14   79.14       0   425.04   78.94   78.94    N/A
0:     67108864      16777216     float     sum      -1   817.26   82.11   82.11       0   823.50   81.49   81.49    N/A
0:    134217728      33554432     float     sum      -1  1127.09  119.08  119.08       0  1122.84  119.53  119.53    N/A
0:    268435456      67108864     float     sum      -1  2202.72  121.87  121.87       0  2207.95  121.58  121.58    N/A
0: # Out of bounds values : 0 OK
0: # Avg bus bandwidth    : 91.3244 
0: #
0: # Collective test concluded: sendrecv_perf
0: #
0: 
0: 
0: ##### pass 20/20  pair g2-g3  sendrecv_perf
0: # nccl-tests version 2.17.8 nccl-headers=22903 nccl-library=22903
0: # Collective test starting: sendrecv_perf
0: # nThread 1 nGpus 2 minBytes 8388608 maxBytes 268435456 step: 2(factor) warmup iters: 5 iters: 20 agg iters: 1 validation: 1 graph: 0
0: #
0: # Using devices
0: #  Rank  0 Group  0 Pid  91884 on  nid006907 device  0 [0029:01:00] NVIDIA GH200 120GB
0: #  Rank  1 Group  0 Pid  91884 on  nid006907 device  1 [0039:01:00] NVIDIA GH200 120GB
0: #
0: #                                                              out-of-place                       in-place          
0: #       size         count      type   redop    root     time   algbw   busbw  #wrong     time   algbw   busbw  #wrong 
0: #        (B)    (elements)                               (us)  (GB/s)  (GB/s)             (us)  (GB/s)  (GB/s)         
0:      8388608       2097152     float     sum      -1   115.91   72.37   72.37       0   119.83   70.00   70.00    N/A
0:     16777216       4194304     float     sum      -1   218.76   76.69   76.69       0   221.08   75.89   75.89    N/A
0:     33554432       8388608     float     sum      -1   422.02   79.51   79.51       0   421.70   79.57   79.57    N/A
0:     67108864      16777216     float     sum      -1   815.95   82.25   82.25       0   818.49   81.99   81.99    N/A
0:    134217728      33554432     float     sum      -1  1122.47  119.57  119.57       0  1117.13  120.15  120.15    N/A
0:    268435456      67108864     float     sum      -1  2210.48  121.44  121.44       0  2201.74  121.92  121.92    N/A
0: # Out of bounds values : 0 OK
0: # Avg bus bandwidth    : 91.7789 
0: #
0: # Collective test concluded: sendrecv_perf
0: #
0: 
0: === nvlink error counters AFTER ===
0: GPU 0: NVIDIA GH200 120GB (UUID: GPU-9d36807f-c929-6040-ce3e-e5ef0edf9677)
0: 	 Link 0: Replay Errors: 0
0: 	 Link 0: Recovery Errors: 0
0: 	 Link 0: CRC Errors: 0
0: 
0: 	 Link 1: Replay Errors: 0
0: 	 Link 1: Recovery Errors: 0
0: 	 Link 1: CRC Errors: 0
0: 
0: 	 Link 2: Replay Errors: 0
0: 	 Link 2: Recovery Errors: 0
0: 	 Link 2: CRC Errors: 0
0: 
0: 	 Link 3: Replay Errors: 0
0: 	 Link 3: Recovery Errors: 0
0: 	 Link 3: CRC Errors: 0
0: 
0: 	 Link 4: Replay Errors: 0
0: 	 Link 4: Recovery Errors: 0
0: 	 Link 4: CRC Errors: 0
0: 
0: 	 Link 5: Replay Errors: 0
0: 	 Link 5: Recovery Errors: 0
0: 	 Link 5: CRC Errors: 0
0: 
0: 	 Link 6: Replay Errors: 0
0: 	 Link 6: Recovery Errors: 0
0: 	 Link 6: CRC Errors: 0
0: 
0: 	 Link 7: Replay Errors: 0
0: 	 Link 7: Recovery Errors: 0
0: 	 Link 7: CRC Errors: 0
0: 
0: 	 Link 8: Replay Errors: 0
0: 	 Link 8: Recovery Errors: 0
0: 	 Link 8: CRC Errors: 0
0: 
0: 	 Link 9: Replay Errors: 0
0: 	 Link 9: Recovery Errors: 0
0: 	 Link 9: CRC Errors: 0
0: 
0: 	 Link 10: Replay Errors: 0
0: 	 Link 10: Recovery Errors: 0
0: 	 Link 10: CRC Errors: 0
0: 
0: 	 Link 11: Replay Errors: 0
0: 	 Link 11: Recovery Errors: 0
0: 	 Link 11: CRC Errors: 0
0: 
0: 	 Link 12: Replay Errors: 0
0: 	 Link 12: Recover
0: y Errors: 0
0: 	 Link 12: CRC Errors: 0
0: 
0: 	 Link 13: Replay Errors: 0
0: 	 Link 13: Recovery Errors: 0
0: 	 Link 13: CRC Errors: 0
0: 
0: 	 Link 14: Replay Errors: 0
0: 	 Link 14: Recovery Errors: 0
0: 	 Link 14: CRC Errors: 0
0: 
0: 	 Link 15: Replay Errors: 0
0: 	 Link 15: Recovery Errors: 0
0: 	 Link 15: CRC Errors: 0
0: 
0: 	 Link 16: Replay Errors: 0
0: 	 Link 16: Recovery Errors: 0
0: 	 Link 16: CRC Errors: 0
0: 
0: 	 Link 17: Replay Errors: 0
0: 	 Link 17: Recovery Errors: 0
0: 	 Link 17: CRC Errors: 0
0: 
0: GPU 1: NVIDIA GH200 120GB (UUID: GPU-aa39d32e-47b3-382c-178a-7b640e134a2c)
0: 	 Link 0: Replay Errors: 0
0: 	 Link 0: Recovery Errors: 0
0: 	 Link 0: CRC Errors: 0
0: 
0: 	 Link 1: Replay Errors: 0
0: 	 Link 1: Recovery Errors: 0
0: 	 Link 1: CRC Errors: 0
0: 
0: 	 Link 2: Replay Errors: 0
0: 	 Link 2: Recovery Errors: 0
0: 	 Link 2: CRC Errors: 1
0: 
0: 	 Link 3: Replay Errors: 0
0: 	 Link 3: Recovery Errors: 0
0: 	 Link 3: CRC Errors: 0
0: 
0: 	 Link 4: Replay Errors: 0
0: 	 Link 4: Recovery Errors: 0
0: 	 Link 4: CRC Errors: 0
0: 
0: 	 Link 5: Replay Errors: 0
0: 	 Link 5: Recovery Errors: 0
0: 	 Link 5: CRC Errors: 0
0: 
0: 	 Link 6: Replay Errors: 0
0: 	 Link 6: Recovery Errors: 0
0: 	 Link 6: CRC Errors: 0
0: 
0: 	 Link 7: Replay Errors: 0
0: 	 Link 7: Recovery Errors: 0
0: 	 Link 7: CRC Errors: 0
0: 
0: 	 Link 8: Replay Errors: 0
0: 	 Link 8: Recovery Errors: 0
0: 	 Link 8: CRC Errors: 0
0: 
0: 	 Link 9: Replay Errors: 0
0: 	 Link 9: Recovery Errors: 0
0: 	 Link 9: CRC Errors: 0
0: 
0: 	 Link 10: Replay Errors: 0
0: 	 Link 10: Recovery Errors: 0
0: 	 Link 10: CRC Errors: 0
0: 
0: 	 Link 11: Replay Errors: 0
0: 	 Link 11: Recovery Errors: 0
0: 	 Link 11: CRC Errors: 0
0: 
0: 	 Link 12: Replay Errors: 0
0: 	 Link 12: Recover
0: y Errors: 0
0: 	 Link 12: CRC Errors: 0
0: 
0: 	 Link 13: Replay Errors: 0
0: 	 Link 13: Recovery Errors: 0
0: 	 Link 13: CRC Errors: 0
0: 
0: 	 Link 14: Replay Errors: 0
0: 	 Link 14: Recovery Errors: 0
0: 	 Link 14: CRC Errors: 0
0: 
0: 	 Link 15: Replay Errors: 0
0: 	 Link 15: Recovery Errors: 0
0: 	 Link 15: CRC Errors: 0
0: 
0: 	 Link 16: Replay Errors: 0
0: 	 Link 16: Recovery Errors: 0
0: 	 Link 16: CRC Errors: 0
0: 
0: 	 Link 17: Replay Errors: 0
0: 	 Link 17: Recovery Errors: 0
0: 	 Link 17: CRC Errors: 0
0: 
0: GPU 2: NVIDIA GH200 120GB (UUID: GPU-6adc13d0-1948-671e-283d-8555eff87ac8)
0: 	 Link 0: Replay Errors: 0
0: 	 Link 0: Recovery Errors: 0
0: 	 Link 0: CRC Errors: 0
0: 
0: 	 Link 1: Replay Errors: 0
0: 	 Link 1: Recovery Errors: 0
0: 	 Link 1: CRC Errors: 0
0: 
0: 	 Link 2: Replay Errors: 0
0: 	 Link 2: Recovery Errors: 0
0: 	 Link 2: CRC Errors: 0
0: 
0: 	 Link 3: Replay Errors: 0
0: 	 Link 3: Recovery Errors: 0
0: 	 Link 3: CRC Errors: 0
0: 
0: 	 Link 4: Replay Errors: 0
0: 	 Link 4: Recovery Errors: 0
0: 	 Link 4: CRC Errors: 0
0: 
0: 	 Link 5: Replay Errors: 0
0: 	 Link 5: Recovery Errors: 0
0: 	 Link 5: CRC Errors: 0
0: 
0: 	 Link 6: Replay Errors: 0
0: 	 Link 6: Recovery Errors: 0
0: 	 Link 6: CRC Errors: 0
0: 
0: 	 Link 7: Replay Errors: 0
0: 	 Link 7: Recovery Errors: 0
0: 	 Link 7: CRC Errors: 0
0: 
0: 	 Link 8: Replay Errors: 0
0: 	 Link 8: Recovery Errors: 0
0: 	 Link 8: CRC Errors: 0
0: 
0: 	 Link 9: Replay Errors: 0
0: 	 Link 9: Recovery Errors: 0
0: 	 Link 9: CRC Errors: 0
0: 
0: 	 Link 10: Replay Errors: 0
0: 	 Link 10: Recovery Errors: 0
0: 	 Link 10: CRC Errors: 0
0: 
0: 	 Link 11: Replay Errors: 0
0: 	 Link 11: Recovery Errors: 0
0: 	 Link 11: CRC Errors: 0
0: 
0: 	 Link 12: Replay Errors: 0
0: 	 Link 12: Recover
0: y Errors: 0
0: 	 Link 12: CRC Errors: 0
0: 
0: 	 Link 13: Replay Errors: 0
0: 	 Link 13: Recovery Errors: 0
0: 	 Link 13: CRC Errors: 0
0: 
0: 	 Link 14: Replay Errors: 0
0: 	 Link 14: Recovery Errors: 0
0: 	 Link 14: CRC Errors: 0
0: 
0: 	 Link 15: Replay Errors: 0
0: 	 Link 15: Recovery Errors: 0
0: 	 Link 15: CRC Errors: 0
0: 
0: 	 Link 16: Replay Errors: 0
0: 	 Link 16: Recovery Errors: 0
0: 	 Link 16: CRC Errors: 0
0: 
0: 	 Link 17: Replay Errors: 0
0: 	 Link 17: Recovery Errors: 0
0: 	 Link 17: CRC Errors: 0
0: 
0: GPU 3: NVIDIA GH200 120GB (UUID: GPU-d1aacc41-8061-a7aa-777b-b0b4868b2025)
0: 	 Link 0: Replay Errors: 0
0: 	 Link 0: Recovery Errors: 0
0: 	 Link 0: CRC Errors: 0
0: 
0: 	 Link 1: Replay Errors: 0
0: 	 Link 1: Recovery Errors: 0
0: 	 Link 1: CRC Errors: 0
0: 
0: 	 Link 2: Replay Errors: 0
0: 	 Link 2: Recovery Errors: 0
0: 	 Link 2: CRC Errors: 0
0: 
0: 	 Link 3: Replay Errors: 0
0: 	 Link 3: Recovery Errors: 0
0: 	 Link 3: CRC Errors: 0
0: 
0: 	 Link 4: Replay Errors: 0
0: 	 Link 4: Recovery Errors: 0
0: 	 Link 4: CRC Errors: 0
0: 
0: 	 Link 5: Replay Errors: 0
0: 	 Link 5: Recovery Errors: 0
0: 	 Link 5: CRC Errors: 0
0: 
0: 	 Link 6: Replay Errors: 0
0: 	 Link 6: Recovery Errors: 0
0: 	 Link 6: CRC Errors: 0
0: 
0: 	 Link 7: Replay Errors: 0
0: 	 Link 7: Recovery Errors: 0
0: 	 Link 7: CRC Errors: 0
0: 
0: 	 Link 8: Replay Errors: 0
0: 	 Link 8: Recovery Errors: 0
0: 	 Link 8: CRC Errors: 0
0: 
0: 	 Link 9: Replay Errors: 0
0: 	 Link 9: Recovery Errors: 0
0: 	 Link 9: CRC Errors: 0
0: 
0: 	 Link 10: Replay Errors: 0
0: 	 Link 10: Recovery Errors: 0
0: 	 Link 10: CRC Errors: 0
0: 
0: 	 Link 11: Replay Errors: 0
0: 	 Link 11: Recovery Errors: 0
0: 	 Link 11: CRC Errors: 0
0: 
0: 	 Link 12: Replay Errors: 0
0: 	 Link 12: Recover
0: y Errors: 0
0: 	 Link 12: CRC Errors: 0
0: 
0: 	 Link 13: Replay Errors: 0
0: 	 Link 13: Recovery Errors: 0
0: 	 Link 13: CRC Errors: 0
0: 
0: 	 Link 14: Replay Errors: 0
0: 	 Link 14: Recovery Errors: 0
0: 	 Link 14: CRC Errors: 0
0: 
0: 	 Link 15: Replay Errors: 0
0: 	 Link 15: Recovery Errors: 0
0: 	 Link 15: CRC Errors: 0
0: 
0: 	 Link 16: Replay Errors: 0
0: 	 Link 16: Recovery Errors: 0
0: 	 Link 16: CRC Errors: 0
0: 
0: 	 Link 17: Replay Errors: 0
0: 	 Link 17: Recovery Errors: 0
0: 	 Link 17: CRC Errors: 0
0: 

NCCL_TESTS_INTRA_COMPLETE nid006907
