=== node: nid007313  EDF: /iopsstor/scratch/cscs/mvasilev/vllm-play/megatron-v2601-multinode.toml  passes: 20 ===
0: 
0: WARNING: FI_CXI_RDZV_PROTO=alt_read is configured, but the Slurm network is
0: not set to disable rendezvous GET. Performance/stability may be impacted.
0: 
0: Expected Slurm launch:
0:   srun --network=disable_rdzv_get ...
0: or
0:   SLURM_NETWORK=disable_rdzv_get srun ...
0: 
0: Context:
0:   SLURM_NETWORK=<unset>
0:   FI_PROVIDER=cxi
0:   FI_CXI_RDZV_PROTO=alt_read
0: 
0: === nvlink status ===
0: GPU 0: NVIDIA GH200 120GB (UUID: GPU-748e1b83-1294-a0bc-6b94-7eb8b608dd6a)
0: 	 Link 0: 26.562 GB/s
0: 	 Link 1: 26.562 GB/s
0: 	 Link 2: 26.562 GB/s
0: 	 Link 3: 26.562 GB/s
0: 	 Link 4: 26.562 GB/s
0: 	 Link 5: 26.562 GB/s
0: 	 Link 6: 26.562 GB/s
0: 	 Link 7: 26.562 GB/s
0: 	 Link 8: 26.562 GB/s
0: 	 Link 9: 26.562 GB/s
0: 	 Link 10: 26.562 GB/s
0: 	 Link 11: 26.562 GB/s
0: 	 Link 12: 26.562 GB/s
0: 	 Link 13: 26.562 GB/s
0: 	 Link 14: 26.562 GB/s
0: 	 Link 15: 26.562 GB/s
0: 	 Link 16: 26.562 GB/s
0: 	 Link 17: 26.562 GB/s
0: GPU 1: NVIDIA GH200 120GB (UUID: GPU-3b3527b6-b016-7004-ce6f-5d127895549a)
0: 	 Link 0: 26.562 GB/s
0: 	 Link 1: 26.562 GB/s
0: 	 Link 2: 26.562 GB/s
0: 	 Link 3: 26.562 GB/s
0: 	 Link 4: 26.562 GB/s
0: 	 Link 5: 26.562 GB/s
0: 	 Link 6: 26.562 GB/s
0: 	 Link 7: 26.562 GB/s
0: 	 Link 8: 26.562 GB/s
0: 	 Link 9: 26.562 GB/s
0: 	 Link 10: 26.562 GB/s
0: 	 Link 11: 26.562 GB/s
0: 	 Link 12: 26.562 GB/s
0: 	 Link 13: 26.562 GB/s
0: 	 Link 14: 26.562 GB/s
0: 	 Link 15: 26.562 GB/s
0: 	 Link 16: 26.562 GB/s
0: 	 Link 17: 26.562 GB/s
0: GPU 2: NVIDIA GH200 120GB (UUID: GPU-84aa8ef8-0059-7f15-a9d1-84d18c5028cd)
0: 	 Link 0: 26.562 GB/s
0: 	 Link 1: 26.562 GB/s
0: 	 Link 2: 26.562 GB/s
0: 	 Link 3: 26.562 GB/s
0: 	 Link 4: 26.562 GB/s
0: 	 Link 5: 26.562 GB/s
0: 	 Link 6: 26.562 GB/s
0: 	 Link 7: 26.562 GB/s
0: 	 Link 8: 26.562 GB/s
0: 	 Link 9: 26.562 GB/s
0: 	 Link 10: 26.562 GB/s
0: 	 Link 11: 26.562 GB/s
0: 	 Link 12: 26.562 GB/s
0: 	 Link 13: 26.562 GB/s
0: 	 Link 14: 26.562 GB/s
0: 	 Link 15: 26.562 GB/s
0: 	 Link 16: 26.562 GB/s
0: 	 Link 17: 26.562 GB/s
0: GPU 3: NVIDIA GH200 120GB (UUID: GPU-a380ab1e-277a-ac95-c5ee-90a40624b174)
0: 	 Link 0: 26.562 GB/s
0: 	 Link 1: 26.562 GB/s
0: 	 Link 2: 26.562 GB/s
0: 	 Link 3: 26.562 GB/s
0: 	 Link 4: 26.562 GB/s
0: 	 Link 5: 26.562 GB/s
0: 	 Link 6: 26.562 GB/s
0: 	 Link 7: 26.562 GB/s
0: 	 Link 8: 26.562 GB/s
0: 	 Link 9: 26.562 GB/s
0: 	 Link 10: 26.562 GB/s
0: 	 Link 11: 26.562 GB/s
0: 	 Link 12: 26.562 GB/s
0: 	 Link 13: 26.562 GB/s
0: 	 Link 14: 26.562 GB/s
0: 	 Link 15: 26.562 GB/s
0: 	 Link 16: 26.562 GB/s
0: 	 Link 17: 26.562 GB/s
0: === nvlink error counters BEFORE ===
0: GPU 0: NVIDIA GH200 120GB (UUID: GPU-748e1b83-1294-a0bc-6b94-7eb8b608dd6a)
0: 	 Link 0: Replay Errors: 0
0: 	 Link 0: Recovery Errors: 0
0: 	 Link 0: CRC Errors: 0
0: 
0: 	 Link 1: Replay Errors: 0
0: 	 Link 1: Recovery Errors: 0
0: 	 Link 1: CRC Errors: 0
0: 
0: 	 Link 2: Replay Errors: 0
0: 	 Link 2: Recovery Errors: 0
0: 	 Link 2: CRC Errors: 0
0: 
0: 	 Link 3: Replay Errors: 0
0: 	 Link 3: Recovery Errors: 0
0: 	 Link 3: CRC Errors: 0
0: 
0: 	 Link 4: Replay Errors: 0
0: 	 Link 4: Recovery Errors: 0
0: 	 Link 4: CRC Errors: 0
0: 
0: 	 Link 5: Replay Errors: 0
0: 	 Link 5: Recovery Errors: 0
0: 	 Link 5: CRC Errors: 0
0: 
0: 	 Link 6: Replay Errors: 0
0: 	 Link 6: Recovery Errors: 0
0: 	 Link 6: CRC Errors: 0
0: 
0: 	 Link 7: Replay Errors: 0
0: 	 Link 7: Recovery Errors: 0
0: 	 Link 7: CRC Errors: 0
0: 
0: 	 Link 8: Replay Errors: 0
0: 	 Link 8: Recovery Errors: 0
0: 	 Link 8: CRC Errors: 0
0: 
0: 	 Link 9: Replay Errors: 0
0: 	 Link 9: Recovery Errors: 0
0: 	 Link 9: CRC Errors: 0
0: 
0: 	 Link 10: Replay Errors: 0
0: 	 Link 10: Recovery Errors: 0
0: 	 Link 10: CRC Errors: 0
0: 
0: 	 Link 11: Replay Errors: 0
0: 	 Link 11: Recovery Errors: 0
0: 	 Link 11: CRC Errors: 0
0: 
0: 	 Link 12: Replay Errors: 0
0: 	 Link 12: Recovery Errors: 0
0: 	 Link 12: CRC Errors: 0
0: 
0: 	 Link 13: Replay Errors: 0
0: 	 Link 13: Recovery Errors: 0
0: 	 Link 13: CRC Errors: 1
0: 
0: 	 Link 14: Replay Errors: 0
0: 	 Link 14: Recovery Errors: 0
0: 	 Link 14: CRC Errors: 0
0: 
0: 	 Link 15: Replay Errors: 0
0: 	 Link 15: Recovery Errors: 0
0: 	 Link 15: CRC Errors: 1
0: 
0: 	 Link 16: Replay Errors: 0
0: 	 Link 16: Recovery Errors: 0
0: 	 Link 16: CRC Errors: 0
0: 
0: 	 Link 17: Replay Errors: 0
0: 	 Link 17: Recovery Errors: 0
0: 	 Link 17: CRC Errors: 0
0: 
0: GPU 1: NVIDIA GH200 120GB (UUID: GPU-3b3527b6-b016-7004-ce6f-5d127895549a)
0: 	 Link 0: Replay Errors: 0
0: 	 Link 0: Recovery Errors: 0
0: 	 Link 0: CRC Errors: 0
0: 
0: 	 Link 1: Replay Errors: 0
0: 	 Link 1: Recovery Errors: 0
0: 	 Link 1: CRC Errors: 0
0: 
0: 	 Link 2: Replay Errors: 0
0: 	 Link 2: Recovery Errors: 0
0: 	 Link 2: CRC Errors: 0
0: 
0: 	 Link 3: Replay Errors: 0
0: 	 Link 3: Recovery Errors: 0
0: 	 Link 3: CRC Errors: 0
0: 
0: 	 Link 4: Replay Errors: 0
0: 	 Link 4: Recovery Errors: 0
0: 	 Link 4: CRC Errors: 0
0: 
0: 	 Link 5: Replay Errors: 0
0: 	 Link 5: Recovery Errors: 0
0: 	 Link 5: CRC Errors: 0
0: 
0: 	 Link 6: Replay Errors: 0
0: 	 Link 6: Recovery Errors: 0
0: 	 Link 6: CRC Errors: 0
0: 
0: 	 Link 7: Replay Errors: 0
0: 	 Link 7: Recovery Errors: 0
0: 	 Link 7: CRC Errors: 0
0: 
0: 	 Link 8: Replay Errors: 0
0: 	 Link 8: Recovery Errors: 0
0: 	 Link 8: CRC Errors: 0
0: 
0: 	 Link 9: Replay Errors: 0
0: 	 Link 9: Recovery Errors: 0
0: 	 Link 9: CRC Errors: 0
0: 
0: 	 Link 10: Replay Errors: 0
0: 	 Link 10: Recovery Errors: 0
0: 	 Link 10: CRC Errors: 0
0: 
0: 	 Link 11: Replay Errors: 0
0: 	 Link 11: Recovery Errors: 0
0: 	 Link 11: CRC Errors: 0
0: 
0: 	 Link 12: Replay Errors: 0
0: 	 Link 12: Recovery Errors: 0
0: 	 Link 12: CRC Errors: 0
0: 
0: 	 Link 13: Replay Errors: 0
0: 	 Link 13: Recovery Errors: 0
0: 	 Link 13: CRC Errors: 0
0: 
0: 	 Link 14: Replay Errors: 0
0: 	 Link 14: Recovery Errors: 0
0: 	 Link 14: CRC Errors: 0
0: 
0: 	 Link 15: Replay Errors: 0
0: 	 Link 15: Recovery Errors: 0
0: 	 Link 15: CRC Errors: 0
0: 
0: 	 Link 16: Replay Errors: 0
0: 	 Link 16: Recovery Errors: 0
0: 	 Link 16: CRC Errors: 0
0: 
0: 	 Link 17: Replay Errors: 0
0: 	 Link 17: Recovery Errors: 0
0: 	 Link 17: CRC Errors: 0
0: 
0: GPU 2: NVIDIA GH200 120GB (UUID: GPU-84aa8ef8-0059-7f15-a9d1-84d18c5028cd)
0: 	 Link 0: Replay Errors: 0
0: 	 Link 0: Recovery Errors: 0
0: 	 Link 0: CRC Errors: 0
0: 
0: 	 Link 1: Replay Errors: 0
0: 	 Link 1: Recovery Errors: 0
0: 	 Link 1: CRC Errors: 0
0: 
0: 	 Link 2: Replay Errors: 0
0: 	 Link 2: Recovery Errors: 0
0: 	 Link 2: CRC Errors: 0
0: 
0: 	 Link 3: Replay Errors: 0
0: 	 Link 3: Recovery Errors: 0
0: 	 Link 3: CRC Errors: 0
0: 
0: 	 Link 4: Replay Errors: 0
0: 	 Link 4: Recovery Errors: 0
0: 	 Link 4: CRC Errors: 0
0: 
0: 	 Link 5: Replay Errors: 0
0: 	 Link 5: Recovery Errors: 0
0: 	 Link 5: CRC Errors: 0
0: 
0: 	 Link 6: Replay Errors: 0
0: 	 Link 6: Recovery Errors: 0
0: 	 Link 6: CRC Errors: 0
0: 
0: 	 Link 7: Replay Errors: 0
0: 	 Link 7: Recovery Errors: 0
0: 	 Link 7: CRC Errors: 0
0: 
0: 	 Link 8: Replay Errors: 0
0: 	 Link 8: Recovery Errors: 0
0: 	 Link 8: CRC Errors: 0
0: 
0: 	 Link 9: Replay Errors: 0
0: 	 Link 9: Recovery Errors: 0
0: 	 Link 9: CRC Errors: 0
0: 
0: 	 Link 10: Replay Errors: 0
0: 	 Link 10: Recovery Errors: 0
0: 	 Link 10: CRC Errors: 0
0: 
0: 	 Link 11: Replay Errors: 0
0: 	 Link 11: Recovery Errors: 0
0: 	 Link 11: CRC Errors: 0
0: 
0: 	 Link 12: Replay Errors: 0
0: 	 Link 12: Recovery Errors: 0
0: 	 Link 12: CRC Errors: 0
0: 
0: 	 Link 13: Replay Errors: 0
0: 	 Link 13: Recovery Errors: 0
0: 	 Link 13: CRC Errors: 0
0: 
0: 	 Link 14: Replay Errors: 0
0: 	 Link 14: Recovery Errors: 0
0: 	 Link 14: CRC Errors: 0
0: 
0: 	 Link 15: Replay Errors: 0
0: 	 Link 15: Recovery Errors: 0
0: 	 Link 15: CRC Errors: 0
0: 
0: 	 Link 16: Replay Errors: 0
0: 	 Link 16: Recovery Errors: 0
0: 	 Link 16: CRC Errors: 0
0: 
0: 	 Link 17: Replay Errors: 0
0: 	 Link 17: Recovery Errors: 0
0: 	 Link 17: CRC Errors: 0
0: 
0: GPU 3: NVIDIA GH200 120GB (UUID: GPU-a380ab1e-277a-ac95-c5ee-90a40624b174)
0: 	 Link 0: Replay Errors: 0
0: 	 Link 0: Recovery Errors: 0
0: 	 Link 0: CRC Errors: 0
0: 
0: 	 Link 1: Replay Errors: 0
0: 	 Link 1: Recovery Errors: 0
0: 	 Link 1: CRC Errors: 0
0: 
0: 	 Link 2: Replay Errors: 0
0: 	 Link 2: Recovery Errors: 0
0: 	 Link 2: CRC Errors: 0
0: 
0: 	 Link 3: Replay Errors: 0
0: 	 Link 3: Recovery Errors: 0
0: 	 Link 3: CRC Errors: 0
0: 
0: 	 Link 4: Replay Errors: 0
0: 	 Link 4: Recovery Errors: 0
0: 	 Link 4: CRC Errors: 0
0: 
0: 	 Link 5: Replay Errors: 0
0: 	 Link 5: Recovery Errors: 0
0: 	 Link 5: CRC Errors: 0
0: 
0: 	 Link 6: Replay Errors: 0
0: 	 Link 6: Recovery Errors: 0
0: 	 Link 6: CRC Errors: 0
0: 
0: 	 Link 7: Replay Errors: 0
0: 	 Link 7: Recovery Errors: 0
0: 	 Link 7: CRC Errors: 0
0: 
0: 	 Link 8: Replay Errors: 0
0: 	 Link 8: Recovery Errors: 0
0: 	 Link 8: CRC Errors: 0
0: 
0: 	 Link 9: Replay Errors: 0
0: 	 Link 9: Recovery Errors: 0
0: 	 Link 9: CRC Errors: 0
0: 
0: 	 Link 10: Replay Errors: 0
0: 	 Link 10: Recovery Errors: 0
0: 	 Link 10: CRC Errors: 0
0: 
0: 	 Link 11: Replay Errors: 0
0: 	 Link 11: Recovery Errors: 0
0: 	 Link 11: CRC Errors: 0
0: 
0: 	 Link 12: Replay Errors: 0
0: 	 Link 12: Recovery Errors: 0
0: 	 Link 12: CRC Errors: 0
0: 
0: 	 Link 13: Replay Errors: 0
0: 	 Link 13: Recovery Errors: 0
0: 	 Link 13: CRC Errors: 0
0: 
0: 	 Link 14: Replay Errors: 0
0: 	 Link 14: Recovery Errors: 0
0: 	 Link 14: CRC Errors: 0
0: 
0: 	 Link 15: Replay Errors: 0
0: 	 Link 15: Recovery Errors: 0
0: 	 Link 15: CRC Errors: 0
0: 
0: 	 Link 16: Replay Errors: 0
0: 	 Link 16: Recovery Errors: 0
0: 	 Link 16: CRC Errors: 0
0: 
0: 	 Link 17: Replay Errors: 0
0: 	 Link 17: Recovery Errors: 0
0: 	 Link 17: CRC Errors: 0
0: 
0: 
0: ##### pass 1/20  pair g0-g1  sendrecv_perf
0: # nccl-tests version 2.17.8 nccl-headers=22903 nccl-library=22903
0: # Collective test starting: sendrecv_perf
0: # nThread 1 nGpus 2 minBytes 8388608 maxBytes 268435456 step: 2(factor) warmup iters: 5 iters: 20 agg iters: 1 validation: 1 graph: 0
0: #
0: # Using devices
0: #  Rank  0 Group  0 Pid 142415 on  nid007313 device  0 [0009:01:00] NVIDIA GH200 120GB
0: #  Rank  1 Group  0 Pid 142415 on  nid007313 device  1 [0019:01:00] NVIDIA GH200 120GB
0: #
0: #                                                              out-of-place                       in-place          
0: #       size         count      type   redop    root     time   algbw   busbw  #wrong     time   algbw   busbw  #wrong 
0: #        (B)    (elements)                               (us)  (GB/s)  (GB/s)             (us)  (GB/s)  (GB/s)         
0:      8388608       2097152     float     sum      -1   115.53   72.61   72.61       0   119.37   70.27   70.27    N/A
0:     16777216       4194304     float     sum      -1   220.96   75.93   75.93       0   219.72   76.36   76.36    N/A
0:     33554432       8388608     float     sum      -1   421.08   79.69   79.69       0   421.13   79.68   79.68    N/A
0:     67108864      16777216     float     sum      -1   811.14   82.73   82.73       0   822.01   81.64   81.64    N/A
0:    134217728      33554432     float     sum      -1  1125.29  119.27  119.27       0  1126.91  119.10  119.10    N/A
0:    268435456      67108864     float     sum      -1  2215.13  121.18  121.18       0  2207.61  121.60  121.60    N/A
0: # Out of bounds values : 0 OK
0: # Avg bus bandwidth    : 91.672 
0: #
0: # Collective test concluded: sendrecv_perf
0: #
0: 
0: 
0: ##### pass 1/20  pair g0-g2  sendrecv_perf
0: # nccl-tests version 2.17.8 nccl-headers=22903 nccl-library=22903
0: # Collective test starting: sendrecv_perf
0: # nThread 1 nGpus 2 minBytes 8388608 maxBytes 268435456 step: 2(factor) warmup iters: 5 iters: 20 agg iters: 1 validation: 1 graph: 0
0: #
0: # Using devices
0: #  Rank  0 Group  0 Pid 142476 on  nid007313 device  0 [0009:01:00] NVIDIA GH200 120GB
0: #  Rank  1 Group  0 Pid 142476 on  nid007313 device  1 [0029:01:00] NVIDIA GH200 120GB
0: #
0: #                                                              out-of-place                       in-place          
0: #       size         count      type   redop    root     time   algbw   busbw  #wrong     time   algbw   busbw  #wrong 
0: #        (B)    (elements)                               (us)  (GB/s)  (GB/s)             (us)  (GB/s)  (GB/s)         
0:      8388608       2097152     float     sum      -1   115.51   72.63   72.63       0   116.52   71.99   71.99    N/A
0:     16777216       4194304     float     sum      -1   217.71   77.06   77.06       0   221.32   75.81   75.81    N/A
0:     33554432       8388608     float     sum      -1   421.64   79.58   79.58       0   419.18   80.05   80.05    N/A
0:     67108864      16777216     float     sum      -1   807.14   83.14   83.14       0   820.27   81.81   81.81    N/A
0:    134217728      33554432     float     sum      -1  1120.36  119.80  119.80       0  1118.98  119.95  119.95    N/A
0:    268435456      67108864     float     sum      -1  2206.38  121.66  121.66       0  2202.46  121.88  121.88    N/A
0: # Out of bounds values : 0 OK
0: # Avg bus bandwidth    : 92.1134 
0: #
0: # Collective test concluded: sendrecv_perf
0: #
0: 
0: 
0: ##### pass 1/20  pair g0-g3  sendrecv_perf
0: # nccl-tests version 2.17.8 nccl-headers=22903 nccl-library=22903
0: # Collective test starting: sendrecv_perf
0: # nThread 1 nGpus 2 minBytes 8388608 maxBytes 268435456 step: 2(factor) warmup iters: 5 iters: 20 agg iters: 1 validation: 1 graph: 0
0: #
0: # Using devices
0: #  Rank  0 Group  0 Pid 142511 on  nid007313 device  0 [0009:01:00] NVIDIA GH200 120GB
0: #  Rank  1 Group  0 Pid 142511 on  nid007313 device  1 [0039:01:00] NVIDIA GH200 120GB
0: #
0: #                                                              out-of-place                       in-place          
0: #       size         count      type   redop    root     time   algbw   busbw  #wrong     time   algbw   busbw  #wrong 
0: #        (B)    (elements)                               (us)  (GB/s)  (GB/s)             (us)  (GB/s)  (GB/s)         
0:      8388608       2097152     float     sum      -1   116.28   72.14   72.14       0   115.33   72.74   72.74    N/A
0:     16777216       4194304     float     sum      -1   217.66   77.08   77.08       0   222.41   75.43   75.43    N/A
0:     33554432       8388608     float     sum      -1   422.94   79.34   79.34       0   419.89   79.91   79.91    N/A
0:     67108864      16777216     float     sum      -1   814.01   82.44   82.44       0   819.86   81.85   81.85    N/A
0:    134217728      33554432     float     sum      -1  1123.18  119.50  119.50       0  1119.05  119.94  119.94    N/A
0:    268435456      67108864     float     sum      -1  2214.02  121.24  121.24       0  2204.01  121.79  121.79    N/A
0: # Out of bounds values : 0 OK
0: # Avg bus bandwidth    : 91.9508 
0: #
0: # Collective test concluded: sendrecv_perf
0: #
0: 
0: 
0: ##### pass 1/20  pair g1-g2  sendrecv_perf
0: # nccl-tests version 2.17.8 nccl-headers=22903 nccl-library=22903
0: # Collective test starting: sendrecv_perf
0: # nThread 1 nGpus 2 minBytes 8388608 maxBytes 268435456 step: 2(factor) warmup iters: 5 iters: 20 agg iters: 1 validation: 1 graph: 0
0: #
0: # Using devices
0: #  Rank  0 Group  0 Pid 142547 on  nid007313 device  0 [0019:01:00] NVIDIA GH200 120GB
0: #  Rank  1 Group  0 Pid 142547 on  nid007313 device  1 [0029:01:00] NVIDIA GH200 120GB
0: #
0: #                                                              out-of-place                       in-place          
0: #       size         count      type   redop    root     time   algbw   busbw  #wrong     time   algbw   busbw  #wrong 
0: #        (B)    (elements)                               (us)  (GB/s)  (GB/s)             (us)  (GB/s)  (GB/s)         
0:      8388608       2097152     float     sum      -1   118.47   70.81   70.81       0   115.14   72.85   72.85    N/A
0:     16777216       4194304     float     sum      -1   222.34   75.46   75.46       0   218.26   76.87   76.87    N/A
0:     33554432       8388608     float     sum      -1   419.07   80.07   80.07       0   421.79   79.55   79.55    N/A
0:     67108864      16777216     float     sum      -1   810.60   82.79   82.79       0   823.88   81.45   81.45    N/A
0:    134217728      33554432     float     sum      -1  1122.68  119.55  119.55       0  1119.45  119.90  119.90    N/A
0:    268435456      67108864     float     sum      -1  2209.60  121.49  121.49       0  2209.06  121.52  121.52    N/A
0: # Out of bounds values : 0 OK
0: # Avg bus bandwidth    : 91.8585 
0: #
0: # Collective test concluded: sendrecv_perf
0: #
0: 
0: 
0: ##### pass 1/20  pair g1-g3  sendrecv_perf
0: # nccl-tests version 2.17.8 nccl-headers=22903 nccl-library=22903
0: # Collective test starting: sendrecv_perf
0: # nThread 1 nGpus 2 minBytes 8388608 maxBytes 268435456 step: 2(factor) warmup iters: 5 iters: 20 agg iters: 1 validation: 1 graph: 0
0: #
0: # Using devices
0: #  Rank  0 Group  0 Pid 142582 on  nid007313 device  0 [0019:01:00] NVIDIA GH200 120GB
0: #  Rank  1 Group  0 Pid 142582 on  nid007313 device  1 [0039:01:00] NVIDIA GH200 120GB
0: #
0: #                                                              out-of-place                       in-place          
0: #       size         count      type   redop    root     time   algbw   busbw  #wrong     time   algbw   busbw  #wrong 
0: #        (B)    (elements)                               (us)  (GB/s)  (GB/s)             (us)  (GB/s)  (GB/s)         
0:      8388608       2097152     float     sum      -1   116.51   72.00   72.00       0   115.91   72.37   72.37    N/A
0:     16777216       4194304     float     sum      -1   217.78   77.04   77.04       0   220.07   76.24   76.24    N/A
0:     33554432       8388608     float     sum      -1   421.22   79.66   79.66       0   425.59   78.84   78.84    N/A
0:     67108864      16777216     float     sum      -1   814.32   82.41   82.41       0   825.37   81.31   81.31    N/A
0:    134217728      33554432     float     sum      -1  1118.22  120.03  120.03       0  1122.03  119.62  119.62    N/A
0:    268435456      67108864     float     sum      -1  2202.90  121.86  121.86       0  2222.28  120.79  120.79    N/A
0: # Out of bounds values : 0 OK
0: # Avg bus bandwidth    : 91.8464 
0: #
0: # Collective test concluded: sendrecv_perf
0: #
0: 
0: 
0: ##### pass 1/20  pair g2-g3  sendrecv_perf
0: # nccl-tests version 2.17.8 nccl-headers=22903 nccl-library=22903
0: # Collective test starting: sendrecv_perf
0: # nThread 1 nGpus 2 minBytes 8388608 maxBytes 268435456 step: 2(factor) warmup iters: 5 iters: 20 agg iters: 1 validation: 1 graph: 0
0: #
0: # Using devices
0: #  Rank  0 Group  0 Pid 142617 on  nid007313 device  0 [0029:01:00] NVIDIA GH200 120GB
0: #  Rank  1 Group  0 Pid 142617 on  nid007313 device  1 [0039:01:00] NVIDIA GH200 120GB
0: #
0: #                                                              out-of-place                       in-place          
0: #       size         count      type   redop    root     time   algbw   busbw  #wrong     time   algbw   busbw  #wrong 
0: #        (B)    (elements)                               (us)  (GB/s)  (GB/s)             (us)  (GB/s)  (GB/s)         
0:      8388608       2097152     float     sum      -1   116.03   72.29   72.29       0   115.51   72.62   72.62    N/A
0:     16777216       4194304     float     sum      -1   222.16   75.52   75.52       0   220.48   76.09   76.09    N/A
0:     33554432       8388608     float     sum      -1   421.98   79.52   79.52       0   420.60   79.78   79.78    N/A
0:     67108864      16777216     float     sum      -1   816.99   82.14   82.14       0   822.97   81.55   81.55    N/A
0:    134217728      33554432     float     sum      -1  1123.19  119.50  119.50       0  1122.88  119.53  119.53    N/A
0:    268435456      67108864     float     sum      -1  2205.05  121.74  121.74       0  2205.20  121.73  121.73    N/A
0: # Out of bounds values : 0 OK
0: # Avg bus bandwidth    : 91.8332 
0: #
0: # Collective test concluded: sendrecv_perf
0: #
0: 
0: 
0: ##### pass 2/20  pair g0-g1  sendrecv_perf
0: # nccl-tests version 2.17.8 nccl-headers=22903 nccl-library=22903
0: # Collective test starting: sendrecv_perf
0: # nThread 1 nGpus 2 minBytes 8388608 maxBytes 268435456 step: 2(factor) warmup iters: 5 iters: 20 agg iters: 1 validation: 1 graph: 0
0: #
0: # Using devices
0: #  Rank  0 Group  0 Pid 142653 on  nid007313 device  0 [0009:01:00] NVIDIA GH200 120GB
0: #  Rank  1 Group  0 Pid 142653 on  nid007313 device  1 [0019:01:00] NVIDIA GH200 120GB
0: #
0: #                                                              out-of-place                       in-place          
0: #       size         count      type   redop    root     time   algbw   busbw  #wrong     time   algbw   busbw  #wrong 
0: #        (B)    (elements)                               (us)  (GB/s)  (GB/s)             (us)  (GB/s)  (GB/s)         
0:      8388608       2097152     float     sum      -1   119.71   70.07   70.07       0   115.19   72.82   72.82    N/A
0:     16777216       4194304     float     sum      -1   221.21   75.84   75.84       0   221.78   75.65   75.65    N/A
0:     33554432       8388608     float     sum      -1   419.91   79.91   79.91       0   419.03   80.08   80.08    N/A
0:     67108864      16777216     float     sum      -1   819.76   81.86   81.86       0   817.17   82.12   82.12    N/A
0:    134217728      33554432     float     sum      -1  1122.55  119.57  119.57       0  1120.71  119.76  119.76    N/A
0:    268435456      67108864     float     sum      -1  2205.30  121.72  121.72       0  2209.70  121.48  121.48    N/A
0: # Out of bounds values : 0 OK
0: # Avg bus bandwidth    : 91.7409 
0: #
0: # Collective test concluded: sendrecv_perf
0: #
0: 
0: 
0: ##### pass 2/20  pair g0-g2  sendrecv_perf
0: # nccl-tests version 2.17.8 nccl-headers=22903 nccl-library=22903
0: # Collective test starting: sendrecv_perf
0: # nThread 1 nGpus 2 minBytes 8388608 maxBytes 268435456 step: 2(factor) warmup iters: 5 iters: 20 agg iters: 1 validation: 1 graph: 0
0: #
0: # Using devices
0: #  Rank  0 Group  0 Pid 142688 on  nid007313 device  0 [0009:01:00] NVIDIA GH200 120GB
0: #  Rank  1 Group  0 Pid 142688 on  nid007313 device  1 [0029:01:00] NVIDIA GH200 120GB
0: #
0: #                                                              out-of-place                       in-place          
0: #       size         count      type   redop    root     time   algbw   busbw  #wrong     time   algbw   busbw  #wrong 
0: #        (B)    (elements)                               (us)  (GB/s)  (GB/s)             (us)  (GB/s)  (GB/s)         
0:      8388608       2097152     float     sum      -1   116.39   72.07   72.07       0   115.37   72.71   72.71    N/A
0:     16777216       4194304     float     sum      -1   220.44   76.11   76.11       0   219.43   76.46   76.46    N/A
0:     33554432       8388608     float     sum      -1   421.08   79.69   79.69       0   420.94   79.71   79.71    N/A
0:     67108864      16777216     float     sum      -1   813.81   82.46   82.46       0   820.20   81.82   81.82    N/A
0:    134217728      33554432     float     sum      -1  1125.16  119.29  119.29       0  1121.42  119.69  119.69    N/A
0:    268435456      67108864     float     sum      -1  2206.97  121.63  121.63       0  2204.66  121.76  121.76    N/A
0: # Out of bounds values : 0 OK
0: # Avg bus bandwidth    : 91.9494 
0: #
0: # Collective test concluded: sendrecv_perf
0: #
0: 
0: 
0: ##### pass 2/20  pair g0-g3  sendrecv_perf
0: # nccl-tests version 2.17.8 nccl-headers=22903 nccl-library=22903
0: # Collective test starting: sendrecv_perf
0: # nThread 1 nGpus 2 minBytes 8388608 maxBytes 268435456 step: 2(factor) warmup iters: 5 iters: 20 agg iters: 1 validation: 1 graph: 0
0: #
0: # Using devices
0: #  Rank  0 Group  0 Pid 142742 on  nid007313 device  0 [0009:01:00] NVIDIA GH200 120GB
0: #  Rank  1 Group  0 Pid 142742 on  nid007313 device  1 [0039:01:00] NVIDIA GH200 120GB
0: #
0: #                                                              out-of-place                       in-place          
0: #       size         count      type   redop    root     time   algbw   busbw  #wrong     time   algbw   busbw  #wrong 
0: #        (B)    (elements)                               (us)  (GB/s)  (GB/s)             (us)  (GB/s)  (GB/s)         
0:      8388608       2097152     float     sum      -1   115.69   72.51   72.51       0   115.34   72.73   72.73    N/A
0:     16777216       4194304     float     sum      -1   220.43   76.11   76.11       0   217.13   77.27   77.27    N/A
0:     33554432       8388608     float     sum      -1   421.07   79.69   79.69       0   420.89   79.72   79.72    N/A
0:     67108864      16777216     float     sum      -1   815.25   82.32   82.32       0   821.43   81.70   81.70    N/A
0:    134217728      33554432     float     sum      -1  1121.36  119.69  119.69       0  1123.85  119.43  119.43    N/A
0:    268435456      67108864     float     sum      -1  2209.07  121.52  121.52       0  2203.75  121.81  121.81    N/A
0: # Out of bounds values : 0 OK
0: # Avg bus bandwidth    : 92.0409 
0: #
0: # Collective test concluded: sendrecv_perf
0: #
0: 
0: 
0: ##### pass 2/20  pair g1-g2  sendrecv_perf
0: # nccl-tests version 2.17.8 nccl-headers=22903 nccl-library=22903
0: # Collective test starting: sendrecv_perf
0: # nThread 1 nGpus 2 minBytes 8388608 maxBytes 268435456 step: 2(factor) warmup iters: 5 iters: 20 agg iters: 1 validation: 1 graph: 0
0: #
0: # Using devices
0: #  Rank  0 Group  0 Pid 142778 on  nid007313 device  0 [0019:01:00] NVIDIA GH200 120GB
0: #  Rank  1 Group  0 Pid 142778 on  nid007313 device  1 [0029:01:00] NVIDIA GH200 120GB
0: #
0: #                                                              out-of-place                       in-place          
0: #       size         count      type   redop    root     time   algbw   busbw  #wrong     time   algbw   busbw  #wrong 
0: #        (B)    (elements)                               (us)  (GB/s)  (GB/s)             (us)  (GB/s)  (GB/s)         
0:      8388608       2097152     float     sum      -1   115.77   72.46   72.46       0   114.98   72.96   72.96    N/A
0:     16777216       4194304     float     sum      -1   219.37   76.48   76.48       0   222.22   75.50   75.50    N/A
0:     33554432       8388608     float     sum      -1   419.64   79.96   79.96       0   421.06   79.69   79.69    N/A
0:     67108864      16777216     float     sum      -1   809.41   82.91   82.91       0   821.39   81.70   81.70    N/A
0:    134217728      33554432     float     sum      -1  1116.40  120.22  120.22       0  1123.15  119.50  119.50    N/A
0:    268435456      67108864     float     sum      -1  2203.72  121.81  121.81       0  2206.06  121.68  121.68    N/A
0: # Out of bounds values : 0 OK
0: # Avg bus bandwidth    : 92.0729 
0: #
0: # Collective test concluded: sendrecv_perf
0: #
0: 
0: 
0: ##### pass 2/20  pair g1-g3  sendrecv_perf
0: # nccl-tests version 2.17.8 nccl-headers=22903 nccl-library=22903
0: # Collective test starting: sendrecv_perf
0: # nThread 1 nGpus 2 minBytes 8388608 maxBytes 268435456 step: 2(factor) warmup iters: 5 iters: 20 agg iters: 1 validation: 1 graph: 0
0: #
0: # Using devices
0: #  Rank  0 Group  0 Pid 142813 on  nid007313 device  0 [0019:01:00] NVIDIA GH200 120GB
0: #  Rank  1 Group  0 Pid 142813 on  nid007313 device  1 [0039:01:00] NVIDIA GH200 120GB
0: #
0: #                                                              out-of-place                       in-place          
0: #       size         count      type   redop    root     time   algbw   busbw  #wrong     time   algbw   busbw  #wrong 
0: #        (B)    (elements)                               (us)  (GB/s)  (GB/s)             (us)  (GB/s)  (GB/s)         
0:      8388608       2097152     float     sum      -1   116.41   72.06   72.06       0   115.61   72.56   72.56    N/A
0:     16777216       4194304     float     sum      -1   222.65   75.35   75.35       0   218.53   76.77   76.77    N/A
0:     33554432       8388608     float     sum      -1   421.56   79.60   79.60       0   423.42   79.25   79.25    N/A
0:     67108864      16777216     float     sum      -1   814.89   82.35   82.35       0   827.64   81.08   81.08    N/A
0:    134217728      33554432     float     sum      -1  1124.33  119.38  119.38       0  1122.90  119.53  119.53    N/A
0:    268435456      67108864     float     sum      -1  2212.65  121.32  121.32       0  2215.44  121.17  121.17    N/A
0: # Out of bounds values : 0 OK
0: # Avg bus bandwidth    : 91.7014 
0: #
0: # Collective test concluded: sendrecv_perf
0: #
0: 
0: 
0: ##### pass 2/20  pair g2-g3  sendrecv_perf
0: # nccl-tests version 2.17.8 nccl-headers=22903 nccl-library=22903
0: # Collective test starting: sendrecv_perf
0: # nThread 1 nGpus 2 minBytes 8388608 maxBytes 268435456 step: 2(factor) warmup iters: 5 iters: 20 agg iters: 1 validation: 1 graph: 0
0: #
0: # Using devices
0: #  Rank  0 Group  0 Pid 142845 on  nid007313 device  0 [0029:01:00] NVIDIA GH200 120GB
0: #  Rank  1 Group  0 Pid 142845 on  nid007313 device  1 [0039:01:00] NVIDIA GH200 120GB
0: #
0: #                                                              out-of-place                       in-place          
0: #       size         count      type   redop    root     time   algbw   busbw  #wrong     time   algbw   busbw  #wrong 
0: #        (B)    (elements)                               (us)  (GB/s)  (GB/s)             (us)  (GB/s)  (GB/s)         
0:      8388608       2097152     float     sum      -1   116.32   72.12   72.12       0   116.09   72.26   72.26    N/A
0:     16777216       4194304     float     sum      -1   221.67   75.69   75.69       0   222.48   75.41   75.41    N/A
0:     33554432       8388608     float     sum      -1   420.00   79.89   79.89       0   423.18   79.29   79.29    N/A
0:     67108864      16777216     float     sum      -1   817.26   82.11   82.11       0   823.60   81.48   81.48    N/A
0:    134217728      33554432     float     sum      -1  1122.52  119.57  119.57       0  1124.73  119.33  119.33    N/A
0:    268435456      67108864     float     sum      -1  2214.57  121.21  121.21       0  2213.56  121.27  121.27    N/A
0: # Out of bounds values : 0 OK
0: # Avg bus bandwidth    : 91.6367 
0: #
0: # Collective test concluded: sendrecv_perf
0: #
0: 
0: 
0: ##### pass 3/20  pair g0-g1  sendrecv_perf
0: # nccl-tests version 2.17.8 nccl-headers=22903 nccl-library=22903
0: # Collective test starting: sendrecv_perf
0: # nThread 1 nGpus 2 minBytes 8388608 maxBytes 268435456 step: 2(factor) warmup iters: 5 iters: 20 agg iters: 1 validation: 1 graph: 0
0: #
0: # Using devices
0: #  Rank  0 Group  0 Pid 142881 on  nid007313 device  0 [0009:01:00] NVIDIA GH200 120GB
0: #  Rank  1 Group  0 Pid 142881 on  nid007313 device  1 [0019:01:00] NVIDIA GH200 120GB
0: #
0: #                                                              out-of-place                       in-place          
0: #       size         count      type   redop    root     time   algbw   busbw  #wrong     time   algbw   busbw  #wrong 
0: #        (B)    (elements)                               (us)  (GB/s)  (GB/s)             (us)  (GB/s)  (GB/s)         
0:      8388608       2097152     float     sum      -1   116.67   71.90   71.90       0   119.18   70.39   70.39    N/A
0:     16777216       4194304     float     sum      -1   221.34   75.80   75.80       0   219.48   76.44   76.44    N/A
0:     33554432       8388608     float     sum      -1   419.36   80.01   80.01       0   421.96   79.52   79.52    N/A
0:     67108864      16777216     float     sum      -1   813.33   82.51   82.51       0   822.52   81.59   81.59    N/A
0:    134217728      33554432     float     sum      -1  1125.45  119.26  119.26       0  1127.43  119.05  119.05    N/A
0:    268435456      67108864     float     sum      -1  2198.39  122.11  122.11       0  2201.63  121.93  121.93    N/A
0: # Out of bounds values : 0 OK
0: # Avg bus bandwidth    : 91.7083 
0: #
0: # Collective test concluded: sendrecv_perf
0: #
0: 
0: 
0: ##### pass 3/20  pair g0-g2  sendrecv_perf
0: # nccl-tests version 2.17.8 nccl-headers=22903 nccl-library=22903
0: # Collective test starting: sendrecv_perf
0: # nThread 1 nGpus 2 minBytes 8388608 maxBytes 268435456 step: 2(factor) warmup iters: 5 iters: 20 agg iters: 1 validation: 1 graph: 0
0: #
0: # Using devices
0: #  Rank  0 Group  0 Pid 142916 on  nid007313 device  0 [0009:01:00] NVIDIA GH200 120GB
0: #  Rank  1 Group  0 Pid 142916 on  nid007313 device  1 [0029:01:00] NVIDIA GH200 120GB
0: #
0: #                                                              out-of-place                       in-place          
0: #       size         count      type   redop    root     time   algbw   busbw  #wrong     time   algbw   busbw  #wrong 
0: #        (B)    (elements)                               (us)  (GB/s)  (GB/s)             (us)  (GB/s)  (GB/s)         
0:      8388608       2097152     float     sum      -1   115.18   72.83   72.83       0   114.72   73.12   73.12    N/A
0:     16777216       4194304     float     sum      -1   216.71   77.42   77.42       0   220.22   76.18   76.18    N/A
0:     33554432       8388608     float     sum      -1   419.75   79.94   79.94       0   420.70   79.76   79.76    N/A
0:     67108864      16777216     float     sum      -1   809.12   82.94   82.94       0   816.40   82.20   82.20    N/A
0:    134217728      33554432     float     sum      -1  1127.13  119.08  119.08       0  1121.38  119.69  119.69    N/A
0:    268435456      67108864     float     sum      -1  2204.54  121.76  121.76       0  2215.84  121.14  121.14    N/A
0: # Out of bounds values : 0 OK
0: # Avg bus bandwidth    : 92.1721 
0: #
0: # Collective test concluded: sendrecv_perf
0: #
0: 
0: 
0: ##### pass 3/20  pair g0-g3  sendrecv_perf
0: # nccl-tests version 2.17.8 nccl-headers=22903 nccl-library=22903
0: # Collective test starting: sendrecv_perf
0: # nThread 1 nGpus 2 minBytes 8388608 maxBytes 268435456 step: 2(factor) warmup iters: 5 iters: 20 agg iters: 1 validation: 1 graph: 0
0: #
0: # Using devices
0: #  Rank  0 Group  0 Pid 142951 on  nid007313 device  0 [0009:01:00] NVIDIA GH200 120GB
0: #  Rank  1 Group  0 Pid 142951 on  nid007313 device  1 [0039:01:00] NVIDIA GH200 120GB
0: #
0: #                                                              out-of-place                       in-place          
0: #       size         count      type   redop    root     time   algbw   busbw  #wrong     time   algbw   busbw  #wrong 
0: #        (B)    (elements)                               (us)  (GB/s)  (GB/s)             (us)  (GB/s)  (GB/s)         
0:      8388608       2097152     float     sum      -1   116.32   72.12   72.12       0   115.09   72.89   72.89    N/A
0:     16777216       4194304     float     sum      -1   220.55   76.07   76.07       0   222.42   75.43   75.43    N/A
0:     33554432       8388608     float     sum      -1   422.37   79.44   79.44       0   422.61   79.40   79.40    N/A
0:     67108864      16777216     float     sum      -1   819.10   81.93   81.93       0   821.01   81.74   81.74    N/A
0:    134217728      33554432     float     sum      -1  1120.15  119.82  119.82       0  1121.19  119.71  119.71    N/A
0:    268435456      67108864     float     sum      -1  2210.56  121.43  121.43       0  2211.04  121.41  121.41    N/A
0: # Out of bounds values : 0 OK
0: # Avg bus bandwidth    : 91.7824 
0: #
0: # Collective test concluded: sendrecv_perf
0: #
0: 
0: 
0: ##### pass 3/20  pair g1-g2  sendrecv_perf
0: # nccl-tests version 2.17.8 nccl-headers=22903 nccl-library=22903
0: # Collective test starting: sendrecv_perf
0: # nThread 1 nGpus 2 minBytes 8388608 maxBytes 268435456 step: 2(factor) warmup iters: 5 iters: 20 agg iters: 1 validation: 1 graph: 0
0: #
0: # Using devices
0: #  Rank  0 Group  0 Pid 142987 on  nid007313 device  0 [0019:01:00] NVIDIA GH200 120GB
0: #  Rank  1 Group  0 Pid 142987 on  nid007313 device  1 [0029:01:00] NVIDIA GH200 120GB
0: #
0: #                                                              out-of-place                       in-place          
0: #       size         count      type   redop    root     time   algbw   busbw  #wrong     time   algbw   busbw  #wrong 
0: #        (B)    (elements)                               (us)  (GB/s)  (GB/s)             (us)  (GB/s)  (GB/s)         
0:      8388608       2097152     float     sum      -1   116.00   72.31   72.31       0   115.41   72.68   72.68    N/A
0:     16777216       4194304     float     sum      -1   222.80   75.30   75.30       0   223.08   75.21   75.21    N/A
0:     33554432       8388608     float     sum      -1   420.59   79.78   79.78       0   424.31   79.08   79.08    N/A
0:     67108864      16777216     float     sum      -1   814.19   82.42   82.42       0   828.70   80.98   80.98    N/A
0:    134217728      33554432     float     sum      -1  1118.19  120.03  120.03       0  1123.06  119.51  119.51    N/A
0:    268435456      67108864     float     sum      -1  2203.61  121.82  121.82       0  2209.27  121.50  121.50    N/A
0: # Out of bounds values : 0 OK
0: # Avg bus bandwidth    : 91.7195 
0: #
0: # Collective test concluded: sendrecv_perf
0: #
0: 
0: 
0: ##### pass 3/20  pair g1-g3  sendrecv_perf
0: # nccl-tests version 2.17.8 nccl-headers=22903 nccl-library=22903
0: # Collective test starting: sendrecv_perf
0: # nThread 1 nGpus 2 minBytes 8388608 maxBytes 268435456 step: 2(factor) warmup iters: 5 iters: 20 agg iters: 1 validation: 1 graph: 0
0: #
0: # Using devices
0: #  Rank  0 Group  0 Pid 143041 on  nid007313 device  0 [0019:01:00] NVIDIA GH200 120GB
0: #  Rank  1 Group  0 Pid 143041 on  nid007313 device  1 [0039:01:00] NVIDIA GH200 120GB
0: #
0: #                                                              out-of-place                       in-place          
0: #       size         count      type   redop    root     time   algbw   busbw  #wrong     time   algbw   busbw  #wrong 
0: #        (B)    (elements)                               (us)  (GB/s)  (GB/s)             (us)  (GB/s)  (GB/s)         
0:      8388608       2097152     float     sum      -1   115.94   72.35   72.35       0   115.56   72.59   72.59    N/A
0:     16777216       4194304     float     sum      -1   218.38   76.83   76.83       0   222.24   75.49   75.49    N/A
0:     33554432       8388608     float     sum      -1   421.26   79.65   79.65       0   423.03   79.32   79.32    N/A
0:     67108864      16777216     float     sum      -1   811.87   82.66   82.66       0   823.34   81.51   81.51    N/A
0:    134217728      33554432     float     sum      -1  1119.24  119.92  119.92       0  1122.50  119.57  119.57    N/A
0:    268435456      67108864     float     sum      -1  2213.68  121.26  121.26       0  2211.23  121.40  121.40    N/A
0: # Out of bounds values : 0 OK
0: # Avg bus bandwidth    : 91.8786 
0: #
0: # Collective test concluded: sendrecv_perf
0: #
0: 
0: 
0: ##### pass 3/20  pair g2-g3  sendrecv_perf
0: # nccl-tests version 2.17.8 nccl-headers=22903 nccl-library=22903
0: # Collective test starting: sendrecv_perf
0: # nThread 1 nGpus 2 minBytes 8388608 maxBytes 268435456 step: 2(factor) warmup iters: 5 iters: 20 agg iters: 1 validation: 1 graph: 0
0: #
0: # Using devices
0: #  Rank  0 Group  0 Pid 143076 on  nid007313 device  0 [0029:01:00] NVIDIA GH200 120GB
0: #  Rank  1 Group  0 Pid 143076 on  nid007313 device  1 [0039:01:00] NVIDIA GH200 120GB
0: #
0: #                                                              out-of-place                       in-place          
0: #       size         count      type   redop    root     time   algbw   busbw  #wrong     time   algbw   busbw  #wrong 
0: #        (B)    (elements)                               (us)  (GB/s)  (GB/s)             (us)  (GB/s)  (GB/s)         
0:      8388608       2097152     float     sum      -1   115.96   72.34   72.34       0   116.05   72.29   72.29    N/A
0:     16777216       4194304     float     sum      -1   219.09   76.58   76.58       0   218.45   76.80   76.80    N/A
0:     33554432       8388608     float     sum      -1   425.52   78.86   78.86       0   423.71   79.19   79.19    N/A
0:     67108864      16777216     float     sum      -1   817.40   82.10   82.10       0   821.83   81.66   81.66    N/A
0:    134217728      33554432     float     sum      -1  1120.08  119.83  119.83       0  1119.36  119.91  119.91    N/A
0:    268435456      67108864     float     sum      -1  2210.63  121.43  121.43       0  2210.33  121.45  121.45    N/A
0: # Out of bounds values : 0 OK
0: # Avg bus bandwidth    : 91.8683 
0: #
0: # Collective test concluded: sendrecv_perf
0: #
0: 
0: 
0: ##### pass 4/20  pair g0-g1  sendrecv_perf
0: # nccl-tests version 2.17.8 nccl-headers=22903 nccl-library=22903
0: # Collective test starting: sendrecv_perf
0: # nThread 1 nGpus 2 minBytes 8388608 maxBytes 268435456 step: 2(factor) warmup iters: 5 iters: 20 agg iters: 1 validation: 1 graph: 0
0: #
0: # Using devices
0: #  Rank  0 Group  0 Pid 143112 on  nid007313 device  0 [0009:01:00] NVIDIA GH200 120GB
0: #  Rank  1 Group  0 Pid 143112 on  nid007313 device  1 [0019:01:00] NVIDIA GH200 120GB
0: #
0: #                                                              out-of-place                       in-place          
0: #       size         count      type   redop    root     time   algbw   busbw  #wrong     time   algbw   busbw  #wrong 
0: #        (B)    (elements)                               (us)  (GB/s)  (GB/s)             (us)  (GB/s)  (GB/s)         
0:      8388608       2097152     float     sum      -1   117.63   71.31   71.31       0   118.61   70.72   70.72    N/A
0:     16777216       4194304     float     sum      -1   218.42   76.81   76.81       0   222.30   75.47   75.47    N/A
0:     33554432       8388608     float     sum      -1   420.88   79.72   79.72       0   419.52   79.98   79.98    N/A
0:     67108864      16777216     float     sum      -1   819.19   81.92   81.92       0   821.18   81.72   81.72    N/A
0:    134217728      33554432     float     sum      -1  1119.09  119.93  119.93       0  1122.59  119.56  119.56    N/A
0:    268435456      67108864     float     sum      -1  2208.57  121.54  121.54       0  2206.06  121.68  121.68    N/A
0: # Out of bounds values : 0 OK
0: # Avg bus bandwidth    : 91.6989 
0: #
0: # Collective test concluded: sendrecv_perf
0: #
0: 
0: 
0: ##### pass 4/20  pair g0-g2  sendrecv_perf
0: # nccl-tests version 2.17.8 nccl-headers=22903 nccl-library=22903
0: # Collective test starting: sendrecv_perf
0: # nThread 1 nGpus 2 minBytes 8388608 maxBytes 268435456 step: 2(factor) warmup iters: 5 iters: 20 agg iters: 1 validation: 1 graph: 0
0: #
0: # Using devices
0: #  Rank  0 Group  0 Pid 143147 on  nid007313 device  0 [0009:01:00] NVIDIA GH200 120GB
0: #  Rank  1 Group  0 Pid 143147 on  nid007313 device  1 [0029:01:00] NVIDIA GH200 120GB
0: #
0: #                                                              out-of-place                       in-place          
0: #       size         count      type   redop    root     time   algbw   busbw  #wrong     time   algbw   busbw  #wrong 
0: #        (B)    (elements)                               (us)  (GB/s)  (GB/s)             (us)  (GB/s)  (GB/s)         
0:      8388608       2097152     float     sum      -1   116.14   72.23   72.23       0   119.54   70.17   70.17    N/A
0:     16777216       4194304     float     sum      -1   217.88   77.00   77.00       0   217.38   77.18   77.18    N/A
0:     33554432       8388608     float     sum      -1   423.21   79.29   79.29       0   422.12   79.49   79.49    N/A
0:     67108864      16777216     float     sum      -1   813.58   82.49   82.49       0   818.99   81.94   81.94    N/A
0:    134217728      33554432     float     sum      -1  1124.04  119.41  119.41       0  1119.95  119.84  119.84    N/A
0:    268435456      67108864     float     sum      -1  2208.79  121.53  121.53       0  2207.66  121.59  121.59    N/A
0: # Out of bounds values : 0 OK
0: # Avg bus bandwidth    : 91.8468 
0: #
0: # Collective test concluded: sendrecv_perf
0: #
0: 
0: 
0: ##### pass 4/20  pair g0-g3  sendrecv_perf
0: # nccl-tests version 2.17.8 nccl-headers=22903 nccl-library=22903
0: # Collective test starting: sendrecv_perf
0: # nThread 1 nGpus 2 minBytes 8388608 maxBytes 268435456 step: 2(factor) warmup iters: 5 iters: 20 agg iters: 1 validation: 1 graph: 0
0: #
0: # Using devices
0: #  Rank  0 Group  0 Pid 143182 on  nid007313 device  0 [0009:01:00] NVIDIA GH200 120GB
0: #  Rank  1 Group  0 Pid 143182 on  nid007313 device  1 [0039:01:00] NVIDIA GH200 120GB
0: #
0: #                                                              out-of-place                       in-place          
0: #       size         count      type   redop    root     time   algbw   busbw  #wrong     time   algbw   busbw  #wrong 
0: #        (B)    (elements)                               (us)  (GB/s)  (GB/s)             (us)  (GB/s)  (GB/s)         
0:      8388608       2097152     float     sum      -1   115.94   72.35   72.35       0   115.74   72.48   72.48    N/A
0:     16777216       4194304     float     sum      -1   223.31   75.13   75.13       0   217.03   77.30   77.30    N/A
0:     33554432       8388608     float     sum      -1   422.77   79.37   79.37       0   420.38   79.82   79.82    N/A
0:     67108864      16777216     float     sum      -1   816.68   82.17   82.17       0   822.42   81.60   81.60    N/A
0:    134217728      33554432     float     sum      -1  1127.07  119.09  119.09       0  1117.98  120.05  120.05    N/A
0:    268435456      67108864     float     sum      -1  2217.57  121.05  121.05       0  2216.35  121.12  121.12    N/A
0: # Out of bounds values : 0 OK
0: # Avg bus bandwidth    : 91.7942 
0: #
0: # Collective test concluded: sendrecv_perf
0: #
0: 
0: 
0: ##### pass 4/20  pair g1-g2  sendrecv_perf
0: # nccl-tests version 2.17.8 nccl-headers=22903 nccl-library=22903
0: # Collective test starting: sendrecv_perf
0: # nThread 1 nGpus 2 minBytes 8388608 maxBytes 268435456 step: 2(factor) warmup iters: 5 iters: 20 agg iters: 1 validation: 1 graph: 0
0: #
0: # Using devices
0: #  Rank  0 Group  0 Pid 143218 on  nid007313 device  0 [0019:01:00] NVIDIA GH200 120GB
0: #  Rank  1 Group  0 Pid 143218 on  nid007313 device  1 [0029:01:00] NVIDIA GH200 120GB
0: #
0: #                                                              out-of-place                       in-place          
0: #       size         count      type   redop    root     time   algbw   busbw  #wrong     time   algbw   busbw  #wrong 
0: #        (B)    (elements)                               (us)  (GB/s)  (GB/s)             (us)  (GB/s)  (GB/s)         
0:      8388608       2097152     float     sum      -1   116.19   72.20   72.20       0   115.40   72.69   72.69    N/A
0:     16777216       4194304     float     sum      -1   221.60   75.71   75.71       0   221.09   75.88   75.88    N/A
0:     33554432       8388608     float     sum      -1   419.76   79.94   79.94       0   422.13   79.49   79.49    N/A
0:     67108864      16777216     float     sum      -1   814.08   82.43   82.43       0   815.33   82.31   82.31    N/A
0:    134217728      33554432     float     sum      -1  1123.74  119.44  119.44       0  1125.44  119.26  119.26    N/A
0:    268435456      67108864     float     sum      -1  2207.80  121.59  121.59       0  2207.39  121.61  121.61    N/A
0: # Out of bounds values : 0 OK
0: # Avg bus bandwidth    : 91.8781 
0: #
0: # Collective test concluded: sendrecv_perf
0: #
0: 
0: 
0: ##### pass 4/20  pair g1-g3  sendrecv_perf
0: # nccl-tests version 2.17.8 nccl-headers=22903 nccl-library=22903
0: # Collective test starting: sendrecv_perf
0: # nThread 1 nGpus 2 minBytes 8388608 maxBytes 268435456 step: 2(factor) warmup iters: 5 iters: 20 agg iters: 1 validation: 1 graph: 0
0: #
0: # Using devices
0: #  Rank  0 Group  0 Pid 143253 on  nid007313 device  0 [0019:01:00] NVIDIA GH200 120GB
0: #  Rank  1 Group  0 Pid 143253 on  nid007313 device  1 [0039:01:00] NVIDIA GH200 120GB
0: #
0: #                                                              out-of-place                       in-place          
0: #       size         count      type   redop    root     time   algbw   busbw  #wrong     time   algbw   busbw  #wrong 
0: #        (B)    (elements)                               (us)  (GB/s)  (GB/s)             (us)  (GB/s)  (GB/s)         
0:      8388608       2097152     float     sum      -1   116.24   72.16   72.16       0   115.91   72.37   72.37    N/A
0:     16777216       4194304     float     sum      -1   219.29   76.51   76.51       0   217.83   77.02   77.02    N/A
0:     33554432       8388608     float     sum      -1   421.69   79.57   79.57       0   423.02   79.32   79.32    N/A
0:     67108864      16777216     float     sum      -1   813.74   82.47   82.47       0   819.72   81.87   81.87    N/A
0:    134217728      33554432     float     sum      -1  1123.76  119.44  119.44       0  1121.28  119.70  119.70    N/A
0:    268435456      67108864     float     sum      -1  2216.22  121.12  121.12       0  2206.57  121.65  121.65    N/A
0: # Out of bounds values : 0 OK
0: # Avg bus bandwidth    : 91.9339 
0: #
0: # Collective test concluded: sendrecv_perf
0: #
0: 
0: 
0: ##### pass 4/20  pair g2-g3  sendrecv_perf
0: # nccl-tests version 2.17.8 nccl-headers=22903 nccl-library=22903
0: # Collective test starting: sendrecv_perf
0: # nThread 1 nGpus 2 minBytes 8388608 maxBytes 268435456 step: 2(factor) warmup iters: 5 iters: 20 agg iters: 1 validation: 1 graph: 0
0: #
0: # Using devices
0: #  Rank  0 Group  0 Pid 143288 on  nid007313 device  0 [0029:01:00] NVIDIA GH200 120GB
0: #  Rank  1 Group  0 Pid 143288 on  nid007313 device  1 [0039:01:00] NVIDIA GH200 120GB
0: #
0: #                                                              out-of-place                       in-place          
0: #       size         count      type   redop    root     time   algbw   busbw  #wrong     time   algbw   busbw  #wrong 
0: #        (B)    (elements)                               (us)  (GB/s)  (GB/s)             (us)  (GB/s)  (GB/s)         
0:      8388608       2097152     float     sum      -1   116.24   72.17   72.17       0   118.16   70.99   70.99    N/A
0:     16777216       4194304     float     sum      -1   219.00   76.61   76.61       0   217.71   77.06   77.06    N/A
0:     33554432       8388608     float     sum      -1   421.62   79.58   79.58       0   424.10   79.12   79.12    N/A
0:     67108864      16777216     float     sum      -1   816.22   82.22   82.22       0   820.69   81.77   81.77    N/A
0:    134217728      33554432     float     sum      -1  1121.47  119.68  119.68       0  1120.99  119.73  119.73    N/A
0:    268435456      67108864     float     sum      -1  2216.99  121.08  121.08       0  2208.30  121.56  121.56    N/A
0: # Out of bounds values : 0 OK
0: # Avg bus bandwidth    : 91.7981 
0: #
0: # Collective test concluded: sendrecv_perf
0: #
0: 
0: 
0: ##### pass 5/20  pair g0-g1  sendrecv_perf
0: # nccl-tests version 2.17.8 nccl-headers=22903 nccl-library=22903
0: # Collective test starting: sendrecv_perf
0: # nThread 1 nGpus 2 minBytes 8388608 maxBytes 268435456 step: 2(factor) warmup iters: 5 iters: 20 agg iters: 1 validation: 1 graph: 0
0: #
0: # Using devices
0: #  Rank  0 Group  0 Pid 143343 on  nid007313 device  0 [0009:01:00] NVIDIA GH200 120GB
0: #  Rank  1 Group  0 Pid 143343 on  nid007313 device  1 [0019:01:00] NVIDIA GH200 120GB
0: #
0: #                                                              out-of-place                       in-place          
0: #       size         count      type   redop    root     time   algbw   busbw  #wrong     time   algbw   busbw  #wrong 
0: #        (B)    (elements)                               (us)  (GB/s)  (GB/s)             (us)  (GB/s)  (GB/s)         
0:      8388608       2097152     float     sum      -1   115.76   72.47   72.47       0   115.65   72.53   72.53    N/A
0:     16777216       4194304     float     sum      -1   221.68   75.68   75.68       0   217.19   77.25   77.25    N/A
0:     33554432       8388608     float     sum      -1   420.52   79.79   79.79       0   421.74   79.56   79.56    N/A
0:     67108864      16777216     float     sum      -1   809.81   82.87   82.87       0   818.22   82.02   82.02    N/A
0:    134217728      33554432     float     sum      -1  1120.90  119.74  119.74       0  1121.51  119.68  119.68    N/A
0:    268435456      67108864     float     sum      -1  2215.43  121.17  121.17       0  2214.73  121.20  121.20    N/A
0: # Out of bounds values : 0 OK
0: # Avg bus bandwidth    : 91.9967 
0: #
0: # Collective test concluded: sendrecv_perf
0: #
0: 
0: 
0: ##### pass 5/20  pair g0-g2  sendrecv_perf
0: # nccl-tests version 2.17.8 nccl-headers=22903 nccl-library=22903
0: # Collective test starting: sendrecv_perf
0: # nThread 1 nGpus 2 minBytes 8388608 maxBytes 268435456 step: 2(factor) warmup iters: 5 iters: 20 agg iters: 1 validation: 1 graph: 0
0: #
0: # Using devices
0: #  Rank  0 Group  0 Pid 143375 on  nid007313 device  0 [0009:01:00] NVIDIA GH200 120GB
0: #  Rank  1 Group  0 Pid 143375 on  nid007313 device  1 [0029:01:00] NVIDIA GH200 120GB
0: #
0: #                                                              out-of-place                       in-place          
0: #       size         count      type   redop    root     time   algbw   busbw  #wrong     time   algbw   busbw  #wrong 
0: #        (B)    (elements)                               (us)  (GB/s)  (GB/s)             (us)  (GB/s)  (GB/s)         
0:      8388608       2097152     float     sum      -1   115.66   72.53   72.53       0   115.57   72.58   72.58    N/A
0:     16777216       4194304     float     sum      -1   220.41   76.12   76.12       0   216.67   77.43   77.43    N/A
0:     33554432       8388608     float     sum      -1   421.57   79.59   79.59       0   421.99   79.52   79.52    N/A
0:     67108864      16777216     float     sum      -1   813.76   82.47   82.47       0   818.19   82.02   82.02    N/A
0:    134217728      33554432     float     sum      -1  1121.73  119.65  119.65       0  1123.33  119.48  119.48    N/A
0:    268435456      67108864     float     sum      -1  2204.53  121.77  121.77       0  2204.47  121.77  121.77    N/A
0: # Out of bounds values : 0 OK
0: # Avg bus bandwidth    : 92.0772 
0: #
0: # Collective test concluded: sendrecv_perf
0: #
0: 
0: 
0: ##### pass 5/20  pair g0-g3  sendrecv_perf
0: # nccl-tests version 2.17.8 nccl-headers=22903 nccl-library=22903
0: # Collective test starting: sendrecv_perf
0: # nThread 1 nGpus 2 minBytes 8388608 maxBytes 268435456 step: 2(factor) warmup iters: 5 iters: 20 agg iters: 1 validation: 1 graph: 0
0: #
0: # Using devices
0: #  Rank  0 Group  0 Pid 143410 on  nid007313 device  0 [0009:01:00] NVIDIA GH200 120GB
0: #  Rank  1 Group  0 Pid 143410 on  nid007313 device  1 [0039:01:00] NVIDIA GH200 120GB
0: #
0: #                                                              out-of-place                       in-place          
0: #       size         count      type   redop    root     time   algbw   busbw  #wrong     time   algbw   busbw  #wrong 
0: #        (B)    (elements)                               (us)  (GB/s)  (GB/s)             (us)  (GB/s)  (GB/s)         
0:      8388608       2097152     float     sum      -1   115.62   72.55   72.55       0   120.03   69.89   69.89    N/A
0:     16777216       4194304     float     sum      -1   220.04   76.24   76.24       0   220.86   75.96   75.96    N/A
0:     33554432       8388608     float     sum      -1   421.76   79.56   79.56       0   423.36   79.26   79.26    N/A
0:     67108864      16777216     float     sum      -1   813.74   82.47   82.47       0   819.11   81.93   81.93    N/A
0:    134217728      33554432     float     sum      -1  1121.35  119.69  119.69       0  1122.89  119.53  119.53    N/A
0:    268435456      67108864     float     sum      -1  2206.62  121.65  121.65       0  2207.93  121.58  121.58    N/A
0: # Out of bounds values : 0 OK
0: # Avg bus bandwidth    : 91.6925 
0: #
0: # Collective test concluded: sendrecv_perf
0: #
0: 
0: 
0: ##### pass 5/20  pair g1-g2  sendrecv_perf
0: # nccl-tests version 2.17.8 nccl-headers=22903 nccl-library=22903
0: # Collective test starting: sendrecv_perf
0: # nThread 1 nGpus 2 minBytes 8388608 maxBytes 268435456 step: 2(factor) warmup iters: 5 iters: 20 agg iters: 1 validation: 1 graph: 0
0: #
0: # Using devices
0: #  Rank  0 Group  0 Pid 143446 on  nid007313 device  0 [0019:01:00] NVIDIA GH200 120GB
0: #  Rank  1 Group  0 Pid 143446 on  nid007313 device  1 [0029:01:00] NVIDIA GH200 120GB
0: #
0: #                                                              out-of-place                       in-place          
0: #       size         count      type   redop    root     time   algbw   busbw  #wrong     time   algbw   busbw  #wrong 
0: #        (B)    (elements)                               (us)  (GB/s)  (GB/s)             (us)  (GB/s)  (GB/s)         
0:      8388608       2097152     float     sum      -1   116.02   72.31   72.31       0   115.66   72.53   72.53    N/A
0:     16777216       4194304     float     sum      -1   217.98   76.97   76.97       0   222.31   75.47   75.47    N/A
0:     33554432       8388608     float     sum      -1   417.72   80.33   80.33       0   422.25   79.47   79.47    N/A
0:     67108864      16777216     float     sum      -1   811.88   82.66   82.66       0   820.36   81.80   81.80    N/A
0:    134217728      33554432     float     sum      -1  1129.05  118.88  118.88       0  1114.19  120.46  120.46    N/A
0:    268435456      67108864     float     sum      -1  2204.56  121.76  121.76       0  2209.37  121.50  121.50    N/A
0: # Out of bounds values : 0 OK
0: # Avg bus bandwidth    : 92.0105 
0: #
0: # Collective test concluded: sendrecv_perf
0: #
0: 
0: 
0: ##### pass 5/20  pair g1-g3  sendrecv_perf
0: # nccl-tests version 2.17.8 nccl-headers=22903 nccl-library=22903
0: # Collective test starting: sendrecv_perf
0: # nThread 1 nGpus 2 minBytes 8388608 maxBytes 268435456 step: 2(factor) warmup iters: 5 iters: 20 agg iters: 1 validation: 1 graph: 0
0: #
0: # Using devices
0: #  Rank  0 Group  0 Pid 143481 on  nid007313 device  0 [0019:01:00] NVIDIA GH200 120GB
0: #  Rank  1 Group  0 Pid 143481 on  nid007313 device  1 [0039:01:00] NVIDIA GH200 120GB
0: #
0: #                                                              out-of-place                       in-place          
0: #       size         count      type   redop    root     time   algbw   busbw  #wrong     time   algbw   busbw  #wrong 
0: #        (B)    (elements)                               (us)  (GB/s)  (GB/s)             (us)  (GB/s)  (GB/s)         
0:      8388608       2097152     float     sum      -1   116.01   72.31   72.31       0   115.79   72.45   72.45    N/A
0:     16777216       4194304     float     sum      -1   222.52   75.40   75.40       0   217.36   77.18   77.18    N/A
0:     33554432       8388608     float     sum      -1   422.91   79.34   79.34       0   421.49   79.61   79.61    N/A
0:     67108864      16777216     float     sum      -1   819.03   81.94   81.94       0   826.27   81.22   81.22    N/A
0:    134217728      33554432     float     sum      -1  1121.47  119.68  119.68       0  1123.97  119.41  119.41    N/A
0:    268435456      67108864     float     sum      -1  2209.40  121.50  121.50       0  2207.88  121.58  121.58    N/A
0: # Out of bounds values : 0 OK
0: # Avg bus bandwidth    : 91.8015 
0: #
0: # Collective test concluded: sendrecv_perf
0: #
0: 
0: 
0: ##### pass 5/20  pair g2-g3  sendrecv_perf
0: # nccl-tests version 2.17.8 nccl-headers=22903 nccl-library=22903
0: # Collective test starting: sendrecv_perf
0: # nThread 1 nGpus 2 minBytes 8388608 maxBytes 268435456 step: 2(factor) warmup iters: 5 iters: 20 agg iters: 1 validation: 1 graph: 0
0: #
0: # Using devices
0: #  Rank  0 Group  0 Pid 143516 on  nid007313 device  0 [0029:01:00] NVIDIA GH200 120GB
0: #  Rank  1 Group  0 Pid 143516 on  nid007313 device  1 [0039:01:00] NVIDIA GH200 120GB
0: #
0: #                                                              out-of-place                       in-place          
0: #       size         count      type   redop    root     time   algbw   busbw  #wrong     time   algbw   busbw  #wrong 
0: #        (B)    (elements)                               (us)  (GB/s)  (GB/s)             (us)  (GB/s)  (GB/s)         
0:      8388608       2097152     float     sum      -1   116.28   72.14   72.14       0   115.73   72.48   72.48    N/A
0:     16777216       4194304     float     sum      -1   222.02   75.57   75.57       0   221.80   75.64   75.64    N/A
0:     33554432       8388608     float     sum      -1   421.15   79.67   79.67       0   421.86   79.54   79.54    N/A
0:     67108864      16777216     float     sum      -1   815.08   82.33   82.33       0   823.44   81.50   81.50    N/A
0:    134217728      33554432     float     sum      -1  1122.39  119.58  119.58       0  1121.37  119.69  119.69    N/A
0:    268435456      67108864     float     sum      -1  2212.25  121.34  121.34       0  2206.78  121.64  121.64    N/A
0: # Out of bounds values : 0 OK
0: # Avg bus bandwidth    : 91.7608 
0: #
0: # Collective test concluded: sendrecv_perf
0: #
0: 
0: 
0: ##### pass 6/20  pair g0-g1  sendrecv_perf
0: # nccl-tests version 2.17.8 nccl-headers=22903 nccl-library=22903
0: # Collective test starting: sendrecv_perf
0: # nThread 1 nGpus 2 minBytes 8388608 maxBytes 268435456 step: 2(factor) warmup iters: 5 iters: 20 agg iters: 1 validation: 1 graph: 0
0: #
0: # Using devices
0: #  Rank  0 Group  0 Pid 143553 on  nid007313 device  0 [0009:01:00] NVIDIA GH200 120GB
0: #  Rank  1 Group  0 Pid 143553 on  nid007313 device  1 [0019:01:00] NVIDIA GH200 120GB
0: #
0: #                                                              out-of-place                       in-place          
0: #       size         count      type   redop    root     time   algbw   busbw  #wrong     time   algbw   busbw  #wrong 
0: #        (B)    (elements)                               (us)  (GB/s)  (GB/s)             (us)  (GB/s)  (GB/s)         
0:      8388608       2097152     float     sum      -1   117.56   71.36   71.36       0   118.92   70.54   70.54    N/A
0:     16777216       4194304     float     sum      -1   221.18   75.85   75.85       0   218.67   76.72   76.72    N/A
0:     33554432       8388608     float     sum      -1   421.58   79.59   79.59       0   418.75   80.13   80.13    N/A
0:     67108864      16777216     float     sum      -1   818.68   81.97   81.97       0   817.84   82.06   82.06    N/A
0:    134217728      33554432     float     sum      -1  1120.99  119.73  119.73       0  1117.22  120.14  120.14    N/A
0:    268435456      67108864     float     sum      -1  2207.72  121.59  121.59       0  2203.80  121.81  121.81    N/A
0: # Out of bounds values : 0 OK
0: # Avg bus bandwidth    : 91.7902 
0: #
0: # Collective test concluded: sendrecv_perf
0: #
0: 
0: 
0: ##### pass 6/20  pair g0-g2  sendrecv_perf
0: # nccl-tests version 2.17.8 nccl-headers=22903 nccl-library=22903
0: # Collective test starting: sendrecv_perf
0: # nThread 1 nGpus 2 minBytes 8388608 maxBytes 268435456 step: 2(factor) warmup iters: 5 iters: 20 agg iters: 1 validation: 1 graph: 0
0: #
0: # Using devices
0: #  Rank  0 Group  0 Pid 143606 on  nid007313 device  0 [0009:01:00] NVIDIA GH200 120GB
0: #  Rank  1 Group  0 Pid 143606 on  nid007313 device  1 [0029:01:00] NVIDIA GH200 120GB
0: #
0: #                                                              out-of-place                       in-place          
0: #       size         count      type   redop    root     time   algbw   busbw  #wrong     time   algbw   busbw  #wrong 
0: #        (B)    (elements)                               (us)  (GB/s)  (GB/s)             (us)  (GB/s)  (GB/s)         
0:      8388608       2097152     float     sum      -1   115.87   72.40   72.40       0   114.95   72.97   72.97    N/A
0:     16777216       4194304     float     sum      -1   216.82   77.38   77.38       0   221.46   75.76   75.76    N/A
0:     33554432       8388608     float     sum      -1   422.13   79.49   79.49       0   418.22   80.23   80.23    N/A
0:     67108864      16777216     float     sum      -1   815.52   82.29   82.29       0   824.68   81.38   81.38    N/A
0:    134217728      33554432     float     sum      -1  1124.38  119.37  119.37       0  1125.78  119.22  119.22    N/A
0:    268435456      67108864     float     sum      -1  2210.37  121.44  121.44       0  2208.80  121.53  121.53    N/A
0: # Out of bounds values : 0 OK
0: # Avg bus bandwidth    : 91.955 
0: #
0: # Collective test concluded: sendrecv_perf
0: #
0: 
0: 
0: ##### pass 6/20  pair g0-g3  sendrecv_perf
0: # nccl-tests version 2.17.8 nccl-headers=22903 nccl-library=22903
0: # Collective test starting: sendrecv_perf
0: # nThread 1 nGpus 2 minBytes 8388608 maxBytes 268435456 step: 2(factor) warmup iters: 5 iters: 20 agg iters: 1 validation: 1 graph: 0
0: #
0: # Using devices
0: #  Rank  0 Group  0 Pid 143641 on  nid007313 device  0 [0009:01:00] NVIDIA GH200 120GB
0: #  Rank  1 Group  0 Pid 143641 on  nid007313 device  1 [0039:01:00] NVIDIA GH200 120GB
0: #
0: #                                                              out-of-place                       in-place          
0: #       size         count      type   redop    root     time   algbw   busbw  #wrong     time   algbw   busbw  #wrong 
0: #        (B)    (elements)                               (us)  (GB/s)  (GB/s)             (us)  (GB/s)  (GB/s)         
0:      8388608       2097152     float     sum      -1   115.87   72.40   72.40       0   115.61   72.56   72.56    N/A
0:     16777216       4194304     float     sum      -1   217.68   77.07   77.07       0   217.19   77.25   77.25    N/A
0:     33554432       8388608     float     sum      -1   421.20   79.66   79.66       0   421.41   79.62   79.62    N/A
0:     67108864      16777216     float     sum      -1   818.88   81.95   81.95       0   820.48   81.79   81.79    N/A
0:    134217728      33554432     float     sum      -1  1124.16  119.39  119.39       0  1119.26  119.92  119.92    N/A
0:    268435456      67108864     float     sum      -1  2211.28  121.39  121.39       0  2209.77  121.48  121.48    N/A
0: # Out of bounds values : 0 OK
0: # Avg bus bandwidth    : 92.0411 
0: #
0: # Collective test concluded: sendrecv_perf
0: #
0: 
0: 
0: ##### pass 6/20  pair g1-g2  sendrecv_perf
0: # nccl-tests version 2.17.8 nccl-headers=22903 nccl-library=22903
0: # Collective test starting: sendrecv_perf
0: # nThread 1 nGpus 2 minBytes 8388608 maxBytes 268435456 step: 2(factor) warmup iters: 5 iters: 20 agg iters: 1 validation: 1 graph: 0
0: #
0: # Using devices
0: #  Rank  0 Group  0 Pid 143677 on  nid007313 device  0 [0019:01:00] NVIDIA GH200 120GB
0: #  Rank  1 Group  0 Pid 143677 on  nid007313 device  1 [0029:01:00] NVIDIA GH200 120GB
0: #
0: #                                                              out-of-place                       in-place          
0: #       size         count      type   redop    root     time   algbw   busbw  #wrong     time   algbw   busbw  #wrong 
0: #        (B)    (elements)                               (us)  (GB/s)  (GB/s)             (us)  (GB/s)  (GB/s)         
0:      8388608       2097152     float     sum      -1   115.31   72.75   72.75       0   118.42   70.84   70.84    N/A
0:     16777216       4194304     float     sum      -1   220.53   76.08   76.08       0   216.60   77.46   77.46    N/A
0:     33554432       8388608     float     sum      -1   419.82   79.93   79.93       0   422.84   79.36   79.36    N/A
0:     67108864      16777216     float     sum      -1   809.40   82.91   82.91       0   818.35   82.00   82.00    N/A
0:    134217728      33554432     float     sum      -1  1127.99  118.99  118.99       0  1117.98  120.05  120.05    N/A
0:    268435456      67108864     float     sum      -1  2208.18  121.56  121.56       0  2206.79  121.64  121.64    N/A
0: # Out of bounds values : 0 OK
0: # Avg bus bandwidth    : 91.9641 
0: #
0: # Collective test concluded: sendrecv_perf
0: #
0: 
0: 
0: ##### pass 6/20  pair g1-g3  sendrecv_perf
0: # nccl-tests version 2.17.8 nccl-headers=22903 nccl-library=22903
0: # Collective test starting: sendrecv_perf
0: # nThread 1 nGpus 2 minBytes 8388608 maxBytes 268435456 step: 2(factor) warmup iters: 5 iters: 20 agg iters: 1 validation: 1 graph: 0
0: #
0: # Using devices
0: #  Rank  0 Group  0 Pid 143712 on  nid007313 device  0 [0019:01:00] NVIDIA GH200 120GB
0: #  Rank  1 Group  0 Pid 143712 on  nid007313 device  1 [0039:01:00] NVIDIA GH200 120GB
0: #
0: #                                                              out-of-place                       in-place          
0: #       size         count      type   redop    root     time   algbw   busbw  #wrong     time   algbw   busbw  #wrong 
0: #        (B)    (elements)                               (us)  (GB/s)  (GB/s)             (us)  (GB/s)  (GB/s)         
0:      8388608       2097152     float     sum      -1   116.11   72.24   72.24       0   115.67   72.52   72.52    N/A
0:     16777216       4194304     float     sum      -1   222.63   75.36   75.36       0   217.84   77.02   77.02    N/A
0:     33554432       8388608     float     sum      -1   422.40   79.44   79.44       0   420.83   79.73   79.73    N/A
0:     67108864      16777216     float     sum      -1   814.29   82.41   82.41       0   826.14   81.23   81.23    N/A
0:    134217728      33554432     float     sum      -1  1121.85  119.64  119.64       0  1124.24  119.39  119.39    N/A
0:    268435456      67108864     float     sum      -1  2212.40  121.33  121.33       0  2205.13  121.73  121.73    N/A
0: # Out of bounds values : 0 OK
0: # Avg bus bandwidth    : 91.8375 
0: #
0: # Collective test concluded: sendrecv_perf
0: #
0: 
0: 
0: ##### pass 6/20  pair g2-g3  sendrecv_perf
0: # nccl-tests version 2.17.8 nccl-headers=22903 nccl-library=22903
0: # Collective test starting: sendrecv_perf
0: # nThread 1 nGpus 2 minBytes 8388608 maxBytes 268435456 step: 2(factor) warmup iters: 5 iters: 20 agg iters: 1 validation: 1 graph: 0
0: #
0: # Using devices
0: #  Rank  0 Group  0 Pid 143747 on  nid007313 device  0 [0029:01:00] NVIDIA GH200 120GB
0: #  Rank  1 Group  0 Pid 143747 on  nid007313 device  1 [0039:01:00] NVIDIA GH200 120GB
0: #
0: #                                                              out-of-place                       in-place          
0: #       size         count      type   redop    root     time   algbw   busbw  #wrong     time   algbw   busbw  #wrong 
0: #        (B)    (elements)                               (us)  (GB/s)  (GB/s)             (us)  (GB/s)  (GB/s)         
0:      8388608       2097152     float     sum      -1   116.15   72.23   72.23       0   115.57   72.59   72.59    N/A
0:     16777216       4194304     float     sum      -1   220.39   76.12   76.12       0   217.93   76.98   76.98    N/A
0:     33554432       8388608     float     sum      -1   421.76   79.56   79.56       0   424.56   79.03   79.03    N/A
0:     67108864      16777216     float     sum      -1   815.22   82.32   82.32       0   826.28   81.22   81.22    N/A
0:    134217728      33554432     float     sum      -1  1124.66  119.34  119.34       0  1123.52  119.46  119.46    N/A
0:    268435456      67108864     float     sum      -1  2214.66  121.21  121.21       0  2208.09  121.57  121.57    N/A
0: # Out of bounds values : 0 OK
0: # Avg bus bandwidth    : 91.8024 
0: #
0: # Collective test concluded: sendrecv_perf
0: #
0: 
0: 
0: ##### pass 7/20  pair g0-g1  sendrecv_perf
0: # nccl-tests version 2.17.8 nccl-headers=22903 nccl-library=22903
0: # Collective test starting: sendrecv_perf
0: # nThread 1 nGpus 2 minBytes 8388608 maxBytes 268435456 step: 2(factor) warmup iters: 5 iters: 20 agg iters: 1 validation: 1 graph: 0
0: #
0: # Using devices
0: #  Rank  0 Group  0 Pid 143783 on  nid007313 device  0 [0009:01:00] NVIDIA GH200 120GB
0: #  Rank  1 Group  0 Pid 143783 on  nid007313 device  1 [0019:01:00] NVIDIA GH200 120GB
0: #
0: #                                                              out-of-place                       in-place          
0: #       size         count      type   redop    root     time   algbw   busbw  #wrong     time   algbw   busbw  #wrong 
0: #        (B)    (elements)                               (us)  (GB/s)  (GB/s)             (us)  (GB/s)  (GB/s)         
0:      8388608       2097152     float     sum      -1   118.83   70.60   70.60       0   117.93   71.13   71.13    N/A
0:     16777216       4194304     float     sum      -1   217.82   77.02   77.02       0   221.64   75.69   75.69    N/A
0:     33554432       8388608     float     sum      -1   419.10   80.06   80.06       0   421.78   79.55   79.55    N/A
0:     67108864      16777216     float     sum      -1   811.05   82.74   82.74       0   816.15   82.23   82.23    N/A
0:    134217728      33554432     float     sum      -1  1123.11  119.51  119.51       0  1120.60  119.77  119.77    N/A
0:    268435456      67108864     float     sum      -1  2213.09  121.29  121.29       0  2212.75  121.31  121.31    N/A
0: # Out of bounds values : 0 OK
0: # Avg bus bandwidth    : 91.7432 
0: #
0: # Collective test concluded: sendrecv_perf
0: #
0: 
0: 
0: ##### pass 7/20  pair g0-g2  sendrecv_perf
0: # nccl-tests version 2.17.8 nccl-headers=22903 nccl-library=22903
0: # Collective test starting: sendrecv_perf
0: # nThread 1 nGpus 2 minBytes 8388608 maxBytes 268435456 step: 2(factor) warmup iters: 5 iters: 20 agg iters: 1 validation: 1 graph: 0
0: #
0: # Using devices
0: #  Rank  0 Group  0 Pid 143818 on  nid007313 device  0 [0009:01:00] NVIDIA GH200 120GB
0: #  Rank  1 Group  0 Pid 143818 on  nid007313 device  1 [0029:01:00] NVIDIA GH200 120GB
0: #
0: #                                                              out-of-place                       in-place          
0: #       size         count      type   redop    root     time   algbw   busbw  #wrong     time   algbw   busbw  #wrong 
0: #        (B)    (elements)                               (us)  (GB/s)  (GB/s)             (us)  (GB/s)  (GB/s)         
0:      8388608       2097152     float     sum      -1   115.33   72.74   72.74       0   114.94   72.98   72.98    N/A
0:     16777216       4194304     float     sum      -1   222.21   75.50   75.50       0   218.78   76.68   76.68    N/A
0:     33554432       8388608     float     sum      -1   420.41   79.81   79.81       0   418.36   80.21   80.21    N/A
0:     67108864      16777216     float     sum      -1   810.00   82.85   82.85       0   820.05   81.83   81.83    N/A
0:    134217728      33554432     float     sum      -1  1116.65  120.20  120.20       0  1124.89  119.32  119.32    N/A
0:    268435456      67108864     float     sum      -1  2205.67  121.70  121.70       0  2205.40  121.72  121.72    N/A
0: # Out of bounds values : 0 OK
0: # Avg bus bandwidth    : 92.1285 
0: #
0: # Collective test concluded: sendrecv_perf
0: #
0: 
0: 
0: ##### pass 7/20  pair g0-g3  sendrecv_perf
0: # nccl-tests version 2.17.8 nccl-headers=22903 nccl-library=22903
0: # Collective test starting: sendrecv_perf
0: # nThread 1 nGpus 2 minBytes 8388608 maxBytes 268435456 step: 2(factor) warmup iters: 5 iters: 20 agg iters: 1 validation: 1 graph: 0
0: #
0: # Using devices
0: #  Rank  0 Group  0 Pid 143853 on  nid007313 device  0 [0009:01:00] NVIDIA GH200 120GB
0: #  Rank  1 Group  0 Pid 143853 on  nid007313 device  1 [0039:01:00] NVIDIA GH200 120GB
0: #
0: #                                                              out-of-place                       in-place          
0: #       size         count      type   redop    root     time   algbw   busbw  #wrong     time   algbw   busbw  #wrong 
0: #        (B)    (elements)                               (us)  (GB/s)  (GB/s)             (us)  (GB/s)  (GB/s)         
0:      8388608       2097152     float     sum      -1   117.91   71.14   71.14       0   115.46   72.66   72.66    N/A
0:     16777216       4194304     float     sum      -1   222.11   75.54   75.54       0   217.81   77.03   77.03    N/A
0:     33554432       8388608     float     sum      -1   421.42   79.62   79.62       0   422.41   79.44   79.44    N/A
0:     67108864      16777216     float     sum      -1   815.12   82.33   82.33       0   820.56   81.78   81.78    N/A
0:    134217728      33554432     float     sum      -1  1118.36  120.01  120.01       0  1122.48  119.57  119.57    N/A
0:    268435456      67108864     float     sum      -1  2211.28  121.39  121.39       0  2212.24  121.34  121.34    N/A
0: # Out of bounds values : 0 OK
0: # Avg bus bandwidth    : 91.821 
0: #
0: # Collective test concluded: sendrecv_perf
0: #
0: 
0: 
0: ##### pass 7/20  pair g1-g2  sendrecv_perf
0: # nccl-tests version 2.17.8 nccl-headers=22903 nccl-library=22903
0: # Collective test starting: sendrecv_perf
0: # nThread 1 nGpus 2 minBytes 8388608 maxBytes 268435456 step: 2(factor) warmup iters: 5 iters: 20 agg iters: 1 validation: 1 graph: 0
0: #
0: # Using devices
0: #  Rank  0 Group  0 Pid 143904 on  nid007313 device  0 [0019:01:00] NVIDIA GH200 120GB
0: #  Rank  1 Group  0 Pid 143904 on  nid007313 device  1 [0029:01:00] NVIDIA GH200 120GB
0: #
0: #                                                              out-of-place                       in-place          
0: #       size         count      type   redop    root     time   algbw   busbw  #wrong     time   algbw   busbw  #wrong 
0: #        (B)    (elements)                               (us)  (GB/s)  (GB/s)             (us)  (GB/s)  (GB/s)         
0:      8388608       2097152     float     sum      -1   116.92   71.75   71.75       0   115.37   72.71   72.71    N/A
0:     16777216       4194304     float     sum      -1   220.23   76.18   76.18       0   216.52   77.49   77.49    N/A
0:     33554432       8388608     float     sum      -1   420.05   79.88   79.88       0   421.86   79.54   79.54    N/A
0:     67108864      16777216     float     sum      -1   813.02   82.54   82.54       0   819.07   81.93   81.93    N/A
0:    134217728      33554432     float     sum      -1  1125.39  119.26  119.26       0  1122.09  119.61  119.61    N/A
0:    268435456      67108864     float     sum      -1  2208.86  121.53  121.53       0  2206.45  121.66  121.66    N/A
0: # Out of bounds values : 0 OK
0: # Avg bus bandwidth    : 92.0072 
0: #
0: # Collective test concluded: sendrecv_perf
0: #
0: 
0: 
0: ##### pass 7/20  pair g1-g3  sendrecv_perf
0: # nccl-tests version 2.17.8 nccl-headers=22903 nccl-library=22903
0: # Collective test starting: sendrecv_perf
0: # nThread 1 nGpus 2 minBytes 8388608 maxBytes 268435456 step: 2(factor) warmup iters: 5 iters: 20 agg iters: 1 validation: 1 graph: 0
0: #
0: # Using devices
0: #  Rank  0 Group  0 Pid 143942 on  nid007313 device  0 [0019:01:00] NVIDIA GH200 120GB
0: #  Rank  1 Group  0 Pid 143942 on  nid007313 device  1 [0039:01:00] NVIDIA GH200 120GB
0: #
0: #                                                              out-of-place                       in-place          
0: #       size         count      type   redop    root     time   algbw   busbw  #wrong     time   algbw   busbw  #wrong 
0: #        (B)    (elements)                               (us)  (GB/s)  (GB/s)             (us)  (GB/s)  (GB/s)         
0:      8388608       2097152     float     sum      -1   116.56   71.97   71.97       0   116.05   72.28   72.28    N/A
0:     16777216       4194304     float     sum      -1   222.48   75.41   75.41       0   221.39   75.78   75.78    N/A
0:     33554432       8388608     float     sum      -1   421.73   79.56   79.56       0   421.04   79.69   79.69    N/A
0:     67108864      16777216     float     sum      -1   815.90   82.25   82.25       0   823.56   81.49   81.49    N/A
0:    134217728      33554432     float     sum      -1  1124.71  119.33  119.33       0  1125.35  119.27  119.27    N/A
0:    268435456      67108864     float     sum      -1  2208.97  121.52  121.52       0  2207.77  121.59  121.59    N/A
0: # Out of bounds values : 0 OK
0: # Avg bus bandwidth    : 91.6786 
0: #
0: # Collective test concluded: sendrecv_perf
0: #
0: 
0: 
0: ##### pass 7/20  pair g2-g3  sendrecv_perf
0: # nccl-tests version 2.17.8 nccl-headers=22903 nccl-library=22903
0: # Collective test starting: sendrecv_perf
0: # nThread 1 nGpus 2 minBytes 8388608 maxBytes 268435456 step: 2(factor) warmup iters: 5 iters: 20 agg iters: 1 validation: 1 graph: 0
0: #
0: # Using devices
0: #  Rank  0 Group  0 Pid 143974 on  nid007313 device  0 [0029:01:00] NVIDIA GH200 120GB
0: #  Rank  1 Group  0 Pid 143974 on  nid007313 device  1 [0039:01:00] NVIDIA GH200 120GB
0: #
0: #                                                              out-of-place                       in-place          
0: #       size         count      type   redop    root     time   algbw   busbw  #wrong     time   algbw   busbw  #wrong 
0: #        (B)    (elements)                               (us)  (GB/s)  (GB/s)             (us)  (GB/s)  (GB/s)         
0:      8388608       2097152     float     sum      -1   115.82   72.43   72.43       0   115.62   72.55   72.55    N/A
0:     16777216       4194304     float     sum      -1   220.56   76.07   76.07       0   223.07   75.21   75.21    N/A
0:     33554432       8388608     float     sum      -1   422.36   79.44   79.44       0   424.54   79.04   79.04    N/A
0:     67108864      16777216     float     sum      -1   814.41   82.40   82.40       0   821.25   81.72   81.72    N/A
0:    134217728      33554432     float     sum      -1  1129.53  118.83  118.83       0  1127.53  119.04  119.04    N/A
0:    268435456      67108864     float     sum      -1  2209.34  121.50  121.50       0  2208.37  121.55  121.55    N/A
0: # Out of bounds values : 0 OK
0: # Avg bus bandwidth    : 91.6482 
0: #
0: # Collective test concluded: sendrecv_perf
0: #
0: 
0: 
0: ##### pass 8/20  pair g0-g1  sendrecv_perf
0: # nccl-tests version 2.17.8 nccl-headers=22903 nccl-library=22903
0: # Collective test starting: sendrecv_perf
0: # nThread 1 nGpus 2 minBytes 8388608 maxBytes 268435456 step: 2(factor) warmup iters: 5 iters: 20 agg iters: 1 validation: 1 graph: 0
0: #
0: # Using devices
0: #  Rank  0 Group  0 Pid 144009 on  nid007313 device  0 [0009:01:00] NVIDIA GH200 120GB
0: #  Rank  1 Group  0 Pid 144009 on  nid007313 device  1 [0019:01:00] NVIDIA GH200 120GB
0: #
0: #                                                              out-of-place                       in-place          
0: #       size         count      type   redop    root     time   algbw   busbw  #wrong     time   algbw   busbw  #wrong 
0: #        (B)    (elements)                               (us)  (GB/s)  (GB/s)             (us)  (GB/s)  (GB/s)         
0:      8388608       2097152     float     sum      -1   119.74   70.06   70.06       0   114.80   73.07   73.07    N/A
0:     16777216       4194304     float     sum      -1   216.76   77.40   77.40       0   220.20   76.19   76.19    N/A
0:     33554432       8388608     float     sum      -1   421.03   79.70   79.70       0   419.41   80.00   80.00    N/A
0:     67108864      16777216     float     sum      -1   817.60   82.08   82.08       0   817.41   82.10   82.10    N/A
0:    134217728      33554432     float     sum      -1  1127.34  119.06  119.06       0  1119.29  119.91  119.91    N/A
0:    268435456      67108864     float     sum      -1  2203.07  121.85  121.85       0  2205.47  121.71  121.71    N/A
0: # Out of bounds values : 0 OK
0: # Avg bus bandwidth    : 91.9276 
0: #
0: # Collective test concluded: sendrecv_perf
0: #
0: 
0: 
0: ##### pass 8/20  pair g0-g2  sendrecv_perf
0: # nccl-tests version 2.17.8 nccl-headers=22903 nccl-library=22903
0: # Collective test starting: sendrecv_perf
0: # nThread 1 nGpus 2 minBytes 8388608 maxBytes 268435456 step: 2(factor) warmup iters: 5 iters: 20 agg iters: 1 validation: 1 graph: 0
0: #
0: # Using devices
0: #  Rank  0 Group  0 Pid 144045 on  nid007313 device  0 [0009:01:00] NVIDIA GH200 120GB
0: #  Rank  1 Group  0 Pid 144045 on  nid007313 device  1 [0029:01:00] NVIDIA GH200 120GB
0: #
0: #                                                              out-of-place                       in-place          
0: #       size         count      type   redop    root     time   algbw   busbw  #wrong     time   algbw   busbw  #wrong 
0: #        (B)    (elements)                               (us)  (GB/s)  (GB/s)             (us)  (GB/s)  (GB/s)         
0:      8388608       2097152     float     sum      -1   118.82   70.60   70.60       0   115.29   72.76   72.76    N/A
0:     16777216       4194304     float     sum      -1   218.59   76.75   76.75       0   217.77   77.04   77.04    N/A
0:     33554432       8388608     float     sum      -1   420.17   79.86   79.86       0   421.49   79.61   79.61    N/A
0:     67108864      16777216     float     sum      -1   813.04   82.54   82.54       0   817.61   82.08   82.08    N/A
0:    134217728      33554432     float     sum      -1  1121.33  119.69  119.69       0  1120.96  119.73  119.73    N/A
0:    268435456      67108864     float     sum      -1  2211.75  121.37  121.37       0  2206.78  121.64  121.64    N/A
0: # Out of bounds values : 0 OK
0: # Avg bus bandwidth    : 91.9733 
0: #
0: # Collective test concluded: sendrecv_perf
0: #
0: 
0: 
0: ##### pass 8/20  pair g0-g3  sendrecv_perf
0: # nccl-tests version 2.17.8 nccl-headers=22903 nccl-library=22903
0: # Collective test starting: sendrecv_perf
0: # nThread 1 nGpus 2 minBytes 8388608 maxBytes 268435456 step: 2(factor) warmup iters: 5 iters: 20 agg iters: 1 validation: 1 graph: 0
0: #
0: # Using devices
0: #  Rank  0 Group  0 Pid 144080 on  nid007313 device  0 [0009:01:00] NVIDIA GH200 120GB
0: #  Rank  1 Group  0 Pid 144080 on  nid007313 device  1 [0039:01:00] NVIDIA GH200 120GB
0: #
0: #                                                              out-of-place                       in-place          
0: #       size         count      type   redop    root     time   algbw   busbw  #wrong     time   algbw   busbw  #wrong 
0: #        (B)    (elements)                               (us)  (GB/s)  (GB/s)             (us)  (GB/s)  (GB/s)         
0:      8388608       2097152     float     sum      -1   119.70   70.08   70.08       0   115.36   72.71   72.71    N/A
0:     16777216       4194304     float     sum      -1   222.62   75.36   75.36       0   222.60   75.37   75.37    N/A
0:     33554432       8388608     float     sum      -1   420.92   79.72   79.72       0   421.66   79.58   79.58    N/A
0:     67108864      16777216     float     sum      -1   815.22   82.32   82.32       0   816.85   82.16   82.16    N/A
0:    134217728      33554432     float     sum      -1  1120.48  119.79  119.79       0  1122.37  119.58  119.58    N/A
0:    268435456      67108864     float     sum      -1  2206.44  121.66  121.66       0  2203.39  121.83  121.83    N/A
0: # Out of bounds values : 0 OK
0: # Avg bus bandwidth    : 91.6796 
0: #
0: # Collective test concluded: sendrecv_perf
0: #
0: 
0: 
0: ##### pass 8/20  pair g1-g2  sendrecv_perf
0: # nccl-tests version 2.17.8 nccl-headers=22903 nccl-library=22903
0: # Collective test starting: sendrecv_perf
0: # nThread 1 nGpus 2 minBytes 8388608 maxBytes 268435456 step: 2(factor) warmup iters: 5 iters: 20 agg iters: 1 validation: 1 graph: 0
0: #
0: # Using devices
0: #  Rank  0 Group  0 Pid 144115 on  nid007313 device  0 [0019:01:00] NVIDIA GH200 120GB
0: #  Rank  1 Group  0 Pid 144115 on  nid007313 device  1 [0029:01:00] NVIDIA GH200 120GB
0: #
0: #                                                              out-of-place                       in-place          
0: #       size         count      type   redop    root     time   algbw   busbw  #wrong     time   algbw   busbw  #wrong 
0: #        (B)    (elements)                               (us)  (GB/s)  (GB/s)             (us)  (GB/s)  (GB/s)         
0:      8388608       2097152     float     sum      -1   117.18   71.59   71.59       0   115.21   72.81   72.81    N/A
0:     16777216       4194304     float     sum      -1   220.98   75.92   75.92       0   216.68   77.43   77.43    N/A
0:     33554432       8388608     float     sum      -1   420.36   79.82   79.82       0   420.54   79.79   79.79    N/A
0:     67108864      16777216     float     sum      -1   811.78   82.67   82.67       0   821.65   81.68   81.68    N/A
0:    134217728      33554432     float     sum      -1  1123.93  119.42  119.42       0  1119.25  119.92  119.92    N/A
0:    268435456      67108864     float     sum      -1  2206.32  121.67  121.67       0  2206.65  121.65  121.65    N/A
0: # Out of bounds values : 0 OK
0: # Avg bus bandwidth    : 92.0297 
0: #
0: # Collective test concluded: sendrecv_perf
0: #
0: 
0: 
0: ##### pass 8/20  pair g1-g3  sendrecv_perf
0: # nccl-tests version 2.17.8 nccl-headers=22903 nccl-library=22903
0: # Collective test starting: sendrecv_perf
0: # nThread 1 nGpus 2 minBytes 8388608 maxBytes 268435456 step: 2(factor) warmup iters: 5 iters: 20 agg iters: 1 validation: 1 graph: 0
0: #
0: # Using devices
0: #  Rank  0 Group  0 Pid 144166 on  nid007313 device  0 [0019:01:00] NVIDIA GH200 120GB
0: #  Rank  1 Group  0 Pid 144166 on  nid007313 device  1 [0039:01:00] NVIDIA GH200 120GB
0: #
0: #                                                              out-of-place                       in-place          
0: #       size         count      type   redop    root     time   algbw   busbw  #wrong     time   algbw   busbw  #wrong 
0: #        (B)    (elements)                               (us)  (GB/s)  (GB/s)             (us)  (GB/s)  (GB/s)         
0:      8388608       2097152     float     sum      -1   116.11   72.25   72.25       0   115.61   72.56   72.56    N/A
0:     16777216       4194304     float     sum      -1   218.00   76.96   76.96       0   221.76   75.66   75.66    N/A
0:     33554432       8388608     float     sum      -1   419.87   79.92   79.92       0   423.96   79.14   79.14    N/A
0:     67108864      16777216     float     sum      -1   814.74   82.37   82.37       0   821.28   81.71   81.71    N/A
0:    134217728      33554432     float     sum      -1  1120.41  119.79  119.79       0  1118.21  120.03  120.03    N/A
0:    268435456      67108864     float     sum      -1  2207.66  121.59  121.59       0  2204.68  121.76  121.76    N/A
0: # Out of bounds values : 0 OK
0: # Avg bus bandwidth    : 91.9779 
0: #
0: # Collective test concluded: sendrecv_perf
0: #
0: 
0: 
0: ##### pass 8/20  pair g2-g3  sendrecv_perf
0: # nccl-tests version 2.17.8 nccl-headers=22903 nccl-library=22903
0: # Collective test starting: sendrecv_perf
0: # nThread 1 nGpus 2 minBytes 8388608 maxBytes 268435456 step: 2(factor) warmup iters: 5 iters: 20 agg iters: 1 validation: 1 graph: 0
0: #
0: # Using devices
0: #  Rank  0 Group  0 Pid 144204 on  nid007313 device  0 [0029:01:00] NVIDIA GH200 120GB
0: #  Rank  1 Group  0 Pid 144204 on  nid007313 device  1 [0039:01:00] NVIDIA GH200 120GB
0: #
0: #                                                              out-of-place                       in-place          
0: #       size         count      type   redop    root     time   algbw   busbw  #wrong     time   algbw   busbw  #wrong 
0: #        (B)    (elements)                               (us)  (GB/s)  (GB/s)             (us)  (GB/s)  (GB/s)         
0:      8388608       2097152     float     sum      -1   116.34   72.10   72.10       0   115.70   72.50   72.50    N/A
0:     16777216       4194304     float     sum      -1   218.56   76.76   76.76       0   219.78   76.34   76.34    N/A
0:     33554432       8388608     float     sum      -1   424.17   79.11   79.11       0   424.52   79.04   79.04    N/A
0:     67108864      16777216     float     sum      -1   817.10   82.13   82.13       0   829.15   80.94   80.94    N/A
0:    134217728      33554432     float     sum      -1  1123.43  119.47  119.47       0  1116.18  120.25  120.25    N/A
0:    268435456      67108864     float     sum      -1  2201.19  121.95  121.95       0  2210.44  121.44  121.44    N/A
0: # Out of bounds values : 0 OK
0: # Avg bus bandwidth    : 91.8358 
0: #
0: # Collective test concluded: sendrecv_perf
0: #
0: 
0: 
0: ##### pass 9/20  pair g0-g1  sendrecv_perf
0: # nccl-tests version 2.17.8 nccl-headers=22903 nccl-library=22903
0: # Collective test starting: sendrecv_perf
0: # nThread 1 nGpus 2 minBytes 8388608 maxBytes 268435456 step: 2(factor) warmup iters: 5 iters: 20 agg iters: 1 validation: 1 graph: 0
0: #
0: # Using devices
0: #  Rank  0 Group  0 Pid 144239 on  nid007313 device  0 [0009:01:00] NVIDIA GH200 120GB
0: #  Rank  1 Group  0 Pid 144239 on  nid007313 device  1 [0019:01:00] NVIDIA GH200 120GB
0: #
0: #                                                              out-of-place                       in-place          
0: #       size         count      type   redop    root     time   algbw   busbw  #wrong     time   algbw   busbw  #wrong 
0: #        (B)    (elements)                               (us)  (GB/s)  (GB/s)             (us)  (GB/s)  (GB/s)         
0:      8388608       2097152     float     sum      -1   115.58   72.58   72.58       0   115.72   72.49   72.49    N/A
0:     16777216       4194304     float     sum      -1   217.80   77.03   77.03       0   220.91   75.95   75.95    N/A
0:     33554432       8388608     float     sum      -1   422.38   79.44   79.44       0   422.45   79.43   79.43    N/A
0:     67108864      16777216     float     sum      -1   815.29   82.31   82.31       0   818.01   82.04   82.04    N/A
0:    134217728      33554432     float     sum      -1  1121.38  119.69  119.69       0  1120.77  119.76  119.76    N/A
0:    268435456      67108864     float     sum      -1  2213.69  121.26  121.26       0  2202.76  121.86  121.86    N/A
0: # Out of bounds values : 0 OK
0: # Avg bus bandwidth    : 91.986 
0: #
0: # Collective test concluded: sendrecv_perf
0: #
0: 
0: 
0: ##### pass 9/20  pair g0-g2  sendrecv_perf
0: # nccl-tests version 2.17.8 nccl-headers=22903 nccl-library=22903
0: # Collective test starting: sendrecv_perf
0: # nThread 1 nGpus 2 minBytes 8388608 maxBytes 268435456 step: 2(factor) warmup iters: 5 iters: 20 agg iters: 1 validation: 1 graph: 0
0: #
0: # Using devices
0: #  Rank  0 Group  0 Pid 144275 on  nid007313 device  0 [0009:01:00] NVIDIA GH200 120GB
0: #  Rank  1 Group  0 Pid 144275 on  nid007313 device  1 [0029:01:00] NVIDIA GH200 120GB
0: #
0: #                                                              out-of-place                       in-place          
0: #       size         count      type   redop    root     time   algbw   busbw  #wrong     time   algbw   busbw  #wrong 
0: #        (B)    (elements)                               (us)  (GB/s)  (GB/s)             (us)  (GB/s)  (GB/s)         
0:      8388608       2097152     float     sum      -1   116.71   71.87   71.87       0   115.78   72.45   72.45    N/A
0:     16777216       4194304     float     sum      -1   221.43   75.77   75.77       0   222.70   75.33   75.33    N/A
0:     33554432       8388608     float     sum      -1   422.71   79.38   79.38       0   421.16   79.67   79.67    N/A
0:     67108864      16777216     float     sum      -1   811.78   82.67   82.67       0   819.38   81.90   81.90    N/A
0:    134217728      33554432     float     sum      -1  1119.61  119.88  119.88       0  1119.56  119.88  119.88    N/A
0:    268435456      67108864     float     sum      -1  2210.27  121.45  121.45       0  2204.07  121.79  121.79    N/A
0: # Out of bounds values : 0 OK
0: # Avg bus bandwidth    : 91.8378 
0: #
0: # Collective test concluded: sendrecv_perf
0: #
0: 
0: 
0: ##### pass 9/20  pair g0-g3  sendrecv_perf
0: # nccl-tests version 2.17.8 nccl-headers=22903 nccl-library=22903
0: # Collective test starting: sendrecv_perf
0: # nThread 1 nGpus 2 minBytes 8388608 maxBytes 268435456 step: 2(factor) warmup iters: 5 iters: 20 agg iters: 1 validation: 1 graph: 0
0: #
0: # Using devices
0: #  Rank  0 Group  0 Pid 144310 on  nid007313 device  0 [0009:01:00] NVIDIA GH200 120GB
0: #  Rank  1 Group  0 Pid 144310 on  nid007313 device  1 [0039:01:00] NVIDIA GH200 120GB
0: #
0: #                                                              out-of-place                       in-place          
0: #       size         count      type   redop    root     time   algbw   busbw  #wrong     time   algbw   busbw  #wrong 
0: #        (B)    (elements)                               (us)  (GB/s)  (GB/s)             (us)  (GB/s)  (GB/s)         
0:      8388608       2097152     float     sum      -1   116.12   72.24   72.24       0   115.66   72.53   72.53    N/A
0:     16777216       4194304     float     sum      -1   220.99   75.92   75.92       0   217.08   77.29   77.29    N/A
0:     33554432       8388608     float     sum      -1   423.87   79.16   79.16       0   421.19   79.67   79.67    N/A
0:     67108864      16777216     float     sum      -1   819.59   81.88   81.88       0   819.93   81.85   81.85    N/A
0:    134217728      33554432     float     sum      -1  1120.32  119.80  119.80       0  1123.34  119.48  119.48    N/A
0:    268435456      67108864     float     sum      -1  2206.79  121.64  121.64       0  2208.63  121.54  121.54    N/A
0: # Out of bounds values : 0 OK
0: # Avg bus bandwidth    : 91.9162 
0: #
0: # Collective test concluded: sendrecv_perf
0: #
0: 
0: 
0: ##### pass 9/20  pair g1-g2  sendrecv_perf
0: # nccl-tests version 2.17.8 nccl-headers=22903 nccl-library=22903
0: # Collective test starting: sendrecv_perf
0: # nThread 1 nGpus 2 minBytes 8388608 maxBytes 268435456 step: 2(factor) warmup iters: 5 iters: 20 agg iters: 1 validation: 1 graph: 0
0: #
0: # Using devices
0: #  Rank  0 Group  0 Pid 144347 on  nid007313 device  0 [0019:01:00] NVIDIA GH200 120GB
0: #  Rank  1 Group  0 Pid 144347 on  nid007313 device  1 [0029:01:00] NVIDIA GH200 120GB
0: #
0: #                                                              out-of-place                       in-place          
0: #       size         count      type   redop    root     time   algbw   busbw  #wrong     time   algbw   busbw  #wrong 
0: #        (B)    (elements)                               (us)  (GB/s)  (GB/s)             (us)  (GB/s)  (GB/s)         
0:      8388608       2097152     float     sum      -1   115.90   72.38   72.38       0   115.31   72.75   72.75    N/A
0:     16777216       4194304     float     sum      -1   223.15   75.18   75.18       0   220.84   75.97   75.97    N/A
0:     33554432       8388608     float     sum      -1   423.55   79.22   79.22       0   422.78   79.37   79.37    N/A
0:     67108864      16777216     float     sum      -1   815.11   82.33   82.33       0   827.98   81.05   81.05    N/A
0:    134217728      33554432     float     sum      -1  1127.48  119.04  119.04       0  1120.52  119.78  119.78    N/A
0:    268435456      67108864     float     sum      -1  2212.19  121.34  121.34       0  2210.32  121.45  121.45    N/A
0: # Out of bounds values : 0 OK
0: # Avg bus bandwidth    : 91.6555 
0: #
0: # Collective test concluded: sendrecv_perf
0: #
0: 
0: 
0: ##### pass 9/20  pair g1-g3  sendrecv_perf
0: # nccl-tests version 2.17.8 nccl-headers=22903 nccl-library=22903
0: # Collective test starting: sendrecv_perf
0: # nThread 1 nGpus 2 minBytes 8388608 maxBytes 268435456 step: 2(factor) warmup iters: 5 iters: 20 agg iters: 1 validation: 1 graph: 0
0: #
0: # Using devices
0: #  Rank  0 Group  0 Pid 144383 on  nid007313 device  0 [0019:01:00] NVIDIA GH200 120GB
0: #  Rank  1 Group  0 Pid 144383 on  nid007313 device  1 [0039:01:00] NVIDIA GH200 120GB
0: #
0: #                                                              out-of-place                       in-place          
0: #       size         count      type   redop    root     time   algbw   busbw  #wrong     time   algbw   busbw  #wrong 
0: #        (B)    (elements)                               (us)  (GB/s)  (GB/s)             (us)  (GB/s)  (GB/s)         
0:      8388608       2097152     float     sum      -1   119.92   69.95   69.95       0   115.76   72.46   72.46    N/A
0:     16777216       4194304     float     sum      -1   217.63   77.09   77.09       0   219.32   76.50   76.50    N/A
0:     33554432       8388608     float     sum      -1   423.18   79.29   79.29       0   421.12   79.68   79.68    N/A
0:     67108864      16777216     float     sum      -1   812.80   82.57   82.57       0   822.96   81.55   81.55    N/A
0:    134217728      33554432     float     sum      -1  1123.01  119.52  119.52       0  1121.56  119.67  119.67    N/A
0:    268435456      67108864     float     sum      -1  2209.88  121.47  121.47       0  2205.50  121.71  121.71    N/A
0: # Out of bounds values : 0 OK
0: # Avg bus bandwidth    : 91.7879 
0: #
0: # Collective test concluded: sendrecv_perf
0: #
0: 
0: 
0: ##### pass 9/20  pair g2-g3  sendrecv_perf
0: # nccl-tests version 2.17.8 nccl-headers=22903 nccl-library=22903
0: # Collective test starting: sendrecv_perf
0: # nThread 1 nGpus 2 minBytes 8388608 maxBytes 268435456 step: 2(factor) warmup iters: 5 iters: 20 agg iters: 1 validation: 1 graph: 0
0: #
0: # Using devices
0: #  Rank  0 Group  0 Pid 144418 on  nid007313 device  0 [0029:01:00] NVIDIA GH200 120GB
0: #  Rank  1 Group  0 Pid 144418 on  nid007313 device  1 [0039:01:00] NVIDIA GH200 120GB
0: #
0: #                                                              out-of-place                       in-place          
0: #       size         count      type   redop    root     time   algbw   busbw  #wrong     time   algbw   busbw  #wrong 
0: #        (B)    (elements)                               (us)  (GB/s)  (GB/s)             (us)  (GB/s)  (GB/s)         
0:      8388608       2097152     float     sum      -1   116.12   72.24   72.24       0   116.15   72.22   72.22    N/A
0:     16777216       4194304     float     sum      -1   218.23   76.88   76.88       0   222.72   75.33   75.33    N/A
0:     33554432       8388608     float     sum      -1   424.42   79.06   79.06       0   422.55   79.41   79.41    N/A
0:     67108864      16777216     float     sum      -1   814.78   82.36   82.36       0   826.33   81.21   81.21    N/A
0:    134217728      33554432     float     sum      -1  1118.54  119.99  119.99       0  1116.74  120.19  120.19    N/A
0:    268435456      67108864     float     sum      -1  2212.14  121.35  121.35       0  2208.14  121.57  121.57    N/A
0: # Out of bounds values : 0 OK
0: # Avg bus bandwidth    : 91.8175 
0: #
0: # Collective test concluded: sendrecv_perf
0: #
0: 
0: 
0: ##### pass 10/20  pair g0-g1  sendrecv_perf
0: # nccl-tests version 2.17.8 nccl-headers=22903 nccl-library=22903
0: # Collective test starting: sendrecv_perf
0: # nThread 1 nGpus 2 minBytes 8388608 maxBytes 268435456 step: 2(factor) warmup iters: 5 iters: 20 agg iters: 1 validation: 1 graph: 0
0: #
0: # Using devices
0: #  Rank  0 Group  0 Pid 144472 on  nid007313 device  0 [0009:01:00] NVIDIA GH200 120GB
0: #  Rank  1 Group  0 Pid 144472 on  nid007313 device  1 [0019:01:00] NVIDIA GH200 120GB
0: #
0: #                                                              out-of-place                       in-place          
0: #       size         count      type   redop    root     time   algbw   busbw  #wrong     time   algbw   busbw  #wrong 
0: #        (B)    (elements)                               (us)  (GB/s)  (GB/s)             (us)  (GB/s)  (GB/s)         
0:      8388608       2097152     float     sum      -1   118.42   70.84   70.84       0   114.80   73.07   73.07    N/A
0:     16777216       4194304     float     sum      -1   218.96   76.62   76.62       0   219.75   76.35   76.35    N/A
0:     33554432       8388608     float     sum      -1   419.17   80.05   80.05       0   421.28   79.65   79.65    N/A
0:     67108864      16777216     float     sum      -1   814.82   82.36   82.36       0   820.65   81.77   81.77    N/A
0:    134217728      33554432     float     sum      -1  1123.84  119.43  119.43       0  1123.28  119.49  119.49    N/A
0:    268435456      67108864     float     sum      -1  2209.92  121.47  121.47       0  2205.84  121.69  121.69    N/A
0: # Out of bounds values : 0 OK
0: # Avg bus bandwidth    : 91.8987 
0: #
0: # Collective test concluded: sendrecv_perf
0: #
0: 
0: 
0: ##### pass 10/20  pair g0-g2  sendrecv_perf
0: # nccl-tests version 2.17.8 nccl-headers=22903 nccl-library=22903
0: # Collective test starting: sendrecv_perf
0: # nThread 1 nGpus 2 minBytes 8388608 maxBytes 268435456 step: 2(factor) warmup iters: 5 iters: 20 agg iters: 1 validation: 1 graph: 0
0: #
0: # Using devices
0: #  Rank  0 Group  0 Pid 144508 on  nid007313 device  0 [0009:01:00] NVIDIA GH200 120GB
0: #  Rank  1 Group  0 Pid 144508 on  nid007313 device  1 [0029:01:00] NVIDIA GH200 120GB
0: #
0: #                                                              out-of-place                       in-place          
0: #       size         count      type   redop    root     time   algbw   busbw  #wrong     time   algbw   busbw  #wrong 
0: #        (B)    (elements)                               (us)  (GB/s)  (GB/s)             (us)  (GB/s)  (GB/s)         
0:      8388608       2097152     float     sum      -1   119.59   70.14   70.14       0   119.39   70.26   70.26    N/A
0:     16777216       4194304     float     sum      -1   219.81   76.33   76.33       0   219.22   76.53   76.53    N/A
0:     33554432       8388608     float     sum      -1   422.29   79.46   79.46       0   422.57   79.40   79.40    N/A
0:     67108864      16777216     float     sum      -1   817.99   82.04   82.04       0   821.01   81.74   81.74    N/A
0:    134217728      33554432     float     sum      -1  1115.96  120.27  120.27       0  1122.03  119.62  119.62    N/A
0:    268435456      67108864     float     sum      -1  2209.72  121.48  121.48       0  2209.59  121.49  121.49    N/A
0: # Out of bounds values : 0 OK
0: # Avg bus bandwidth    : 91.5634 
0: #
0: # Collective test concluded: sendrecv_perf
0: #
0: 
0: 
0: ##### pass 10/20  pair g0-g3  sendrecv_perf
0: # nccl-tests version 2.17.8 nccl-headers=22903 nccl-library=22903
0: # Collective test starting: sendrecv_perf
0: # nThread 1 nGpus 2 minBytes 8388608 maxBytes 268435456 step: 2(factor) warmup iters: 5 iters: 20 agg iters: 1 validation: 1 graph: 0
0: #
0: # Using devices
0: #  Rank  0 Group  0 Pid 144543 on  nid007313 device  0 [0009:01:00] NVIDIA GH200 120GB
0: #  Rank  1 Group  0 Pid 144543 on  nid007313 device  1 [0039:01:00] NVIDIA GH200 120GB
0: #
0: #                                                              out-of-place                       in-place          
0: #       size         count      type   redop    root     time   algbw   busbw  #wrong     time   algbw   busbw  #wrong 
0: #        (B)    (elements)                               (us)  (GB/s)  (GB/s)             (us)  (GB/s)  (GB/s)         
0:      8388608       2097152     float     sum      -1   115.96   72.34   72.34       0   115.14   72.86   72.86    N/A
0:     16777216       4194304     float     sum      -1   222.40   75.44   75.44       0   222.68   75.34   75.34    N/A
0:     33554432       8388608     float     sum      -1   424.34   79.07   79.07       0   421.19   79.66   79.66    N/A
0:     67108864      16777216     float     sum      -1   822.02   81.64   81.64       0   821.62   81.68   81.68    N/A
0:    134217728      33554432     float     sum      -1  1121.96  119.63  119.63       0  1116.34  120.23  120.23    N/A
0:    268435456      67108864     float     sum      -1  2209.73  121.48  121.48       0  2210.01  121.46  121.46    N/A
0: # Out of bounds values : 0 OK
0: # Avg bus bandwidth    : 91.7361 
0: #
0: # Collective test concluded: sendrecv_perf
0: #
0: 
0: 
0: ##### pass 10/20  pair g1-g2  sendrecv_perf
0: # nccl-tests version 2.17.8 nccl-headers=22903 nccl-library=22903
0: # Collective test starting: sendrecv_perf
0: # nThread 1 nGpus 2 minBytes 8388608 maxBytes 268435456 step: 2(factor) warmup iters: 5 iters: 20 agg iters: 1 validation: 1 graph: 0
0: #
0: # Using devices
0: #  Rank  0 Group  0 Pid 144578 on  nid007313 device  0 [0019:01:00] NVIDIA GH200 120GB
0: #  Rank  1 Group  0 Pid 144578 on  nid007313 device  1 [0029:01:00] NVIDIA GH200 120GB
0: #
0: #                                                              out-of-place                       in-place          
0: #       size         count      type   redop    root     time   algbw   busbw  #wrong     time   algbw   busbw  #wrong 
0: #        (B)    (elements)                               (us)  (GB/s)  (GB/s)             (us)  (GB/s)  (GB/s)         
0:      8388608       2097152     float     sum      -1   115.92   72.37   72.37       0   118.04   71.07   71.07    N/A
0:     16777216       4194304     float     sum      -1   217.65   77.08   77.08       0   222.10   75.54   75.54    N/A
0:     33554432       8388608     float     sum      -1   421.11   79.68   79.68       0   422.18   79.48   79.48    N/A
0:     67108864      16777216     float     sum      -1   812.60   82.59   82.59       0   820.70   81.77   81.77    N/A
0:    134217728      33554432     float     sum      -1  1119.15  119.93  119.93       0  1121.49  119.68  119.68    N/A
0:    268435456      67108864     float     sum      -1  2206.64  121.65  121.65       0  2211.91  121.36  121.36    N/A
0: # Out of bounds values : 0 OK
0: # Avg bus bandwidth    : 91.8488 
0: #
0: # Collective test concluded: sendrecv_perf
0: #
0: 
0: 
0: ##### pass 10/20  pair g1-g3  sendrecv_perf
0: # nccl-tests version 2.17.8 nccl-headers=22903 nccl-library=22903
0: # Collective test starting: sendrecv_perf
0: # nThread 1 nGpus 2 minBytes 8388608 maxBytes 268435456 step: 2(factor) warmup iters: 5 iters: 20 agg iters: 1 validation: 1 graph: 0
0: #
0: # Using devices
0: #  Rank  0 Group  0 Pid 144615 on  nid007313 device  0 [0019:01:00] NVIDIA GH200 120GB
0: #  Rank  1 Group  0 Pid 144615 on  nid007313 device  1 [0039:01:00] NVIDIA GH200 120GB
0: #
0: #                                                              out-of-place                       in-place          
0: #       size         count      type   redop    root     time   algbw   busbw  #wrong     time   algbw   busbw  #wrong 
0: #        (B)    (elements)                               (us)  (GB/s)  (GB/s)             (us)  (GB/s)  (GB/s)         
0:      8388608       2097152     float     sum      -1   115.60   72.56   72.56       0   115.97   72.33   72.33    N/A
0:     16777216       4194304     float     sum      -1   222.05   75.56   75.56       0   223.68   75.01   75.01    N/A
0:     33554432       8388608     float     sum      -1   423.04   79.32   79.32       0   423.01   79.32   79.32    N/A
0:     67108864      16777216     float     sum      -1   813.86   82.46   82.46       0   827.07   81.14   81.14    N/A
0:    134217728      33554432     float     sum      -1  1124.26  119.38  119.38       0  1118.37  120.01  120.01    N/A
0:    268435456      67108864     float     sum      -1  2213.50  121.27  121.27       0  2209.38  121.50  121.50    N/A
0: # Out of bounds values : 0 OK
0: # Avg bus bandwidth    : 91.6554 
0: #
0: # Collective test concluded: sendrecv_perf
0: #
0: 
0: 
0: ##### pass 10/20  pair g2-g3  sendrecv_perf
0: # nccl-tests version 2.17.8 nccl-headers=22903 nccl-library=22903
0: # Collective test starting: sendrecv_perf
0: # nThread 1 nGpus 2 minBytes 8388608 maxBytes 268435456 step: 2(factor) warmup iters: 5 iters: 20 agg iters: 1 validation: 1 graph: 0
0: #
0: # Using devices
0: #  Rank  0 Group  0 Pid 144647 on  nid007313 device  0 [0029:01:00] NVIDIA GH200 120GB
0: #  Rank  1 Group  0 Pid 144647 on  nid007313 device  1 [0039:01:00] NVIDIA GH200 120GB
0: #
0: #                                                              out-of-place                       in-place          
0: #       size         count      type   redop    root     time   algbw   busbw  #wrong     time   algbw   busbw  #wrong 
0: #        (B)    (elements)                               (us)  (GB/s)  (GB/s)             (us)  (GB/s)  (GB/s)         
0:      8388608       2097152     float     sum      -1   116.34   72.10   72.10       0   117.96   71.11   71.11    N/A
0:     16777216       4194304     float     sum      -1   222.74   75.32   75.32       0   217.55   77.12   77.12    N/A
0:     33554432       8388608     float     sum      -1   422.08   79.50   79.50       0   424.44   79.06   79.06    N/A
0:     67108864      16777216     float     sum      -1   816.43   82.20   82.20       0   826.98   81.15   81.15    N/A
0:    134217728      33554432     float     sum      -1  1124.76  119.33  119.33       0  1118.65  119.98  119.98    N/A
0:    268435456      67108864     float     sum      -1  2212.82  121.31  121.31       0  2207.19  121.62  121.62    N/A
0: # Out of bounds values : 0 OK
0: # Avg bus bandwidth    : 91.6496 
0: #
0: # Collective test concluded: sendrecv_perf
0: #
0: 
0: 
0: ##### pass 11/20  pair g0-g1  sendrecv_perf
0: # nccl-tests version 2.17.8 nccl-headers=22903 nccl-library=22903
0: # Collective test starting: sendrecv_perf
0: # nThread 1 nGpus 2 minBytes 8388608 maxBytes 268435456 step: 2(factor) warmup iters: 5 iters: 20 agg iters: 1 validation: 1 graph: 0
0: #
0: # Using devices
0: #  Rank  0 Group  0 Pid 144682 on  nid007313 device  0 [0009:01:00] NVIDIA GH200 120GB
0: #  Rank  1 Group  0 Pid 144682 on  nid007313 device  1 [0019:01:00] NVIDIA GH200 120GB
0: #
0: #                                                              out-of-place                       in-place          
0: #       size         count      type   redop    root     time   algbw   busbw  #wrong     time   algbw   busbw  #wrong 
0: #        (B)    (elements)                               (us)  (GB/s)  (GB/s)             (us)  (GB/s)  (GB/s)         
0:      8388608       2097152     float     sum      -1   115.60   72.57   72.57       0   115.50   72.63   72.63    N/A
0:     16777216       4194304     float     sum      -1   216.36   77.54   77.54       0   221.07   75.89   75.89    N/A
0:     33554432       8388608     float     sum      -1   422.18   79.48   79.48       0   421.55   79.60   79.60    N/A
0:     67108864      16777216     float     sum      -1   816.49   82.19   82.19       0   818.11   82.03   82.03    N/A
0:    134217728      33554432     float     sum      -1  1119.89  119.85  119.85       0  1120.66  119.77  119.77    N/A
0:    268435456      67108864     float     sum      -1  2213.72  121.26  121.26       0  2211.07  121.41  121.41    N/A
0: # Out of bounds values : 0 OK
0: # Avg bus bandwidth    : 92.0175 
0: #
0: # Collective test concluded: sendrecv_perf
0: #
0: 
0: 
0: ##### pass 11/20  pair g0-g2  sendrecv_perf
0: # nccl-tests version 2.17.8 nccl-headers=22903 nccl-library=22903
0: # Collective test starting: sendrecv_perf
0: # nThread 1 nGpus 2 minBytes 8388608 maxBytes 268435456 step: 2(factor) warmup iters: 5 iters: 20 agg iters: 1 validation: 1 graph: 0
0: #
0: # Using devices
0: #  Rank  0 Group  0 Pid 144718 on  nid007313 device  0 [0009:01:00] NVIDIA GH200 120GB
0: #  Rank  1 Group  0 Pid 144718 on  nid007313 device  1 [0029:01:00] NVIDIA GH200 120GB
0: #
0: #                                                              out-of-place                       in-place          
0: #       size         count      type   redop    root     time   algbw   busbw  #wrong     time   algbw   busbw  #wrong 
0: #        (B)    (elements)                               (us)  (GB/s)  (GB/s)             (us)  (GB/s)  (GB/s)         
0:      8388608       2097152     float     sum      -1   116.20   72.19   72.19       0   120.63   69.54   69.54    N/A
0:     16777216       4194304     float     sum      -1   222.28   75.48   75.48       0   222.29   75.47   75.47    N/A
0:     33554432       8388608     float     sum      -1   422.49   79.42   79.42       0   424.55   79.03   79.03    N/A
0:     67108864      16777216     float     sum      -1   815.71   82.27   82.27       0   822.87   81.55   81.55    N/A
0:    134217728      33554432     float     sum      -1  1121.87  119.64  119.64       0  1118.34  120.02  120.02    N/A
0:    268435456      67108864     float     sum      -1  2200.31  122.00  122.00       0  2203.49  121.82  121.82    N/A
0: # Out of bounds values : 0 OK
0: # Avg bus bandwidth    : 91.5365 
0: #
0: # Collective test concluded: sendrecv_perf
0: #
0: 
0: 
0: ##### pass 11/20  pair g0-g3  sendrecv_perf
0: # nccl-tests version 2.17.8 nccl-headers=22903 nccl-library=22903
0: # Collective test starting: sendrecv_perf
0: # nThread 1 nGpus 2 minBytes 8388608 maxBytes 268435456 step: 2(factor) warmup iters: 5 iters: 20 agg iters: 1 validation: 1 graph: 0
0: #
0: # Using devices
0: #  Rank  0 Group  0 Pid 144772 on  nid007313 device  0 [0009:01:00] NVIDIA GH200 120GB
0: #  Rank  1 Group  0 Pid 144772 on  nid007313 device  1 [0039:01:00] NVIDIA GH200 120GB
0: #
0: #                                                              out-of-place                       in-place          
0: #       size         count      type   redop    root     time   algbw   busbw  #wrong     time   algbw   busbw  #wrong 
0: #        (B)    (elements)                               (us)  (GB/s)  (GB/s)             (us)  (GB/s)  (GB/s)         
0:      8388608       2097152     float     sum      -1   116.06   72.28   72.28       0   115.72   72.49   72.49    N/A
0:     16777216       4194304     float     sum      -1   223.03   75.22   75.22       0   218.20   76.89   76.89    N/A
0:     33554432       8388608     float     sum      -1   423.29   79.27   79.27       0   423.55   79.22   79.22    N/A
0:     67108864      16777216     float     sum      -1   819.10   81.93   81.93       0   823.40   81.50   81.50    N/A
0:    134217728      33554432     float     sum      -1  1121.92  119.63  119.63       0  1122.81  119.54  119.54    N/A
0:    268435456      67108864     float     sum      -1  2208.88  121.53  121.53       0  2215.75  121.15  121.15    N/A
0: # Out of bounds values : 0 OK
0: # Avg bus bandwidth    : 91.7209 
0: #
0: # Collective test concluded: sendrecv_perf
0: #
0: 
0: 
0: ##### pass 11/20  pair g1-g2  sendrecv_perf
0: # nccl-tests version 2.17.8 nccl-headers=22903 nccl-library=22903
0: # Collective test starting: sendrecv_perf
0: # nThread 1 nGpus 2 minBytes 8388608 maxBytes 268435456 step: 2(factor) warmup iters: 5 iters: 20 agg iters: 1 validation: 1 graph: 0
0: #
0: # Using devices
0: #  Rank  0 Group  0 Pid 144807 on  nid007313 device  0 [0019:01:00] NVIDIA GH200 120GB
0: #  Rank  1 Group  0 Pid 144807 on  nid007313 device  1 [0029:01:00] NVIDIA GH200 120GB
0: #
0: #                                                              out-of-place                       in-place          
0: #       size         count      type   redop    root     time   algbw   busbw  #wrong     time   algbw   busbw  #wrong 
0: #        (B)    (elements)                               (us)  (GB/s)  (GB/s)             (us)  (GB/s)  (GB/s)         
0:      8388608       2097152     float     sum      -1   116.56   71.97   71.97       0   118.53   70.77   70.77    N/A
0:     16777216       4194304     float     sum      -1   221.71   75.67   75.67       0   221.00   75.92   75.92    N/A
0:     33554432       8388608     float     sum      -1   423.38   79.25   79.25       0   425.38   78.88   78.88    N/A
0:     67108864      16777216     float     sum      -1   814.50   82.39   82.39       0   821.54   81.69   81.69    N/A
0:    134217728      33554432     float     sum      -1  1124.53  119.35  119.35       0  1119.27  119.92  119.92    N/A
0:    268435456      67108864     float     sum      -1  2213.08  121.29  121.29       0  2211.95  121.36  121.36    N/A
0: # Out of bounds values : 0 OK
0: # Avg bus bandwidth    : 91.5391 
0: #
0: # Collective test concluded: sendrecv_perf
0: #
0: 
0: 
0: ##### pass 11/20  pair g1-g3  sendrecv_perf
0: # nccl-tests version 2.17.8 nccl-headers=22903 nccl-library=22903
0: # Collective test starting: sendrecv_perf
0: # nThread 1 nGpus 2 minBytes 8388608 maxBytes 268435456 step: 2(factor) warmup iters: 5 iters: 20 agg iters: 1 validation: 1 graph: 0
0: #
0: # Using devices
0: #  Rank  0 Group  0 Pid 144843 on  nid007313 device  0 [0019:01:00] NVIDIA GH200 120GB
0: #  Rank  1 Group  0 Pid 144843 on  nid007313 device  1 [0039:01:00] NVIDIA GH200 120GB
0: #
0: #                                                              out-of-place                       in-place          
0: #       size         count      type   redop    root     time   algbw   busbw  #wrong     time   algbw   busbw  #wrong 
0: #        (B)    (elements)                               (us)  (GB/s)  (GB/s)             (us)  (GB/s)  (GB/s)         
0:      8388608       2097152     float     sum      -1   116.78   71.83   71.83       0   115.50   72.63   72.63    N/A
0:     16777216       4194304     float     sum      -1   219.32   76.49   76.49       0   218.56   76.76   76.76    N/A
0:     33554432       8388608     float     sum      -1   421.28   79.65   79.65       0   421.31   79.64   79.64    N/A
0:     67108864      16777216     float     sum      -1   814.58   82.38   82.38       0   829.67   80.89   80.89    N/A
0:    134217728      33554432     float     sum      -1  1124.48  119.36  119.36       0  1119.24  119.92  119.92    N/A
0:    268435456      67108864     float     sum      -1  2203.56  121.82  121.82       0  2202.62  121.87  121.87    N/A
0: # Out of bounds values : 0 OK
0: # Avg bus bandwidth    : 91.9375 
0: #
0: # Collective test concluded: sendrecv_perf
0: #
0: 
0: 
0: ##### pass 11/20  pair g2-g3  sendrecv_perf
0: # nccl-tests version 2.17.8 nccl-headers=22903 nccl-library=22903
0: # Collective test starting: sendrecv_perf
0: # nThread 1 nGpus 2 minBytes 8388608 maxBytes 268435456 step: 2(factor) warmup iters: 5 iters: 20 agg iters: 1 validation: 1 graph: 0
0: #
0: # Using devices
0: #  Rank  0 Group  0 Pid 144878 on  nid007313 device  0 [0029:01:00] NVIDIA GH200 120GB
0: #  Rank  1 Group  0 Pid 144878 on  nid007313 device  1 [0039:01:00] NVIDIA GH200 120GB
0: #
0: #                                                              out-of-place                       in-place          
0: #       size         count      type   redop    root     time   algbw   busbw  #wrong     time   algbw   busbw  #wrong 
0: #        (B)    (elements)                               (us)  (GB/s)  (GB/s)             (us)  (GB/s)  (GB/s)         
0:      8388608       2097152     float     sum      -1   116.33   72.11   72.11       0   118.33   70.89   70.89    N/A
0:     16777216       4194304     float     sum      -1   219.07   76.59   76.59       0   222.59   75.37   75.37    N/A
0:     33554432       8388608     float     sum      -1   424.14   79.11   79.11       0   421.07   79.69   79.69    N/A
0:     67108864      16777216     float     sum      -1   817.87   82.05   82.05       0   821.23   81.72   81.72    N/A
0:    134217728      33554432     float     sum      -1  1124.11  119.40  119.40       0  1123.41  119.47  119.47    N/A
0:    268435456      67108864     float     sum      -1  2213.02  121.30  121.30       0  2205.75  121.70  121.70    N/A
0: # Out of bounds values : 0 OK
0: # Avg bus bandwidth    : 91.6171 
0: #
0: # Collective test concluded: sendrecv_perf
0: #
0: 
0: 
0: ##### pass 12/20  pair g0-g1  sendrecv_perf
0: # nccl-tests version 2.17.8 nccl-headers=22903 nccl-library=22903
0: # Collective test starting: sendrecv_perf
0: # nThread 1 nGpus 2 minBytes 8388608 maxBytes 268435456 step: 2(factor) warmup iters: 5 iters: 20 agg iters: 1 validation: 1 graph: 0
0: #
0: # Using devices
0: #  Rank  0 Group  0 Pid 144913 on  nid007313 device  0 [0009:01:00] NVIDIA GH200 120GB
0: #  Rank  1 Group  0 Pid 144913 on  nid007313 device  1 [0019:01:00] NVIDIA GH200 120GB
0: #
0: #                                                              out-of-place                       in-place          
0: #       size         count      type   redop    root     time   algbw   busbw  #wrong     time   algbw   busbw  #wrong 
0: #        (B)    (elements)                               (us)  (GB/s)  (GB/s)             (us)  (GB/s)  (GB/s)         
0:      8388608       2097152     float     sum      -1   115.66   72.53   72.53       0   119.27   70.34   70.34    N/A
0:     16777216       4194304     float     sum      -1   222.53   75.39   75.39       0   221.75   75.66   75.66    N/A
0:     33554432       8388608     float     sum      -1   421.44   79.62   79.62       0   422.40   79.44   79.44    N/A
0:     67108864      16777216     float     sum      -1   816.25   82.22   82.22       0   818.18   82.02   82.02    N/A
0:    134217728      33554432     float     sum      -1  1122.61  119.56  119.56       0  1119.71  119.87  119.87    N/A
0:    268435456      67108864     float     sum      -1  2204.91  121.74  121.74       0  2206.54  121.65  121.65    N/A
0: # Out of bounds values : 0 OK
0: # Avg bus bandwidth    : 91.6693 
0: #
0: # Collective test concluded: sendrecv_perf
0: #
0: 
0: 
0: ##### pass 12/20  pair g0-g2  sendrecv_perf
0: # nccl-tests version 2.17.8 nccl-headers=22903 nccl-library=22903
0: # Collective test starting: sendrecv_perf
0: # nThread 1 nGpus 2 minBytes 8388608 maxBytes 268435456 step: 2(factor) warmup iters: 5 iters: 20 agg iters: 1 validation: 1 graph: 0
0: #
0: # Using devices
0: #  Rank  0 Group  0 Pid 144949 on  nid007313 device  0 [0009:01:00] NVIDIA GH200 120GB
0: #  Rank  1 Group  0 Pid 144949 on  nid007313 device  1 [0029:01:00] NVIDIA GH200 120GB
0: #
0: #                                                              out-of-place                       in-place          
0: #       size         count      type   redop    root     time   algbw   busbw  #wrong     time   algbw   busbw  #wrong 
0: #        (B)    (elements)                               (us)  (GB/s)  (GB/s)             (us)  (GB/s)  (GB/s)         
0:      8388608       2097152     float     sum      -1   115.82   72.43   72.43       0   115.14   72.85   72.85    N/A
0:     16777216       4194304     float     sum      -1   221.40   75.78   75.78       0   219.03   76.60   76.60    N/A
0:     33554432       8388608     float     sum      -1   421.89   79.53   79.53       0   420.74   79.75   79.75    N/A
0:     67108864      16777216     float     sum      -1   818.40   82.00   82.00       0   827.19   81.13   81.13    N/A
0:    134217728      33554432     float     sum      -1  1125.91  119.21  119.21       0  1122.37  119.58  119.58    N/A
0:    268435456      67108864     float     sum      -1  2213.05  121.30  121.30       0  2209.48  121.49  121.49    N/A
0: # Out of bounds values : 0 OK
0: # Avg bus bandwidth    : 91.8045 
0: #
0: # Collective test concluded: sendrecv_perf
0: #
0: 
0: 
0: ##### pass 12/20  pair g0-g3  sendrecv_perf
0: # nccl-tests version 2.17.8 nccl-headers=22903 nccl-library=22903
0: # Collective test starting: sendrecv_perf
0: # nThread 1 nGpus 2 minBytes 8388608 maxBytes 268435456 step: 2(factor) warmup iters: 5 iters: 20 agg iters: 1 validation: 1 graph: 0
0: #
0: # Using devices
0: #  Rank  0 Group  0 Pid 144985 on  nid007313 device  0 [0009:01:00] NVIDIA GH200 120GB
0: #  Rank  1 Group  0 Pid 144985 on  nid007313 device  1 [0039:01:00] NVIDIA GH200 120GB
0: #
0: #                                                              out-of-place                       in-place          
0: #       size         count      type   redop    root     time   algbw   busbw  #wrong     time   algbw   busbw  #wrong 
0: #        (B)    (elements)                               (us)  (GB/s)  (GB/s)             (us)  (GB/s)  (GB/s)         
0:      8388608       2097152     float     sum      -1   115.82   72.43   72.43       0   115.56   72.59   72.59    N/A
0:     16777216       4194304     float     sum      -1   217.79   77.03   77.03       0   223.56   75.04   75.04    N/A
0:     33554432       8388608     float     sum      -1   424.70   79.01   79.01       0   423.90   79.16   79.16    N/A
0:     67108864      16777216     float     sum      -1   819.99   81.84   81.84       0   821.09   81.73   81.73    N/A
0:    134217728      33554432     float     sum      -1  1122.85  119.53  119.53       0  1121.91  119.63  119.63    N/A
0:    268435456      67108864     float     sum      -1  2212.28  121.34  121.34       0  2209.34  121.50  121.50    N/A
0: # Out of bounds values : 0 OK
0: # Avg bus bandwidth    : 91.7363 
0: #
0: # Collective test concluded: sendrecv_perf
0: #
0: 
0: 
0: ##### pass 12/20  pair g1-g2  sendrecv_perf
0: # nccl-tests version 2.17.8 nccl-headers=22903 nccl-library=22903
0: # Collective test starting: sendrecv_perf
0: # nThread 1 nGpus 2 minBytes 8388608 maxBytes 268435456 step: 2(factor) warmup iters: 5 iters: 20 agg iters: 1 validation: 1 graph: 0
0: #
0: # Using devices
0: #  Rank  0 Group  0 Pid 145039 on  nid007313 device  0 [0019:01:00] NVIDIA GH200 120GB
0: #  Rank  1 Group  0 Pid 145039 on  nid007313 device  1 [0029:01:00] NVIDIA GH200 120GB
0: #
0: #                                                              out-of-place                       in-place          
0: #       size         count      type   redop    root     time   algbw   busbw  #wrong     time   algbw   busbw  #wrong 
0: #        (B)    (elements)                               (us)  (GB/s)  (GB/s)             (us)  (GB/s)  (GB/s)         
0:      8388608       2097152     float     sum      -1   118.86   70.58   70.58       0   117.52   71.38   71.38    N/A
0:     16777216       4194304     float     sum      -1   221.17   75.86   75.86       0   216.12   77.63   77.63    N/A
0:     33554432       8388608     float     sum      -1   420.53   79.79   79.79       0   420.26   79.84   79.84    N/A
0:     67108864      16777216     float     sum      -1   809.27   82.93   82.93       0   818.26   82.01   82.01    N/A
0:    134217728      33554432     float     sum      -1  1122.03  119.62  119.62       0  1117.14  120.14  120.14    N/A
0:    268435456      67108864     float     sum      -1  2210.48  121.44  121.44       0  2205.77  121.70  121.70    N/A
0: # Out of bounds values : 0 OK
0: # Avg bus bandwidth    : 91.9094 
0: #
0: # Collective test concluded: sendrecv_perf
0: #
0: 
0: 
0: ##### pass 12/20  pair g1-g3  sendrecv_perf
0: # nccl-tests version 2.17.8 nccl-headers=22903 nccl-library=22903
0: # Collective test starting: sendrecv_perf
0: # nThread 1 nGpus 2 minBytes 8388608 maxBytes 268435456 step: 2(factor) warmup iters: 5 iters: 20 agg iters: 1 validation: 1 graph: 0
0: #
0: # Using devices
0: #  Rank  0 Group  0 Pid 145075 on  nid007313 device  0 [0019:01:00] NVIDIA GH200 120GB
0: #  Rank  1 Group  0 Pid 145075 on  nid007313 device  1 [0039:01:00] NVIDIA GH200 120GB
0: #
0: #                                                              out-of-place                       in-place          
0: #       size         count      type   redop    root     time   algbw   busbw  #wrong     time   algbw   busbw  #wrong 
0: #        (B)    (elements)                               (us)  (GB/s)  (GB/s)             (us)  (GB/s)  (GB/s)         
0:      8388608       2097152     float     sum      -1   116.25   72.16   72.16       0   115.77   72.46   72.46    N/A
0:     16777216       4194304     float     sum      -1   219.41   76.47   76.47       0   224.01   74.90   74.90    N/A
0:     33554432       8388608     float     sum      -1   421.54   79.60   79.60       0   424.91   78.97   78.97    N/A
0:     67108864      16777216     float     sum      -1   812.40   82.61   82.61       0   826.60   81.19   81.19    N/A
0:    134217728      33554432     float     sum      -1  1123.06  119.51  119.51       0  1118.85  119.96  119.96    N/A
0:    268435456      67108864     float     sum      -1  2207.89  121.58  121.58       0  2215.09  121.18  121.18    N/A
0: # Out of bounds values : 0 OK
0: # Avg bus bandwidth    : 91.7146 
0: #
0: # Collective test concluded: sendrecv_perf
0: #
0: 
0: 
0: ##### pass 12/20  pair g2-g3  sendrecv_perf
0: # nccl-tests version 2.17.8 nccl-headers=22903 nccl-library=22903
0: # Collective test starting: sendrecv_perf
0: # nThread 1 nGpus 2 minBytes 8388608 maxBytes 268435456 step: 2(factor) warmup iters: 5 iters: 20 agg iters: 1 validation: 1 graph: 0
0: #
0: # Using devices
0: #  Rank  0 Group  0 Pid 145110 on  nid007313 device  0 [0029:01:00] NVIDIA GH200 120GB
0: #  Rank  1 Group  0 Pid 145110 on  nid007313 device  1 [0039:01:00] NVIDIA GH200 120GB
0: #
0: #                                                              out-of-place                       in-place          
0: #       size         count      type   redop    root     time   algbw   busbw  #wrong     time   algbw   busbw  #wrong 
0: #        (B)    (elements)                               (us)  (GB/s)  (GB/s)             (us)  (GB/s)  (GB/s)         
0:      8388608       2097152     float     sum      -1   115.85   72.41   72.41       0   115.56   72.59   72.59    N/A
0:     16777216       4194304     float     sum      -1   220.18   76.20   76.20       0   219.34   76.49   76.49    N/A
0:     33554432       8388608     float     sum      -1   420.42   79.81   79.81       0   424.10   79.12   79.12    N/A
0:     67108864      16777216     float     sum      -1   814.96   82.35   82.35       0   820.59   81.78   81.78    N/A
0:    134217728      33554432     float     sum      -1  1126.00  119.20  119.20       0  1123.45  119.47  119.47    N/A
0:    268435456      67108864     float     sum      -1  2206.43  121.66  121.66       0  2203.80  121.81  121.81    N/A
0: # Out of bounds values : 0 OK
0: # Avg bus bandwidth    : 91.9066 
0: #
0: # Collective test concluded: sendrecv_perf
0: #
0: 
0: 
0: ##### pass 13/20  pair g0-g1  sendrecv_perf
0: # nccl-tests version 2.17.8 nccl-headers=22903 nccl-library=22903
0: # Collective test starting: sendrecv_perf
0: # nThread 1 nGpus 2 minBytes 8388608 maxBytes 268435456 step: 2(factor) warmup iters: 5 iters: 20 agg iters: 1 validation: 1 graph: 0
0: #
0: # Using devices
0: #  Rank  0 Group  0 Pid 145145 on  nid007313 device  0 [0009:01:00] NVIDIA GH200 120GB
0: #  Rank  1 Group  0 Pid 145145 on  nid007313 device  1 [0019:01:00] NVIDIA GH200 120GB
0: #
0: #                                                              out-of-place                       in-place          
0: #       size         count      type   redop    root     time   algbw   busbw  #wrong     time   algbw   busbw  #wrong 
0: #        (B)    (elements)                               (us)  (GB/s)  (GB/s)             (us)  (GB/s)  (GB/s)         
0:      8388608       2097152     float     sum      -1   115.40   72.69   72.69       0   115.37   72.71   72.71    N/A
0:     16777216       4194304     float     sum      -1   217.26   77.22   77.22       0   220.37   76.13   76.13    N/A
0:     33554432       8388608     float     sum      -1   420.10   79.87   79.87       0   421.60   79.59   79.59    N/A
0:     67108864      16777216     float     sum      -1   813.07   82.54   82.54       0   815.48   82.29   82.29    N/A
0:    134217728      33554432     float     sum      -1  1120.36  119.80  119.80       0  1125.09  119.30  119.30    N/A
0:    268435456      67108864     float     sum      -1  2210.71  121.42  121.42       0  2208.13  121.57  121.57    N/A
0: # Out of bounds values : 0 OK
0: # Avg bus bandwidth    : 92.0946 
0: #
0: # Collective test concluded: sendrecv_perf
0: #
0: 
0: 
0: ##### pass 13/20  pair g0-g2  sendrecv_perf
0: # nccl-tests version 2.17.8 nccl-headers=22903 nccl-library=22903
0: # Collective test starting: sendrecv_perf
0: # nThread 1 nGpus 2 minBytes 8388608 maxBytes 268435456 step: 2(factor) warmup iters: 5 iters: 20 agg iters: 1 validation: 1 graph: 0
0: #
0: # Using devices
0: #  Rank  0 Group  0 Pid 145202 on  nid007313 device  0 [0009:01:00] NVIDIA GH200 120GB
0: #  Rank  1 Group  0 Pid 145202 on  nid007313 device  1 [0029:01:00] NVIDIA GH200 120GB
0: #
0: #                                                              out-of-place                       in-place          
0: #       size         count      type   redop    root     time   algbw   busbw  #wrong     time   algbw   busbw  #wrong 
0: #        (B)    (elements)                               (us)  (GB/s)  (GB/s)             (us)  (GB/s)  (GB/s)         
0:      8388608       2097152     float     sum      -1   115.41   72.68   72.68       0   119.79   70.03   70.03    N/A
0:     16777216       4194304     float     sum      -1   218.08   76.93   76.93       0   218.55   76.77   76.77    N/A
0:     33554432       8388608     float     sum      -1   420.73   79.75   79.75       0   420.50   79.80   79.80    N/A
0:     67108864      16777216     float     sum      -1   814.31   82.41   82.41       0   815.77   82.26   82.26    N/A
0:    134217728      33554432     float     sum      -1  1124.81  119.32  119.32       0  1125.51  119.25  119.25    N/A
0:    268435456      67108864     float     sum      -1  2208.54  121.54  121.54       0  2206.68  121.65  121.65    N/A
0: # Out of bounds values : 0 OK
0: # Avg bus bandwidth    : 91.8672 
0: #
0: # Collective test concluded: sendrecv_perf
0: #
0: 
0: 
0: ##### pass 13/20  pair g0-g3  sendrecv_perf
0: # nccl-tests version 2.17.8 nccl-headers=22903 nccl-library=22903
0: # Collective test starting: sendrecv_perf
0: # nThread 1 nGpus 2 minBytes 8388608 maxBytes 268435456 step: 2(factor) warmup iters: 5 iters: 20 agg iters: 1 validation: 1 graph: 0
0: #
0: # Using devices
0: #  Rank  0 Group  0 Pid 145237 on  nid007313 device  0 [0009:01:00] NVIDIA GH200 120GB
0: #  Rank  1 Group  0 Pid 145237 on  nid007313 device  1 [0039:01:00] NVIDIA GH200 120GB
0: #
0: #                                                              out-of-place                       in-place          
0: #       size         count      type   redop    root     time   algbw   busbw  #wrong     time   algbw   busbw  #wrong 
0: #        (B)    (elements)                               (us)  (GB/s)  (GB/s)             (us)  (GB/s)  (GB/s)         
0:      8388608       2097152     float     sum      -1   115.99   72.32   72.32       0   115.31   72.75   72.75    N/A
0:     16777216       4194304     float     sum      -1   222.93   75.26   75.26       0   221.10   75.88   75.88    N/A
0:     33554432       8388608     float     sum      -1   423.00   79.32   79.32       0   421.91   79.53   79.53    N/A
0:     67108864      16777216     float     sum      -1   819.59   81.88   81.88       0   822.11   81.63   81.63    N/A
0:    134217728      33554432     float     sum      -1  1120.34  119.80  119.80       0  1117.36  120.12  120.12    N/A
0:    268435456      67108864     float     sum      -1  2210.68  121.43  121.43       0  2210.89  121.41  121.41    N/A
0: # Out of bounds values : 0 OK
0: # Avg bus bandwidth    : 91.7784 
0: #
0: # Collective test concluded: sendrecv_perf
0: #
0: 
0: 
0: ##### pass 13/20  pair g1-g2  sendrecv_perf
0: # nccl-tests version 2.17.8 nccl-headers=22903 nccl-library=22903
0: # Collective test starting: sendrecv_perf
0: # nThread 1 nGpus 2 minBytes 8388608 maxBytes 268435456 step: 2(factor) warmup iters: 5 iters: 20 agg iters: 1 validation: 1 graph: 0
0: #
0: # Using devices
0: #  Rank  0 Group  0 Pid 145269 on  nid007313 device  0 [0019:01:00] NVIDIA GH200 120GB
0: #  Rank  1 Group  0 Pid 145269 on  nid007313 device  1 [0029:01:00] NVIDIA GH200 120GB
0: #
0: #                                                              out-of-place                       in-place          
0: #       size         count      type   redop    root     time   algbw   busbw  #wrong     time   algbw   busbw  #wrong 
0: #        (B)    (elements)                               (us)  (GB/s)  (GB/s)             (us)  (GB/s)  (GB/s)         
0:      8388608       2097152     float     sum      -1   115.98   72.33   72.33       0   119.92   69.95   69.95    N/A
0:     16777216       4194304     float     sum      -1   217.69   77.07   77.07       0   217.20   77.24   77.24    N/A
0:     33554432       8388608     float     sum      -1   419.54   79.98   79.98       0   421.10   79.68   79.68    N/A
0:     67108864      16777216     float     sum      -1   813.65   82.48   82.48       0   823.73   81.47   81.47    N/A
0:    134217728      33554432     float     sum      -1  1124.22  119.39  119.39       0  1119.83  119.86  119.86    N/A
0:    268435456      67108864     float     sum      -1  2209.67  121.48  121.48       0  2205.22  121.73  121.73    N/A
0: # Out of bounds values : 0 OK
0: # Avg bus bandwidth    : 91.8876 
0: #
0: # Collective test concluded: sendrecv_perf
0: #
0: 
0: 
0: ##### pass 13/20  pair g1-g3  sendrecv_perf
0: # nccl-tests version 2.17.8 nccl-headers=22903 nccl-library=22903
0: # Collective test starting: sendrecv_perf
0: # nThread 1 nGpus 2 minBytes 8388608 maxBytes 268435456 step: 2(factor) warmup iters: 5 iters: 20 agg iters: 1 validation: 1 graph: 0
0: #
0: # Using devices
0: #  Rank  0 Group  0 Pid 145311 on  nid007313 device  0 [0019:01:00] NVIDIA GH200 120GB
0: #  Rank  1 Group  0 Pid 145311 on  nid007313 device  1 [0039:01:00] NVIDIA GH200 120GB
0: #
0: #                                                              out-of-place                       in-place          
0: #       size         count      type   redop    root     time   algbw   busbw  #wrong     time   algbw   busbw  #wrong 
0: #        (B)    (elements)                               (us)  (GB/s)  (GB/s)             (us)  (GB/s)  (GB/s)         
0:      8388608       2097152     float     sum      -1   116.10   72.25   72.25       0   115.82   72.43   72.43    N/A
0:     16777216       4194304     float     sum      -1   222.32   75.46   75.46       0   218.73   76.70   76.70    N/A
0:     33554432       8388608     float     sum      -1   421.90   79.53   79.53       0   423.33   79.26   79.26    N/A
0:     67108864      16777216     float     sum      -1   812.61   82.58   82.58       0   823.89   81.45   81.45    N/A
0:    134217728      33554432     float     sum      -1  1119.51  119.89  119.89       0  1125.91  119.21  119.21    N/A
0:    268435456      67108864     float     sum      -1  2199.14  122.06  122.06       0  2206.82  121.64  121.64    N/A
0: # Out of bounds values : 0 OK
0: # Avg bus bandwidth    : 91.8736 
0: #
0: # Collective test concluded: sendrecv_perf
0: #
0: 
0: 
0: ##### pass 13/20  pair g2-g3  sendrecv_perf
0: # nccl-tests version 2.17.8 nccl-headers=22903 nccl-library=22903
0: # Collective test starting: sendrecv_perf
0: # nThread 1 nGpus 2 minBytes 8388608 maxBytes 268435456 step: 2(factor) warmup iters: 5 iters: 20 agg iters: 1 validation: 1 graph: 0
0: #
0: # Using devices
0: #  Rank  0 Group  0 Pid 145365 on  nid007313 device  0 [0029:01:00] NVIDIA GH200 120GB
0: #  Rank  1 Group  0 Pid 145365 on  nid007313 device  1 [0039:01:00] NVIDIA GH200 120GB
0: #
0: #                                                              out-of-place                       in-place          
0: #       size         count      type   redop    root     time   algbw   busbw  #wrong     time   algbw   busbw  #wrong 
0: #        (B)    (elements)                               (us)  (GB/s)  (GB/s)             (us)  (GB/s)  (GB/s)         
0:      8388608       2097152     float     sum      -1   115.69   72.51   72.51       0   116.52   71.99   71.99    N/A
0:     16777216       4194304     float     sum      -1   217.49   77.14   77.14       0   221.14   75.87   75.87    N/A
0:     33554432       8388608     float     sum      -1   422.19   79.48   79.48       0   421.54   79.60   79.60    N/A
0:     67108864      16777216     float     sum      -1   818.12   82.03   82.03       0   823.01   81.54   81.54    N/A
0:    134217728      33554432     float     sum      -1  1121.94  119.63  119.63       0  1120.07  119.83  119.83    N/A
0:    268435456      67108864     float     sum      -1  2205.11  121.73  121.73       0  2213.57  121.27  121.27    N/A
0: # Out of bounds values : 0 OK
0: # Avg bus bandwidth    : 91.8844 
0: #
0: # Collective test concluded: sendrecv_perf
0: #
0: 
0: 
0: ##### pass 14/20  pair g0-g1  sendrecv_perf
0: # nccl-tests version 2.17.8 nccl-headers=22903 nccl-library=22903
0: # Collective test starting: sendrecv_perf
0: # nThread 1 nGpus 2 minBytes 8388608 maxBytes 268435456 step: 2(factor) warmup iters: 5 iters: 20 agg iters: 1 validation: 1 graph: 0
0: #
0: # Using devices
0: #  Rank  0 Group  0 Pid 145400 on  nid007313 device  0 [0009:01:00] NVIDIA GH200 120GB
0: #  Rank  1 Group  0 Pid 145400 on  nid007313 device  1 [0019:01:00] NVIDIA GH200 120GB
0: #
0: #                                                              out-of-place                       in-place          
0: #       size         count      type   redop    root     time   algbw   busbw  #wrong     time   algbw   busbw  #wrong 
0: #        (B)    (elements)                               (us)  (GB/s)  (GB/s)             (us)  (GB/s)  (GB/s)         
0:      8388608       2097152     float     sum      -1   115.32   72.74   72.74       0   115.13   72.86   72.86    N/A
0:     16777216       4194304     float     sum      -1   219.05   76.59   76.59       0   218.83   76.67   76.67    N/A
0:     33554432       8388608     float     sum      -1   421.56   79.60   79.60       0   420.62   79.77   79.77    N/A
0:     67108864      16777216     float     sum      -1   815.45   82.30   82.30       0   818.35   82.00   82.00    N/A
0:    134217728      33554432     float     sum      -1  1118.16  120.03  120.03       0  1124.31  119.38  119.38    N/A
0:    268435456      67108864     float     sum      -1  2208.50  121.55  121.55       0  2199.43  122.05  122.05    N/A
0: # Out of bounds values : 0 OK
0: # Avg bus bandwidth    : 92.1286 
0: #
0: # Collective test concluded: sendrecv_perf
0: #
0: 
0: 
0: ##### pass 14/20  pair g0-g2  sendrecv_perf
0: # nccl-tests version 2.17.8 nccl-headers=22903 nccl-library=22903
0: # Collective test starting: sendrecv_perf
0: # nThread 1 nGpus 2 minBytes 8388608 maxBytes 268435456 step: 2(factor) warmup iters: 5 iters: 20 agg iters: 1 validation: 1 graph: 0
0: #
0: # Using devices
0: #  Rank  0 Group  0 Pid 145436 on  nid007313 device  0 [0009:01:00] NVIDIA GH200 120GB
0: #  Rank  1 Group  0 Pid 145436 on  nid007313 device  1 [0029:01:00] NVIDIA GH200 120GB
0: #
0: #                                                              out-of-place                       in-place          
0: #       size         count      type   redop    root     time   algbw   busbw  #wrong     time   algbw   busbw  #wrong 
0: #        (B)    (elements)                               (us)  (GB/s)  (GB/s)             (us)  (GB/s)  (GB/s)         
0:      8388608       2097152     float     sum      -1   115.29   72.76   72.76       0   119.76   70.05   70.05    N/A
0:     16777216       4194304     float     sum      -1   221.12   75.87   75.87       0   221.58   75.72   75.72    N/A
0:     33554432       8388608     float     sum      -1   420.68   79.76   79.76       0   419.60   79.97   79.97    N/A
0:     67108864      16777216     float     sum      -1   812.36   82.61   82.61       0   821.87   81.65   81.65    N/A
0:    134217728      33554432     float     sum      -1  1123.96  119.42  119.42       0  1125.22  119.28  119.28    N/A
0:    268435456      67108864     float     sum      -1  2206.46  121.66  121.66       0  2203.73  121.81  121.81    N/A
0: # Out of bounds values : 0 OK
0: # Avg bus bandwidth    : 91.7129 
0: #
0: # Collective test concluded: sendrecv_perf
0: #
0: 
0: 
0: ##### pass 14/20  pair g0-g3  sendrecv_perf
0: # nccl-tests version 2.17.8 nccl-headers=22903 nccl-library=22903
0: # Collective test starting: sendrecv_perf
0: # nThread 1 nGpus 2 minBytes 8388608 maxBytes 268435456 step: 2(factor) warmup iters: 5 iters: 20 agg iters: 1 validation: 1 graph: 0
0: #
0: # Using devices
0: #  Rank  0 Group  0 Pid 145472 on  nid007313 device  0 [0009:01:00] NVIDIA GH200 120GB
0: #  Rank  1 Group  0 Pid 145472 on  nid007313 device  1 [0039:01:00] NVIDIA GH200 120GB
0: #
0: #                                                              out-of-place                       in-place          
0: #       size         count      type   redop    root     time   algbw   busbw  #wrong     time   algbw   busbw  #wrong 
0: #        (B)    (elements)                               (us)  (GB/s)  (GB/s)             (us)  (GB/s)  (GB/s)         
0:      8388608       2097152     float     sum      -1   115.86   72.40   72.40       0   115.76   72.46   72.46    N/A
0:     16777216       4194304     float     sum      -1   218.98   76.62   76.62       0   217.36   77.18   77.18    N/A
0:     33554432       8388608     float     sum      -1   422.91   79.34   79.34       0   423.02   79.32   79.32    N/A
0:     67108864      16777216     float     sum      -1   816.95   82.15   82.15       0   822.66   81.58   81.58    N/A
0:    134217728      33554432     float     sum      -1  1125.69  119.23  119.23       0  1120.71  119.76  119.76    N/A
0:    268435456      67108864     float     sum      -1  2204.26  121.78  121.78       0  2207.34  121.61  121.61    N/A
0: # Out of bounds values : 0 OK
0: # Avg bus bandwidth    : 91.9531 
0: #
0: # Collective test concluded: sendrecv_perf
0: #
0: 
0: 
0: ##### pass 14/20  pair g1-g2  sendrecv_perf
0: # nccl-tests version 2.17.8 nccl-headers=22903 nccl-library=22903
0: # Collective test starting: sendrecv_perf
0: # nThread 1 nGpus 2 minBytes 8388608 maxBytes 268435456 step: 2(factor) warmup iters: 5 iters: 20 agg iters: 1 validation: 1 graph: 0
0: #
0: # Using devices
0: #  Rank  0 Group  0 Pid 145507 on  nid007313 device  0 [0019:01:00] NVIDIA GH200 120GB
0: #  Rank  1 Group  0 Pid 145507 on  nid007313 device  1 [0029:01:00] NVIDIA GH200 120GB
0: #
0: #                                                              out-of-place                       in-place          
0: #       size         count      type   redop    root     time   algbw   busbw  #wrong     time   algbw   busbw  #wrong 
0: #        (B)    (elements)                               (us)  (GB/s)  (GB/s)             (us)  (GB/s)  (GB/s)         
0:      8388608       2097152     float     sum      -1   115.72   72.49   72.49       0   114.90   73.01   73.01    N/A
0:     16777216       4194304     float     sum      -1   216.66   77.43   77.43       0   219.13   76.56   76.56    N/A
0:     33554432       8388608     float     sum      -1   420.81   79.74   79.74       0   421.34   79.64   79.64    N/A
0:     67108864      16777216     float     sum      -1   808.84   82.97   82.97       0   818.69   81.97   81.97    N/A
0:    134217728      33554432     float     sum      -1  1123.25  119.49  119.49       0  1122.94  119.52  119.52    N/A
0:    268435456      67108864     float     sum      -1  2213.16  121.29  121.29       0  2202.81  121.86  121.86    N/A
0: # Out of bounds values : 0 OK
0: # Avg bus bandwidth    : 92.165 
0: #
0: # Collective test concluded: sendrecv_perf
0: #
0: 
0: 
0: ##### pass 14/20  pair g1-g3  sendrecv_perf
0: # nccl-tests version 2.17.8 nccl-headers=22903 nccl-library=22903
0: # Collective test starting: sendrecv_perf
0: # nThread 1 nGpus 2 minBytes 8388608 maxBytes 268435456 step: 2(factor) warmup iters: 5 iters: 20 agg iters: 1 validation: 1 graph: 0
0: #
0: # Using devices
0: #  Rank  0 Group  0 Pid 145543 on  nid007313 device  0 [0019:01:00] NVIDIA GH200 120GB
0: #  Rank  1 Group  0 Pid 145543 on  nid007313 device  1 [0039:01:00] NVIDIA GH200 120GB
0: #
0: #                                                              out-of-place                       in-place          
0: #       size         count      type   redop    root     time   algbw   busbw  #wrong     time   algbw   busbw  #wrong 
0: #        (B)    (elements)                               (us)  (GB/s)  (GB/s)             (us)  (GB/s)  (GB/s)         
0:      8388608       2097152     float     sum      -1   116.12   72.24   72.24       0   115.25   72.78   72.78    N/A
0:     16777216       4194304     float     sum      -1   219.73   76.35   76.35       0   222.17   75.52   75.52    N/A
0:     33554432       8388608     float     sum      -1   420.87   79.73   79.73       0   420.90   79.72   79.72    N/A
0:     67108864      16777216     float     sum      -1   816.40   82.20   82.20       0   825.02   81.34   81.34    N/A
0:    134217728      33554432     float     sum      -1  1124.00  119.41  119.41       0  1115.72  120.30  120.30    N/A
0:    268435456      67108864     float     sum      -1  2203.74  121.81  121.81       0  2208.13  121.57  121.57    N/A
0: # Out of bounds values : 0 OK
0: # Avg bus bandwidth    : 91.914 
0: #
0: # Collective test concluded: sendrecv_perf
0: #
0: 
0: 
0: ##### pass 14/20  pair g2-g3  sendrecv_perf
0: # nccl-tests version 2.17.8 nccl-headers=22903 nccl-library=22903
0: # Collective test starting: sendrecv_perf
0: # nThread 1 nGpus 2 minBytes 8388608 maxBytes 268435456 step: 2(factor) warmup iters: 5 iters: 20 agg iters: 1 validation: 1 graph: 0
0: #
0: # Using devices
0: #  Rank  0 Group  0 Pid 145578 on  nid007313 device  0 [0029:01:00] NVIDIA GH200 120GB
0: #  Rank  1 Group  0 Pid 145578 on  nid007313 device  1 [0039:01:00] NVIDIA GH200 120GB
0: #
0: #                                                              out-of-place                       in-place          
0: #       size         count      type   redop    root     time   algbw   busbw  #wrong     time   algbw   busbw  #wrong 
0: #        (B)    (elements)                               (us)  (GB/s)  (GB/s)             (us)  (GB/s)  (GB/s)         
0:      8388608       2097152     float     sum      -1   116.08   72.27   72.27       0   115.29   72.76   72.76    N/A
0:     16777216       4194304     float     sum      -1   222.38   75.44   75.44       0   223.36   75.11   75.11    N/A
0:     33554432       8388608     float     sum      -1   420.94   79.71   79.71       0   423.16   79.29   79.29    N/A
0:     67108864      16777216     float     sum      -1   813.94   82.45   82.45       0   828.13   81.04   81.04    N/A
0:    134217728      33554432     float     sum      -1  1120.31  119.80  119.80       0  1125.81  119.22  119.22    N/A
0:    268435456      67108864     float     sum      -1  2213.37  121.28  121.28       0  2207.24  121.62  121.62    N/A
0: # Out of bounds values : 0 OK
0: # Avg bus bandwidth    : 91.6664 
0: #
0: # Collective test concluded: sendrecv_perf
0: #
0: 
0: 
0: ##### pass 15/20  pair g0-g1  sendrecv_perf
0: # nccl-tests version 2.17.8 nccl-headers=22903 nccl-library=22903
0: # Collective test starting: sendrecv_perf
0: # nThread 1 nGpus 2 minBytes 8388608 maxBytes 268435456 step: 2(factor) warmup iters: 5 iters: 20 agg iters: 1 validation: 1 graph: 0
0: #
0: # Using devices
0: #  Rank  0 Group  0 Pid 145614 on  nid007313 device  0 [0009:01:00] NVIDIA GH200 120GB
0: #  Rank  1 Group  0 Pid 145614 on  nid007313 device  1 [0019:01:00] NVIDIA GH200 120GB
0: #
0: #                                                              out-of-place                       in-place          
0: #       size         count      type   redop    root     time   algbw   busbw  #wrong     time   algbw   busbw  #wrong 
0: #        (B)    (elements)                               (us)  (GB/s)  (GB/s)             (us)  (GB/s)  (GB/s)         
0:      8388608       2097152     float     sum      -1   116.74   71.86   71.86       0   115.01   72.94   72.94    N/A
0:     16777216       4194304     float     sum      -1   217.21   77.24   77.24       0   219.08   76.58   76.58    N/A
0:     33554432       8388608     float     sum      -1   420.20   79.85   79.85       0   419.38   80.01   80.01    N/A
0:     67108864      16777216     float     sum      -1   814.87   82.36   82.36       0   815.22   82.32   82.32    N/A
0:    134217728      33554432     float     sum      -1  1122.97  119.52  119.52       0  1124.47  119.36  119.36    N/A
0:    268435456      67108864     float     sum      -1  2206.70  121.65  121.65       0  2205.26  121.73  121.73    N/A
0: # Out of bounds values : 0 OK
0: # Avg bus bandwidth    : 92.1169 
0: #
0: # Collective test concluded: sendrecv_perf
0: #
0: 
0: 
0: ##### pass 15/20  pair g0-g2  sendrecv_perf
0: # nccl-tests version 2.17.8 nccl-headers=22903 nccl-library=22903
0: # Collective test starting: sendrecv_perf
0: # nThread 1 nGpus 2 minBytes 8388608 maxBytes 268435456 step: 2(factor) warmup iters: 5 iters: 20 agg iters: 1 validation: 1 graph: 0
0: #
0: # Using devices
0: #  Rank  0 Group  0 Pid 145669 on  nid007313 device  0 [0009:01:00] NVIDIA GH200 120GB
0: #  Rank  1 Group  0 Pid 145669 on  nid007313 device  1 [0029:01:00] NVIDIA GH200 120GB
0: #
0: #                                                              out-of-place                       in-place          
0: #       size         count      type   redop    root     time   algbw   busbw  #wrong     time   algbw   busbw  #wrong 
0: #        (B)    (elements)                               (us)  (GB/s)  (GB/s)             (us)  (GB/s)  (GB/s)         
0:      8388608       2097152     float     sum      -1   118.09   71.04   71.04       0   118.12   71.02   71.02    N/A
0:     16777216       4194304     float     sum      -1   220.15   76.21   76.21       0   221.65   75.69   75.69    N/A
0:     33554432       8388608     float     sum      -1   419.28   80.03   80.03       0   419.00   80.08   80.08    N/A
0:     67108864      16777216     float     sum      -1   813.34   82.51   82.51       0   817.36   82.10   82.10    N/A
0:    134217728      33554432     float     sum      -1  1122.78  119.54  119.54       0  1116.22  120.24  120.24    N/A
0:    268435456      67108864     float     sum      -1  2211.88  121.36  121.36       0  2204.63  121.76  121.76    N/A
0: # Out of bounds values : 0 OK
0: # Avg bus bandwidth    : 91.7986 
0: #
0: # Collective test concluded: sendrecv_perf
0: #
0: 
0: 
0: ##### pass 15/20  pair g0-g3  sendrecv_perf
0: # nccl-tests version 2.17.8 nccl-headers=22903 nccl-library=22903
0: # Collective test starting: sendrecv_perf
0: # nThread 1 nGpus 2 minBytes 8388608 maxBytes 268435456 step: 2(factor) warmup iters: 5 iters: 20 agg iters: 1 validation: 1 graph: 0
0: #
0: # Using devices
0: #  Rank  0 Group  0 Pid 145704 on  nid007313 device  0 [0009:01:00] NVIDIA GH200 120GB
0: #  Rank  1 Group  0 Pid 145704 on  nid007313 device  1 [0039:01:00] NVIDIA GH200 120GB
0: #
0: #                                                              out-of-place                       in-place          
0: #       size         count      type   redop    root     time   algbw   busbw  #wrong     time   algbw   busbw  #wrong 
0: #        (B)    (elements)                               (us)  (GB/s)  (GB/s)             (us)  (GB/s)  (GB/s)         
0:      8388608       2097152     float     sum      -1   116.00   72.32   72.32       0   115.55   72.60   72.60    N/A
0:     16777216       4194304     float     sum      -1   220.86   75.96   75.96       0   221.14   75.87   75.87    N/A
0:     33554432       8388608     float     sum      -1   424.07   79.13   79.13       0   422.28   79.46   79.46    N/A
0:     67108864      16777216     float     sum      -1   819.86   81.85   81.85       0   822.81   81.56   81.56    N/A
0:    134217728      33554432     float     sum      -1  1120.57  119.78  119.78       0  1124.92  119.31  119.31    N/A
0:    268435456      67108864     float     sum      -1  2212.58  121.32  121.32       0  2208.74  121.53  121.53    N/A
0: # Out of bounds values : 0 OK
0: # Avg bus bandwidth    : 91.7236 
0: #
0: # Collective test concluded: sendrecv_perf
0: #
0: 
0: 
0: ##### pass 15/20  pair g1-g2  sendrecv_perf
0: # nccl-tests version 2.17.8 nccl-headers=22903 nccl-library=22903
0: # Collective test starting: sendrecv_perf
0: # nThread 1 nGpus 2 minBytes 8388608 maxBytes 268435456 step: 2(factor) warmup iters: 5 iters: 20 agg iters: 1 validation: 1 graph: 0
0: #
0: # Using devices
0: #  Rank  0 Group  0 Pid 145739 on  nid007313 device  0 [0019:01:00] NVIDIA GH200 120GB
0: #  Rank  1 Group  0 Pid 145739 on  nid007313 device  1 [0029:01:00] NVIDIA GH200 120GB
0: #
0: #                                                              out-of-place                       in-place          
0: #       size         count      type   redop    root     time   algbw   busbw  #wrong     time   algbw   busbw  #wrong 
0: #        (B)    (elements)                               (us)  (GB/s)  (GB/s)             (us)  (GB/s)  (GB/s)         
0:      8388608       2097152     float     sum      -1   115.43   72.67   72.67       0   115.39   72.70   72.70    N/A
0:     16777216       4194304     float     sum      -1   217.36   77.19   77.19       0   222.52   75.39   75.39    N/A
0:     33554432       8388608     float     sum      -1   420.26   79.84   79.84       0   421.80   79.55   79.55    N/A
0:     67108864      16777216     float     sum      -1   810.08   82.84   82.84       0   824.83   81.36   81.36    N/A
0:    134217728      33554432     float     sum      -1  1125.96  119.20  119.20       0  1121.16  119.71  119.71    N/A
0:    268435456      67108864     float     sum      -1  2210.07  121.46  121.46       0  2203.58  121.82  121.82    N/A
0: # Out of bounds values : 0 OK
0: # Avg bus bandwidth    : 91.9785 
0: #
0: # Collective test concluded: sendrecv_perf
0: #
0: 
0: 
0: ##### pass 15/20  pair g1-g3  sendrecv_perf
0: # nccl-tests version 2.17.8 nccl-headers=22903 nccl-library=22903
0: # Collective test starting: sendrecv_perf
0: # nThread 1 nGpus 2 minBytes 8388608 maxBytes 268435456 step: 2(factor) warmup iters: 5 iters: 20 agg iters: 1 validation: 1 graph: 0
0: #
0: # Using devices
0: #  Rank  0 Group  0 Pid 145775 on  nid007313 device  0 [0019:01:00] NVIDIA GH200 120GB
0: #  Rank  1 Group  0 Pid 145775 on  nid007313 device  1 [0039:01:00] NVIDIA GH200 120GB
0: #
0: #                                                              out-of-place                       in-place          
0: #       size         count      type   redop    root     time   algbw   busbw  #wrong     time   algbw   busbw  #wrong 
0: #        (B)    (elements)                               (us)  (GB/s)  (GB/s)             (us)  (GB/s)  (GB/s)         
0:      8388608       2097152     float     sum      -1   115.74   72.48   72.48       0   115.03   72.92   72.92    N/A
0:     16777216       4194304     float     sum      -1   218.74   76.70   76.70       0   216.80   77.39   77.39    N/A
0:     33554432       8388608     float     sum      -1   421.74   79.56   79.56       0   420.33   79.83   79.83    N/A
0:     67108864      16777216     float     sum      -1   805.66   83.30   83.30       0   818.97   81.94   81.94    N/A
0:    134217728      33554432     float     sum      -1  1129.94  118.78  118.78       0  1123.23  119.49  119.49    N/A
0:    268435456      67108864     float     sum      -1  2212.70  121.32  121.32       0  2207.19  121.62  121.62    N/A
0: # Out of bounds values : 0 OK
0: # Avg bus bandwidth    : 92.1107 
0: #
0: # Collective test concluded: sendrecv_perf
0: #
0: 
0: 
0: ##### pass 15/20  pair g2-g3  sendrecv_perf
0: # nccl-tests version 2.17.8 nccl-headers=22903 nccl-library=22903
0: # Collective test starting: sendrecv_perf
0: # nThread 1 nGpus 2 minBytes 8388608 maxBytes 268435456 step: 2(factor) warmup iters: 5 iters: 20 agg iters: 1 validation: 1 graph: 0
0: #
0: # Using devices
0: #  Rank  0 Group  0 Pid 145807 on  nid007313 device  0 [0029:01:00] NVIDIA GH200 120GB
0: #  Rank  1 Group  0 Pid 145807 on  nid007313 device  1 [0039:01:00] NVIDIA GH200 120GB
0: #
0: #                                                              out-of-place                       in-place          
0: #       size         count      type   redop    root     time   algbw   busbw  #wrong     time   algbw   busbw  #wrong 
0: #        (B)    (elements)                               (us)  (GB/s)  (GB/s)             (us)  (GB/s)  (GB/s)         
0:      8388608       2097152     float     sum      -1   116.24   72.16   72.16       0   120.91   69.38   69.38    N/A
0:     16777216       4194304     float     sum      -1   222.87   75.28   75.28       0   217.83   77.02   77.02    N/A
0:     33554432       8388608     float     sum      -1   422.28   79.46   79.46       0   422.21   79.47   79.47    N/A
0:     67108864      16777216     float     sum      -1   813.29   82.52   82.52       0   825.72   81.27   81.27    N/A
0:    134217728      33554432     float     sum      -1  1118.51  120.00  120.00       0  1118.64  119.98  119.98    N/A
0:    268435456      67108864     float     sum      -1  2213.77  121.26  121.26       0  2212.41  121.33  121.33    N/A
0: # Out of bounds values : 0 OK
0: # Avg bus bandwidth    : 91.5944 
0: #
0: # Collective test concluded: sendrecv_perf
0: #
0: 
0: 
0: ##### pass 16/20  pair g0-g1  sendrecv_perf
0: # nccl-tests version 2.17.8 nccl-headers=22903 nccl-library=22903
0: # Collective test starting: sendrecv_perf
0: # nThread 1 nGpus 2 minBytes 8388608 maxBytes 268435456 step: 2(factor) warmup iters: 5 iters: 20 agg iters: 1 validation: 1 graph: 0
0: #
0: # Using devices
0: #  Rank  0 Group  0 Pid 145842 on  nid007313 device  0 [0009:01:00] NVIDIA GH200 120GB
0: #  Rank  1 Group  0 Pid 145842 on  nid007313 device  1 [0019:01:00] NVIDIA GH200 120GB
0: #
0: #                                                              out-of-place                       in-place          
0: #       size         count      type   redop    root     time   algbw   busbw  #wrong     time   algbw   busbw  #wrong 
0: #        (B)    (elements)                               (us)  (GB/s)  (GB/s)             (us)  (GB/s)  (GB/s)         
0:      8388608       2097152     float     sum      -1   118.88   70.56   70.56       0   115.23   72.80   72.80    N/A
0:     16777216       4194304     float     sum      -1   219.97   76.27   76.27       0   219.82   76.32   76.32    N/A
0:     33554432       8388608     float     sum      -1   420.93   79.72   79.72       0   420.46   79.80   79.80    N/A
0:     67108864      16777216     float     sum      -1   810.29   82.82   82.82       0   818.40   82.00   82.00    N/A
0:    134217728      33554432     float     sum      -1  1115.78  120.29  120.29       0  1123.66  119.45  119.45    N/A
0:    268435456      67108864     float     sum      -1  2210.54  121.43  121.43       0  2204.68  121.76  121.76    N/A
0: # Out of bounds values : 0 OK
0: # Avg bus bandwidth    : 91.9354 
0: #
0: # Collective test concluded: sendrecv_perf
0: #
0: 
0: 
0: ##### pass 16/20  pair g0-g2  sendrecv_perf
0: # nccl-tests version 2.17.8 nccl-headers=22903 nccl-library=22903
0: # Collective test starting: sendrecv_perf
0: # nThread 1 nGpus 2 minBytes 8388608 maxBytes 268435456 step: 2(factor) warmup iters: 5 iters: 20 agg iters: 1 validation: 1 graph: 0
0: #
0: # Using devices
0: #  Rank  0 Group  0 Pid 145878 on  nid007313 device  0 [0009:01:00] NVIDIA GH200 120GB
0: #  Rank  1 Group  0 Pid 145878 on  nid007313 device  1 [0029:01:00] NVIDIA GH200 120GB
0: #
0: #                                                              out-of-place                       in-place          
0: #       size         count      type   redop    root     time   algbw   busbw  #wrong     time   algbw   busbw  #wrong 
0: #        (B)    (elements)                               (us)  (GB/s)  (GB/s)             (us)  (GB/s)  (GB/s)         
0:      8388608       2097152     float     sum      -1   118.32   70.90   70.90       0   115.58   72.58   72.58    N/A
0:     16777216       4194304     float     sum      -1   222.70   75.33   75.33       0   221.85   75.62   75.62    N/A
0:     33554432       8388608     float     sum      -1   422.14   79.49   79.49       0   423.69   79.20   79.20    N/A
0:     67108864      16777216     float     sum      -1   813.41   82.50   82.50       0   819.82   81.86   81.86    N/A
0:    134217728      33554432     float     sum      -1  1122.56  119.56  119.56       0  1119.51  119.89  119.89    N/A
0:    268435456      67108864     float     sum      -1  2207.97  121.58  121.58       0  2208.04  121.57  121.57    N/A
0: # Out of bounds values : 0 OK
0: # Avg bus bandwidth    : 91.6734 
0: #
0: # Collective test concluded: sendrecv_perf
0: #
0: 
0: 
0: ##### pass 16/20  pair g0-g3  sendrecv_perf
0: # nccl-tests version 2.17.8 nccl-headers=22903 nccl-library=22903
0: # Collective test starting: sendrecv_perf
0: # nThread 1 nGpus 2 minBytes 8388608 maxBytes 268435456 step: 2(factor) warmup iters: 5 iters: 20 agg iters: 1 validation: 1 graph: 0
0: #
0: # Using devices
0: #  Rank  0 Group  0 Pid 145932 on  nid007313 device  0 [0009:01:00] NVIDIA GH200 120GB
0: #  Rank  1 Group  0 Pid 145932 on  nid007313 device  1 [0039:01:00] NVIDIA GH200 120GB
0: #
0: #                                                              out-of-place                       in-place          
0: #       size         count      type   redop    root     time   algbw   busbw  #wrong     time   algbw   busbw  #wrong 
0: #        (B)    (elements)                               (us)  (GB/s)  (GB/s)             (us)  (GB/s)  (GB/s)         
0:      8388608       2097152     float     sum      -1   115.37   72.71   72.71       0   116.89   71.76   71.76    N/A
0:     16777216       4194304     float     sum      -1   217.21   77.24   77.24       0   220.62   76.05   76.05    N/A
0:     33554432       8388608     float     sum      -1   421.05   79.69   79.69       0   422.36   79.45   79.45    N/A
0:     67108864      16777216     float     sum      -1   810.09   82.84   82.84       0   816.81   82.16   82.16    N/A
0:    134217728      33554432     float     sum      -1  1122.12  119.61  119.61       0  1118.97  119.95  119.95    N/A
0:    268435456      67108864     float     sum      -1  2212.45  121.33  121.33       0  2209.30  121.50  121.50    N/A
0: # Out of bounds values : 0 OK
0: # Avg bus bandwidth    : 92.0242 
0: #
0: # Collective test concluded: sendrecv_perf
0: #
0: 
0: 
0: ##### pass 16/20  pair g1-g2  sendrecv_perf
0: # nccl-tests version 2.17.8 nccl-headers=22903 nccl-library=22903
0: # Collective test starting: sendrecv_perf
0: # nThread 1 nGpus 2 minBytes 8388608 maxBytes 268435456 step: 2(factor) warmup iters: 5 iters: 20 agg iters: 1 validation: 1 graph: 0
0: #
0: # Using devices
0: #  Rank  0 Group  0 Pid 145967 on  nid007313 device  0 [0019:01:00] NVIDIA GH200 120GB
0: #  Rank  1 Group  0 Pid 145967 on  nid007313 device  1 [0029:01:00] NVIDIA GH200 120GB
0: #
0: #                                                              out-of-place                       in-place          
0: #       size         count      type   redop    root     time   algbw   busbw  #wrong     time   algbw   busbw  #wrong 
0: #        (B)    (elements)                               (us)  (GB/s)  (GB/s)             (us)  (GB/s)  (GB/s)         
0:      8388608       2097152     float     sum      -1   119.27   70.33   70.33       0   115.69   72.51   72.51    N/A
0:     16777216       4194304     float     sum      -1   217.18   77.25   77.25       0   221.27   75.82   75.82    N/A
0:     33554432       8388608     float     sum      -1   421.31   79.64   79.64       0   423.43   79.24   79.24    N/A
0:     67108864      16777216     float     sum      -1   816.80   82.16   82.16       0   821.93   81.65   81.65    N/A
0:    134217728      33554432     float     sum      -1  1124.20  119.39  119.39       0  1121.18  119.71  119.71    N/A
0:    268435456      67108864     float     sum      -1  2205.58  121.71  121.71       0  2210.42  121.44  121.44    N/A
0: # Out of bounds values : 0 OK
0: # Avg bus bandwidth    : 91.7389 
0: #
0: # Collective test concluded: sendrecv_perf
0: #
0: 
0: 
0: ##### pass 16/20  pair g1-g3  sendrecv_perf
0: # nccl-tests version 2.17.8 nccl-headers=22903 nccl-library=22903
0: # Collective test starting: sendrecv_perf
0: # nThread 1 nGpus 2 minBytes 8388608 maxBytes 268435456 step: 2(factor) warmup iters: 5 iters: 20 agg iters: 1 validation: 1 graph: 0
0: #
0: # Using devices
0: #  Rank  0 Group  0 Pid 146003 on  nid007313 device  0 [0019:01:00] NVIDIA GH200 120GB
0: #  Rank  1 Group  0 Pid 146003 on  nid007313 device  1 [0039:01:00] NVIDIA GH200 120GB
0: #
0: #                                                              out-of-place                       in-place          
0: #       size         count      type   redop    root     time   algbw   busbw  #wrong     time   algbw   busbw  #wrong 
0: #        (B)    (elements)                               (us)  (GB/s)  (GB/s)             (us)  (GB/s)  (GB/s)         
0:      8388608       2097152     float     sum      -1   116.26   72.16   72.16       0   115.65   72.53   72.53    N/A
0:     16777216       4194304     float     sum      -1   222.21   75.50   75.50       0   219.53   76.42   76.42    N/A
0:     33554432       8388608     float     sum      -1   419.71   79.95   79.95       0   422.10   79.49   79.49    N/A
0:     67108864      16777216     float     sum      -1   811.06   82.74   82.74       0   827.60   81.09   81.09    N/A
0:    134217728      33554432     float     sum      -1  1123.50  119.46  119.46       0  1119.11  119.93  119.93    N/A
0:    268435456      67108864     float     sum      -1  2213.09  121.29  121.29       0  2209.71  121.48  121.48    N/A
0: # Out of bounds values : 0 OK
0: # Avg bus bandwidth    : 91.838 
0: #
0: # Collective test concluded: sendrecv_perf
0: #
0: 
0: 
0: ##### pass 16/20  pair g2-g3  sendrecv_perf
0: # nccl-tests version 2.17.8 nccl-headers=22903 nccl-library=22903
0: # Collective test starting: sendrecv_perf
0: # nThread 1 nGpus 2 minBytes 8388608 maxBytes 268435456 step: 2(factor) warmup iters: 5 iters: 20 agg iters: 1 validation: 1 graph: 0
0: #
0: # Using devices
0: #  Rank  0 Group  0 Pid 146038 on  nid007313 device  0 [0029:01:00] NVIDIA GH200 120GB
0: #  Rank  1 Group  0 Pid 146038 on  nid007313 device  1 [0039:01:00] NVIDIA GH200 120GB
0: #
0: #                                                              out-of-place                       in-place          
0: #       size         count      type   redop    root     time   algbw   busbw  #wrong     time   algbw   busbw  #wrong 
0: #        (B)    (elements)                               (us)  (GB/s)  (GB/s)             (us)  (GB/s)  (GB/s)         
0:      8388608       2097152     float     sum      -1   116.32   72.11   72.11       0   115.71   72.50   72.50    N/A
0:     16777216       4194304     float     sum      -1   222.00   75.57   75.57       0   218.56   76.76   76.76    N/A
0:     33554432       8388608     float     sum      -1   424.04   79.13   79.13       0   424.21   79.10   79.10    N/A
0:     67108864      16777216     float     sum      -1   815.26   82.32   82.32       0   822.65   81.58   81.58    N/A
0:    134217728      33554432     float     sum      -1  1117.98  120.05  120.05       0  1120.19  119.82  119.82    N/A
0:    268435456      67108864     float     sum      -1  2212.11  121.35  121.35       0  2212.29  121.34  121.34    N/A
0: # Out of bounds values : 0 OK
0: # Avg bus bandwidth    : 91.8022 
0: #
0: # Collective test concluded: sendrecv_perf
0: #
0: 
0: 
0: ##### pass 17/20  pair g0-g1  sendrecv_perf
0: # nccl-tests version 2.17.8 nccl-headers=22903 nccl-library=22903
0: # Collective test starting: sendrecv_perf
0: # nThread 1 nGpus 2 minBytes 8388608 maxBytes 268435456 step: 2(factor) warmup iters: 5 iters: 20 agg iters: 1 validation: 1 graph: 0
0: #
0: # Using devices
0: #  Rank  0 Group  0 Pid 146073 on  nid007313 device  0 [0009:01:00] NVIDIA GH200 120GB
0: #  Rank  1 Group  0 Pid 146073 on  nid007313 device  1 [0019:01:00] NVIDIA GH200 120GB
0: #
0: #                                                              out-of-place                       in-place          
0: #       size         count      type   redop    root     time   algbw   busbw  #wrong     time   algbw   busbw  #wrong 
0: #        (B)    (elements)                               (us)  (GB/s)  (GB/s)             (us)  (GB/s)  (GB/s)         
0:      8388608       2097152     float     sum      -1   115.18   72.83   72.83       0   115.28   72.77   72.77    N/A
0:     16777216       4194304     float     sum      -1   220.39   76.12   76.12       0   216.65   77.44   77.44    N/A
0:     33554432       8388608     float     sum      -1   419.55   79.98   79.98       0   421.71   79.57   79.57    N/A
0:     67108864      16777216     float     sum      -1   813.06   82.54   82.54       0   819.43   81.90   81.90    N/A
0:    134217728      33554432     float     sum      -1  1119.24  119.92  119.92       0  1123.15  119.50  119.50    N/A
0:    268435456      67108864     float     sum      -1  2208.17  121.56  121.56       0  2217.17  121.07  121.07    N/A
0: # Out of bounds values : 0 OK
0: # Avg bus bandwidth    : 92.0995 
0: #
0: # Collective test concluded: sendrecv_perf
0: #
0: 
0: 
0: ##### pass 17/20  pair g0-g2  sendrecv_perf
0: # nccl-tests version 2.17.8 nccl-headers=22903 nccl-library=22903
0: # Collective test starting: sendrecv_perf
0: # nThread 1 nGpus 2 minBytes 8388608 maxBytes 268435456 step: 2(factor) warmup iters: 5 iters: 20 agg iters: 1 validation: 1 graph: 0
0: #
0: # Using devices
0: #  Rank  0 Group  0 Pid 146109 on  nid007313 device  0 [0009:01:00] NVIDIA GH200 120GB
0: #  Rank  1 Group  0 Pid 146109 on  nid007313 device  1 [0029:01:00] NVIDIA GH200 120GB
0: #
0: #                                                              out-of-place                       in-place          
0: #       size         count      type   redop    root     time   algbw   busbw  #wrong     time   algbw   busbw  #wrong 
0: #        (B)    (elements)                               (us)  (GB/s)  (GB/s)             (us)  (GB/s)  (GB/s)         
0:      8388608       2097152     float     sum      -1   115.91   72.37   72.37       0   117.93   71.13   71.13    N/A
0:     16777216       4194304     float     sum      -1   217.66   77.08   77.08       0   217.13   77.27   77.27    N/A
0:     33554432       8388608     float     sum      -1   420.95   79.71   79.71       0   422.04   79.51   79.51    N/A
0:     67108864      16777216     float     sum      -1   818.58   81.98   81.98       0   819.18   81.92   81.92    N/A
0:    134217728      33554432     float     sum      -1  1123.05  119.51  119.51       0  1120.28  119.81  119.81    N/A
0:    268435456      67108864     float     sum      -1  2210.68  121.43  121.43       0  2208.68  121.54  121.54    N/A
0: # Out of bounds values : 0 OK
0: # Avg bus bandwidth    : 91.9378 
0: #
0: # Collective test concluded: sendrecv_perf
0: #
0: 
0: 
0: ##### pass 17/20  pair g0-g3  sendrecv_perf
0: # nccl-tests version 2.17.8 nccl-headers=22903 nccl-library=22903
0: # Collective test starting: sendrecv_perf
0: # nThread 1 nGpus 2 minBytes 8388608 maxBytes 268435456 step: 2(factor) warmup iters: 5 iters: 20 agg iters: 1 validation: 1 graph: 0
0: #
0: # Using devices
0: #  Rank  0 Group  0 Pid 146144 on  nid007313 device  0 [0009:01:00] NVIDIA GH200 120GB
0: #  Rank  1 Group  0 Pid 146144 on  nid007313 device  1 [0039:01:00] NVIDIA GH200 120GB
0: #
0: #                                                              out-of-place                       in-place          
0: #       size         count      type   redop    root     time   algbw   busbw  #wrong     time   algbw   busbw  #wrong 
0: #        (B)    (elements)                               (us)  (GB/s)  (GB/s)             (us)  (GB/s)  (GB/s)         
0:      8388608       2097152     float     sum      -1   115.56   72.59   72.59       0   115.42   72.68   72.68    N/A
0:     16777216       4194304     float     sum      -1   221.55   75.73   75.73       0   221.14   75.87   75.87    N/A
0:     33554432       8388608     float     sum      -1   421.20   79.66   79.66       0   422.50   79.42   79.42    N/A
0:     67108864      16777216     float     sum      -1   813.86   82.46   82.46       0   819.59   81.88   81.88    N/A
0:    134217728      33554432     float     sum      -1  1123.37  119.48  119.48       0  1122.88  119.53  119.53    N/A
0:    268435456      67108864     float     sum      -1  2212.50  121.33  121.33       0  2205.70  121.70  121.70    N/A
0: # Out of bounds values : 0 OK
0: # Avg bus bandwidth    : 91.8604 
0: #
0: # Collective test concluded: sendrecv_perf
0: #
0: 
0: 
0: ##### pass 17/20  pair g1-g2  sendrecv_perf
0: # nccl-tests version 2.17.8 nccl-headers=22903 nccl-library=22903
0: # Collective test starting: sendrecv_perf
0: # nThread 1 nGpus 2 minBytes 8388608 maxBytes 268435456 step: 2(factor) warmup iters: 5 iters: 20 agg iters: 1 validation: 1 graph: 0
0: #
0: # Using devices
0: #  Rank  0 Group  0 Pid 146179 on  nid007313 device  0 [0019:01:00] NVIDIA GH200 120GB
0: #  Rank  1 Group  0 Pid 146179 on  nid007313 device  1 [0029:01:00] NVIDIA GH200 120GB
0: #
0: #                                                              out-of-place                       in-place          
0: #       size         count      type   redop    root     time   algbw   busbw  #wrong     time   algbw   busbw  #wrong 
0: #        (B)    (elements)                               (us)  (GB/s)  (GB/s)             (us)  (GB/s)  (GB/s)         
0:      8388608       2097152     float     sum      -1   116.04   72.29   72.29       0   115.23   72.80   72.80    N/A
0:     16777216       4194304     float     sum      -1   220.38   76.13   76.13       0   217.67   77.08   77.08    N/A
0:     33554432       8388608     float     sum      -1   420.95   79.71   79.71       0   423.88   79.16   79.16    N/A
0:     67108864      16777216     float     sum      -1   814.86   82.36   82.36       0   822.48   81.59   81.59    N/A
0:    134217728      33554432     float     sum      -1  1121.80  119.65  119.65       0  1117.88  120.06  120.06    N/A
0:    268435456      67108864     float     sum      -1  2209.69  121.48  121.48       0  2207.57  121.60  121.60    N/A
0: # Out of bounds values : 0 OK
0: # Avg bus bandwidth    : 91.992 
0: #
0: # Collective test concluded: sendrecv_perf
0: #
0: 
0: 
0: ##### pass 17/20  pair g1-g3  sendrecv_perf
0: # nccl-tests version 2.17.8 nccl-headers=22903 nccl-library=22903
0: # Collective test starting: sendrecv_perf
0: # nThread 1 nGpus 2 minBytes 8388608 maxBytes 268435456 step: 2(factor) warmup iters: 5 iters: 20 agg iters: 1 validation: 1 graph: 0
0: #
0: # Using devices
0: #  Rank  0 Group  0 Pid 146233 on  nid007313 device  0 [0019:01:00] NVIDIA GH200 120GB
0: #  Rank  1 Group  0 Pid 146233 on  nid007313 device  1 [0039:01:00] NVIDIA GH200 120GB
0: #
0: #                                                              out-of-place                       in-place          
0: #       size         count      type   redop    root     time   algbw   busbw  #wrong     time   algbw   busbw  #wrong 
0: #        (B)    (elements)                               (us)  (GB/s)  (GB/s)             (us)  (GB/s)  (GB/s)         
0:      8388608       2097152     float     sum      -1   115.59   72.57   72.57       0   119.31   70.31   70.31    N/A
0:     16777216       4194304     float     sum      -1   221.37   75.79   75.79       0   220.67   76.03   76.03    N/A
0:     33554432       8388608     float     sum      -1   420.78   79.74   79.74       0   420.46   79.81   79.81    N/A
0:     67108864      16777216     float     sum      -1   806.48   83.21   83.21       0   821.99   81.64   81.64    N/A
0:    134217728      33554432     float     sum      -1  1120.28  119.81  119.81       0  1118.73  119.97  119.97    N/A
0:    268435456      67108864     float     sum      -1  2202.88  121.86  121.86       0  2208.97  121.52  121.52    N/A
0: # Out of bounds values : 0 OK
0: # Avg bus bandwidth    : 91.8548 
0: #
0: # Collective test concluded: sendrecv_perf
0: #
0: 
0: 
0: ##### pass 17/20  pair g2-g3  sendrecv_perf
0: # nccl-tests version 2.17.8 nccl-headers=22903 nccl-library=22903
0: # Collective test starting: sendrecv_perf
0: # nThread 1 nGpus 2 minBytes 8388608 maxBytes 268435456 step: 2(factor) warmup iters: 5 iters: 20 agg iters: 1 validation: 1 graph: 0
0: #
0: # Using devices
0: #  Rank  0 Group  0 Pid 146269 on  nid007313 device  0 [0029:01:00] NVIDIA GH200 120GB
0: #  Rank  1 Group  0 Pid 146269 on  nid007313 device  1 [0039:01:00] NVIDIA GH200 120GB
0: #
0: #                                                              out-of-place                       in-place          
0: #       size         count      type   redop    root     time   algbw   busbw  #wrong     time   algbw   busbw  #wrong 
0: #        (B)    (elements)                               (us)  (GB/s)  (GB/s)             (us)  (GB/s)  (GB/s)         
0:      8388608       2097152     float     sum      -1   115.53   72.61   72.61       0   118.25   70.94   70.94    N/A
0:     16777216       4194304     float     sum      -1   221.96   75.59   75.59       0   221.66   75.69   75.69    N/A
0:     33554432       8388608     float     sum      -1   421.03   79.70   79.70       0   420.09   79.87   79.87    N/A
0:     67108864      16777216     float     sum      -1   812.39   82.61   82.61       0   817.61   82.08   82.08    N/A
0:    134217728      33554432     float     sum      -1  1121.28  119.70  119.70       0  1121.74  119.65  119.65    N/A
0:    268435456      67108864     float     sum      -1  2211.25  121.40  121.40       0  2209.03  121.52  121.52    N/A
0: # Out of bounds values : 0 OK
0: # Avg bus bandwidth    : 91.7789 
0: #
0: # Collective test concluded: sendrecv_perf
0: #
0: 
0: 
0: ##### pass 18/20  pair g0-g1  sendrecv_perf
0: # nccl-tests version 2.17.8 nccl-headers=22903 nccl-library=22903
0: # Collective test starting: sendrecv_perf
0: # nThread 1 nGpus 2 minBytes 8388608 maxBytes 268435456 step: 2(factor) warmup iters: 5 iters: 20 agg iters: 1 validation: 1 graph: 0
0: #
0: # Using devices
0: #  Rank  0 Group  0 Pid 146303 on  nid007313 device  0 [0009:01:00] NVIDIA GH200 120GB
0: #  Rank  1 Group  0 Pid 146303 on  nid007313 device  1 [0019:01:00] NVIDIA GH200 120GB
0: #
0: #                                                              out-of-place                       in-place          
0: #       size         count      type   redop    root     time   algbw   busbw  #wrong     time   algbw   busbw  #wrong 
0: #        (B)    (elements)                               (us)  (GB/s)  (GB/s)             (us)  (GB/s)  (GB/s)         
0:      8388608       2097152     float     sum      -1   115.25   72.79   72.79       0   115.16   72.84   72.84    N/A
0:     16777216       4194304     float     sum      -1   218.57   76.76   76.76       0   217.48   77.14   77.14    N/A
0:     33554432       8388608     float     sum      -1   422.02   79.51   79.51       0   420.87   79.73   79.73    N/A
0:     67108864      16777216     float     sum      -1   812.24   82.62   82.62       0   817.34   82.11   82.11    N/A
0:    134217728      33554432     float     sum      -1  1119.43  119.90  119.90       0  1116.52  120.21  120.21    N/A
0:    268435456      67108864     float     sum      -1  2212.18  121.34  121.34       0  2210.06  121.46  121.46    N/A
0: # Out of bounds values : 0 OK
0: # Avg bus bandwidth    : 92.2009 
0: #
0: # Collective test concluded: sendrecv_perf
0: #
0: 
0: 
0: ##### pass 18/20  pair g0-g2  sendrecv_perf
0: # nccl-tests version 2.17.8 nccl-headers=22903 nccl-library=22903
0: # Collective test starting: sendrecv_perf
0: # nThread 1 nGpus 2 minBytes 8388608 maxBytes 268435456 step: 2(factor) warmup iters: 5 iters: 20 agg iters: 1 validation: 1 graph: 0
0: #
0: # Using devices
0: #  Rank  0 Group  0 Pid 146339 on  nid007313 device  0 [0009:01:00] NVIDIA GH200 120GB
0: #  Rank  1 Group  0 Pid 146339 on  nid007313 device  1 [0029:01:00] NVIDIA GH200 120GB
0: #
0: #                                                              out-of-place                       in-place          
0: #       size         count      type   redop    root     time   algbw   busbw  #wrong     time   algbw   busbw  #wrong 
0: #        (B)    (elements)                               (us)  (GB/s)  (GB/s)             (us)  (GB/s)  (GB/s)         
0:      8388608       2097152     float     sum      -1   115.38   72.70   72.70       0   114.93   72.99   72.99    N/A
0:     16777216       4194304     float     sum      -1   217.30   77.21   77.21       0   218.48   76.79   76.79    N/A
0:     33554432       8388608     float     sum      -1   423.45   79.24   79.24       0   422.64   79.39   79.39    N/A
0:     67108864      16777216     float     sum      -1   814.79   82.36   82.36       0   820.04   81.84   81.84    N/A
0:    134217728      33554432     float     sum      -1  1121.52  119.68  119.68       0  1116.49  120.21  120.21    N/A
0:    268435456      67108864     float     sum      -1  2212.57  121.32  121.32       0  2208.47  121.55  121.55    N/A
0: # Out of bounds values : 0 OK
0: # Avg bus bandwidth    : 92.1066 
0: #
0: # Collective test concluded: sendrecv_perf
0: #
0: 
0: 
0: ##### pass 18/20  pair g0-g3  sendrecv_perf
0: # nccl-tests version 2.17.8 nccl-headers=22903 nccl-library=22903
0: # Collective test starting: sendrecv_perf
0: # nThread 1 nGpus 2 minBytes 8388608 maxBytes 268435456 step: 2(factor) warmup iters: 5 iters: 20 agg iters: 1 validation: 1 graph: 0
0: #
0: # Using devices
0: #  Rank  0 Group  0 Pid 146375 on  nid007313 device  0 [0009:01:00] NVIDIA GH200 120GB
0: #  Rank  1 Group  0 Pid 146375 on  nid007313 device  1 [0039:01:00] NVIDIA GH200 120GB
0: #
0: #                                                              out-of-place                       in-place          
0: #       size         count      type   redop    root     time   algbw   busbw  #wrong     time   algbw   busbw  #wrong 
0: #        (B)    (elements)                               (us)  (GB/s)  (GB/s)             (us)  (GB/s)  (GB/s)         
0:      8388608       2097152     float     sum      -1   116.40   72.07   72.07       0   115.75   72.47   72.47    N/A
0:     16777216       4194304     float     sum      -1   222.58   75.38   75.38       0   222.87   75.28   75.28    N/A
0:     33554432       8388608     float     sum      -1   421.10   79.68   79.68       0   420.73   79.75   79.75    N/A
0:     67108864      16777216     float     sum      -1   821.61   81.68   81.68       0   820.59   81.78   81.78    N/A
0:    134217728      33554432     float     sum      -1  1121.44  119.68  119.68       0  1119.76  119.86  119.86    N/A
0:    268435456      67108864     float     sum      -1  2203.01  121.85  121.85       0  2207.06  121.63  121.63    N/A
0: # Out of bounds values : 0 OK
0: # Avg bus bandwidth    : 91.7599 
0: #
0: # Collective test concluded: sendrecv_perf
0: #
0: 
0: 
0: ##### pass 18/20  pair g1-g2  sendrecv_perf
0: # nccl-tests version 2.17.8 nccl-headers=22903 nccl-library=22903
0: # Collective test starting: sendrecv_perf
0: # nThread 1 nGpus 2 minBytes 8388608 maxBytes 268435456 step: 2(factor) warmup iters: 5 iters: 20 agg iters: 1 validation: 1 graph: 0
0: #
0: # Using devices
0: #  Rank  0 Group  0 Pid 146410 on  nid007313 device  0 [0019:01:00] NVIDIA GH200 120GB
0: #  Rank  1 Group  0 Pid 146410 on  nid007313 device  1 [0029:01:00] NVIDIA GH200 120GB
0: #
0: #                                                              out-of-place                       in-place          
0: #       size         count      type   redop    root     time   algbw   busbw  #wrong     time   algbw   busbw  #wrong 
0: #        (B)    (elements)                               (us)  (GB/s)  (GB/s)             (us)  (GB/s)  (GB/s)         
0:      8388608       2097152     float     sum      -1   119.97   69.92   69.92       0   119.88   69.98   69.98    N/A
0:     16777216       4194304     float     sum      -1   220.97   75.92   75.92       0   222.56   75.38   75.38    N/A
0:     33554432       8388608     float     sum      -1   419.44   80.00   80.00       0   423.66   79.20   79.20    N/A
0:     67108864      16777216     float     sum      -1   814.39   82.40   82.40       0   824.62   81.38   81.38    N/A
0:    134217728      33554432     float     sum      -1  1125.18  119.29  119.29       0  1117.95  120.06  120.06    N/A
0:    268435456      67108864     float     sum      -1  2205.22  121.73  121.73       0  2205.89  121.69  121.69    N/A
0: # Out of bounds values : 0 OK
0: # Avg bus bandwidth    : 91.4127 
0: #
0: # Collective test concluded: sendrecv_perf
0: #
0: 
0: 
0: ##### pass 18/20  pair g1-g3  sendrecv_perf
0: # nccl-tests version 2.17.8 nccl-headers=22903 nccl-library=22903
0: # Collective test starting: sendrecv_perf
0: # nThread 1 nGpus 2 minBytes 8388608 maxBytes 268435456 step: 2(factor) warmup iters: 5 iters: 20 agg iters: 1 validation: 1 graph: 0
0: #
0: # Using devices
0: #  Rank  0 Group  0 Pid 146445 on  nid007313 device  0 [0019:01:00] NVIDIA GH200 120GB
0: #  Rank  1 Group  0 Pid 146445 on  nid007313 device  1 [0039:01:00] NVIDIA GH200 120GB
0: #
0: #                                                              out-of-place                       in-place          
0: #       size         count      type   redop    root     time   algbw   busbw  #wrong     time   algbw   busbw  #wrong 
0: #        (B)    (elements)                               (us)  (GB/s)  (GB/s)             (us)  (GB/s)  (GB/s)         
0:      8388608       2097152     float     sum      -1   116.88   71.77   71.77       0   115.65   72.53   72.53    N/A
0:     16777216       4194304     float     sum      -1   223.00   75.23   75.23       0   220.53   76.08   76.08    N/A
0:     33554432       8388608     float     sum      -1   423.40   79.25   79.25       0   424.19   79.10   79.10    N/A
0:     67108864      16777216     float     sum      -1   815.63   82.28   82.28       0   827.78   81.07   81.07    N/A
0:    134217728      33554432     float     sum      -1  1126.78  119.12  119.12       0  1126.58  119.14  119.14    N/A
0:    268435456      67108864     float     sum      -1  2202.96  121.85  121.85       0  2209.57  121.49  121.49    N/A
0: # Out of bounds values : 0 OK
0: # Avg bus bandwidth    : 91.5761 
0: #
0: # Collective test concluded: sendrecv_perf
0: #
0: 
0: 
0: ##### pass 18/20  pair g2-g3  sendrecv_perf
0: # nccl-tests version 2.17.8 nccl-headers=22903 nccl-library=22903
0: # Collective test starting: sendrecv_perf
0: # nThread 1 nGpus 2 minBytes 8388608 maxBytes 268435456 step: 2(factor) warmup iters: 5 iters: 20 agg iters: 1 validation: 1 graph: 0
0: #
0: # Using devices
0: #  Rank  0 Group  0 Pid 146499 on  nid007313 device  0 [0029:01:00] NVIDIA GH200 120GB
0: #  Rank  1 Group  0 Pid 146499 on  nid007313 device  1 [0039:01:00] NVIDIA GH200 120GB
0: #
0: #                                                              out-of-place                       in-place          
0: #       size         count      type   redop    root     time   algbw   busbw  #wrong     time   algbw   busbw  #wrong 
0: #        (B)    (elements)                               (us)  (GB/s)  (GB/s)             (us)  (GB/s)  (GB/s)         
0:      8388608       2097152     float     sum      -1   116.05   72.28   72.28       0   115.84   72.41   72.41    N/A
0:     16777216       4194304     float     sum      -1   217.68   77.07   77.07       0   218.53   76.77   76.77    N/A
0:     33554432       8388608     float     sum      -1   422.79   79.36   79.36       0   424.05   79.13   79.13    N/A
0:     67108864      16777216     float     sum      -1   814.72   82.37   82.37       0   824.10   81.43   81.43    N/A
0:    134217728      33554432     float     sum      -1  1123.51  119.46  119.46       0  1119.34  119.91  119.91    N/A
0:    268435456      67108864     float     sum      -1  2215.07  121.19  121.19       0  2213.08  121.29  121.29    N/A
0: # Out of bounds values : 0 OK
0: # Avg bus bandwidth    : 91.891 
0: #
0: # Collective test concluded: sendrecv_perf
0: #
0: 
0: 
0: ##### pass 19/20  pair g0-g1  sendrecv_perf
0: # nccl-tests version 2.17.8 nccl-headers=22903 nccl-library=22903
0: # Collective test starting: sendrecv_perf
0: # nThread 1 nGpus 2 minBytes 8388608 maxBytes 268435456 step: 2(factor) warmup iters: 5 iters: 20 agg iters: 1 validation: 1 graph: 0
0: #
0: # Using devices
0: #  Rank  0 Group  0 Pid 146534 on  nid007313 device  0 [0009:01:00] NVIDIA GH200 120GB
0: #  Rank  1 Group  0 Pid 146534 on  nid007313 device  1 [0019:01:00] NVIDIA GH200 120GB
0: #
0: #                                                              out-of-place                       in-place          
0: #       size         count      type   redop    root     time   algbw   busbw  #wrong     time   algbw   busbw  #wrong 
0: #        (B)    (elements)                               (us)  (GB/s)  (GB/s)             (us)  (GB/s)  (GB/s)         
0:      8388608       2097152     float     sum      -1   117.53   71.37   71.37       0   119.29   70.32   70.32    N/A
0:     16777216       4194304     float     sum      -1   218.12   76.92   76.92       0   216.94   77.34   77.34    N/A
0:     33554432       8388608     float     sum      -1   419.30   80.03   80.03       0   419.84   79.92   79.92    N/A
0:     67108864      16777216     float     sum      -1   813.36   82.51   82.51       0   817.65   82.07   82.07    N/A
0:    134217728      33554432     float     sum      -1  1121.89  119.64  119.64       0  1119.03  119.94  119.94    N/A
0:    268435456      67108864     float     sum      -1  2211.52  121.38  121.38       0  2204.72  121.75  121.75    N/A
0: # Out of bounds values : 0 OK
0: # Avg bus bandwidth    : 91.9329 
0: #
0: # Collective test concluded: sendrecv_perf
0: #
0: 
0: 
0: ##### pass 19/20  pair g0-g2  sendrecv_perf
0: # nccl-tests version 2.17.8 nccl-headers=22903 nccl-library=22903
0: # Collective test starting: sendrecv_perf
0: # nThread 1 nGpus 2 minBytes 8388608 maxBytes 268435456 step: 2(factor) warmup iters: 5 iters: 20 agg iters: 1 validation: 1 graph: 0
0: #
0: # Using devices
0: #  Rank  0 Group  0 Pid 146569 on  nid007313 device  0 [0009:01:00] NVIDIA GH200 120GB
0: #  Rank  1 Group  0 Pid 146569 on  nid007313 device  1 [0029:01:00] NVIDIA GH200 120GB
0: #
0: #                                                              out-of-place                       in-place          
0: #       size         count      type   redop    root     time   algbw   busbw  #wrong     time   algbw   busbw  #wrong 
0: #        (B)    (elements)                               (us)  (GB/s)  (GB/s)             (us)  (GB/s)  (GB/s)         
0:      8388608       2097152     float     sum      -1   120.25   69.76   69.76       0   115.61   72.56   72.56    N/A
0:     16777216       4194304     float     sum      -1   222.44   75.42   75.42       0   220.00   76.26   76.26    N/A
0:     33554432       8388608     float     sum      -1   420.42   79.81   79.81       0   422.41   79.44   79.44    N/A
0:     67108864      16777216     float     sum      -1   814.82   82.36   82.36       0   821.77   81.66   81.66    N/A
0:    134217728      33554432     float     sum      -1  1119.62  119.88  119.88       0  1118.78  119.97  119.97    N/A
0:    268435456      67108864     float     sum      -1  2214.60  121.21  121.21       0  2208.74  121.53  121.53    N/A
0: # Out of bounds values : 0 OK
0: # Avg bus bandwidth    : 91.6557 
0: #
0: # Collective test concluded: sendrecv_perf
0: #
0: 
0: 
0: ##### pass 19/20  pair g0-g3  sendrecv_perf
0: # nccl-tests version 2.17.8 nccl-headers=22903 nccl-library=22903
0: # Collective test starting: sendrecv_perf
0: # nThread 1 nGpus 2 minBytes 8388608 maxBytes 268435456 step: 2(factor) warmup iters: 5 iters: 20 agg iters: 1 validation: 1 graph: 0
0: #
0: # Using devices
0: #  Rank  0 Group  0 Pid 146605 on  nid007313 device  0 [0009:01:00] NVIDIA GH200 120GB
0: #  Rank  1 Group  0 Pid 146605 on  nid007313 device  1 [0039:01:00] NVIDIA GH200 120GB
0: #
0: #                                                              out-of-place                       in-place          
0: #       size         count      type   redop    root     time   algbw   busbw  #wrong     time   algbw   busbw  #wrong 
0: #        (B)    (elements)                               (us)  (GB/s)  (GB/s)             (us)  (GB/s)  (GB/s)         
0:      8388608       2097152     float     sum      -1   116.47   72.02   72.02       0   116.71   71.88   71.88    N/A
0:     16777216       4194304     float     sum      -1   222.09   75.54   75.54       0   217.74   77.05   77.05    N/A
0:     33554432       8388608     float     sum      -1   421.11   79.68   79.68       0   423.03   79.32   79.32    N/A
0:     67108864      16777216     float     sum      -1   814.94   82.35   82.35       0   821.16   81.72   81.72    N/A
0:    134217728      33554432     float     sum      -1  1122.47  119.57  119.57       0  1123.66  119.45  119.45    N/A
0:    268435456      67108864     float     sum      -1  2211.72  121.37  121.37       0  2208.38  121.55  121.55    N/A
0: # Out of bounds values : 0 OK
0: # Avg bus bandwidth    : 91.7925 
0: #
0: # Collective test concluded: sendrecv_perf
0: #
0: 
0: 
0: ##### pass 19/20  pair g1-g2  sendrecv_perf
0: # nccl-tests version 2.17.8 nccl-headers=22903 nccl-library=22903
0: # Collective test starting: sendrecv_perf
0: # nThread 1 nGpus 2 minBytes 8388608 maxBytes 268435456 step: 2(factor) warmup iters: 5 iters: 20 agg iters: 1 validation: 1 graph: 0
0: #
0: # Using devices
0: #  Rank  0 Group  0 Pid 146640 on  nid007313 device  0 [0019:01:00] NVIDIA GH200 120GB
0: #  Rank  1 Group  0 Pid 146640 on  nid007313 device  1 [0029:01:00] NVIDIA GH200 120GB
0: #
0: #                                                              out-of-place                       in-place          
0: #       size         count      type   redop    root     time   algbw   busbw  #wrong     time   algbw   busbw  #wrong 
0: #        (B)    (elements)                               (us)  (GB/s)  (GB/s)             (us)  (GB/s)  (GB/s)         
0:      8388608       2097152     float     sum      -1   116.04   72.29   72.29       0   115.39   72.70   72.70    N/A
0:     16777216       4194304     float     sum      -1   217.78   77.04   77.04       0   217.91   76.99   76.99    N/A
0:     33554432       8388608     float     sum      -1   423.68   79.20   79.20       0   423.62   79.21   79.21    N/A
0:     67108864      16777216     float     sum      -1   815.61   82.28   82.28       0   825.30   81.31   81.31    N/A
0:    134217728      33554432     float     sum      -1  1119.22  119.92  119.92       0  1126.40  119.16  119.16    N/A
0:    268435456      67108864     float     sum      -1  2215.05  121.19  121.19       0  2207.33  121.61  121.61    N/A
0: # Out of bounds values : 0 OK
0: # Avg bus bandwidth    : 91.9076 
0: #
0: # Collective test concluded: sendrecv_perf
0: #
0: 
0: 
0: ##### pass 19/20  pair g1-g3  sendrecv_perf
0: # nccl-tests version 2.17.8 nccl-headers=22903 nccl-library=22903
0: # Collective test starting: sendrecv_perf
0: # nThread 1 nGpus 2 minBytes 8388608 maxBytes 268435456 step: 2(factor) warmup iters: 5 iters: 20 agg iters: 1 validation: 1 graph: 0
0: #
0: # Using devices
0: #  Rank  0 Group  0 Pid 146675 on  nid007313 device  0 [0019:01:00] NVIDIA GH200 120GB
0: #  Rank  1 Group  0 Pid 146675 on  nid007313 device  1 [0039:01:00] NVIDIA GH200 120GB
0: #
0: #                                                              out-of-place                       in-place          
0: #       size         count      type   redop    root     time   algbw   busbw  #wrong     time   algbw   busbw  #wrong 
0: #        (B)    (elements)                               (us)  (GB/s)  (GB/s)             (us)  (GB/s)  (GB/s)         
0:      8388608       2097152     float     sum      -1   116.20   72.19   72.19       0   115.58   72.58   72.58    N/A
0:     16777216       4194304     float     sum      -1   223.69   75.00   75.00       0   218.57   76.76   76.76    N/A
0:     33554432       8388608     float     sum      -1   419.54   79.98   79.98       0   422.63   79.39   79.39    N/A
0:     67108864      16777216     float     sum      -1   816.25   82.22   82.22       0   826.01   81.24   81.24    N/A
0:    134217728      33554432     float     sum      -1  1120.83  119.75  119.75       0  1126.43  119.15  119.15    N/A
0:    268435456      67108864     float     sum      -1  2210.18  121.45  121.45       0  2203.90  121.80  121.80    N/A
0: # Out of bounds values : 0 OK
0: # Avg bus bandwidth    : 91.7937 
0: #
0: # Collective test concluded: sendrecv_perf
0: #
0: 
0: 
0: ##### pass 19/20  pair g2-g3  sendrecv_perf
0: # nccl-tests version 2.17.8 nccl-headers=22903 nccl-library=22903
0: # Collective test starting: sendrecv_perf
0: # nThread 1 nGpus 2 minBytes 8388608 maxBytes 268435456 step: 2(factor) warmup iters: 5 iters: 20 agg iters: 1 validation: 1 graph: 0
0: #
0: # Using devices
0: #  Rank  0 Group  0 Pid 146711 on  nid007313 device  0 [0029:01:00] NVIDIA GH200 120GB
0: #  Rank  1 Group  0 Pid 146711 on  nid007313 device  1 [0039:01:00] NVIDIA GH200 120GB
0: #
0: #                                                              out-of-place                       in-place          
0: #       size         count      type   redop    root     time   algbw   busbw  #wrong     time   algbw   busbw  #wrong 
0: #        (B)    (elements)                               (us)  (GB/s)  (GB/s)             (us)  (GB/s)  (GB/s)         
0:      8388608       2097152     float     sum      -1   116.35   72.10   72.10       0   116.24   72.17   72.17    N/A
0:     16777216       4194304     float     sum      -1   222.44   75.43   75.43       0   223.62   75.03   75.03    N/A
0:     33554432       8388608     float     sum      -1   422.12   79.49   79.49       0   426.40   78.69   78.69    N/A
0:     67108864      16777216     float     sum      -1   816.32   82.21   82.21       0   827.52   81.10   81.10    N/A
0:    134217728      33554432     float     sum      -1  1119.58  119.88  119.88       0  1119.20  119.92  119.92    N/A
0:    268435456      67108864     float     sum      -1  2208.37  121.55  121.55       0  2212.59  121.32  121.32    N/A
0: # Out of bounds values : 0 OK
0: # Avg bus bandwidth    : 91.574 
0: #
0: # Collective test concluded: sendrecv_perf
0: #
0: 
0: 
0: ##### pass 20/20  pair g0-g1  sendrecv_perf
0: # nccl-tests version 2.17.8 nccl-headers=22903 nccl-library=22903
0: # Collective test starting: sendrecv_perf
0: # nThread 1 nGpus 2 minBytes 8388608 maxBytes 268435456 step: 2(factor) warmup iters: 5 iters: 20 agg iters: 1 validation: 1 graph: 0
0: #
0: # Using devices
0: #  Rank  0 Group  0 Pid 146746 on  nid007313 device  0 [0009:01:00] NVIDIA GH200 120GB
0: #  Rank  1 Group  0 Pid 146746 on  nid007313 device  1 [0019:01:00] NVIDIA GH200 120GB
0: #
0: #                                                              out-of-place                       in-place          
0: #       size         count      type   redop    root     time   algbw   busbw  #wrong     time   algbw   busbw  #wrong 
0: #        (B)    (elements)                               (us)  (GB/s)  (GB/s)             (us)  (GB/s)  (GB/s)         
0:      8388608       2097152     float     sum      -1   115.53   72.61   72.61       0   116.67   71.90   71.90    N/A
0:     16777216       4194304     float     sum      -1   217.06   77.29   77.29       0   217.03   77.30   77.30    N/A
0:     33554432       8388608     float     sum      -1   420.77   79.75   79.75       0   422.26   79.46   79.46    N/A
0:     67108864      16777216     float     sum      -1   815.92   82.25   82.25       0   821.40   81.70   81.70    N/A
0:    134217728      33554432     float     sum      -1  1124.31  119.38  119.38       0  1122.67  119.55  119.55    N/A
0:    268435456      67108864     float     sum      -1  2213.70  121.26  121.26       0  2200.07  122.01  122.01    N/A
0: # Out of bounds values : 0 OK
0: # Avg bus bandwidth    : 92.0393 
0: #
0: # Collective test concluded: sendrecv_perf
0: #
0: 
0: 
0: ##### pass 20/20  pair g0-g2  sendrecv_perf
0: # nccl-tests version 2.17.8 nccl-headers=22903 nccl-library=22903
0: # Collective test starting: sendrecv_perf
0: # nThread 1 nGpus 2 minBytes 8388608 maxBytes 268435456 step: 2(factor) warmup iters: 5 iters: 20 agg iters: 1 validation: 1 graph: 0
0: #
0: # Using devices
0: #  Rank  0 Group  0 Pid 146800 on  nid007313 device  0 [0009:01:00] NVIDIA GH200 120GB
0: #  Rank  1 Group  0 Pid 146800 on  nid007313 device  1 [0029:01:00] NVIDIA GH200 120GB
0: #
0: #                                                              out-of-place                       in-place          
0: #       size         count      type   redop    root     time   algbw   busbw  #wrong     time   algbw   busbw  #wrong 
0: #        (B)    (elements)                               (us)  (GB/s)  (GB/s)             (us)  (GB/s)  (GB/s)         
0:      8388608       2097152     float     sum      -1   115.79   72.44   72.44       0   118.61   70.72   70.72    N/A
0:     16777216       4194304     float     sum      -1   217.85   77.01   77.01       0   222.88   75.28   75.28    N/A
0:     33554432       8388608     float     sum      -1   421.43   79.62   79.62       0   421.84   79.54   79.54    N/A
0:     67108864      16777216     float     sum      -1   814.92   82.35   82.35       0   819.37   81.90   81.90    N/A
0:    134217728      33554432     float     sum      -1  1122.68  119.55  119.55       0  1116.55  120.21  120.21    N/A
0:    268435456      67108864     float     sum      -1  2204.35  121.78  121.78       0  2207.98  121.58  121.58    N/A
0: # Out of bounds values : 0 OK
0: # Avg bus bandwidth    : 91.832 
0: #
0: # Collective test concluded: sendrecv_perf
0: #
0: 
0: 
0: ##### pass 20/20  pair g0-g3  sendrecv_perf
0: # nccl-tests version 2.17.8 nccl-headers=22903 nccl-library=22903
0: # Collective test starting: sendrecv_perf
0: # nThread 1 nGpus 2 minBytes 8388608 maxBytes 268435456 step: 2(factor) warmup iters: 5 iters: 20 agg iters: 1 validation: 1 graph: 0
0: #
0: # Using devices
0: #  Rank  0 Group  0 Pid 146836 on  nid007313 device  0 [0009:01:00] NVIDIA GH200 120GB
0: #  Rank  1 Group  0 Pid 146836 on  nid007313 device  1 [0039:01:00] NVIDIA GH200 120GB
0: #
0: #                                                              out-of-place                       in-place          
0: #       size         count      type   redop    root     time   algbw   busbw  #wrong     time   algbw   busbw  #wrong 
0: #        (B)    (elements)                               (us)  (GB/s)  (GB/s)             (us)  (GB/s)  (GB/s)         
0:      8388608       2097152     float     sum      -1   116.00   72.32   72.32       0   119.87   69.98   69.98    N/A
0:     16777216       4194304     float     sum      -1   223.53   75.06   75.06       0   221.48   75.75   75.75    N/A
0:     33554432       8388608     float     sum      -1   426.11   78.75   78.75       0   424.72   79.00   79.00    N/A
0:     67108864      16777216     float     sum      -1   814.43   82.40   82.40       0   828.15   81.03   81.03    N/A
0:    134217728      33554432     float     sum      -1  1120.37  119.80  119.80       0  1122.74  119.54  119.54    N/A
0:    268435456      67108864     float     sum      -1  2214.37  121.22  121.22       0  2214.72  121.20  121.20    N/A
0: # Out of bounds values : 0 OK
0: # Avg bus bandwidth    : 91.3385 
0: #
0: # Collective test concluded: sendrecv_perf
0: #
0: 
0: 
0: ##### pass 20/20  pair g1-g2  sendrecv_perf
0: # nccl-tests version 2.17.8 nccl-headers=22903 nccl-library=22903
0: # Collective test starting: sendrecv_perf
0: # nThread 1 nGpus 2 minBytes 8388608 maxBytes 268435456 step: 2(factor) warmup iters: 5 iters: 20 agg iters: 1 validation: 1 graph: 0
0: #
0: # Using devices
0: #  Rank  0 Group  0 Pid 146868 on  nid007313 device  0 [0019:01:00] NVIDIA GH200 120GB
0: #  Rank  1 Group  0 Pid 146868 on  nid007313 device  1 [0029:01:00] NVIDIA GH200 120GB
0: #
0: #                                                              out-of-place                       in-place          
0: #       size         count      type   redop    root     time   algbw   busbw  #wrong     time   algbw   busbw  #wrong 
0: #        (B)    (elements)                               (us)  (GB/s)  (GB/s)             (us)  (GB/s)  (GB/s)         
0:      8388608       2097152     float     sum      -1   115.90   72.38   72.38       0   115.75   72.47   72.47    N/A
0:     16777216       4194304     float     sum      -1   221.30   75.81   75.81       0   217.02   77.31   77.31    N/A
0:     33554432       8388608     float     sum      -1   422.48   79.42   79.42       0   422.75   79.37   79.37    N/A
0:     67108864      16777216     float     sum      -1   812.62   82.58   82.58       0   820.98   81.74   81.74    N/A
0:    134217728      33554432     float     sum      -1  1122.52  119.57  119.57       0  1127.11  119.08  119.08    N/A
0:    268435456      67108864     float     sum      -1  2210.62  121.43  121.43       0  2207.84  121.58  121.58    N/A
0: # Out of bounds values : 0 OK
0: # Avg bus bandwidth    : 91.896 
0: #
0: # Collective test concluded: sendrecv_perf
0: #
0: 
0: 
0: ##### pass 20/20  pair g1-g3  sendrecv_perf
0: # nccl-tests version 2.17.8 nccl-headers=22903 nccl-library=22903
0: # Collective test starting: sendrecv_perf
0: # nThread 1 nGpus 2 minBytes 8388608 maxBytes 268435456 step: 2(factor) warmup iters: 5 iters: 20 agg iters: 1 validation: 1 graph: 0
0: #
0: # Using devices
0: #  Rank  0 Group  0 Pid 146905 on  nid007313 device  0 [0019:01:00] NVIDIA GH200 120GB
0: #  Rank  1 Group  0 Pid 146905 on  nid007313 device  1 [0039:01:00] NVIDIA GH200 120GB
0: #
0: #                                                              out-of-place                       in-place          
0: #       size         count      type   redop    root     time   algbw   busbw  #wrong     time   algbw   busbw  #wrong 
0: #        (B)    (elements)                               (us)  (GB/s)  (GB/s)             (us)  (GB/s)  (GB/s)         
0:      8388608       2097152     float     sum      -1   116.46   72.03   72.03       0   116.09   72.26   72.26    N/A
0:     16777216       4194304     float     sum      -1   222.58   75.38   75.38       0   222.57   75.38   75.38    N/A
0:     33554432       8388608     float     sum      -1   421.12   79.68   79.68       0   422.71   79.38   79.38    N/A
0:     67108864      16777216     float     sum      -1   813.08   82.54   82.54       0   819.74   81.87   81.87    N/A
0:    134217728      33554432     float     sum      -1  1120.91  119.74  119.74       0  1121.85  119.64  119.64    N/A
0:    268435456      67108864     float     sum      -1  2215.63  121.16  121.16       0  2214.83  121.20  121.20    N/A
0: # Out of bounds values : 0 OK
0: # Avg bus bandwidth    : 91.6868 
0: #
0: # Collective test concluded: sendrecv_perf
0: #
0: 
0: 
0: ##### pass 20/20  pair g2-g3  sendrecv_perf
0: # nccl-tests version 2.17.8 nccl-headers=22903 nccl-library=22903
0: # Collective test starting: sendrecv_perf
0: # nThread 1 nGpus 2 minBytes 8388608 maxBytes 268435456 step: 2(factor) warmup iters: 5 iters: 20 agg iters: 1 validation: 1 graph: 0
0: #
0: # Using devices
0: #  Rank  0 Group  0 Pid 146941 on  nid007313 device  0 [0029:01:00] NVIDIA GH200 120GB
0: #  Rank  1 Group  0 Pid 146941 on  nid007313 device  1 [0039:01:00] NVIDIA GH200 120GB
0: #
0: #                                                              out-of-place                       in-place          
0: #       size         count      type   redop    root     time   algbw   busbw  #wrong     time   algbw   busbw  #wrong 
0: #        (B)    (elements)                               (us)  (GB/s)  (GB/s)             (us)  (GB/s)  (GB/s)         
0:      8388608       2097152     float     sum      -1   116.34   72.11   72.11       0   118.44   70.83   70.83    N/A
0:     16777216       4194304     float     sum      -1   222.42   75.43   75.43       0   222.45   75.42   75.42    N/A
0:     33554432       8388608     float     sum      -1   424.16   79.11   79.11       0   424.92   78.97   78.97    N/A
0:     67108864      16777216     float     sum      -1   816.13   82.23   82.23       0   827.46   81.10   81.10    N/A
0:    134217728      33554432     float     sum      -1  1128.24  118.96  118.96       0  1123.23  119.49  119.49    N/A
0:    268435456      67108864     float     sum      -1  2203.58  121.82  121.82       0  2209.96  121.47  121.47    N/A
0: # Out of bounds values : 0 OK
0: # Avg bus bandwidth    : 91.4106 
0: #
0: # Collective test concluded: sendrecv_perf
0: #
0: 
0: === nvlink error counters AFTER ===
0: GPU 0: NVIDIA GH200 120GB (UUID: GPU-748e1b83-1294-a0bc-6b94-7eb8b608dd6a)
0: 	 Link 0: Replay Errors: 0
0: 	 Link 0: Recovery Errors: 0
0: 	 Link 0: CRC Errors: 0
0: 
0: 	 Link 1: Replay Errors: 0
0: 	 Link 1: Recovery Errors: 0
0: 	 Link 1: CRC Errors: 0
0: 
0: 	 Link 2: Replay Errors: 0
0: 	 Link 2: Recovery Errors: 0
0: 	 Link 2: CRC Errors: 0
0: 
0: 	 Link 3: Replay Errors: 0
0: 	 Link 3: Recovery Errors: 0
0: 	 Link 3: CRC Errors: 0
0: 
0: 	 Link 4: Replay Errors: 0
0: 	 Link 4: Recovery Errors: 0
0: 	 Link 4: CRC Errors: 0
0: 
0: 	 Link 5: Replay Errors: 0
0: 	 Link 5: Recovery Errors: 0
0: 	 Link 5: CRC Errors: 0
0: 
0: 	 Link 6: Replay Errors: 0
0: 	 Link 6: Recovery Errors: 0
0: 	 Link 6: CRC Errors: 0
0: 
0: 	 Link 7: Replay Errors: 0
0: 	 Link 7: Recovery Errors: 0
0: 	 Link 7: CRC Errors: 0
0: 
0: 	 Link 8: Replay Errors: 0
0: 	 Link 8: Recovery Errors: 0
0: 	 Link 8: CRC Errors: 0
0: 
0: 	 Link 9: Replay Errors: 0
0: 	 Link 9: Recovery Errors: 0
0: 	 Link 9: CRC Errors: 0
0: 
0: 	 Link 10: Replay Errors: 0
0: 	 Link 10: Recovery Errors: 0
0: 	 Link 10: CRC Errors: 0
0: 
0: 	 Link 11: Replay Errors: 0
0: 	 Link 11: Recovery Errors: 0
0: 	 Link 11: CRC Errors: 0
0: 
0: 	 Link 12: Replay Errors: 0
0: 	 Link 12: Recovery Errors: 0
0: 	 Link 12: CRC Errors: 0
0: 
0: 	 Link 13: Replay Errors: 0
0: 	 Link 13: Recovery Errors: 0
0: 	 Link 13: CRC Errors: 1
0: 
0: 	 Link 14: Replay Errors: 0
0: 	 Link 14: Recovery Errors: 0
0: 	 Link 14: CRC Errors: 0
0: 
0: 	 Link 15: Replay Errors: 0
0: 	 Link 15: Recovery Errors: 0
0: 	 Link 15: CRC Errors: 1
0: 
0: 	 Link 16: Replay Errors: 0
0: 	 Link 16: Recovery Errors: 0
0: 	 Link 16: CRC Errors: 0
0: 
0: 	 Link 17: Replay Errors: 0
0: 	 Link 17: Recovery Errors: 0
0: 	 Link 17: CRC Errors: 0
0: 
0: GPU 1: NVIDIA GH200 120GB (UUID: GPU-3b3527b6-b016-7004-ce6f-5d127895549a)
0: 	 Link 0: Replay Errors: 0
0: 	 Link 0: Recovery Errors: 0
0: 	 Link 0: CRC Errors: 0
0: 
0: 	 Link 1: Replay Errors: 0
0: 	 Link 1: Recovery Errors: 0
0: 	 Link 1: CRC Errors: 0
0: 
0: 	 Link 2: Replay Errors: 0
0: 	 Link 2: Recovery Errors: 0
0: 	 Link 2: CRC Errors: 0
0: 
0: 	 Link 3: Replay Errors: 0
0: 	 Link 3: Recovery Errors: 0
0: 	 Link 3: CRC Errors: 0
0: 
0: 	 Link 4: Replay Errors: 0
0: 	 Link 4: Recovery Errors: 0
0: 	 Link 4: CRC Errors: 0
0: 
0: 	 Link 5: Replay Errors: 0
0: 	 Link 5: Recovery Errors: 0
0: 	 Link 5: CRC Errors: 0
0: 
0: 	 Link 6: Replay Errors: 0
0: 	 Link 6: Recovery Errors: 0
0: 	 Link 6: CRC Errors: 0
0: 
0: 	 Link 7: Replay Errors: 0
0: 	 Link 7: Recovery Errors: 0
0: 	 Link 7: CRC Errors: 0
0: 
0: 	 Link 8: Replay Errors: 0
0: 	 Link 8: Recovery Errors: 0
0: 	 Link 8: CRC Errors: 0
0: 
0: 	 Link 9: Replay Errors: 0
0: 	 Link 9: Recovery Errors: 0
0: 	 Link 9: CRC Errors: 0
0: 
0: 	 Link 10: Replay Errors: 0
0: 	 Link 10: Recovery Errors: 0
0: 	 Link 10: CRC Errors: 0
0: 
0: 	 Link 11: Replay Errors: 0
0: 	 Link 11: Recovery Errors: 0
0: 	 Link 11: CRC Errors: 0
0: 
0: 	 Link 12: Replay Errors: 0
0: 	 Link 12: Recovery Errors: 0
0: 	 Link 12: CRC Errors: 0
0: 
0: 	 Link 13: Replay Errors: 0
0: 	 Link 13: Recovery Errors: 0
0: 	 Link 13: CRC Errors: 0
0: 
0: 	 Link 14: Replay Errors: 0
0: 	 Link 14: Recovery Errors: 0
0: 	 Link 14: CRC Errors: 0
0: 
0: 	 Link 15: Replay Errors: 0
0: 	 Link 15: Recovery Errors: 0
0: 	 Link 15: CRC Errors: 0
0: 
0: 	 Link 16: Replay Errors: 0
0: 	 Link 16: Recovery Errors: 0
0: 	 Link 16: CRC Errors: 0
0: 
0: 	 Link 17: Replay Errors: 0
0: 	 Link 17: Recovery Errors: 0
0: 	 Link 17: CRC Errors: 0
0: 
0: GPU 2: NVIDIA GH200 120GB (UUID: GPU-84aa8ef8-0059-7f15-a9d1-84d18c5028cd)
0: 	 Link 0: Replay Errors: 0
0: 	 Link 0: Recovery Errors: 0
0: 	 Link 0: CRC Errors: 0
0: 
0: 	 Link 1: Replay Errors: 0
0: 	 Link 1: Recovery Errors: 0
0: 	 Link 1: CRC Errors: 0
0: 
0: 	 Link 2: Replay Errors: 0
0: 	 Link 2: Recovery Errors: 0
0: 	 Link 2: CRC Errors: 0
0: 
0: 	 Link 3: Replay Errors: 0
0: 	 Link 3: Recovery Errors: 0
0: 	 Link 3: CRC Errors: 0
0: 
0: 	 Link 4: Replay Errors: 0
0: 	 Link 4: Recovery Errors: 0
0: 	 Link 4: CRC Errors: 0
0: 
0: 	 Link 5: Replay Errors: 0
0: 	 Link 5: Recovery Errors: 0
0: 	 Link 5: CRC Errors: 0
0: 
0: 	 Link 6: Replay Errors: 0
0: 	 Link 6: Recovery Errors: 0
0: 	 Link 6: CRC Errors: 0
0: 
0: 	 Link 7: Replay Errors: 0
0: 	 Link 7: Recovery Errors: 0
0: 	 Link 7: CRC Errors: 0
0: 
0: 	 Link 8: Replay Errors: 0
0: 	 Link 8: Recovery Errors: 0
0: 	 Link 8: CRC Errors: 0
0: 
0: 	 Link 9: Replay Errors: 0
0: 	 Link 9: Recovery Errors: 0
0: 	 Link 9: CRC Errors: 0
0: 
0: 	 Link 10: Replay Errors: 0
0: 	 Link 10: Recovery Errors: 0
0: 	 Link 10: CRC Errors: 0
0: 
0: 	 Link 11: Replay Errors: 0
0: 	 Link 11: Recovery Errors: 0
0: 	 Link 11: CRC Errors: 0
0: 
0: 	 Link 12: Replay Errors: 0
0: 	 Link 12: Recovery Errors: 0
0: 	 Link 12: CRC Errors: 0
0: 
0: 	 Link 13: Replay Errors: 0
0: 	 Link 13: Recovery Errors: 0
0: 	 Link 13: CRC Errors: 0
0: 
0: 	 Link 14: Replay Errors: 0
0: 	 Link 14: Recovery Errors: 0
0: 	 Link 14: CRC Errors: 0
0: 
0: 	 Link 15: Replay Errors: 0
0: 	 Link 15: Recovery Errors: 0
0: 	 Link 15: CRC Errors: 0
0: 
0: 	 Link 16: Replay Errors: 0
0: 	 Link 16: Recovery Errors: 0
0: 	 Link 16: CRC Errors: 0
0: 
0: 	 Link 17: Replay Errors: 0
0: 	 Link 17: Recovery Errors: 0
0: 	 Link 17: CRC Errors: 0
0: 
0: GPU 3: NVIDIA GH200 120GB (UUID: GPU-a380ab1e-277a-ac95-c5ee-90a40624b174)
0: 	 Link 0: Replay Errors: 0
0: 	 Link 0: Recovery Errors: 0
0: 	 Link 0: CRC Errors: 0
0: 
0: 	 Link 1: Replay Errors: 0
0: 	 Link 1: Recovery Errors: 0
0: 	 Link 1: CRC Errors: 0
0: 
0: 	 Link 2: Replay Errors: 0
0: 	 Link 2: Recovery Errors: 0
0: 	 Link 2: CRC Errors: 0
0: 
0: 	 Link 3: Replay Errors: 0
0: 	 Link 3: Recovery Errors: 0
0: 	 Link 3: CRC Errors: 0
0: 
0: 	 Link 4: Replay Errors: 0
0: 	 Link 4: Recovery Errors: 0
0: 	 Link 4: CRC Errors: 0
0: 
0: 	 Link 5: Replay Errors: 0
0: 	 Link 5: Recovery Errors: 0
0: 	 Link 5: CRC Errors: 0
0: 
0: 	 Link 6: Replay Errors: 0
0: 	 Link 6: Recovery Errors: 0
0: 	 Link 6: CRC Errors: 0
0: 
0: 	 Link 7: Replay Errors: 0
0: 	 Link 7: Recovery Errors: 0
0: 	 Link 7: CRC Errors: 0
0: 
0: 	 Link 8: Replay Errors: 0
0: 	 Link 8: Recovery Errors: 0
0: 	 Link 8: CRC Errors: 0
0: 
0: 	 Link 9: Replay Errors: 0
0: 	 Link 9: Recovery Errors: 0
0: 	 Link 9: CRC Errors: 0
0: 
0: 	 Link 10: Replay Errors: 0
0: 	 Link 10: Recovery Errors: 0
0: 	 Link 10: CRC Errors: 0
0: 
0: 	 Link 11: Replay Errors: 0
0: 	 Link 11: Recovery Errors: 0
0: 	 Link 11: CRC Errors: 0
0: 
0: 	 Link 12: Replay Errors: 0
0: 	 Link 12: Recovery Errors: 0
0: 	 Link 12: CRC Errors: 0
0: 
0: 	 Link 13: Replay Errors: 0
0: 	 Link 13: Recovery Errors: 0
0: 	 Link 13: CRC Errors: 0
0: 
0: 	 Link 14: Replay Errors: 0
0: 	 Link 14: Recovery Errors: 0
0: 	 Link 14: CRC Errors: 0
0: 
0: 	 Link 15: Replay Errors: 0
0: 	 Link 15: Recovery Errors: 0
0: 	 Link 15: CRC Errors: 0
0: 
0: 	 Link 16: Replay Errors: 0
0: 	 Link 16: Recovery Errors: 0
0: 	 Link 16: CRC Errors: 0
0: 
0: 	 Link 17: Replay Errors: 0
0: 	 Link 17: Recovery Errors: 0
0: 	 Link 17: CRC Errors: 0
0: 

NCCL_TESTS_INTRA_COMPLETE nid007313
